year,district,crime_type,incidents
2006,1,Aggravated Assault Firearm,114
2006,1,Aggravated Assault No Firearm,130
2006,1,All Other Offenses,1377
2006,1,Arson,18
2006,1,Burglary Non-Residential,41
2006,1,Burglary Residential,113
2006,1,DRIVING UNDER THE INFLUENCE,94
2006,1,Disorderly Conduct,75
2006,1,Embezzlement,15
2006,1,Forgery and Counterfeiting,15
2006,1,Fraud,236
2006,1,Gambling Violations,1
2006,1,Homicide - Criminal,10
2006,1,Liquor Law Violations,12
2006,1,Motor Vehicle Theft,152
2006,1,Narcotic / Drug Law Violations,217
2006,1,Offenses Against Family and Children,4
2006,1,Other Assaults,668
2006,1,Other Sex Offenses (Not Commercialized),47
2006,1,Public Drunkenness,4
2006,1,Rape,14
2006,1,Receiving Stolen Property,4
2006,1,Robbery Firearm,81
2006,1,Robbery No Firearm,128
2006,1,Theft from Vehicle,286
2006,1,Thefts,537
2006,1,Vagrancy/Loitering,4
2006,1,Vandalism/Criminal Mischief,743
2006,1,Weapon Violations,45
2006,2,Aggravated Assault Firearm,86
2006,2,Aggravated Assault No Firearm,269
2006,2,All Other Offenses,1879
2006,2,Arson,26
2006,2,Burglary Non-Residential,208
2006,2,Burglary Residential,523
2006,2,DRIVING UNDER THE INFLUENCE,127
2006,2,Disorderly Conduct,157
2006,2,Embezzlement,44
2006,2,Forgery and Counterfeiting,19
2006,2,Fraud,587
2006,2,Homicide - Criminal,12
2006,2,Liquor Law Violations,37
2006,2,Motor Vehicle Theft,690
2006,2,Narcotic / Drug Law Violations,270
2006,2,Offenses Against Family and Children,13
2006,2,Other Assaults,1567
2006,2,Other Sex Offenses (Not Commercialized),90
2006,2,Prostitution and Commercialized Vice,2
2006,2,Public Drunkenness,13
2006,2,Rape,39
2006,2,Receiving Stolen Property,6
2006,2,Robbery Firearm,289
2006,2,Robbery No Firearm,322
2006,2,Theft from Vehicle,757
2006,2,Thefts,1112
2006,2,Vagrancy/Loitering,1
2006,2,Vandalism/Criminal Mischief,1328
2006,2,Weapon Violations,66
2006,3,Aggravated Assault Firearm,123
2006,3,Aggravated Assault No Firearm,263
2006,3,All Other Offenses,3473
2006,3,Arson,27
2006,3,Burglary Non-Residential,118
2006,3,Burglary Residential,353
2006,3,DRIVING UNDER THE INFLUENCE,309
2006,3,Disorderly Conduct,524
2006,3,Embezzlement,36
2006,3,Forgery and Counterfeiting,53
2006,3,Fraud,492
2006,3,Gambling Violations,5
2006,3,Homicide - Criminal,13
2006,3,Liquor Law Violations,227
2006,3,Motor Vehicle Theft,396
2006,3,Narcotic / Drug Law Violations,564
2006,3,Offenses Against Family and Children,5
2006,3,Other Assaults,1279
2006,3,Other Sex Offenses (Not Commercialized),59
2006,3,Prostitution and Commercialized Vice,59
2006,3,Public Drunkenness,17
2006,3,Rape,31
2006,3,Receiving Stolen Property,10
2006,3,Robbery Firearm,247
2006,3,Robbery No Firearm,426
2006,3,Theft from Vehicle,1278
2006,3,Thefts,1669
2006,3,Vagrancy/Loitering,2
2006,3,Vandalism/Criminal Mischief,1645
2006,3,Weapon Violations,72
2006,5,Aggravated Assault Firearm,10
2006,5,Aggravated Assault No Firearm,71
2006,5,All Other Offenses,604
2006,5,Arson,9
2006,5,Burglary Non-Residential,67
2006,5,Burglary Residential,208
2006,5,DRIVING UNDER THE INFLUENCE,85
2006,5,Disorderly Conduct,102
2006,5,Embezzlement,12
2006,5,Forgery and Counterfeiting,15
2006,5,Fraud,221
2006,5,Liquor Law Violations,9
2006,5,Motor Vehicle Theft,128
2006,5,Narcotic / Drug Law Violations,52
2006,5,Offenses Against Family and Children,1
2006,5,Other Assaults,517
2006,5,Other Sex Offenses (Not Commercialized),26
2006,5,Public Drunkenness,29
2006,5,Rape,8
2006,5,Receiving Stolen Property,1
2006,5,Robbery Firearm,50
2006,5,Robbery No Firearm,38
2006,5,Theft from Vehicle,358
2006,5,Thefts,352
2006,5,Vagrancy/Loitering,1
2006,5,Vandalism/Criminal Mischief,718
2006,5,Weapon Violations,16
2006,7,Aggravated Assault Firearm,28
2006,7,Aggravated Assault No Firearm,102
2006,7,All Other Offenses,593
2006,7,Arson,11
2006,7,Burglary Non-Residential,59
2006,7,Burglary Residential,260
2006,7,DRIVING UNDER THE INFLUENCE,111
2006,7,Disorderly Conduct,21
2006,7,Embezzlement,25
2006,7,Forgery and Counterfeiting,31
2006,7,Fraud,342
2006,7,Homicide - Criminal,5
2006,7,Liquor Law Violations,5
2006,7,Motor Vehicle Theft,166
2006,7,Narcotic / Drug Law Violations,72
2006,7,Offenses Against Family and Children,1
2006,7,Other Assaults,631
2006,7,Other Sex Offenses (Not Commercialized),29
2006,7,Rape,12
2006,7,Robbery Firearm,54
2006,7,Robbery No Firearm,75
2006,7,Theft from Vehicle,471
2006,7,Thefts,543
2006,7,Vagrancy/Loitering,22
2006,7,Vandalism/Criminal Mischief,652
2006,7,Weapon Violations,20
2006,8,Aggravated Assault Firearm,51
2006,8,Aggravated Assault No Firearm,233
2006,8,All Other Offenses,916
2006,8,Arson,26
2006,8,Burglary Non-Residential,119
2006,8,Burglary Residential,311
2006,8,DRIVING UNDER THE INFLUENCE,174
2006,8,Disorderly Conduct,34
2006,8,Embezzlement,56
2006,8,Forgery and Counterfeiting,43
2006,8,Fraud,441
2006,8,Gambling Violations,1
2006,8,Homicide - Criminal,3
2006,8,Liquor Law Violations,41
2006,8,Motor Vehicle Theft,307
2006,8,Narcotic / Drug Law Violations,194
2006,8,Offenses Against Family and Children,4
2006,8,Other Assaults,1279
2006,8,Other Sex Offenses (Not Commercialized),66
2006,8,Prostitution and Commercialized Vice,7
2006,8,Public Drunkenness,1
2006,8,Rape,18
2006,8,Receiving Stolen Property,3
2006,8,Robbery Firearm,76
2006,8,Robbery No Firearm,125
2006,8,Theft from Vehicle,821
2006,8,Thefts,1057
2006,8,Vagrancy/Loitering,2
2006,8,Vandalism/Criminal Mischief,954
2006,8,Weapon Violations,22
2006,9,Aggravated Assault Firearm,74
2006,9,Aggravated Assault No Firearm,306
2006,9,All Other Offenses,3284
2006,9,Arson,12
2006,9,Burglary Non-Residential,248
2006,9,Burglary Residential,405
2006,9,DRIVING UNDER THE INFLUENCE,246
2006,9,Disorderly Conduct,669
2006,9,Embezzlement,74
2006,9,Forgery and Counterfeiting,67
2006,9,Fraud,1067
2006,9,Gambling Violations,21
2006,9,Homicide - Criminal,8
2006,9,Liquor Law Violations,30
2006,9,Motor Vehicle Theft,434
2006,9,Narcotic / Drug Law Violations,408
2006,9,Offenses Against Family and Children,6
2006,9,Other Assaults,1525
2006,9,Other Sex Offenses (Not Commercialized),98
2006,9,Prostitution and Commercialized Vice,133
2006,9,Public Drunkenness,86
2006,9,Rape,49
2006,9,Receiving Stolen Property,9
2006,9,Robbery Firearm,249
2006,9,Robbery No Firearm,464
2006,9,Theft from Vehicle,2027
2006,9,Thefts,4057
2006,9,Vagrancy/Loitering,551
2006,9,Vandalism/Criminal Mischief,1409
2006,9,Weapon Violations,51
2006,12,Aggravated Assault Firearm,305
2006,12,Aggravated Assault No Firearm,497
2006,12,All Other Offenses,2631
2006,12,Arson,47
2006,12,Burglary Non-Residential,155
2006,12,Burglary Residential,539
2006,12,DRIVING UNDER THE INFLUENCE,299
2006,12,Disorderly Conduct,120
2006,12,Embezzlement,12
2006,12,Forgery and Counterfeiting,15
2006,12,Fraud,389
2006,12,Homicide - Criminal,36
2006,12,Homicide - Justifiable,1
2006,12,Liquor Law Violations,1
2006,12,Motor Vehicle Theft,770
2006,12,Narcotic / Drug Law Violations,578
2006,12,Offenses Against Family and Children,18
2006,12,Other Assaults,1552
2006,12,Other Sex Offenses (Not Commercialized),101
2006,12,Prostitution and Commercialized Vice,90
2006,12,Public Drunkenness,32
2006,12,Rape,75
2006,12,Receiving Stolen Property,4
2006,12,Robbery Firearm,365
2006,12,Robbery No Firearm,296
2006,12,Theft from Vehicle,1149
2006,12,Thefts,741
2006,12,Vagrancy/Loitering,11
2006,12,Vandalism/Criminal Mischief,1504
2006,12,Weapon Violations,155
2006,14,Aggravated Assault Firearm,188
2006,14,Aggravated Assault No Firearm,408
2006,14,All Other Offenses,1758
2006,14,Arson,45
2006,14,Burglary Non-Residential,130
2006,14,Burglary Residential,737
2006,14,DRIVING UNDER THE INFLUENCE,177
2006,14,Disorderly Conduct,107
2006,14,Embezzlement,24
2006,14,Forgery and Counterfeiting,37
2006,14,Fraud,803
2006,14,Gambling Violations,7
2006,14,Homicide - Criminal,14
2006,14,Liquor Law Violations,12
2006,14,Motor Vehicle Theft,487
2006,14,Narcotic / Drug Law Violations,640
2006,14,Offenses Against Family and Children,8
2006,14,Other Assaults,1937
2006,14,Other Sex Offenses (Not Commercialized),110
2006,14,Prostitution and Commercialized Vice,9
2006,14,Public Drunkenness,5
2006,14,Rape,50
2006,14,Receiving Stolen Property,4
2006,14,Robbery Firearm,319
2006,14,Robbery No Firearm,274
2006,14,Theft from Vehicle,1018
2006,14,Thefts,869
2006,14,Vagrancy/Loitering,1
2006,14,Vandalism/Criminal Mischief,1378
2006,14,Weapon Violations,174
2006,15,Aggravated Assault Firearm,228
2006,15,Aggravated Assault No Firearm,623
2006,15,All Other Offenses,2726
2006,15,Arson,50
2006,15,Burglary Non-Residential,185
2006,15,Burglary Residential,707
2006,15,DRIVING UNDER THE INFLUENCE,354
2006,15,Disorderly Conduct,188
2006,15,Embezzlement,28
2006,15,Forgery and Counterfeiting,101
2006,15,Fraud,610
2006,15,Gambling Violations,4
2006,15,Homicide - Criminal,28
2006,15,Liquor Law Violations,84
2006,15,Motor Vehicle Theft,758
2006,15,Narcotic / Drug Law Violations,877
2006,15,Offenses Against Family and Children,13
2006,15,Other Assaults,2089
2006,15,Other Sex Offenses (Not Commercialized),141
2006,15,Prostitution and Commercialized Vice,182
2006,15,Public Drunkenness,5
2006,15,Rape,71
2006,15,Receiving Stolen Property,10
2006,15,Robbery Firearm,443
2006,15,Robbery No Firearm,572
2006,15,Theft from Vehicle,1179
2006,15,Thefts,1392
2006,15,Vagrancy/Loitering,4
2006,15,Vandalism/Criminal Mischief,2205
2006,15,Weapon Violations,183
2006,16,Aggravated Assault Firearm,122
2006,16,Aggravated Assault No Firearm,311
2006,16,All Other Offenses,1845
2006,16,Arson,28
2006,16,Burglary Non-Residential,62
2006,16,Burglary Residential,310
2006,16,DRIVING UNDER THE INFLUENCE,165
2006,16,Disorderly Conduct,140
2006,16,Embezzlement,6
2006,16,Forgery and Counterfeiting,17
2006,16,Fraud,195
2006,16,Gambling Violations,4
2006,16,Homicide - Criminal,20
2006,16,Liquor Law Violations,1
2006,16,Motor Vehicle Theft,228
2006,16,Narcotic / Drug Law Violations,599
2006,16,Offenses Against Family and Children,4
2006,16,Other Assaults,606
2006,16,Other Sex Offenses (Not Commercialized),50
2006,16,Prostitution and Commercialized Vice,145
2006,16,Public Drunkenness,3
2006,16,Rape,45
2006,16,Receiving Stolen Property,4
2006,16,Robbery Firearm,168
2006,16,Robbery No Firearm,193
2006,16,Theft from Vehicle,624
2006,16,Thefts,578
2006,16,Vagrancy/Loitering,3
2006,16,Vandalism/Criminal Mischief,716
2006,16,Weapon Violations,61
2006,17,Aggravated Assault Firearm,192
2006,17,Aggravated Assault No Firearm,301
2006,17,All Other Offenses,2746
2006,17,Arson,19
2006,17,Burglary Non-Residential,36
2006,17,Burglary Residential,417
2006,17,DRIVING UNDER THE INFLUENCE,198
2006,17,Disorderly Conduct,106
2006,17,Embezzlement,8
2006,17,Forgery and Counterfeiting,11
2006,17,Fraud,282
2006,17,Gambling Violations,2
2006,17,Homicide - Criminal,15
2006,17,Liquor Law Violations,2
2006,17,Motor Vehicle Theft,187
2006,17,Narcotic / Drug Law Violations,651
2006,17,Offenses Against Family and Children,7
2006,17,Other Assaults,924
2006,17,Other Sex Offenses (Not Commercialized),45
2006,17,Prostitution and Commercialized Vice,15
2006,17,Public Drunkenness,2
2006,17,Rape,38
2006,17,Receiving Stolen Property,17
2006,17,Robbery Firearm,160
2006,17,Robbery No Firearm,176
2006,17,Theft from Vehicle,451
2006,17,Thefts,573
2006,17,Vagrancy/Loitering,1
2006,17,Vandalism/Criminal Mischief,797
2006,17,Weapon Violations,106
2006,18,Aggravated Assault Firearm,163
2006,18,Aggravated Assault No Firearm,305
2006,18,All Other Offenses,1824
2006,18,Arson,31
2006,18,Burglary Non-Residential,130
2006,18,Burglary Residential,472
2006,18,DRIVING UNDER THE INFLUENCE,250
2006,18,Disorderly Conduct,179
2006,18,Embezzlement,9
2006,18,Forgery and Counterfeiting,43
2006,18,Fraud,357
2006,18,Gambling Violations,5
2006,18,Homicide - Criminal,22
2006,18,Liquor Law Violations,4
2006,18,Motor Vehicle Theft,407
2006,18,Narcotic / Drug Law Violations,657
2006,18,Offenses Against Family and Children,16
2006,18,Other Assaults,888
2006,18,Other Sex Offenses (Not Commercialized),83
2006,18,Prostitution and Commercialized Vice,5
2006,18,Public Drunkenness,4
2006,18,Rape,53
2006,18,Receiving Stolen Property,19
2006,18,Robbery Firearm,298
2006,18,Robbery No Firearm,319
2006,18,Theft from Vehicle,1100
2006,18,Thefts,1284
2006,18,Vagrancy/Loitering,8
2006,18,Vandalism/Criminal Mischief,909
2006,18,Weapon Violations,146
2006,19,Aggravated Assault Firearm,211
2006,19,Aggravated Assault No Firearm,414
2006,19,All Other Offenses,2205
2006,19,Arson,31
2006,19,Burglary Non-Residential,166
2006,19,Burglary Residential,528
2006,19,DRIVING UNDER THE INFLUENCE,253
2006,19,Disorderly Conduct,136
2006,19,Embezzlement,8
2006,19,Forgery and Counterfeiting,32
2006,19,Fraud,363
2006,19,Gambling Violations,13
2006,19,Homicide - Criminal,29
2006,19,Liquor Law Violations,2
2006,19,Motor Vehicle Theft,440
2006,19,Narcotic / Drug Law Violations,757
2006,19,Offenses Against Family and Children,7
2006,19,Other Assaults,1310
2006,19,Other Sex Offenses (Not Commercialized),92
2006,19,Prostitution and Commercialized Vice,36
2006,19,Public Drunkenness,2
2006,19,Rape,79
2006,19,Receiving Stolen Property,14
2006,19,Robbery Firearm,264
2006,19,Robbery No Firearm,207
2006,19,Theft from Vehicle,748
2006,19,Thefts,621
2006,19,Vagrancy/Loitering,23
2006,19,Vandalism/Criminal Mischief,1180
2006,19,Weapon Violations,156
2006,22,Aggravated Assault Firearm,345
2006,22,Aggravated Assault No Firearm,555
2006,22,All Other Offenses,4525
2006,22,Arson,38
2006,22,Burglary Non-Residential,173
2006,22,Burglary Residential,538
2006,22,DRIVING UNDER THE INFLUENCE,250
2006,22,Disorderly Conduct,326
2006,22,Embezzlement,10
2006,22,Forgery and Counterfeiting,27
2006,22,Fraud,469
2006,22,Gambling Violations,63
2006,22,Homicide - Criminal,48
2006,22,Liquor Law Violations,20
2006,22,Motor Vehicle Theft,372
2006,22,Narcotic / Drug Law Violations,1467
2006,22,Offenses Against Family and Children,11
2006,22,Other Assaults,1766
2006,22,Other Sex Offenses (Not Commercialized),123
2006,22,Prostitution and Commercialized Vice,119
2006,22,Public Drunkenness,12
2006,22,Rape,78
2006,22,Receiving Stolen Property,6
2006,22,Robbery Firearm,361
2006,22,Robbery No Firearm,337
2006,22,Theft from Vehicle,857
2006,22,Thefts,1081
2006,22,Vagrancy/Loitering,31
2006,22,Vandalism/Criminal Mischief,1330
2006,22,Weapon Violations,227
2006,24,Aggravated Assault Firearm,175
2006,24,Aggravated Assault No Firearm,412
2006,24,All Other Offenses,4706
2006,24,Arson,47
2006,24,Burglary Non-Residential,191
2006,24,Burglary Residential,474
2006,24,DRIVING UNDER THE INFLUENCE,219
2006,24,Disorderly Conduct,505
2006,24,Embezzlement,36
2006,24,Forgery and Counterfeiting,16
2006,24,Fraud,384
2006,24,Gambling Violations,3
2006,24,Homicide - Criminal,20
2006,24,Liquor Law Violations,8
2006,24,Motor Vehicle Theft,571
2006,24,Narcotic / Drug Law Violations,1282
2006,24,Offenses Against Family and Children,9
2006,24,Other Assaults,1588
2006,24,Other Sex Offenses (Not Commercialized),125
2006,24,Prostitution and Commercialized Vice,234
2006,24,Public Drunkenness,10
2006,24,Rape,67
2006,24,Receiving Stolen Property,4
2006,24,Robbery Firearm,247
2006,24,Robbery No Firearm,336
2006,24,Theft from Vehicle,759
2006,24,Thefts,1288
2006,24,Vagrancy/Loitering,1
2006,24,Vandalism/Criminal Mischief,1220
2006,24,Weapon Violations,97
2006,25,Aggravated Assault Firearm,295
2006,25,Aggravated Assault No Firearm,548
2006,25,All Other Offenses,4516
2006,25,Arson,52
2006,25,Burglary Non-Residential,224
2006,25,Burglary Residential,412
2006,25,DRIVING UNDER THE INFLUENCE,387
2006,25,Disorderly Conduct,303
2006,25,Embezzlement,18
2006,25,Forgery and Counterfeiting,22
2006,25,Fraud,435
2006,25,Gambling Violations,17
2006,25,Homicide - Criminal,33
2006,25,Liquor Law Violations,7
2006,25,Motor Vehicle Theft,706
2006,25,Narcotic / Drug Law Violations,1847
2006,25,Offenses Against Family and Children,10
2006,25,Other Assaults,2323
2006,25,Other Sex Offenses (Not Commercialized),123
2006,25,Prostitution and Commercialized Vice,185
2006,25,Public Drunkenness,3
2006,25,Rape,87
2006,25,Receiving Stolen Property,4
2006,25,Robbery Firearm,417
2006,25,Robbery No Firearm,401
2006,25,Theft from Vehicle,912
2006,25,Thefts,950
2006,25,Vagrancy/Loitering,2
2006,25,Vandalism/Criminal Mischief,1320
2006,25,Weapon Violations,189
2006,26,Aggravated Assault Firearm,92
2006,26,Aggravated Assault No Firearm,306
2006,26,All Other Offenses,2587
2006,26,Arson,31
2006,26,Burglary Non-Residential,112
2006,26,Burglary Residential,276
2006,26,DRIVING UNDER THE INFLUENCE,217
2006,26,Disorderly Conduct,244
2006,26,Embezzlement,7
2006,26,Forgery and Counterfeiting,20
2006,26,Fraud,245
2006,26,Gambling Violations,5
2006,26,Homicide - Criminal,19
2006,26,Liquor Law Violations,6
2006,26,Motor Vehicle Theft,359
2006,26,Narcotic / Drug Law Violations,592
2006,26,Offenses Against Family and Children,10
2006,26,Other Assaults,826
2006,26,Other Sex Offenses (Not Commercialized),90
2006,26,Prostitution and Commercialized Vice,36
2006,26,Public Drunkenness,2
2006,26,Rape,38
2006,26,Receiving Stolen Property,3
2006,26,Robbery Firearm,194
2006,26,Robbery No Firearm,205
2006,26,Theft from Vehicle,563
2006,26,Thefts,623
2006,26,Vagrancy/Loitering,8
2006,26,Vandalism/Criminal Mischief,942
2006,26,Weapon Violations,60
2006,35,Aggravated Assault Firearm,226
2006,35,Aggravated Assault No Firearm,470
2006,35,All Other Offenses,2994
2006,35,Arson,33
2006,35,Burglary Non-Residential,103
2006,35,Burglary Residential,427
2006,35,DRIVING UNDER THE INFLUENCE,211
2006,35,Disorderly Conduct,149
2006,35,Embezzlement,13
2006,35,Forgery and Counterfeiting,61
2006,35,Fraud,689
2006,35,Gambling Violations,9
2006,35,Homicide - Criminal,27
2006,35,Homicide - Justifiable,1
2006,35,Liquor Law Violations,1
2006,35,Motor Vehicle Theft,682
2006,35,Narcotic / Drug Law Violations,1040
2006,35,Offenses Against Family and Children,24
2006,35,Other Assaults,1895
2006,35,Other Sex Offenses (Not Commercialized),127
2006,35,Prostitution and Commercialized Vice,62
2006,35,Public Drunkenness,7
2006,35,Rape,88
2006,35,Receiving Stolen Property,7
2006,35,Robbery Firearm,423
2006,35,Robbery No Firearm,305
2006,35,Theft from Vehicle,793
2006,35,Thefts,803
2006,35,Vagrancy/Loitering,5
2006,35,Vandalism/Criminal Mischief,1128
2006,35,Weapon Violations,180
2006,39,Aggravated Assault Firearm,198
2006,39,Aggravated Assault No Firearm,327
2006,39,All Other Offenses,1734
2006,39,Arson,28
2006,39,Burglary Non-Residential,103
2006,39,Burglary Residential,466
2006,39,DRIVING UNDER THE INFLUENCE,250
2006,39,Disorderly Conduct,185
2006,39,Embezzlement,13
2006,39,Forgery and Counterfeiting,23
2006,39,Fraud,483
2006,39,Gambling Violations,20
2006,39,Homicide - Criminal,29
2006,39,Liquor Law Violations,4
2006,39,Motor Vehicle Theft,386
2006,39,Narcotic / Drug Law Violations,596
2006,39,Offenses Against Family and Children,14
2006,39,Other Assaults,1117
2006,39,Other Sex Offenses (Not Commercialized),64
2006,39,Prostitution and Commercialized Vice,4
2006,39,Public Drunkenness,12
2006,39,Rape,60
2006,39,Receiving Stolen Property,6
2006,39,Robbery Firearm,241
2006,39,Robbery No Firearm,169
2006,39,Theft from Vehicle,754
2006,39,Thefts,647
2006,39,Vagrancy/Loitering,4
2006,39,Vandalism/Criminal Mischief,1004
2006,39,Weapon Violations,98
2007,1,Aggravated Assault Firearm,69
2007,1,Aggravated Assault No Firearm,129
2007,1,All Other Offenses,906
2007,1,Arson,7
2007,1,Burglary Non-Residential,34
2007,1,Burglary Residential,176
2007,1,DRIVING UNDER THE INFLUENCE,126
2007,1,Disorderly Conduct,63
2007,1,Embezzlement,12
2007,1,Forgery and Counterfeiting,19
2007,1,Fraud,214
2007,1,Gambling Violations,2
2007,1,Homicide - Criminal,10
2007,1,Liquor Law Violations,15
2007,1,Motor Vehicle Theft,131
2007,1,Narcotic / Drug Law Violations,208
2007,1,Offenses Against Family and Children,1
2007,1,Other Assaults,564
2007,1,Other Sex Offenses (Not Commercialized),26
2007,1,Prostitution and Commercialized Vice,4
2007,1,Public Drunkenness,8
2007,1,Rape,12
2007,1,Receiving Stolen Property,3
2007,1,Robbery Firearm,69
2007,1,Robbery No Firearm,131
2007,1,Theft from Vehicle,344
2007,1,Thefts,522
2007,1,Vagrancy/Loitering,1
2007,1,Vandalism/Criminal Mischief,612
2007,1,Weapon Violations,22
2007,2,Aggravated Assault Firearm,84
2007,2,Aggravated Assault No Firearm,260
2007,2,All Other Offenses,1899
2007,2,Arson,20
2007,2,Burglary Non-Residential,131
2007,2,Burglary Residential,499
2007,2,DRIVING UNDER THE INFLUENCE,171
2007,2,Disorderly Conduct,161
2007,2,Embezzlement,48
2007,2,Forgery and Counterfeiting,20
2007,2,Fraud,605
2007,2,Gambling Violations,2
2007,2,Homicide - Criminal,14
2007,2,Liquor Law Violations,52
2007,2,Motor Vehicle Theft,439
2007,2,Narcotic / Drug Law Violations,284
2007,2,Offenses Against Family and Children,12
2007,2,Other Assaults,1442
2007,2,Other Sex Offenses (Not Commercialized),82
2007,2,Prostitution and Commercialized Vice,2
2007,2,Public Drunkenness,4
2007,2,Rape,38
2007,2,Receiving Stolen Property,3
2007,2,Robbery Firearm,273
2007,2,Robbery No Firearm,295
2007,2,Theft from Vehicle,705
2007,2,Thefts,1114
2007,2,Vagrancy/Loitering,7
2007,2,Vandalism/Criminal Mischief,1164
2007,2,Weapon Violations,61
2007,3,Aggravated Assault Firearm,95
2007,3,Aggravated Assault No Firearm,294
2007,3,All Other Offenses,2111
2007,3,Arson,26
2007,3,Burglary Non-Residential,110
2007,3,Burglary Residential,310
2007,3,DRIVING UNDER THE INFLUENCE,277
2007,3,Disorderly Conduct,348
2007,3,Embezzlement,46
2007,3,Forgery and Counterfeiting,52
2007,3,Fraud,533
2007,3,Gambling Violations,4
2007,3,Homicide - Criminal,19
2007,3,Liquor Law Violations,121
2007,3,Motor Vehicle Theft,285
2007,3,Narcotic / Drug Law Violations,553
2007,3,Offenses Against Family and Children,6
2007,3,Other Assaults,1084
2007,3,Other Sex Offenses (Not Commercialized),56
2007,3,Prostitution and Commercialized Vice,58
2007,3,Public Drunkenness,23
2007,3,Rape,30
2007,3,Receiving Stolen Property,7
2007,3,Robbery Firearm,218
2007,3,Robbery No Firearm,339
2007,3,Theft from Vehicle,1090
2007,3,Thefts,1433
2007,3,Vagrancy/Loitering,10
2007,3,Vandalism/Criminal Mischief,1482
2007,3,Weapon Violations,57
2007,5,Aggravated Assault Firearm,16
2007,5,Aggravated Assault No Firearm,76
2007,5,All Other Offenses,531
2007,5,Arson,11
2007,5,Burglary Non-Residential,42
2007,5,Burglary Residential,149
2007,5,DRIVING UNDER THE INFLUENCE,70
2007,5,Disorderly Conduct,88
2007,5,Embezzlement,15
2007,5,Forgery and Counterfeiting,10
2007,5,Fraud,207
2007,5,Liquor Law Violations,27
2007,5,Motor Vehicle Theft,83
2007,5,Narcotic / Drug Law Violations,51
2007,5,Other Assaults,481
2007,5,Other Sex Offenses (Not Commercialized),15
2007,5,Public Drunkenness,70
2007,5,Rape,10
2007,5,Receiving Stolen Property,1
2007,5,Robbery Firearm,29
2007,5,Robbery No Firearm,37
2007,5,Theft from Vehicle,506
2007,5,Thefts,379
2007,5,Vandalism/Criminal Mischief,586
2007,5,Weapon Violations,16
2007,7,Aggravated Assault Firearm,15
2007,7,Aggravated Assault No Firearm,78
2007,7,All Other Offenses,595
2007,7,Arson,11
2007,7,Burglary Non-Residential,122
2007,7,Burglary Residential,227
2007,7,DRIVING UNDER THE INFLUENCE,126
2007,7,Disorderly Conduct,19
2007,7,Embezzlement,32
2007,7,Forgery and Counterfeiting,30
2007,7,Fraud,381
2007,7,Homicide - Criminal,2
2007,7,Liquor Law Violations,4
2007,7,Motor Vehicle Theft,114
2007,7,Narcotic / Drug Law Violations,42
2007,7,Offenses Against Family and Children,3
2007,7,Other Assaults,624
2007,7,Other Sex Offenses (Not Commercialized),52
2007,7,Prostitution and Commercialized Vice,6
2007,7,Public Drunkenness,2
2007,7,Rape,19
2007,7,Robbery Firearm,31
2007,7,Robbery No Firearm,80
2007,7,Theft from Vehicle,520
2007,7,Thefts,472
2007,7,Vagrancy/Loitering,11
2007,7,Vandalism/Criminal Mischief,577
2007,7,Weapon Violations,20
2007,8,Aggravated Assault Firearm,27
2007,8,Aggravated Assault No Firearm,211
2007,8,All Other Offenses,976
2007,8,Arson,14
2007,8,Burglary Non-Residential,96
2007,8,Burglary Residential,241
2007,8,DRIVING UNDER THE INFLUENCE,157
2007,8,Disorderly Conduct,34
2007,8,Embezzlement,59
2007,8,Forgery and Counterfeiting,40
2007,8,Fraud,470
2007,8,Gambling Violations,1
2007,8,Homicide - Criminal,7
2007,8,Liquor Law Violations,122
2007,8,Motor Vehicle Theft,216
2007,8,Narcotic / Drug Law Violations,214
2007,8,Other Assaults,1101
2007,8,Other Sex Offenses (Not Commercialized),62
2007,8,Prostitution and Commercialized Vice,5
2007,8,Rape,25
2007,8,Receiving Stolen Property,2
2007,8,Robbery Firearm,93
2007,8,Robbery No Firearm,126
2007,8,Theft from Vehicle,896
2007,8,Thefts,1037
2007,8,Vagrancy/Loitering,4
2007,8,Vandalism/Criminal Mischief,895
2007,8,Weapon Violations,13
2007,9,Aggravated Assault Firearm,71
2007,9,Aggravated Assault No Firearm,314
2007,9,All Other Offenses,2715
2007,9,Arson,20
2007,9,Burglary Non-Residential,296
2007,9,Burglary Residential,364
2007,9,DRIVING UNDER THE INFLUENCE,269
2007,9,Disorderly Conduct,579
2007,9,Embezzlement,91
2007,9,Forgery and Counterfeiting,82
2007,9,Fraud,1031
2007,9,Gambling Violations,21
2007,9,Homicide - Criminal,7
2007,9,Homicide - Justifiable,1
2007,9,Liquor Law Violations,28
2007,9,Motor Vehicle Theft,334
2007,9,Narcotic / Drug Law Violations,370
2007,9,Offenses Against Family and Children,5
2007,9,Other Assaults,1408
2007,9,Other Sex Offenses (Not Commercialized),113
2007,9,Prostitution and Commercialized Vice,141
2007,9,Public Drunkenness,82
2007,9,Rape,48
2007,9,Receiving Stolen Property,8
2007,9,Robbery Firearm,240
2007,9,Robbery No Firearm,452
2007,9,Theft from Vehicle,2219
2007,9,Thefts,3989
2007,9,Vagrancy/Loitering,348
2007,9,Vandalism/Criminal Mischief,1443
2007,9,Weapon Violations,45
2007,12,Aggravated Assault Firearm,245
2007,12,Aggravated Assault No Firearm,513
2007,12,All Other Offenses,2414
2007,12,Arson,25
2007,12,Burglary Non-Residential,120
2007,12,Burglary Residential,591
2007,12,DRIVING UNDER THE INFLUENCE,451
2007,12,Disorderly Conduct,173
2007,12,Embezzlement,21
2007,12,Forgery and Counterfeiting,32
2007,12,Fraud,508
2007,12,Gambling Violations,5
2007,12,Homicide - Criminal,36
2007,12,Liquor Law Violations,11
2007,12,Motor Vehicle Theft,501
2007,12,Narcotic / Drug Law Violations,910
2007,12,Offenses Against Family and Children,20
2007,12,Other Assaults,1508
2007,12,Other Sex Offenses (Not Commercialized),109
2007,12,Prostitution and Commercialized Vice,107
2007,12,Public Drunkenness,19
2007,12,Rape,72
2007,12,Receiving Stolen Property,9
2007,12,Robbery Firearm,297
2007,12,Robbery No Firearm,247
2007,12,Theft from Vehicle,1018
2007,12,Thefts,793
2007,12,Vagrancy/Loitering,3
2007,12,Vandalism/Criminal Mischief,1247
2007,12,Weapon Violations,163
2007,14,Aggravated Assault Firearm,169
2007,14,Aggravated Assault No Firearm,344
2007,14,All Other Offenses,1405
2007,14,Arson,42
2007,14,Burglary Non-Residential,109
2007,14,Burglary Residential,762
2007,14,DRIVING UNDER THE INFLUENCE,229
2007,14,Disorderly Conduct,160
2007,14,Embezzlement,18
2007,14,Forgery and Counterfeiting,28
2007,14,Fraud,934
2007,14,Gambling Violations,3
2007,14,Homicide - Criminal,20
2007,14,Homicide - Justifiable,2
2007,14,Liquor Law Violations,2
2007,14,Motor Vehicle Theft,434
2007,14,Narcotic / Drug Law Violations,703
2007,14,Offenses Against Family and Children,6
2007,14,Other Assaults,1944
2007,14,Other Sex Offenses (Not Commercialized),105
2007,14,Prostitution and Commercialized Vice,30
2007,14,Public Drunkenness,9
2007,14,Rape,66
2007,14,Robbery Firearm,275
2007,14,Robbery No Firearm,266
2007,14,Theft from Vehicle,1084
2007,14,Thefts,931
2007,14,Vandalism/Criminal Mischief,1291
2007,14,Weapon Violations,136
2007,15,Aggravated Assault Firearm,163
2007,15,Aggravated Assault No Firearm,598
2007,15,All Other Offenses,3775
2007,15,Arson,46
2007,15,Burglary Non-Residential,236
2007,15,Burglary Residential,648
2007,15,DRIVING UNDER THE INFLUENCE,421
2007,15,Disorderly Conduct,257
2007,15,Embezzlement,22
2007,15,Forgery and Counterfeiting,82
2007,15,Fraud,715
2007,15,Gambling Violations,7
2007,15,Homicide - Criminal,14
2007,15,Liquor Law Violations,190
2007,15,Motor Vehicle Theft,493
2007,15,Narcotic / Drug Law Violations,914
2007,15,Offenses Against Family and Children,16
2007,15,Other Assaults,2023
2007,15,Other Sex Offenses (Not Commercialized),154
2007,15,Prostitution and Commercialized Vice,167
2007,15,Public Drunkenness,6
2007,15,Rape,90
2007,15,Receiving Stolen Property,4
2007,15,Robbery Firearm,379
2007,15,Robbery No Firearm,566
2007,15,Theft from Vehicle,1114
2007,15,Thefts,1433
2007,15,Vagrancy/Loitering,3
2007,15,Vandalism/Criminal Mischief,2052
2007,15,Weapon Violations,132
2007,16,Aggravated Assault Firearm,110
2007,16,Aggravated Assault No Firearm,287
2007,16,All Other Offenses,2024
2007,16,Arson,23
2007,16,Burglary Non-Residential,73
2007,16,Burglary Residential,242
2007,16,DRIVING UNDER THE INFLUENCE,154
2007,16,Disorderly Conduct,119
2007,16,Embezzlement,12
2007,16,Forgery and Counterfeiting,20
2007,16,Fraud,212
2007,16,Gambling Violations,2
2007,16,Homicide - Criminal,19
2007,16,Liquor Law Violations,5
2007,16,Motor Vehicle Theft,168
2007,16,Narcotic / Drug Law Violations,674
2007,16,Offenses Against Family and Children,2
2007,16,Other Assaults,753
2007,16,Other Sex Offenses (Not Commercialized),51
2007,16,Prostitution and Commercialized Vice,128
2007,16,Rape,46
2007,16,Receiving Stolen Property,2
2007,16,Robbery Firearm,147
2007,16,Robbery No Firearm,187
2007,16,Theft from Vehicle,363
2007,16,Thefts,495
2007,16,Vagrancy/Loitering,8
2007,16,Vandalism/Criminal Mischief,613
2007,16,Weapon Violations,77
2007,17,Aggravated Assault Firearm,156
2007,17,Aggravated Assault No Firearm,252
2007,17,All Other Offenses,2252
2007,17,Arson,16
2007,17,Burglary Non-Residential,56
2007,17,Burglary Residential,414
2007,17,DRIVING UNDER THE INFLUENCE,156
2007,17,Disorderly Conduct,115
2007,17,Embezzlement,8
2007,17,Forgery and Counterfeiting,13
2007,17,Fraud,269
2007,17,Gambling Violations,2
2007,17,Homicide - Criminal,14
2007,17,Liquor Law Violations,2
2007,17,Motor Vehicle Theft,186
2007,17,Narcotic / Drug Law Violations,618
2007,17,Offenses Against Family and Children,2
2007,17,Other Assaults,863
2007,17,Other Sex Offenses (Not Commercialized),53
2007,17,Prostitution and Commercialized Vice,14
2007,17,Public Drunkenness,1
2007,17,Rape,29
2007,17,Receiving Stolen Property,4
2007,17,Robbery Firearm,137
2007,17,Robbery No Firearm,201
2007,17,Theft from Vehicle,582
2007,17,Thefts,502
2007,17,Vagrancy/Loitering,6
2007,17,Vandalism/Criminal Mischief,781
2007,17,Weapon Violations,63
2007,18,Aggravated Assault Firearm,154
2007,18,Aggravated Assault No Firearm,269
2007,18,All Other Offenses,1585
2007,18,Arson,36
2007,18,Burglary Non-Residential,98
2007,18,Burglary Residential,500
2007,18,DRIVING UNDER THE INFLUENCE,298
2007,18,Disorderly Conduct,144
2007,18,Embezzlement,25
2007,18,Forgery and Counterfeiting,45
2007,18,Fraud,472
2007,18,Gambling Violations,8
2007,18,Homicide - Criminal,25
2007,18,Liquor Law Violations,8
2007,18,Motor Vehicle Theft,278
2007,18,Narcotic / Drug Law Violations,617
2007,18,Offenses Against Family and Children,13
2007,18,Other Assaults,964
2007,18,Other Sex Offenses (Not Commercialized),65
2007,18,Public Drunkenness,4
2007,18,Rape,57
2007,18,Receiving Stolen Property,14
2007,18,Robbery Firearm,253
2007,18,Robbery No Firearm,308
2007,18,Theft from Vehicle,1027
2007,18,Thefts,1297
2007,18,Vagrancy/Loitering,5
2007,18,Vandalism/Criminal Mischief,944
2007,18,Weapon Violations,114
2007,19,Aggravated Assault Firearm,209
2007,19,Aggravated Assault No Firearm,388
2007,19,All Other Offenses,2120
2007,19,Arson,16
2007,19,Burglary Non-Residential,138
2007,19,Burglary Residential,616
2007,19,DRIVING UNDER THE INFLUENCE,297
2007,19,Disorderly Conduct,145
2007,19,Embezzlement,8
2007,19,Forgery and Counterfeiting,28
2007,19,Fraud,456
2007,19,Gambling Violations,5
2007,19,Homicide - Criminal,25
2007,19,Liquor Law Violations,5
2007,19,Motor Vehicle Theft,305
2007,19,Narcotic / Drug Law Violations,870
2007,19,Offenses Against Family and Children,7
2007,19,Other Assaults,1327
2007,19,Other Sex Offenses (Not Commercialized),76
2007,19,Prostitution and Commercialized Vice,56
2007,19,Public Drunkenness,1
2007,19,Rape,63
2007,19,Receiving Stolen Property,3
2007,19,Robbery Firearm,292
2007,19,Robbery No Firearm,174
2007,19,Theft from Vehicle,660
2007,19,Thefts,612
2007,19,Vagrancy/Loitering,27
2007,19,Vandalism/Criminal Mischief,1172
2007,19,Weapon Violations,126
2007,22,Aggravated Assault Firearm,286
2007,22,Aggravated Assault No Firearm,526
2007,22,All Other Offenses,3623
2007,22,Arson,47
2007,22,Burglary Non-Residential,151
2007,22,Burglary Residential,530
2007,22,DRIVING UNDER THE INFLUENCE,293
2007,22,Disorderly Conduct,278
2007,22,Embezzlement,7
2007,22,Forgery and Counterfeiting,42
2007,22,Fraud,473
2007,22,Gambling Violations,37
2007,22,Homicide - Criminal,48
2007,22,Liquor Law Violations,15
2007,22,Motor Vehicle Theft,316
2007,22,Narcotic / Drug Law Violations,1593
2007,22,Offenses Against Family and Children,10
2007,22,Other Assaults,1693
2007,22,Other Sex Offenses (Not Commercialized),104
2007,22,Prostitution and Commercialized Vice,87
2007,22,Public Drunkenness,9
2007,22,Rape,94
2007,22,Receiving Stolen Property,4
2007,22,Robbery Firearm,361
2007,22,Robbery No Firearm,378
2007,22,Theft from Vehicle,944
2007,22,Thefts,1033
2007,22,Vagrancy/Loitering,65
2007,22,Vandalism/Criminal Mischief,1288
2007,22,Weapon Violations,211
2007,24,Aggravated Assault Firearm,195
2007,24,Aggravated Assault No Firearm,426
2007,24,All Other Offenses,3702
2007,24,Arson,42
2007,24,Burglary Non-Residential,205
2007,24,Burglary Residential,621
2007,24,DRIVING UNDER THE INFLUENCE,356
2007,24,Disorderly Conduct,571
2007,24,Embezzlement,46
2007,24,Forgery and Counterfeiting,21
2007,24,Fraud,374
2007,24,Gambling Violations,2
2007,24,Homicide - Criminal,18
2007,24,Liquor Law Violations,2
2007,24,Motor Vehicle Theft,550
2007,24,Narcotic / Drug Law Violations,1403
2007,24,Offenses Against Family and Children,6
2007,24,Other Assaults,1574
2007,24,Other Sex Offenses (Not Commercialized),104
2007,24,Prostitution and Commercialized Vice,255
2007,24,Public Drunkenness,13
2007,24,Rape,65
2007,24,Receiving Stolen Property,5
2007,24,Robbery Firearm,257
2007,24,Robbery No Firearm,379
2007,24,Theft from Vehicle,809
2007,24,Thefts,1281
2007,24,Vagrancy/Loitering,23
2007,24,Vandalism/Criminal Mischief,1179
2007,24,Weapon Violations,90
2007,25,Aggravated Assault Firearm,252
2007,25,Aggravated Assault No Firearm,437
2007,25,All Other Offenses,3686
2007,25,Arson,65
2007,25,Burglary Non-Residential,173
2007,25,Burglary Residential,437
2007,25,DRIVING UNDER THE INFLUENCE,606
2007,25,Disorderly Conduct,300
2007,25,Embezzlement,12
2007,25,Forgery and Counterfeiting,51
2007,25,Fraud,470
2007,25,Gambling Violations,10
2007,25,Homicide - Criminal,38
2007,25,Liquor Law Violations,1
2007,25,Motor Vehicle Theft,540
2007,25,Narcotic / Drug Law Violations,2095
2007,25,Offenses Against Family and Children,8
2007,25,Other Assaults,2612
2007,25,Other Sex Offenses (Not Commercialized),151
2007,25,Prostitution and Commercialized Vice,131
2007,25,Public Drunkenness,6
2007,25,Rape,73
2007,25,Receiving Stolen Property,5
2007,25,Robbery Firearm,330
2007,25,Robbery No Firearm,356
2007,25,Theft from Vehicle,816
2007,25,Thefts,1076
2007,25,Vagrancy/Loitering,4
2007,25,Vandalism/Criminal Mischief,1341
2007,25,Weapon Violations,160
2007,26,Aggravated Assault Firearm,96
2007,26,Aggravated Assault No Firearm,267
2007,26,All Other Offenses,1314
2007,26,Arson,45
2007,26,Burglary Non-Residential,116
2007,26,Burglary Residential,327
2007,26,DRIVING UNDER THE INFLUENCE,197
2007,26,Disorderly Conduct,173
2007,26,Embezzlement,9
2007,26,Forgery and Counterfeiting,11
2007,26,Fraud,279
2007,26,Gambling Violations,10
2007,26,Homicide - Criminal,7
2007,26,Liquor Law Violations,1
2007,26,Motor Vehicle Theft,246
2007,26,Narcotic / Drug Law Violations,653
2007,26,Offenses Against Family and Children,7
2007,26,Other Assaults,855
2007,26,Other Sex Offenses (Not Commercialized),103
2007,26,Prostitution and Commercialized Vice,37
2007,26,Public Drunkenness,3
2007,26,Rape,51
2007,26,Receiving Stolen Property,1
2007,26,Robbery Firearm,134
2007,26,Robbery No Firearm,185
2007,26,Theft from Vehicle,738
2007,26,Thefts,616
2007,26,Vagrancy/Loitering,3
2007,26,Vandalism/Criminal Mischief,981
2007,26,Weapon Violations,85
2007,35,Aggravated Assault Firearm,199
2007,35,Aggravated Assault No Firearm,370
2007,35,All Other Offenses,2399
2007,35,Arson,49
2007,35,Burglary Non-Residential,156
2007,35,Burglary Residential,454
2007,35,DRIVING UNDER THE INFLUENCE,257
2007,35,Disorderly Conduct,133
2007,35,Embezzlement,6
2007,35,Forgery and Counterfeiting,46
2007,35,Fraud,744
2007,35,Gambling Violations,13
2007,35,Homicide - Criminal,25
2007,35,Liquor Law Violations,2
2007,35,Motor Vehicle Theft,510
2007,35,Narcotic / Drug Law Violations,1221
2007,35,Offenses Against Family and Children,87
2007,35,Other Assaults,1947
2007,35,Other Sex Offenses (Not Commercialized),120
2007,35,Prostitution and Commercialized Vice,46
2007,35,Public Drunkenness,8
2007,35,Rape,66
2007,35,Receiving Stolen Property,5
2007,35,Robbery Firearm,346
2007,35,Robbery No Firearm,380
2007,35,Theft from Vehicle,925
2007,35,Thefts,887
2007,35,Vagrancy/Loitering,12
2007,35,Vandalism/Criminal Mischief,1193
2007,35,Weapon Violations,185
2007,39,Aggravated Assault Firearm,171
2007,39,Aggravated Assault No Firearm,327
2007,39,All Other Offenses,1218
2007,39,Arson,38
2007,39,Burglary Non-Residential,107
2007,39,Burglary Residential,457
2007,39,DRIVING UNDER THE INFLUENCE,240
2007,39,Disorderly Conduct,160
2007,39,Embezzlement,20
2007,39,Forgery and Counterfeiting,33
2007,39,Fraud,520
2007,39,Gambling Violations,8
2007,39,Homicide - Criminal,22
2007,39,Liquor Law Violations,2
2007,39,Motor Vehicle Theft,445
2007,39,Narcotic / Drug Law Violations,675
2007,39,Offenses Against Family and Children,10
2007,39,Other Assaults,1061
2007,39,Other Sex Offenses (Not Commercialized),69
2007,39,Prostitution and Commercialized Vice,2
2007,39,Public Drunkenness,6
2007,39,Rape,65
2007,39,Receiving Stolen Property,2
2007,39,Robbery Firearm,210
2007,39,Robbery No Firearm,198
2007,39,Theft from Vehicle,782
2007,39,Thefts,581
2007,39,Vagrancy/Loitering,2
2007,39,Vandalism/Criminal Mischief,927
2007,39,Weapon Violations,118
2007,77,All Other Offenses,1
2007,77,Disorderly Conduct,1
2007,77,Embezzlement,3
2007,77,Fraud,15
2007,77,Motor Vehicle Theft,4
2007,77,Narcotic / Drug Law Violations,1
2007,77,Other Assaults,4
2007,77,Theft from Vehicle,8
2007,77,Thefts,84
2007,77,Vandalism/Criminal Mischief,11
2008,1,Aggravated Assault Firearm,62
2008,1,Aggravated Assault No Firearm,140
2008,1,All Other Offenses,704
2008,1,Arson,16
2008,1,Burglary Non-Residential,56
2008,1,Burglary Residential,194
2008,1,DRIVING UNDER THE INFLUENCE,155
2008,1,Disorderly Conduct,90
2008,1,Embezzlement,8
2008,1,Forgery and Counterfeiting,14
2008,1,Fraud,190
2008,1,Gambling Violations,1
2008,1,Homicide - Criminal,3
2008,1,Liquor Law Violations,9
2008,1,Motor Vehicle Theft,61
2008,1,Narcotic / Drug Law Violations,393
2008,1,Offenses Against Family and Children,3
2008,1,Other Assaults,530
2008,1,Other Sex Offenses (Not Commercialized),38
2008,1,Prostitution and Commercialized Vice,1
2008,1,Public Drunkenness,17
2008,1,Rape,19
2008,1,Receiving Stolen Property,7
2008,1,Robbery Firearm,69
2008,1,Robbery No Firearm,125
2008,1,Theft from Vehicle,256
2008,1,Thefts,506
2008,1,Vagrancy/Loitering,1
2008,1,Vandalism/Criminal Mischief,673
2008,1,Weapon Violations,40
2008,2,Aggravated Assault Firearm,81
2008,2,Aggravated Assault No Firearm,265
2008,2,All Other Offenses,1907
2008,2,Arson,33
2008,2,Burglary Non-Residential,127
2008,2,Burglary Residential,575
2008,2,DRIVING UNDER THE INFLUENCE,197
2008,2,Disorderly Conduct,111
2008,2,Embezzlement,39
2008,2,Forgery and Counterfeiting,21
2008,2,Fraud,566
2008,2,Gambling Violations,2
2008,2,Homicide - Criminal,10
2008,2,Liquor Law Violations,23
2008,2,Motor Vehicle Theft,198
2008,2,Narcotic / Drug Law Violations,330
2008,2,Offenses Against Family and Children,10
2008,2,Other Assaults,1264
2008,2,Other Sex Offenses (Not Commercialized),95
2008,2,Public Drunkenness,3
2008,2,Rape,43
2008,2,Receiving Stolen Property,4
2008,2,Robbery Firearm,212
2008,2,Robbery No Firearm,302
2008,2,Theft from Vehicle,790
2008,2,Thefts,1337
2008,2,Vagrancy/Loitering,5
2008,2,Vandalism/Criminal Mischief,1126
2008,2,Weapon Violations,70
2008,3,Aggravated Assault Firearm,70
2008,3,Aggravated Assault No Firearm,305
2008,3,All Other Offenses,2336
2008,3,Arson,21
2008,3,Burglary Non-Residential,122
2008,3,Burglary Residential,363
2008,3,DRIVING UNDER THE INFLUENCE,304
2008,3,Disorderly Conduct,335
2008,3,Embezzlement,39
2008,3,Forgery and Counterfeiting,56
2008,3,Fraud,510
2008,3,Gambling Violations,2
2008,3,Homicide - Criminal,9
2008,3,Liquor Law Violations,84
2008,3,Motor Vehicle Theft,166
2008,3,Narcotic / Drug Law Violations,504
2008,3,Offenses Against Family and Children,5
2008,3,Other Assaults,1128
2008,3,Other Sex Offenses (Not Commercialized),61
2008,3,Prostitution and Commercialized Vice,51
2008,3,Public Drunkenness,44
2008,3,Rape,37
2008,3,Receiving Stolen Property,6
2008,3,Robbery Firearm,191
2008,3,Robbery No Firearm,355
2008,3,Theft from Vehicle,1269
2008,3,Thefts,1496
2008,3,Vagrancy/Loitering,4
2008,3,Vandalism/Criminal Mischief,1487
2008,3,Weapon Violations,60
2008,5,Aggravated Assault Firearm,7
2008,5,Aggravated Assault No Firearm,68
2008,5,All Other Offenses,411
2008,5,Arson,9
2008,5,Burglary Non-Residential,44
2008,5,Burglary Residential,252
2008,5,DRIVING UNDER THE INFLUENCE,94
2008,5,Disorderly Conduct,91
2008,5,Embezzlement,11
2008,5,Forgery and Counterfeiting,12
2008,5,Fraud,228
2008,5,Liquor Law Violations,23
2008,5,Motor Vehicle Theft,39
2008,5,Narcotic / Drug Law Violations,50
2008,5,Other Assaults,468
2008,5,Other Sex Offenses (Not Commercialized),22
2008,5,Public Drunkenness,54
2008,5,Rape,8
2008,5,Robbery Firearm,23
2008,5,Robbery No Firearm,51
2008,5,Theft from Vehicle,351
2008,5,Thefts,394
2008,5,Vagrancy/Loitering,1
2008,5,Vandalism/Criminal Mischief,536
2008,5,Weapon Violations,13
2008,7,Aggravated Assault Firearm,21
2008,7,Aggravated Assault No Firearm,98
2008,7,All Other Offenses,583
2008,7,Arson,9
2008,7,Burglary Non-Residential,55
2008,7,Burglary Residential,289
2008,7,DRIVING UNDER THE INFLUENCE,114
2008,7,Disorderly Conduct,28
2008,7,Embezzlement,21
2008,7,Forgery and Counterfeiting,18
2008,7,Fraud,400
2008,7,Homicide - Criminal,4
2008,7,Liquor Law Violations,2
2008,7,Motor Vehicle Theft,61
2008,7,Narcotic / Drug Law Violations,37
2008,7,Other Assaults,640
2008,7,Other Sex Offenses (Not Commercialized),36
2008,7,Rape,13
2008,7,Robbery Firearm,27
2008,7,Robbery No Firearm,84
2008,7,Theft from Vehicle,508
2008,7,Thefts,505
2008,7,Vagrancy/Loitering,4
2008,7,Vandalism/Criminal Mischief,551
2008,7,Weapon Violations,15
2008,8,Aggravated Assault Firearm,25
2008,8,Aggravated Assault No Firearm,194
2008,8,All Other Offenses,1047
2008,8,Arson,11
2008,8,Burglary Non-Residential,107
2008,8,Burglary Residential,307
2008,8,DRIVING UNDER THE INFLUENCE,153
2008,8,Disorderly Conduct,37
2008,8,Embezzlement,64
2008,8,Forgery and Counterfeiting,26
2008,8,Fraud,503
2008,8,Homicide - Criminal,3
2008,8,Liquor Law Violations,175
2008,8,Motor Vehicle Theft,90
2008,8,Narcotic / Drug Law Violations,215
2008,8,Offenses Against Family and Children,3
2008,8,Other Assaults,1062
2008,8,Other Sex Offenses (Not Commercialized),52
2008,8,Prostitution and Commercialized Vice,12
2008,8,Public Drunkenness,2
2008,8,Rape,27
2008,8,Receiving Stolen Property,1
2008,8,Robbery Firearm,74
2008,8,Robbery No Firearm,116
2008,8,Theft from Vehicle,734
2008,8,Thefts,1077
2008,8,Vagrancy/Loitering,2
2008,8,Vandalism/Criminal Mischief,783
2008,8,Weapon Violations,15
2008,9,Aggravated Assault Firearm,50
2008,9,Aggravated Assault No Firearm,329
2008,9,All Other Offenses,2647
2008,9,Arson,9
2008,9,Burglary Non-Residential,264
2008,9,Burglary Residential,458
2008,9,DRIVING UNDER THE INFLUENCE,363
2008,9,Disorderly Conduct,750
2008,9,Embezzlement,77
2008,9,Forgery and Counterfeiting,68
2008,9,Fraud,992
2008,9,Gambling Violations,20
2008,9,Homicide - Criminal,10
2008,9,Liquor Law Violations,32
2008,9,Motor Vehicle Theft,165
2008,9,Narcotic / Drug Law Violations,445
2008,9,Offenses Against Family and Children,4
2008,9,Other Assaults,1263
2008,9,Other Sex Offenses (Not Commercialized),59
2008,9,Prostitution and Commercialized Vice,160
2008,9,Public Drunkenness,177
2008,9,Rape,39
2008,9,Receiving Stolen Property,8
2008,9,Robbery Firearm,199
2008,9,Robbery No Firearm,422
2008,9,Theft from Vehicle,2470
2008,9,Thefts,4045
2008,9,Vagrancy/Loitering,476
2008,9,Vandalism/Criminal Mischief,1378
2008,9,Weapon Violations,73
2008,12,Aggravated Assault Firearm,274
2008,12,Aggravated Assault No Firearm,511
2008,12,All Other Offenses,2577
2008,12,Arson,41
2008,12,Burglary Non-Residential,103
2008,12,Burglary Residential,553
2008,12,DRIVING UNDER THE INFLUENCE,475
2008,12,Disorderly Conduct,224
2008,12,Embezzlement,27
2008,12,Forgery and Counterfeiting,32
2008,12,Fraud,561
2008,12,Gambling Violations,7
2008,12,Homicide - Criminal,26
2008,12,Liquor Law Violations,2
2008,12,Motor Vehicle Theft,234
2008,12,Narcotic / Drug Law Violations,937
2008,12,Offenses Against Family and Children,20
2008,12,Other Assaults,1362
2008,12,Other Sex Offenses (Not Commercialized),86
2008,12,Prostitution and Commercialized Vice,94
2008,12,Public Drunkenness,19
2008,12,Rape,74
2008,12,Receiving Stolen Property,5
2008,12,Robbery Firearm,284
2008,12,Robbery No Firearm,254
2008,12,Theft from Vehicle,973
2008,12,Thefts,825
2008,12,Vagrancy/Loitering,56
2008,12,Vandalism/Criminal Mischief,1183
2008,12,Weapon Violations,119
2008,14,Aggravated Assault Firearm,126
2008,14,Aggravated Assault No Firearm,414
2008,14,All Other Offenses,1458
2008,14,Arson,34
2008,14,Burglary Non-Residential,112
2008,14,Burglary Residential,787
2008,14,DRIVING UNDER THE INFLUENCE,228
2008,14,Disorderly Conduct,155
2008,14,Embezzlement,27
2008,14,Forgery and Counterfeiting,32
2008,14,Fraud,864
2008,14,Gambling Violations,2
2008,14,Homicide - Criminal,17
2008,14,Liquor Law Violations,8
2008,14,Motor Vehicle Theft,270
2008,14,Narcotic / Drug Law Violations,892
2008,14,Offenses Against Family and Children,12
2008,14,Other Assaults,1896
2008,14,Other Sex Offenses (Not Commercialized),83
2008,14,Prostitution and Commercialized Vice,23
2008,14,Public Drunkenness,36
2008,14,Rape,75
2008,14,Receiving Stolen Property,3
2008,14,Robbery Firearm,229
2008,14,Robbery No Firearm,313
2008,14,Theft from Vehicle,909
2008,14,Thefts,1060
2008,14,Vagrancy/Loitering,5
2008,14,Vandalism/Criminal Mischief,1273
2008,14,Weapon Violations,162
2008,15,Aggravated Assault Firearm,174
2008,15,Aggravated Assault No Firearm,694
2008,15,All Other Offenses,4064
2008,15,Arson,49
2008,15,Burglary Non-Residential,257
2008,15,Burglary Residential,891
2008,15,DRIVING UNDER THE INFLUENCE,457
2008,15,Disorderly Conduct,283
2008,15,Embezzlement,18
2008,15,Forgery and Counterfeiting,36
2008,15,Fraud,759
2008,15,Gambling Violations,2
2008,15,Homicide - Criminal,15
2008,15,Liquor Law Violations,314
2008,15,Motor Vehicle Theft,345
2008,15,Narcotic / Drug Law Violations,848
2008,15,Offenses Against Family and Children,7
2008,15,Other Assaults,2370
2008,15,Other Sex Offenses (Not Commercialized),115
2008,15,Prostitution and Commercialized Vice,141
2008,15,Public Drunkenness,14
2008,15,Rape,86
2008,15,Receiving Stolen Property,4
2008,15,Robbery Firearm,345
2008,15,Robbery No Firearm,547
2008,15,Theft from Vehicle,1362
2008,15,Thefts,1676
2008,15,Vagrancy/Loitering,2
2008,15,Vandalism/Criminal Mischief,2067
2008,15,Weapon Violations,136
2008,16,Aggravated Assault Firearm,119
2008,16,Aggravated Assault No Firearm,234
2008,16,All Other Offenses,2456
2008,16,Arson,35
2008,16,Burglary Non-Residential,74
2008,16,Burglary Residential,372
2008,16,DRIVING UNDER THE INFLUENCE,138
2008,16,Disorderly Conduct,220
2008,16,Embezzlement,5
2008,16,Forgery and Counterfeiting,15
2008,16,Fraud,243
2008,16,Gambling Violations,4
2008,16,Homicide - Criminal,21
2008,16,Liquor Law Violations,5
2008,16,Motor Vehicle Theft,112
2008,16,Narcotic / Drug Law Violations,667
2008,16,Offenses Against Family and Children,10
2008,16,Other Assaults,617
2008,16,Other Sex Offenses (Not Commercialized),60
2008,16,Prostitution and Commercialized Vice,121
2008,16,Public Drunkenness,4
2008,16,Rape,50
2008,16,Receiving Stolen Property,5
2008,16,Robbery Firearm,111
2008,16,Robbery No Firearm,152
2008,16,Theft from Vehicle,478
2008,16,Thefts,563
2008,16,Vagrancy/Loitering,13
2008,16,Vandalism/Criminal Mischief,586
2008,16,Weapon Violations,68
2008,17,Aggravated Assault Firearm,139
2008,17,Aggravated Assault No Firearm,258
2008,17,All Other Offenses,2068
2008,17,Arson,15
2008,17,Burglary Non-Residential,36
2008,17,Burglary Residential,575
2008,17,DRIVING UNDER THE INFLUENCE,166
2008,17,Disorderly Conduct,160
2008,17,Embezzlement,4
2008,17,Forgery and Counterfeiting,26
2008,17,Fraud,304
2008,17,Gambling Violations,3
2008,17,Homicide - Criminal,16
2008,17,Motor Vehicle Theft,97
2008,17,Narcotic / Drug Law Violations,572
2008,17,Offenses Against Family and Children,1
2008,17,Other Assaults,781
2008,17,Other Sex Offenses (Not Commercialized),57
2008,17,Prostitution and Commercialized Vice,1
2008,17,Public Drunkenness,3
2008,17,Rape,26
2008,17,Receiving Stolen Property,9
2008,17,Robbery Firearm,163
2008,17,Robbery No Firearm,139
2008,17,Theft from Vehicle,539
2008,17,Thefts,507
2008,17,Vagrancy/Loitering,38
2008,17,Vandalism/Criminal Mischief,748
2008,17,Weapon Violations,74
2008,18,Aggravated Assault Firearm,114
2008,18,Aggravated Assault No Firearm,400
2008,18,All Other Offenses,2095
2008,18,Arson,42
2008,18,Burglary Non-Residential,133
2008,18,Burglary Residential,592
2008,18,DRIVING UNDER THE INFLUENCE,494
2008,18,Disorderly Conduct,150
2008,18,Embezzlement,22
2008,18,Forgery and Counterfeiting,49
2008,18,Fraud,496
2008,18,Gambling Violations,1
2008,18,Homicide - Criminal,7
2008,18,Motor Vehicle Theft,126
2008,18,Narcotic / Drug Law Violations,899
2008,18,Offenses Against Family and Children,8
2008,18,Other Assaults,1186
2008,18,Other Sex Offenses (Not Commercialized),50
2008,18,Prostitution and Commercialized Vice,1
2008,18,Public Drunkenness,5
2008,18,Rape,46
2008,18,Receiving Stolen Property,2
2008,18,Robbery Firearm,273
2008,18,Robbery No Firearm,295
2008,18,Theft from Vehicle,1177
2008,18,Thefts,1424
2008,18,Vagrancy/Loitering,22
2008,18,Vandalism/Criminal Mischief,929
2008,18,Weapon Violations,114
2008,19,Aggravated Assault Firearm,221
2008,19,Aggravated Assault No Firearm,406
2008,19,All Other Offenses,2127
2008,19,Arson,35
2008,19,Burglary Non-Residential,144
2008,19,Burglary Residential,660
2008,19,DRIVING UNDER THE INFLUENCE,350
2008,19,Disorderly Conduct,217
2008,19,Embezzlement,20
2008,19,Forgery and Counterfeiting,30
2008,19,Fraud,541
2008,19,Gambling Violations,10
2008,19,Homicide - Criminal,20
2008,19,Liquor Law Violations,3
2008,19,Motor Vehicle Theft,161
2008,19,Narcotic / Drug Law Violations,1029
2008,19,Offenses Against Family and Children,10
2008,19,Other Assaults,1359
2008,19,Other Sex Offenses (Not Commercialized),78
2008,19,Prostitution and Commercialized Vice,23
2008,19,Public Drunkenness,4
2008,19,Rape,55
2008,19,Receiving Stolen Property,4
2008,19,Robbery Firearm,216
2008,19,Robbery No Firearm,216
2008,19,Theft from Vehicle,581
2008,19,Thefts,781
2008,19,Vagrancy/Loitering,17
2008,19,Vandalism/Criminal Mischief,1016
2008,19,Weapon Violations,113
2008,22,Aggravated Assault Firearm,269
2008,22,Aggravated Assault No Firearm,596
2008,22,All Other Offenses,3672
2008,22,Arson,50
2008,22,Burglary Non-Residential,164
2008,22,Burglary Residential,620
2008,22,DRIVING UNDER THE INFLUENCE,467
2008,22,Disorderly Conduct,340
2008,22,Embezzlement,5
2008,22,Forgery and Counterfeiting,32
2008,22,Fraud,557
2008,22,Gambling Violations,29
2008,22,Homicide - Criminal,43
2008,22,Liquor Law Violations,16
2008,22,Motor Vehicle Theft,175
2008,22,Narcotic / Drug Law Violations,1576
2008,22,Offenses Against Family and Children,13
2008,22,Other Assaults,1856
2008,22,Other Sex Offenses (Not Commercialized),100
2008,22,Prostitution and Commercialized Vice,66
2008,22,Public Drunkenness,28
2008,22,Rape,94
2008,22,Receiving Stolen Property,10
2008,22,Robbery Firearm,349
2008,22,Robbery No Firearm,358
2008,22,Theft from Vehicle,900
2008,22,Thefts,1280
2008,22,Vagrancy/Loitering,67
2008,22,Vandalism/Criminal Mischief,1121
2008,22,Weapon Violations,192
2008,24,Aggravated Assault Firearm,143
2008,24,Aggravated Assault No Firearm,386
2008,24,All Other Offenses,3311
2008,24,Arson,56
2008,24,Burglary Non-Residential,260
2008,24,Burglary Residential,687
2008,24,DRIVING UNDER THE INFLUENCE,389
2008,24,Disorderly Conduct,377
2008,24,Embezzlement,24
2008,24,Forgery and Counterfeiting,23
2008,24,Fraud,534
2008,24,Gambling Violations,4
2008,24,Homicide - Criminal,26
2008,24,Liquor Law Violations,15
2008,24,Motor Vehicle Theft,227
2008,24,Narcotic / Drug Law Violations,1627
2008,24,Offenses Against Family and Children,15
2008,24,Other Assaults,1451
2008,24,Other Sex Offenses (Not Commercialized),107
2008,24,Prostitution and Commercialized Vice,352
2008,24,Public Drunkenness,9
2008,24,Rape,75
2008,24,Receiving Stolen Property,10
2008,24,Robbery Firearm,254
2008,24,Robbery No Firearm,364
2008,24,Theft from Vehicle,764
2008,24,Thefts,1294
2008,24,Vagrancy/Loitering,12
2008,24,Vandalism/Criminal Mischief,1099
2008,24,Weapon Violations,99
2008,25,Aggravated Assault Firearm,232
2008,25,Aggravated Assault No Firearm,483
2008,25,All Other Offenses,2713
2008,25,Arson,73
2008,25,Burglary Non-Residential,209
2008,25,Burglary Residential,503
2008,25,DRIVING UNDER THE INFLUENCE,491
2008,25,Disorderly Conduct,277
2008,25,Embezzlement,5
2008,25,Forgery and Counterfeiting,45
2008,25,Fraud,529
2008,25,Gambling Violations,8
2008,25,Homicide - Criminal,30
2008,25,Motor Vehicle Theft,236
2008,25,Narcotic / Drug Law Violations,1904
2008,25,Offenses Against Family and Children,4
2008,25,Other Assaults,1870
2008,25,Other Sex Offenses (Not Commercialized),132
2008,25,Prostitution and Commercialized Vice,169
2008,25,Public Drunkenness,2
2008,25,Rape,90
2008,25,Receiving Stolen Property,6
2008,25,Robbery Firearm,346
2008,25,Robbery No Firearm,336
2008,25,Theft from Vehicle,834
2008,25,Thefts,1021
2008,25,Vagrancy/Loitering,10
2008,25,Vandalism/Criminal Mischief,1271
2008,25,Weapon Violations,179
2008,26,Aggravated Assault Firearm,101
2008,26,Aggravated Assault No Firearm,262
2008,26,All Other Offenses,1148
2008,26,Arson,44
2008,26,Burglary Non-Residential,142
2008,26,Burglary Residential,406
2008,26,DRIVING UNDER THE INFLUENCE,234
2008,26,Disorderly Conduct,155
2008,26,Embezzlement,10
2008,26,Forgery and Counterfeiting,14
2008,26,Fraud,232
2008,26,Gambling Violations,4
2008,26,Homicide - Criminal,13
2008,26,Motor Vehicle Theft,140
2008,26,Narcotic / Drug Law Violations,639
2008,26,Offenses Against Family and Children,5
2008,26,Other Assaults,796
2008,26,Other Sex Offenses (Not Commercialized),70
2008,26,Prostitution and Commercialized Vice,44
2008,26,Public Drunkenness,1
2008,26,Rape,48
2008,26,Receiving Stolen Property,4
2008,26,Robbery Firearm,163
2008,26,Robbery No Firearm,210
2008,26,Theft from Vehicle,760
2008,26,Thefts,792
2008,26,Vagrancy/Loitering,5
2008,26,Vandalism/Criminal Mischief,869
2008,26,Weapon Violations,59
2008,35,Aggravated Assault Firearm,232
2008,35,Aggravated Assault No Firearm,462
2008,35,All Other Offenses,2706
2008,35,Arson,50
2008,35,Burglary Non-Residential,110
2008,35,Burglary Residential,579
2008,35,DRIVING UNDER THE INFLUENCE,286
2008,35,Disorderly Conduct,124
2008,35,Embezzlement,12
2008,35,Forgery and Counterfeiting,36
2008,35,Fraud,827
2008,35,Gambling Violations,7
2008,35,Homicide - Criminal,18
2008,35,Liquor Law Violations,13
2008,35,Motor Vehicle Theft,267
2008,35,Narcotic / Drug Law Violations,1225
2008,35,Offenses Against Family and Children,47
2008,35,Other Assaults,1992
2008,35,Other Sex Offenses (Not Commercialized),132
2008,35,Prostitution and Commercialized Vice,54
2008,35,Public Drunkenness,9
2008,35,Rape,79
2008,35,Receiving Stolen Property,1
2008,35,Robbery Firearm,336
2008,35,Robbery No Firearm,384
2008,35,Theft from Vehicle,803
2008,35,Thefts,1002
2008,35,Vagrancy/Loitering,6
2008,35,Vandalism/Criminal Mischief,1105
2008,35,Weapon Violations,167
2008,39,Aggravated Assault Firearm,152
2008,39,Aggravated Assault No Firearm,402
2008,39,All Other Offenses,1286
2008,39,Arson,35
2008,39,Burglary Non-Residential,104
2008,39,Burglary Residential,483
2008,39,DRIVING UNDER THE INFLUENCE,427
2008,39,Disorderly Conduct,230
2008,39,Embezzlement,21
2008,39,Forgery and Counterfeiting,20
2008,39,Fraud,575
2008,39,Gambling Violations,16
2008,39,Homicide - Criminal,23
2008,39,Liquor Law Violations,10
2008,39,Motor Vehicle Theft,209
2008,39,Narcotic / Drug Law Violations,888
2008,39,Offenses Against Family and Children,4
2008,39,Other Assaults,1205
2008,39,Other Sex Offenses (Not Commercialized),76
2008,39,Prostitution and Commercialized Vice,3
2008,39,Public Drunkenness,13
2008,39,Rape,39
2008,39,Receiving Stolen Property,5
2008,39,Robbery Firearm,213
2008,39,Robbery No Firearm,192
2008,39,Theft from Vehicle,563
2008,39,Thefts,741
2008,39,Vagrancy/Loitering,3
2008,39,Vandalism/Criminal Mischief,810
2008,39,Weapon Violations,114
2008,77,Aggravated Assault No Firearm,1
2008,77,All Other Offenses,2
2008,77,DRIVING UNDER THE INFLUENCE,1
2008,77,Embezzlement,4
2008,77,Forgery and Counterfeiting,1
2008,77,Fraud,26
2008,77,Motor Vehicle Theft,2
2008,77,Narcotic / Drug Law Violations,3
2008,77,Other Assaults,7
2008,77,Other Sex Offenses (Not Commercialized),1
2008,77,Receiving Stolen Property,1
2008,77,Robbery Firearm,1
2008,77,Theft from Vehicle,19
2008,77,Thefts,132
2008,77,Vandalism/Criminal Mischief,5
2009,1,Aggravated Assault Firearm,69
2009,1,Aggravated Assault No Firearm,164
2009,1,All Other Offenses,660
2009,1,Arson,10
2009,1,Burglary Non-Residential,20
2009,1,Burglary Residential,170
2009,1,DRIVING UNDER THE INFLUENCE,127
2009,1,Disorderly Conduct,78
2009,1,Embezzlement,14
2009,1,Forgery and Counterfeiting,13
2009,1,Fraud,158
2009,1,Gambling Violations,4
2009,1,Homicide - Criminal,3
2009,1,Liquor Law Violations,8
2009,1,Motor Vehicle Theft,43
2009,1,Narcotic / Drug Law Violations,328
2009,1,Offenses Against Family and Children,5
2009,1,Other Assaults,593
2009,1,Other Sex Offenses (Not Commercialized),27
2009,1,Public Drunkenness,7
2009,1,Rape,12
2009,1,Robbery Firearm,70
2009,1,Robbery No Firearm,105
2009,1,Theft from Vehicle,273
2009,1,Thefts,432
2009,1,Vagrancy/Loitering,9
2009,1,Vandalism/Criminal Mischief,670
2009,1,Weapon Violations,31
2009,2,Aggravated Assault Firearm,82
2009,2,Aggravated Assault No Firearm,271
2009,2,All Other Offenses,2180
2009,2,Arson,25
2009,2,Burglary Non-Residential,72
2009,2,Burglary Residential,546
2009,2,DRIVING UNDER THE INFLUENCE,229
2009,2,Disorderly Conduct,141
2009,2,Embezzlement,34
2009,2,Forgery and Counterfeiting,28
2009,2,Fraud,567
2009,2,Gambling Violations,1
2009,2,Homicide - Criminal,11
2009,2,Liquor Law Violations,50
2009,2,Motor Vehicle Theft,156
2009,2,Narcotic / Drug Law Violations,387
2009,2,Offenses Against Family and Children,9
2009,2,Other Assaults,1236
2009,2,Other Sex Offenses (Not Commercialized),76
2009,2,Prostitution and Commercialized Vice,1
2009,2,Public Drunkenness,3
2009,2,Rape,41
2009,2,Receiving Stolen Property,4
2009,2,Robbery Firearm,216
2009,2,Robbery No Firearm,298
2009,2,Theft from Vehicle,855
2009,2,Thefts,1230
2009,2,Vagrancy/Loitering,1
2009,2,Vandalism/Criminal Mischief,971
2009,2,Weapon Violations,59
2009,3,Aggravated Assault Firearm,75
2009,3,Aggravated Assault No Firearm,313
2009,3,All Other Offenses,1972
2009,3,Arson,18
2009,3,Burglary Non-Residential,105
2009,3,Burglary Residential,304
2009,3,DRIVING UNDER THE INFLUENCE,302
2009,3,Disorderly Conduct,329
2009,3,Embezzlement,35
2009,3,Forgery and Counterfeiting,44
2009,3,Fraud,479
2009,3,Gambling Violations,2
2009,3,Homicide - Criminal,9
2009,3,Liquor Law Violations,57
2009,3,Motor Vehicle Theft,157
2009,3,Narcotic / Drug Law Violations,399
2009,3,Offenses Against Family and Children,3
2009,3,Other Assaults,1069
2009,3,Other Sex Offenses (Not Commercialized),65
2009,3,Prostitution and Commercialized Vice,11
2009,3,Public Drunkenness,25
2009,3,Rape,23
2009,3,Receiving Stolen Property,4
2009,3,Robbery Firearm,173
2009,3,Robbery No Firearm,344
2009,3,Theft from Vehicle,1049
2009,3,Thefts,1634
2009,3,Vagrancy/Loitering,10
2009,3,Vandalism/Criminal Mischief,1234
2009,3,Weapon Violations,54
2009,5,Aggravated Assault Firearm,13
2009,5,Aggravated Assault No Firearm,70
2009,5,All Other Offenses,333
2009,5,Arson,7
2009,5,Burglary Non-Residential,26
2009,5,Burglary Residential,199
2009,5,DRIVING UNDER THE INFLUENCE,61
2009,5,Disorderly Conduct,70
2009,5,Embezzlement,14
2009,5,Forgery and Counterfeiting,11
2009,5,Fraud,209
2009,5,Liquor Law Violations,16
2009,5,Motor Vehicle Theft,16
2009,5,Narcotic / Drug Law Violations,70
2009,5,Offenses Against Family and Children,2
2009,5,Other Assaults,494
2009,5,Other Sex Offenses (Not Commercialized),22
2009,5,Public Drunkenness,40
2009,5,Rape,5
2009,5,Robbery Firearm,37
2009,5,Robbery No Firearm,43
2009,5,Theft from Vehicle,292
2009,5,Thefts,317
2009,5,Vandalism/Criminal Mischief,405
2009,5,Weapon Violations,17
2009,7,Aggravated Assault Firearm,11
2009,7,Aggravated Assault No Firearm,83
2009,7,All Other Offenses,532
2009,7,Arson,6
2009,7,Burglary Non-Residential,117
2009,7,Burglary Residential,319
2009,7,DRIVING UNDER THE INFLUENCE,104
2009,7,Disorderly Conduct,25
2009,7,Embezzlement,14
2009,7,Forgery and Counterfeiting,15
2009,7,Fraud,389
2009,7,Homicide - Criminal,3
2009,7,Liquor Law Violations,4
2009,7,Motor Vehicle Theft,35
2009,7,Narcotic / Drug Law Violations,46
2009,7,Offenses Against Family and Children,1
2009,7,Other Assaults,527
2009,7,Other Sex Offenses (Not Commercialized),32
2009,7,Prostitution and Commercialized Vice,1
2009,7,Rape,12
2009,7,Receiving Stolen Property,2
2009,7,Robbery Firearm,33
2009,7,Robbery No Firearm,83
2009,7,Theft from Vehicle,574
2009,7,Thefts,531
2009,7,Vagrancy/Loitering,1
2009,7,Vandalism/Criminal Mischief,519
2009,7,Weapon Violations,13
2009,8,Aggravated Assault Firearm,29
2009,8,Aggravated Assault No Firearm,187
2009,8,All Other Offenses,914
2009,8,Arson,10
2009,8,Burglary Non-Residential,122
2009,8,Burglary Residential,269
2009,8,DRIVING UNDER THE INFLUENCE,131
2009,8,Disorderly Conduct,29
2009,8,Embezzlement,34
2009,8,Forgery and Counterfeiting,12
2009,8,Fraud,487
2009,8,Homicide - Criminal,2
2009,8,Liquor Law Violations,129
2009,8,Motor Vehicle Theft,89
2009,8,Narcotic / Drug Law Violations,135
2009,8,Offenses Against Family and Children,4
2009,8,Other Assaults,1142
2009,8,Other Sex Offenses (Not Commercialized),48
2009,8,Prostitution and Commercialized Vice,1
2009,8,Public Drunkenness,2
2009,8,Rape,17
2009,8,Receiving Stolen Property,1
2009,8,Robbery Firearm,40
2009,8,Robbery No Firearm,127
2009,8,Theft from Vehicle,746
2009,8,Thefts,930
2009,8,Vandalism/Criminal Mischief,726
2009,8,Weapon Violations,15
2009,9,Aggravated Assault Firearm,73
2009,9,Aggravated Assault No Firearm,270
2009,9,All Other Offenses,2314
2009,9,Arson,12
2009,9,Burglary Non-Residential,219
2009,9,Burglary Residential,338
2009,9,DRIVING UNDER THE INFLUENCE,253
2009,9,Disorderly Conduct,829
2009,9,Embezzlement,58
2009,9,Forgery and Counterfeiting,66
2009,9,Fraud,935
2009,9,Gambling Violations,8
2009,9,Homicide - Criminal,4
2009,9,Liquor Law Violations,28
2009,9,Motor Vehicle Theft,98
2009,9,Narcotic / Drug Law Violations,459
2009,9,Offenses Against Family and Children,4
2009,9,Other Assaults,1360
2009,9,Other Sex Offenses (Not Commercialized),75
2009,9,Prostitution and Commercialized Vice,99
2009,9,Public Drunkenness,241
2009,9,Rape,34
2009,9,Receiving Stolen Property,7
2009,9,Robbery Firearm,180
2009,9,Robbery No Firearm,378
2009,9,Theft from Vehicle,1914
2009,9,Thefts,3872
2009,9,Vagrancy/Loitering,530
2009,9,Vandalism/Criminal Mischief,1090
2009,9,Weapon Violations,59
2009,12,Aggravated Assault Firearm,192
2009,12,Aggravated Assault No Firearm,406
2009,12,All Other Offenses,2578
2009,12,Arson,17
2009,12,Burglary Non-Residential,73
2009,12,Burglary Residential,508
2009,12,DRIVING UNDER THE INFLUENCE,493
2009,12,Disorderly Conduct,325
2009,12,Embezzlement,19
2009,12,Forgery and Counterfeiting,28
2009,12,Fraud,443
2009,12,Gambling Violations,5
2009,12,Homicide - Criminal,29
2009,12,Liquor Law Violations,3
2009,12,Motor Vehicle Theft,151
2009,12,Narcotic / Drug Law Violations,1138
2009,12,Offenses Against Family and Children,9
2009,12,Other Assaults,1320
2009,12,Other Sex Offenses (Not Commercialized),82
2009,12,Prostitution and Commercialized Vice,33
2009,12,Public Drunkenness,8
2009,12,Rape,61
2009,12,Receiving Stolen Property,2
2009,12,Robbery Firearm,240
2009,12,Robbery No Firearm,237
2009,12,Theft from Vehicle,575
2009,12,Thefts,801
2009,12,Vagrancy/Loitering,72
2009,12,Vandalism/Criminal Mischief,998
2009,12,Weapon Violations,124
2009,14,Aggravated Assault Firearm,167
2009,14,Aggravated Assault No Firearm,368
2009,14,All Other Offenses,1247
2009,14,Arson,33
2009,14,Burglary Non-Residential,116
2009,14,Burglary Residential,769
2009,14,DRIVING UNDER THE INFLUENCE,184
2009,14,Disorderly Conduct,115
2009,14,Embezzlement,15
2009,14,Forgery and Counterfeiting,37
2009,14,Fraud,874
2009,14,Gambling Violations,3
2009,14,Homicide - Criminal,21
2009,14,Homicide - Justifiable,1
2009,14,Liquor Law Violations,5
2009,14,Motor Vehicle Theft,139
2009,14,Narcotic / Drug Law Violations,886
2009,14,Offenses Against Family and Children,10
2009,14,Other Assaults,1697
2009,14,Other Sex Offenses (Not Commercialized),96
2009,14,Prostitution and Commercialized Vice,6
2009,14,Public Drunkenness,29
2009,14,Rape,61
2009,14,Receiving Stolen Property,1
2009,14,Robbery Firearm,286
2009,14,Robbery No Firearm,259
2009,14,Theft from Vehicle,853
2009,14,Thefts,908
2009,14,Vagrancy/Loitering,4
2009,14,Vandalism/Criminal Mischief,1039
2009,14,Weapon Violations,116
2009,15,Aggravated Assault Firearm,133
2009,15,Aggravated Assault No Firearm,653
2009,15,All Other Offenses,4276
2009,15,Arson,38
2009,15,Burglary Non-Residential,185
2009,15,Burglary Residential,821
2009,15,DRIVING UNDER THE INFLUENCE,338
2009,15,Disorderly Conduct,243
2009,15,Embezzlement,22
2009,15,Forgery and Counterfeiting,42
2009,15,Fraud,770
2009,15,Gambling Violations,2
2009,15,Homicide - Criminal,13
2009,15,Liquor Law Violations,237
2009,15,Motor Vehicle Theft,251
2009,15,Narcotic / Drug Law Violations,632
2009,15,Offenses Against Family and Children,9
2009,15,Other Assaults,2383
2009,15,Other Sex Offenses (Not Commercialized),138
2009,15,Prostitution and Commercialized Vice,42
2009,15,Public Drunkenness,12
2009,15,Rape,67
2009,15,Receiving Stolen Property,5
2009,15,Robbery Firearm,378
2009,15,Robbery No Firearm,474
2009,15,Theft from Vehicle,1386
2009,15,Thefts,1540
2009,15,Vagrancy/Loitering,2
2009,15,Vandalism/Criminal Mischief,1838
2009,15,Weapon Violations,92
2009,16,Aggravated Assault Firearm,94
2009,16,Aggravated Assault No Firearm,276
2009,16,All Other Offenses,2382
2009,16,Arson,18
2009,16,Burglary Non-Residential,70
2009,16,Burglary Residential,248
2009,16,DRIVING UNDER THE INFLUENCE,177
2009,16,Disorderly Conduct,257
2009,16,Embezzlement,9
2009,16,Forgery and Counterfeiting,16
2009,16,Fraud,223
2009,16,Gambling Violations,1
2009,16,Homicide - Criminal,12
2009,16,Liquor Law Violations,6
2009,16,Motor Vehicle Theft,61
2009,16,Narcotic / Drug Law Violations,505
2009,16,Offenses Against Family and Children,4
2009,16,Other Assaults,675
2009,16,Other Sex Offenses (Not Commercialized),59
2009,16,Prostitution and Commercialized Vice,95
2009,16,Public Drunkenness,7
2009,16,Rape,30
2009,16,Receiving Stolen Property,3
2009,16,Robbery Firearm,134
2009,16,Robbery No Firearm,150
2009,16,Theft from Vehicle,470
2009,16,Thefts,545
2009,16,Vagrancy/Loitering,45
2009,16,Vandalism/Criminal Mischief,464
2009,16,Weapon Violations,52
2009,17,Aggravated Assault Firearm,114
2009,17,Aggravated Assault No Firearm,256
2009,17,All Other Offenses,1954
2009,17,Arson,16
2009,17,Burglary Non-Residential,40
2009,17,Burglary Residential,319
2009,17,DRIVING UNDER THE INFLUENCE,147
2009,17,Disorderly Conduct,145
2009,17,Embezzlement,8
2009,17,Forgery and Counterfeiting,8
2009,17,Fraud,291
2009,17,Gambling Violations,3
2009,17,Homicide - Criminal,21
2009,17,Liquor Law Violations,1
2009,17,Motor Vehicle Theft,47
2009,17,Narcotic / Drug Law Violations,600
2009,17,Offenses Against Family and Children,2
2009,17,Other Assaults,784
2009,17,Other Sex Offenses (Not Commercialized),35
2009,17,Public Drunkenness,6
2009,17,Rape,39
2009,17,Receiving Stolen Property,2
2009,17,Robbery Firearm,89
2009,17,Robbery No Firearm,169
2009,17,Theft from Vehicle,503
2009,17,Thefts,461
2009,17,Vagrancy/Loitering,190
2009,17,Vandalism/Criminal Mischief,588
2009,17,Weapon Violations,49
2009,18,Aggravated Assault Firearm,128
2009,18,Aggravated Assault No Firearm,390
2009,18,All Other Offenses,2304
2009,18,Arson,21
2009,18,Burglary Non-Residential,81
2009,18,Burglary Residential,409
2009,18,DRIVING UNDER THE INFLUENCE,389
2009,18,Disorderly Conduct,222
2009,18,Embezzlement,18
2009,18,Forgery and Counterfeiting,57
2009,18,Fraud,494
2009,18,Gambling Violations,4
2009,18,Homicide - Criminal,17
2009,18,Liquor Law Violations,2
2009,18,Motor Vehicle Theft,94
2009,18,Narcotic / Drug Law Violations,800
2009,18,Offenses Against Family and Children,7
2009,18,Other Assaults,1129
2009,18,Other Sex Offenses (Not Commercialized),49
2009,18,Prostitution and Commercialized Vice,2
2009,18,Public Drunkenness,2
2009,18,Rape,51
2009,18,Receiving Stolen Property,9
2009,18,Robbery Firearm,182
2009,18,Robbery No Firearm,260
2009,18,Theft from Vehicle,868
2009,18,Thefts,1281
2009,18,Vagrancy/Loitering,17
2009,18,Vandalism/Criminal Mischief,775
2009,18,Weapon Violations,91
2009,19,Aggravated Assault Firearm,195
2009,19,Aggravated Assault No Firearm,406
2009,19,All Other Offenses,2075
2009,19,Arson,19
2009,19,Burglary Non-Residential,59
2009,19,Burglary Residential,509
2009,19,DRIVING UNDER THE INFLUENCE,329
2009,19,Disorderly Conduct,233
2009,19,Embezzlement,19
2009,19,Forgery and Counterfeiting,41
2009,19,Fraud,442
2009,19,Gambling Violations,3
2009,19,Homicide - Criminal,18
2009,19,Liquor Law Violations,3
2009,19,Motor Vehicle Theft,139
2009,19,Narcotic / Drug Law Violations,1120
2009,19,Offenses Against Family and Children,12
2009,19,Other Assaults,1458
2009,19,Other Sex Offenses (Not Commercialized),60
2009,19,Prostitution and Commercialized Vice,18
2009,19,Public Drunkenness,7
2009,19,Rape,55
2009,19,Receiving Stolen Property,2
2009,19,Robbery Firearm,229
2009,19,Robbery No Firearm,197
2009,19,Theft from Vehicle,516
2009,19,Thefts,809
2009,19,Vagrancy/Loitering,18
2009,19,Vandalism/Criminal Mischief,947
2009,19,Weapon Violations,113
2009,22,Aggravated Assault Firearm,199
2009,22,Aggravated Assault No Firearm,427
2009,22,All Other Offenses,3780
2009,22,Arson,38
2009,22,Burglary Non-Residential,134
2009,22,Burglary Residential,629
2009,22,DRIVING UNDER THE INFLUENCE,455
2009,22,Disorderly Conduct,357
2009,22,Embezzlement,4
2009,22,Forgery and Counterfeiting,42
2009,22,Fraud,543
2009,22,Gambling Violations,25
2009,22,Homicide - Criminal,34
2009,22,Liquor Law Violations,10
2009,22,Motor Vehicle Theft,106
2009,22,Narcotic / Drug Law Violations,1444
2009,22,Offenses Against Family and Children,4
2009,22,Other Assaults,1606
2009,22,Other Sex Offenses (Not Commercialized),110
2009,22,Prostitution and Commercialized Vice,51
2009,22,Public Drunkenness,28
2009,22,Rape,78
2009,22,Receiving Stolen Property,6
2009,22,Robbery Firearm,296
2009,22,Robbery No Firearm,321
2009,22,Theft from Vehicle,769
2009,22,Thefts,1286
2009,22,Vagrancy/Loitering,80
2009,22,Vandalism/Criminal Mischief,1054
2009,22,Weapon Violations,180
2009,24,Aggravated Assault Firearm,148
2009,24,Aggravated Assault No Firearm,378
2009,24,All Other Offenses,3416
2009,24,Arson,35
2009,24,Burglary Non-Residential,274
2009,24,Burglary Residential,552
2009,24,DRIVING UNDER THE INFLUENCE,427
2009,24,Disorderly Conduct,233
2009,24,Embezzlement,21
2009,24,Forgery and Counterfeiting,12
2009,24,Fraud,431
2009,24,Homicide - Criminal,10
2009,24,Liquor Law Violations,3
2009,24,Motor Vehicle Theft,205
2009,24,Narcotic / Drug Law Violations,1652
2009,24,Offenses Against Family and Children,6
2009,24,Other Assaults,1353
2009,24,Other Sex Offenses (Not Commercialized),87
2009,24,Prostitution and Commercialized Vice,392
2009,24,Public Drunkenness,26
2009,24,Rape,71
2009,24,Receiving Stolen Property,4
2009,24,Robbery Firearm,242
2009,24,Robbery No Firearm,374
2009,24,Theft from Vehicle,852
2009,24,Thefts,1361
2009,24,Vagrancy/Loitering,25
2009,24,Vandalism/Criminal Mischief,1057
2009,24,Weapon Violations,72
2009,25,Aggravated Assault Firearm,236
2009,25,Aggravated Assault No Firearm,415
2009,25,All Other Offenses,1798
2009,25,Arson,55
2009,25,Burglary Non-Residential,169
2009,25,Burglary Residential,442
2009,25,DRIVING UNDER THE INFLUENCE,377
2009,25,Disorderly Conduct,207
2009,25,Embezzlement,9
2009,25,Forgery and Counterfeiting,28
2009,25,Fraud,523
2009,25,Gambling Violations,6
2009,25,Homicide - Criminal,30
2009,25,Liquor Law Violations,1
2009,25,Motor Vehicle Theft,196
2009,25,Narcotic / Drug Law Violations,1792
2009,25,Offenses Against Family and Children,8
2009,25,Other Assaults,1749
2009,25,Other Sex Offenses (Not Commercialized),119
2009,25,Prostitution and Commercialized Vice,125
2009,25,Public Drunkenness,10
2009,25,Rape,84
2009,25,Receiving Stolen Property,3
2009,25,Robbery Firearm,280
2009,25,Robbery No Firearm,376
2009,25,Theft from Vehicle,731
2009,25,Thefts,977
2009,25,Vagrancy/Loitering,19
2009,25,Vandalism/Criminal Mischief,1075
2009,25,Weapon Violations,151
2009,26,Aggravated Assault Firearm,77
2009,26,Aggravated Assault No Firearm,228
2009,26,All Other Offenses,1146
2009,26,Arson,28
2009,26,Burglary Non-Residential,104
2009,26,Burglary Residential,371
2009,26,DRIVING UNDER THE INFLUENCE,276
2009,26,Disorderly Conduct,168
2009,26,Embezzlement,9
2009,26,Forgery and Counterfeiting,12
2009,26,Fraud,260
2009,26,Gambling Violations,3
2009,26,Homicide - Criminal,16
2009,26,Liquor Law Violations,1
2009,26,Motor Vehicle Theft,139
2009,26,Narcotic / Drug Law Violations,650
2009,26,Offenses Against Family and Children,3
2009,26,Other Assaults,736
2009,26,Other Sex Offenses (Not Commercialized),60
2009,26,Prostitution and Commercialized Vice,12
2009,26,Public Drunkenness,9
2009,26,Rape,39
2009,26,Robbery Firearm,142
2009,26,Robbery No Firearm,180
2009,26,Theft from Vehicle,929
2009,26,Thefts,818
2009,26,Vagrancy/Loitering,6
2009,26,Vandalism/Criminal Mischief,812
2009,26,Weapon Violations,57
2009,35,Aggravated Assault Firearm,172
2009,35,Aggravated Assault No Firearm,407
2009,35,All Other Offenses,1965
2009,35,Arson,51
2009,35,Burglary Non-Residential,81
2009,35,Burglary Residential,534
2009,35,DRIVING UNDER THE INFLUENCE,311
2009,35,Disorderly Conduct,207
2009,35,Embezzlement,25
2009,35,Forgery and Counterfeiting,31
2009,35,Fraud,651
2009,35,Gambling Violations,2
2009,35,Homicide - Criminal,17
2009,35,Liquor Law Violations,13
2009,35,Motor Vehicle Theft,194
2009,35,Narcotic / Drug Law Violations,1033
2009,35,Offenses Against Family and Children,63
2009,35,Other Assaults,1566
2009,35,Other Sex Offenses (Not Commercialized),115
2009,35,Prostitution and Commercialized Vice,19
2009,35,Public Drunkenness,15
2009,35,Rape,68
2009,35,Receiving Stolen Property,2
2009,35,Robbery Firearm,314
2009,35,Robbery No Firearm,336
2009,35,Theft from Vehicle,695
2009,35,Thefts,974
2009,35,Vagrancy/Loitering,3
2009,35,Vandalism/Criminal Mischief,1084
2009,35,Weapon Violations,137
2009,39,Aggravated Assault Firearm,129
2009,39,Aggravated Assault No Firearm,320
2009,39,All Other Offenses,988
2009,39,Arson,19
2009,39,Burglary Non-Residential,122
2009,39,Burglary Residential,394
2009,39,DRIVING UNDER THE INFLUENCE,326
2009,39,Disorderly Conduct,167
2009,39,Embezzlement,13
2009,39,Forgery and Counterfeiting,20
2009,39,Fraud,521
2009,39,Gambling Violations,22
2009,39,Homicide - Criminal,17
2009,39,Liquor Law Violations,5
2009,39,Motor Vehicle Theft,113
2009,39,Narcotic / Drug Law Violations,752
2009,39,Offenses Against Family and Children,4
2009,39,Other Assaults,1050
2009,39,Other Sex Offenses (Not Commercialized),66
2009,39,Prostitution and Commercialized Vice,2
2009,39,Public Drunkenness,8
2009,39,Rape,55
2009,39,Receiving Stolen Property,3
2009,39,Robbery Firearm,198
2009,39,Robbery No Firearm,216
2009,39,Theft from Vehicle,474
2009,39,Thefts,705
2009,39,Vagrancy/Loitering,7
2009,39,Vandalism/Criminal Mischief,770
2009,39,Weapon Violations,107
2009,77,All Other Offenses,6
2009,77,Disorderly Conduct,1
2009,77,Embezzlement,2
2009,77,Forgery and Counterfeiting,1
2009,77,Fraud,32
2009,77,Narcotic / Drug Law Violations,1
2009,77,Other Assaults,3
2009,77,Public Drunkenness,1
2009,77,Theft from Vehicle,14
2009,77,Thefts,95
2009,77,Vandalism/Criminal Mischief,6
2010,1,Aggravated Assault Firearm,63
2010,1,Aggravated Assault No Firearm,144
2010,1,All Other Offenses,944
2010,1,Arson,7
2010,1,Burglary Non-Residential,32
2010,1,Burglary Residential,150
2010,1,DRIVING UNDER THE INFLUENCE,126
2010,1,Disorderly Conduct,114
2010,1,Embezzlement,11
2010,1,Forgery and Counterfeiting,16
2010,1,Fraud,173
2010,1,Gambling Violations,1
2010,1,Homicide - Criminal,7
2010,1,Liquor Law Violations,16
2010,1,Motor Vehicle Theft,106
2010,1,Narcotic / Drug Law Violations,361
2010,1,Offenses Against Family and Children,3
2010,1,Other Assaults,616
2010,1,Other Sex Offenses (Not Commercialized),30
2010,1,Public Drunkenness,9
2010,1,Rape,21
2010,1,Receiving Stolen Property,6
2010,1,Robbery Firearm,56
2010,1,Robbery No Firearm,111
2010,1,Theft from Vehicle,333
2010,1,Thefts,608
2010,1,Vagrancy/Loitering,34
2010,1,Vandalism/Criminal Mischief,528
2010,1,Weapon Violations,24
2010,2,Aggravated Assault Firearm,62
2010,2,Aggravated Assault No Firearm,283
2010,2,All Other Offenses,2001
2010,2,Arson,22
2010,2,Burglary Non-Residential,85
2010,2,Burglary Residential,577
2010,2,DRIVING UNDER THE INFLUENCE,230
2010,2,Disorderly Conduct,181
2010,2,Embezzlement,26
2010,2,Forgery and Counterfeiting,30
2010,2,Fraud,493
2010,2,Gambling Violations,1
2010,2,Homicide - Criminal,6
2010,2,Liquor Law Violations,106
2010,2,Motor Vehicle Theft,438
2010,2,Narcotic / Drug Law Violations,475
2010,2,Offenses Against Family and Children,5
2010,2,Other Assaults,1264
2010,2,Other Sex Offenses (Not Commercialized),74
2010,2,Public Drunkenness,14
2010,2,Rape,42
2010,2,Receiving Stolen Property,3
2010,2,Robbery Firearm,208
2010,2,Robbery No Firearm,198
2010,2,Theft from Vehicle,833
2010,2,Thefts,1350
2010,2,Vagrancy/Loitering,9
2010,2,Vandalism/Criminal Mischief,1010
2010,2,Weapon Violations,65
2010,3,Aggravated Assault Firearm,90
2010,3,Aggravated Assault No Firearm,290
2010,3,All Other Offenses,1510
2010,3,Arson,16
2010,3,Burglary Non-Residential,72
2010,3,Burglary Residential,363
2010,3,DRIVING UNDER THE INFLUENCE,282
2010,3,Disorderly Conduct,297
2010,3,Embezzlement,38
2010,3,Forgery and Counterfeiting,42
2010,3,Fraud,439
2010,3,Gambling Violations,2
2010,3,Homicide - Criminal,10
2010,3,Liquor Law Violations,166
2010,3,Motor Vehicle Theft,387
2010,3,Narcotic / Drug Law Violations,448
2010,3,Offenses Against Family and Children,2
2010,3,Other Assaults,1058
2010,3,Other Sex Offenses (Not Commercialized),41
2010,3,Prostitution and Commercialized Vice,18
2010,3,Public Drunkenness,32
2010,3,Rape,20
2010,3,Receiving Stolen Property,1
2010,3,Robbery Firearm,146
2010,3,Robbery No Firearm,303
2010,3,Theft from Vehicle,1139
2010,3,Thefts,1715
2010,3,Vagrancy/Loitering,8
2010,3,Vandalism/Criminal Mischief,1058
2010,3,Weapon Violations,87
2010,5,Aggravated Assault Firearm,10
2010,5,Aggravated Assault No Firearm,73
2010,5,All Other Offenses,279
2010,5,Arson,9
2010,5,Burglary Non-Residential,35
2010,5,Burglary Residential,121
2010,5,DRIVING UNDER THE INFLUENCE,36
2010,5,Disorderly Conduct,69
2010,5,Embezzlement,7
2010,5,Forgery and Counterfeiting,19
2010,5,Fraud,204
2010,5,Liquor Law Violations,18
2010,5,Motor Vehicle Theft,56
2010,5,Narcotic / Drug Law Violations,34
2010,5,Offenses Against Family and Children,1
2010,5,Other Assaults,445
2010,5,Other Sex Offenses (Not Commercialized),13
2010,5,Public Drunkenness,31
2010,5,Rape,8
2010,5,Receiving Stolen Property,2
2010,5,Robbery Firearm,16
2010,5,Robbery No Firearm,33
2010,5,Theft from Vehicle,360
2010,5,Thefts,305
2010,5,Vagrancy/Loitering,1
2010,5,Vandalism/Criminal Mischief,452
2010,5,Weapon Violations,11
2010,7,Aggravated Assault Firearm,19
2010,7,Aggravated Assault No Firearm,81
2010,7,All Other Offenses,565
2010,7,Arson,1
2010,7,Burglary Non-Residential,103
2010,7,Burglary Residential,268
2010,7,DRIVING UNDER THE INFLUENCE,105
2010,7,Disorderly Conduct,11
2010,7,Embezzlement,9
2010,7,Forgery and Counterfeiting,7
2010,7,Fraud,361
2010,7,Homicide - Criminal,3
2010,7,Motor Vehicle Theft,132
2010,7,Narcotic / Drug Law Violations,39
2010,7,Offenses Against Family and Children,2
2010,7,Other Assaults,613
2010,7,Other Sex Offenses (Not Commercialized),33
2010,7,Prostitution and Commercialized Vice,1
2010,7,Public Drunkenness,2
2010,7,Rape,6
2010,7,Robbery Firearm,25
2010,7,Robbery No Firearm,56
2010,7,Theft from Vehicle,601
2010,7,Thefts,452
2010,7,Vandalism/Criminal Mischief,519
2010,7,Weapon Violations,14
2010,8,Aggravated Assault Firearm,24
2010,8,Aggravated Assault No Firearm,164
2010,8,All Other Offenses,725
2010,8,Arson,7
2010,8,Burglary Non-Residential,84
2010,8,Burglary Residential,307
2010,8,DRIVING UNDER THE INFLUENCE,111
2010,8,Disorderly Conduct,26
2010,8,Embezzlement,38
2010,8,Forgery and Counterfeiting,18
2010,8,Fraud,469
2010,8,Homicide - Criminal,3
2010,8,Liquor Law Violations,60
2010,8,Motor Vehicle Theft,180
2010,8,Narcotic / Drug Law Violations,101
2010,8,Offenses Against Family and Children,8
2010,8,Other Assaults,1071
2010,8,Other Sex Offenses (Not Commercialized),53
2010,8,Prostitution and Commercialized Vice,8
2010,8,Rape,19
2010,8,Receiving Stolen Property,1
2010,8,Robbery Firearm,36
2010,8,Robbery No Firearm,86
2010,8,Theft from Vehicle,741
2010,8,Thefts,921
2010,8,Vagrancy/Loitering,1
2010,8,Vandalism/Criminal Mischief,642
2010,8,Weapon Violations,20
2010,9,Aggravated Assault Firearm,46
2010,9,Aggravated Assault No Firearm,264
2010,9,All Other Offenses,2109
2010,9,Arson,15
2010,9,Burglary Non-Residential,156
2010,9,Burglary Residential,402
2010,9,DRIVING UNDER THE INFLUENCE,239
2010,9,Disorderly Conduct,797
2010,9,Embezzlement,55
2010,9,Forgery and Counterfeiting,86
2010,9,Fraud,756
2010,9,Gambling Violations,6
2010,9,Homicide - Criminal,7
2010,9,Liquor Law Violations,27
2010,9,Motor Vehicle Theft,332
2010,9,Narcotic / Drug Law Violations,430
2010,9,Offenses Against Family and Children,2
2010,9,Other Assaults,1397
2010,9,Other Sex Offenses (Not Commercialized),102
2010,9,Prostitution and Commercialized Vice,90
2010,9,Public Drunkenness,268
2010,9,Rape,48
2010,9,Receiving Stolen Property,2
2010,9,Robbery Firearm,182
2010,9,Robbery No Firearm,428
2010,9,Theft from Vehicle,2526
2010,9,Thefts,3915
2010,9,Vagrancy/Loitering,486
2010,9,Vandalism/Criminal Mischief,1039
2010,9,Weapon Violations,54
2010,12,Aggravated Assault Firearm,185
2010,12,Aggravated Assault No Firearm,406
2010,12,All Other Offenses,3097
2010,12,Arson,10
2010,12,Burglary Non-Residential,122
2010,12,Burglary Residential,518
2010,12,DRIVING UNDER THE INFLUENCE,452
2010,12,Disorderly Conduct,307
2010,12,Embezzlement,13
2010,12,Forgery and Counterfeiting,17
2010,12,Fraud,417
2010,12,Gambling Violations,1
2010,12,Homicide - Criminal,23
2010,12,Liquor Law Violations,3
2010,12,Motor Vehicle Theft,343
2010,12,Narcotic / Drug Law Violations,1061
2010,12,Offenses Against Family and Children,17
2010,12,Other Assaults,1177
2010,12,Other Sex Offenses (Not Commercialized),58
2010,12,Prostitution and Commercialized Vice,37
2010,12,Public Drunkenness,13
2010,12,Rape,61
2010,12,Receiving Stolen Property,1
2010,12,Robbery Firearm,182
2010,12,Robbery No Firearm,226
2010,12,Theft from Vehicle,658
2010,12,Thefts,790
2010,12,Vagrancy/Loitering,54
2010,12,Vandalism/Criminal Mischief,1010
2010,12,Weapon Violations,104
2010,14,Aggravated Assault Firearm,170
2010,14,Aggravated Assault No Firearm,321
2010,14,All Other Offenses,1383
2010,14,Arson,36
2010,14,Burglary Non-Residential,133
2010,14,Burglary Residential,648
2010,14,DRIVING UNDER THE INFLUENCE,171
2010,14,Disorderly Conduct,101
2010,14,Embezzlement,19
2010,14,Forgery and Counterfeiting,36
2010,14,Fraud,747
2010,14,Gambling Violations,3
2010,14,Homicide - Criminal,24
2010,14,Homicide - Justifiable,2
2010,14,Liquor Law Violations,3
2010,14,Motor Vehicle Theft,209
2010,14,Narcotic / Drug Law Violations,922
2010,14,Offenses Against Family and Children,6
2010,14,Other Assaults,1517
2010,14,Other Sex Offenses (Not Commercialized),78
2010,14,Prostitution and Commercialized Vice,2
2010,14,Public Drunkenness,24
2010,14,Rape,51
2010,14,Receiving Stolen Property,4
2010,14,Robbery Firearm,197
2010,14,Robbery No Firearm,220
2010,14,Theft from Vehicle,860
2010,14,Thefts,972
2010,14,Vagrancy/Loitering,6
2010,14,Vandalism/Criminal Mischief,1117
2010,14,Weapon Violations,129
2010,15,Aggravated Assault Firearm,215
2010,15,Aggravated Assault No Firearm,671
2010,15,All Other Offenses,3595
2010,15,Arson,48
2010,15,Burglary Non-Residential,196
2010,15,Burglary Residential,800
2010,15,DRIVING UNDER THE INFLUENCE,282
2010,15,Disorderly Conduct,240
2010,15,Embezzlement,21
2010,15,Forgery and Counterfeiting,42
2010,15,Fraud,627
2010,15,Gambling Violations,1
2010,15,Homicide - Criminal,13
2010,15,Liquor Law Violations,147
2010,15,Motor Vehicle Theft,699
2010,15,Narcotic / Drug Law Violations,627
2010,15,Offenses Against Family and Children,9
2010,15,Other Assaults,2324
2010,15,Other Sex Offenses (Not Commercialized),167
2010,15,Prostitution and Commercialized Vice,79
2010,15,Public Drunkenness,13
2010,15,Rape,91
2010,15,Robbery Firearm,332
2010,15,Robbery No Firearm,459
2010,15,Theft from Vehicle,1430
2010,15,Thefts,1670
2010,15,Vagrancy/Loitering,3
2010,15,Vandalism/Criminal Mischief,1839
2010,15,Weapon Violations,112
2010,16,Aggravated Assault Firearm,73
2010,16,Aggravated Assault No Firearm,245
2010,16,All Other Offenses,2100
2010,16,Arson,19
2010,16,Burglary Non-Residential,45
2010,16,Burglary Residential,311
2010,16,DRIVING UNDER THE INFLUENCE,157
2010,16,Disorderly Conduct,132
2010,16,Embezzlement,5
2010,16,Forgery and Counterfeiting,17
2010,16,Fraud,269
2010,16,Gambling Violations,1
2010,16,Homicide - Criminal,8
2010,16,Liquor Law Violations,1
2010,16,Motor Vehicle Theft,153
2010,16,Narcotic / Drug Law Violations,532
2010,16,Offenses Against Family and Children,6
2010,16,Other Assaults,715
2010,16,Other Sex Offenses (Not Commercialized),45
2010,16,Prostitution and Commercialized Vice,66
2010,16,Public Drunkenness,1
2010,16,Rape,34
2010,16,Receiving Stolen Property,1
2010,16,Robbery Firearm,123
2010,16,Robbery No Firearm,166
2010,16,Theft from Vehicle,445
2010,16,Thefts,591
2010,16,Vagrancy/Loitering,8
2010,16,Vandalism/Criminal Mischief,425
2010,16,Weapon Violations,43
2010,17,Aggravated Assault Firearm,104
2010,17,Aggravated Assault No Firearm,240
2010,17,All Other Offenses,1726
2010,17,Arson,8
2010,17,Burglary Non-Residential,38
2010,17,Burglary Residential,389
2010,17,DRIVING UNDER THE INFLUENCE,202
2010,17,Disorderly Conduct,169
2010,17,Embezzlement,6
2010,17,Forgery and Counterfeiting,8
2010,17,Fraud,230
2010,17,Gambling Violations,9
2010,17,Homicide - Criminal,16
2010,17,Liquor Law Violations,3
2010,17,Motor Vehicle Theft,150
2010,17,Narcotic / Drug Law Violations,646
2010,17,Offenses Against Family and Children,4
2010,17,Other Assaults,822
2010,17,Other Sex Offenses (Not Commercialized),34
2010,17,Prostitution and Commercialized Vice,2
2010,17,Public Drunkenness,4
2010,17,Rape,33
2010,17,Receiving Stolen Property,4
2010,17,Robbery Firearm,85
2010,17,Robbery No Firearm,144
2010,17,Theft from Vehicle,429
2010,17,Thefts,528
2010,17,Vagrancy/Loitering,144
2010,17,Vandalism/Criminal Mischief,574
2010,17,Weapon Violations,65
2010,18,Aggravated Assault Firearm,138
2010,18,Aggravated Assault No Firearm,325
2010,18,All Other Offenses,2238
2010,18,Arson,11
2010,18,Burglary Non-Residential,81
2010,18,Burglary Residential,386
2010,18,DRIVING UNDER THE INFLUENCE,359
2010,18,Disorderly Conduct,226
2010,18,Embezzlement,10
2010,18,Forgery and Counterfeiting,36
2010,18,Fraud,439
2010,18,Gambling Violations,2
2010,18,Homicide - Criminal,14
2010,18,Motor Vehicle Theft,236
2010,18,Narcotic / Drug Law Violations,774
2010,18,Offenses Against Family and Children,4
2010,18,Other Assaults,988
2010,18,Other Sex Offenses (Not Commercialized),64
2010,18,Prostitution and Commercialized Vice,3
2010,18,Public Drunkenness,8
2010,18,Rape,48
2010,18,Receiving Stolen Property,3
2010,18,Robbery Firearm,188
2010,18,Robbery No Firearm,282
2010,18,Theft from Vehicle,581
2010,18,Thefts,1456
2010,18,Vagrancy/Loitering,26
2010,18,Vandalism/Criminal Mischief,652
2010,18,Weapon Violations,91
2010,19,Aggravated Assault Firearm,189
2010,19,Aggravated Assault No Firearm,430
2010,19,All Other Offenses,2824
2010,19,Arson,32
2010,19,Burglary Non-Residential,97
2010,19,Burglary Residential,548
2010,19,DRIVING UNDER THE INFLUENCE,326
2010,19,Disorderly Conduct,179
2010,19,Embezzlement,20
2010,19,Forgery and Counterfeiting,48
2010,19,Fraud,478
2010,19,Gambling Violations,2
2010,19,Homicide - Criminal,15
2010,19,Liquor Law Violations,1
2010,19,Motor Vehicle Theft,266
2010,19,Narcotic / Drug Law Violations,1038
2010,19,Offenses Against Family and Children,16
2010,19,Other Assaults,1397
2010,19,Other Sex Offenses (Not Commercialized),77
2010,19,Prostitution and Commercialized Vice,19
2010,19,Public Drunkenness,9
2010,19,Rape,42
2010,19,Receiving Stolen Property,5
2010,19,Robbery Firearm,180
2010,19,Robbery No Firearm,186
2010,19,Theft from Vehicle,687
2010,19,Thefts,754
2010,19,Vagrancy/Loitering,5
2010,19,Vandalism/Criminal Mischief,839
2010,19,Weapon Violations,103
2010,22,Aggravated Assault Firearm,248
2010,22,Aggravated Assault No Firearm,492
2010,22,All Other Offenses,1922
2010,22,Arson,40
2010,22,Burglary Non-Residential,109
2010,22,Burglary Residential,697
2010,22,DRIVING UNDER THE INFLUENCE,388
2010,22,Disorderly Conduct,359
2010,22,Embezzlement,6
2010,22,Forgery and Counterfeiting,30
2010,22,Fraud,515
2010,22,Gambling Violations,17
2010,22,Homicide - Criminal,32
2010,22,Liquor Law Violations,59
2010,22,Motor Vehicle Theft,344
2010,22,Narcotic / Drug Law Violations,1327
2010,22,Offenses Against Family and Children,7
2010,22,Other Assaults,1782
2010,22,Other Sex Offenses (Not Commercialized),104
2010,22,Prostitution and Commercialized Vice,35
2010,22,Public Drunkenness,30
2010,22,Rape,72
2010,22,Receiving Stolen Property,7
2010,22,Robbery Firearm,328
2010,22,Robbery No Firearm,392
2010,22,Theft from Vehicle,893
2010,22,Thefts,1299
2010,22,Vagrancy/Loitering,85
2010,22,Vandalism/Criminal Mischief,1229
2010,22,Weapon Violations,172
2010,24,Aggravated Assault Firearm,159
2010,24,Aggravated Assault No Firearm,414
2010,24,All Other Offenses,2952
2010,24,Arson,33
2010,24,Burglary Non-Residential,165
2010,24,Burglary Residential,576
2010,24,DRIVING UNDER THE INFLUENCE,343
2010,24,Disorderly Conduct,347
2010,24,Embezzlement,21
2010,24,Forgery and Counterfeiting,17
2010,24,Fraud,379
2010,24,Homicide - Criminal,20
2010,24,Motor Vehicle Theft,576
2010,24,Narcotic / Drug Law Violations,1356
2010,24,Offenses Against Family and Children,4
2010,24,Other Assaults,1496
2010,24,Other Sex Offenses (Not Commercialized),92
2010,24,Prostitution and Commercialized Vice,420
2010,24,Public Drunkenness,14
2010,24,Rape,74
2010,24,Receiving Stolen Property,3
2010,24,Robbery Firearm,233
2010,24,Robbery No Firearm,339
2010,24,Theft from Vehicle,899
2010,24,Thefts,1352
2010,24,Vagrancy/Loitering,30
2010,24,Vandalism/Criminal Mischief,1016
2010,24,Weapon Violations,80
2010,25,Aggravated Assault Firearm,219
2010,25,Aggravated Assault No Firearm,437
2010,25,All Other Offenses,1580
2010,25,Arson,46
2010,25,Burglary Non-Residential,155
2010,25,Burglary Residential,383
2010,25,DRIVING UNDER THE INFLUENCE,393
2010,25,Disorderly Conduct,152
2010,25,Embezzlement,5
2010,25,Forgery and Counterfeiting,25
2010,25,Fraud,462
2010,25,Gambling Violations,6
2010,25,Homicide - Criminal,26
2010,25,Liquor Law Violations,3
2010,25,Motor Vehicle Theft,588
2010,25,Narcotic / Drug Law Violations,1636
2010,25,Offenses Against Family and Children,16
2010,25,Other Assaults,1853
2010,25,Other Sex Offenses (Not Commercialized),96
2010,25,Prostitution and Commercialized Vice,107
2010,25,Public Drunkenness,3
2010,25,Rape,77
2010,25,Receiving Stolen Property,3
2010,25,Robbery Firearm,285
2010,25,Robbery No Firearm,321
2010,25,Theft from Vehicle,720
2010,25,Thefts,945
2010,25,Vagrancy/Loitering,5
2010,25,Vandalism/Criminal Mischief,1049
2010,25,Weapon Violations,155
2010,26,Aggravated Assault Firearm,90
2010,26,Aggravated Assault No Firearm,224
2010,26,All Other Offenses,1029
2010,26,Arson,20
2010,26,Burglary Non-Residential,107
2010,26,Burglary Residential,301
2010,26,DRIVING UNDER THE INFLUENCE,288
2010,26,Disorderly Conduct,232
2010,26,Embezzlement,9
2010,26,Forgery and Counterfeiting,8
2010,26,Fraud,277
2010,26,Gambling Violations,3
2010,26,Homicide - Criminal,16
2010,26,Liquor Law Violations,3
2010,26,Motor Vehicle Theft,419
2010,26,Narcotic / Drug Law Violations,548
2010,26,Offenses Against Family and Children,4
2010,26,Other Assaults,796
2010,26,Other Sex Offenses (Not Commercialized),62
2010,26,Prostitution and Commercialized Vice,137
2010,26,Public Drunkenness,27
2010,26,Rape,43
2010,26,Receiving Stolen Property,2
2010,26,Robbery Firearm,126
2010,26,Robbery No Firearm,162
2010,26,Theft from Vehicle,1094
2010,26,Thefts,773
2010,26,Vagrancy/Loitering,1
2010,26,Vandalism/Criminal Mischief,728
2010,26,Weapon Violations,62
2010,35,Aggravated Assault Firearm,217
2010,35,Aggravated Assault No Firearm,446
2010,35,All Other Offenses,1945
2010,35,Arson,28
2010,35,Burglary Non-Residential,85
2010,35,Burglary Residential,569
2010,35,DRIVING UNDER THE INFLUENCE,302
2010,35,Disorderly Conduct,150
2010,35,Embezzlement,11
2010,35,Forgery and Counterfeiting,34
2010,35,Fraud,593
2010,35,Gambling Violations,1
2010,35,Homicide - Criminal,21
2010,35,Liquor Law Violations,8
2010,35,Motor Vehicle Theft,519
2010,35,Narcotic / Drug Law Violations,927
2010,35,Offenses Against Family and Children,20
2010,35,Other Assaults,1625
2010,35,Other Sex Offenses (Not Commercialized),101
2010,35,Prostitution and Commercialized Vice,8
2010,35,Public Drunkenness,3
2010,35,Rape,73
2010,35,Receiving Stolen Property,3
2010,35,Robbery Firearm,314
2010,35,Robbery No Firearm,347
2010,35,Theft from Vehicle,656
2010,35,Thefts,919
2010,35,Vagrancy/Loitering,9
2010,35,Vandalism/Criminal Mischief,1081
2010,35,Weapon Violations,137
2010,39,Aggravated Assault Firearm,154
2010,39,Aggravated Assault No Firearm,293
2010,39,All Other Offenses,826
2010,39,Arson,36
2010,39,Burglary Non-Residential,120
2010,39,Burglary Residential,403
2010,39,DRIVING UNDER THE INFLUENCE,246
2010,39,Disorderly Conduct,136
2010,39,Embezzlement,11
2010,39,Forgery and Counterfeiting,21
2010,39,Fraud,504
2010,39,Gambling Violations,12
2010,39,Homicide - Criminal,25
2010,39,Liquor Law Violations,8
2010,39,Motor Vehicle Theft,291
2010,39,Narcotic / Drug Law Violations,674
2010,39,Offenses Against Family and Children,8
2010,39,Other Assaults,1084
2010,39,Other Sex Offenses (Not Commercialized),73
2010,39,Prostitution and Commercialized Vice,1
2010,39,Public Drunkenness,5
2010,39,Rape,44
2010,39,Receiving Stolen Property,7
2010,39,Robbery Firearm,188
2010,39,Robbery No Firearm,213
2010,39,Theft from Vehicle,821
2010,39,Thefts,706
2010,39,Vagrancy/Loitering,9
2010,39,Vandalism/Criminal Mischief,800
2010,39,Weapon Violations,101
2010,77,Disorderly Conduct,1
2010,77,Fraud,23
2010,77,Narcotic / Drug Law Violations,1
2010,77,Other Assaults,3
2010,77,Other Sex Offenses (Not Commercialized),2
2010,77,Theft from Vehicle,8
2010,77,Thefts,55
2011,1,Aggravated Assault Firearm,50
2011,1,Aggravated Assault No Firearm,127
2011,1,All Other Offenses,844
2011,1,Arson,6
2011,1,Burglary Non-Residential,36
2011,1,Burglary Residential,217
2011,1,DRIVING UNDER THE INFLUENCE,131
2011,1,Disorderly Conduct,76
2011,1,Embezzlement,10
2011,1,Forgery and Counterfeiting,11
2011,1,Fraud,187
2011,1,Homicide - Criminal,6
2011,1,Liquor Law Violations,24
2011,1,Motor Vehicle Theft,131
2011,1,Narcotic / Drug Law Violations,232
2011,1,Offenses Against Family and Children,1
2011,1,Other Assaults,555
2011,1,Other Sex Offenses (Not Commercialized),22
2011,1,Public Drunkenness,8
2011,1,Rape,6
2011,1,Receiving Stolen Property,4
2011,1,Robbery Firearm,46
2011,1,Robbery No Firearm,95
2011,1,Theft from Vehicle,334
2011,1,Thefts,573
2011,1,Vagrancy/Loitering,7
2011,1,Vandalism/Criminal Mischief,491
2011,1,Weapon Violations,29
2011,2,Aggravated Assault Firearm,84
2011,2,Aggravated Assault No Firearm,307
2011,2,All Other Offenses,2092
2011,2,Arson,25
2011,2,Burglary Non-Residential,113
2011,2,Burglary Residential,787
2011,2,DRIVING UNDER THE INFLUENCE,176
2011,2,Disorderly Conduct,125
2011,2,Embezzlement,28
2011,2,Forgery and Counterfeiting,21
2011,2,Fraud,552
2011,2,Gambling Violations,1
2011,2,Homicide - Criminal,5
2011,2,Liquor Law Violations,45
2011,2,Motor Vehicle Theft,496
2011,2,Narcotic / Drug Law Violations,355
2011,2,Offenses Against Family and Children,18
2011,2,Other Assaults,1514
2011,2,Other Sex Offenses (Not Commercialized),63
2011,2,Prostitution and Commercialized Vice,1
2011,2,Public Drunkenness,2
2011,2,Rape,37
2011,2,Receiving Stolen Property,4
2011,2,Robbery Firearm,244
2011,2,Robbery No Firearm,239
2011,2,Theft from Vehicle,838
2011,2,Thefts,1510
2011,2,Vagrancy/Loitering,18
2011,2,Vandalism/Criminal Mischief,1058
2011,2,Weapon Violations,49
2011,3,Aggravated Assault Firearm,63
2011,3,Aggravated Assault No Firearm,274
2011,3,All Other Offenses,1737
2011,3,Arson,18
2011,3,Burglary Non-Residential,116
2011,3,Burglary Residential,299
2011,3,DRIVING UNDER THE INFLUENCE,250
2011,3,Disorderly Conduct,238
2011,3,Embezzlement,38
2011,3,Forgery and Counterfeiting,41
2011,3,Fraud,458
2011,3,Gambling Violations,1
2011,3,Homicide - Criminal,7
2011,3,Liquor Law Violations,153
2011,3,Motor Vehicle Theft,422
2011,3,Narcotic / Drug Law Violations,487
2011,3,Offenses Against Family and Children,3
2011,3,Other Assaults,1157
2011,3,Other Sex Offenses (Not Commercialized),62
2011,3,Prostitution and Commercialized Vice,31
2011,3,Public Drunkenness,32
2011,3,Rape,32
2011,3,Receiving Stolen Property,6
2011,3,Robbery Firearm,124
2011,3,Robbery No Firearm,258
2011,3,Theft from Vehicle,1124
2011,3,Thefts,1686
2011,3,Vagrancy/Loitering,37
2011,3,Vandalism/Criminal Mischief,1026
2011,3,Weapon Violations,57
2011,5,Aggravated Assault Firearm,9
2011,5,Aggravated Assault No Firearm,63
2011,5,All Other Offenses,220
2011,5,Arson,4
2011,5,Burglary Non-Residential,38
2011,5,Burglary Residential,131
2011,5,DRIVING UNDER THE INFLUENCE,36
2011,5,Disorderly Conduct,40
2011,5,Embezzlement,15
2011,5,Forgery and Counterfeiting,7
2011,5,Fraud,181
2011,5,Homicide - Criminal,2
2011,5,Liquor Law Violations,9
2011,5,Motor Vehicle Theft,96
2011,5,Narcotic / Drug Law Violations,19
2011,5,Other Assaults,447
2011,5,Other Sex Offenses (Not Commercialized),10
2011,5,Public Drunkenness,31
2011,5,Rape,9
2011,5,Robbery Firearm,19
2011,5,Robbery No Firearm,37
2011,5,Theft from Vehicle,337
2011,5,Thefts,398
2011,5,Vagrancy/Loitering,2
2011,5,Vandalism/Criminal Mischief,399
2011,5,Weapon Violations,14
2011,7,Aggravated Assault Firearm,10
2011,7,Aggravated Assault No Firearm,98
2011,7,All Other Offenses,481
2011,7,Arson,6
2011,7,Burglary Non-Residential,96
2011,7,Burglary Residential,350
2011,7,DRIVING UNDER THE INFLUENCE,111
2011,7,Disorderly Conduct,9
2011,7,Embezzlement,16
2011,7,Forgery and Counterfeiting,7
2011,7,Fraud,454
2011,7,Homicide - Criminal,2
2011,7,Homicide - Justifiable,1
2011,7,Liquor Law Violations,2
2011,7,Motor Vehicle Theft,134
2011,7,Narcotic / Drug Law Violations,43
2011,7,Offenses Against Family and Children,6
2011,7,Other Assaults,609
2011,7,Other Sex Offenses (Not Commercialized),28
2011,7,Prostitution and Commercialized Vice,1
2011,7,Public Drunkenness,1
2011,7,Rape,12
2011,7,Robbery Firearm,28
2011,7,Robbery No Firearm,64
2011,7,Theft from Vehicle,575
2011,7,Thefts,478
2011,7,Vagrancy/Loitering,1
2011,7,Vandalism/Criminal Mischief,456
2011,7,Weapon Violations,17
2011,8,Aggravated Assault Firearm,24
2011,8,Aggravated Assault No Firearm,174
2011,8,All Other Offenses,627
2011,8,Arson,16
2011,8,Burglary Non-Residential,113
2011,8,Burglary Residential,408
2011,8,DRIVING UNDER THE INFLUENCE,106
2011,8,Disorderly Conduct,18
2011,8,Embezzlement,27
2011,8,Forgery and Counterfeiting,17
2011,8,Fraud,478
2011,8,Homicide - Criminal,2
2011,8,Liquor Law Violations,11
2011,8,Motor Vehicle Theft,213
2011,8,Narcotic / Drug Law Violations,90
2011,8,Offenses Against Family and Children,1
2011,8,Other Assaults,1092
2011,8,Other Sex Offenses (Not Commercialized),70
2011,8,Prostitution and Commercialized Vice,4
2011,8,Rape,19
2011,8,Robbery Firearm,51
2011,8,Robbery No Firearm,96
2011,8,Theft from Vehicle,823
2011,8,Thefts,1091
2011,8,Vagrancy/Loitering,1
2011,8,Vandalism/Criminal Mischief,693
2011,8,Weapon Violations,14
2011,9,Aggravated Assault Firearm,59
2011,9,Aggravated Assault No Firearm,262
2011,9,All Other Offenses,2137
2011,9,Arson,19
2011,9,Burglary Non-Residential,247
2011,9,Burglary Residential,324
2011,9,DRIVING UNDER THE INFLUENCE,206
2011,9,Disorderly Conduct,770
2011,9,Embezzlement,60
2011,9,Forgery and Counterfeiting,52
2011,9,Fraud,750
2011,9,Gambling Violations,6
2011,9,Homicide - Criminal,7
2011,9,Liquor Law Violations,23
2011,9,Motor Vehicle Theft,388
2011,9,Narcotic / Drug Law Violations,422
2011,9,Other Assaults,1418
2011,9,Other Sex Offenses (Not Commercialized),110
2011,9,Prostitution and Commercialized Vice,65
2011,9,Public Drunkenness,218
2011,9,Rape,31
2011,9,Receiving Stolen Property,3
2011,9,Robbery Firearm,150
2011,9,Robbery No Firearm,447
2011,9,Theft from Vehicle,2101
2011,9,Thefts,4251
2011,9,Vagrancy/Loitering,397
2011,9,Vandalism/Criminal Mischief,1042
2011,9,Weapon Violations,56
2011,12,Aggravated Assault Firearm,162
2011,12,Aggravated Assault No Firearm,404
2011,12,All Other Offenses,3402
2011,12,Arson,31
2011,12,Burglary Non-Residential,102
2011,12,Burglary Residential,827
2011,12,DRIVING UNDER THE INFLUENCE,471
2011,12,Disorderly Conduct,218
2011,12,Embezzlement,17
2011,12,Forgery and Counterfeiting,23
2011,12,Fraud,411
2011,12,Gambling Violations,3
2011,12,Homicide - Criminal,21
2011,12,Liquor Law Violations,7
2011,12,Motor Vehicle Theft,359
2011,12,Narcotic / Drug Law Violations,898
2011,12,Offenses Against Family and Children,6
2011,12,Other Assaults,1113
2011,12,Other Sex Offenses (Not Commercialized),85
2011,12,Prostitution and Commercialized Vice,87
2011,12,Public Drunkenness,15
2011,12,Rape,62
2011,12,Receiving Stolen Property,5
2011,12,Robbery Firearm,261
2011,12,Robbery No Firearm,235
2011,12,Theft from Vehicle,692
2011,12,Thefts,828
2011,12,Vagrancy/Loitering,29
2011,12,Vandalism/Criminal Mischief,1003
2011,12,Weapon Violations,90
2011,14,Aggravated Assault Firearm,152
2011,14,Aggravated Assault No Firearm,411
2011,14,All Other Offenses,1475
2011,14,Arson,33
2011,14,Burglary Non-Residential,96
2011,14,Burglary Residential,796
2011,14,DRIVING UNDER THE INFLUENCE,159
2011,14,Disorderly Conduct,78
2011,14,Embezzlement,13
2011,14,Forgery and Counterfeiting,40
2011,14,Fraud,802
2011,14,Homicide - Criminal,27
2011,14,Liquor Law Violations,1
2011,14,Motor Vehicle Theft,206
2011,14,Narcotic / Drug Law Violations,693
2011,14,Offenses Against Family and Children,3
2011,14,Other Assaults,1869
2011,14,Other Sex Offenses (Not Commercialized),91
2011,14,Prostitution and Commercialized Vice,29
2011,14,Public Drunkenness,32
2011,14,Rape,51
2011,14,Robbery Firearm,217
2011,14,Robbery No Firearm,254
2011,14,Theft from Vehicle,818
2011,14,Thefts,1017
2011,14,Vagrancy/Loitering,1
2011,14,Vandalism/Criminal Mischief,1078
2011,14,Weapon Violations,124
2011,15,Aggravated Assault Firearm,214
2011,15,Aggravated Assault No Firearm,672
2011,15,All Other Offenses,2144
2011,15,Arson,50
2011,15,Burglary Non-Residential,213
2011,15,Burglary Residential,968
2011,15,DRIVING UNDER THE INFLUENCE,250
2011,15,Disorderly Conduct,158
2011,15,Embezzlement,18
2011,15,Forgery and Counterfeiting,28
2011,15,Fraud,723
2011,15,Gambling Violations,1
2011,15,Homicide - Criminal,14
2011,15,Liquor Law Violations,50
2011,15,Motor Vehicle Theft,848
2011,15,Narcotic / Drug Law Violations,716
2011,15,Offenses Against Family and Children,10
2011,15,Other Assaults,2501
2011,15,Other Sex Offenses (Not Commercialized),153
2011,15,Prostitution and Commercialized Vice,122
2011,15,Public Drunkenness,6
2011,15,Rape,68
2011,15,Receiving Stolen Property,1
2011,15,Robbery Firearm,325
2011,15,Robbery No Firearm,417
2011,15,Theft from Vehicle,1468
2011,15,Thefts,1702
2011,15,Vagrancy/Loitering,1
2011,15,Vandalism/Criminal Mischief,1655
2011,15,Weapon Violations,116
2011,16,Aggravated Assault Firearm,86
2011,16,Aggravated Assault No Firearm,273
2011,16,All Other Offenses,1336
2011,16,Arson,18
2011,16,Burglary Non-Residential,48
2011,16,Burglary Residential,326
2011,16,DRIVING UNDER THE INFLUENCE,128
2011,16,Disorderly Conduct,86
2011,16,Embezzlement,7
2011,16,Forgery and Counterfeiting,18
2011,16,Fraud,235
2011,16,Gambling Violations,9
2011,16,Homicide - Criminal,26
2011,16,Homicide - Justifiable,1
2011,16,Liquor Law Violations,21
2011,16,Motor Vehicle Theft,131
2011,16,Narcotic / Drug Law Violations,443
2011,16,Offenses Against Family and Children,9
2011,16,Other Assaults,764
2011,16,Other Sex Offenses (Not Commercialized),54
2011,16,Prostitution and Commercialized Vice,110
2011,16,Public Drunkenness,5
2011,16,Rape,40
2011,16,Receiving Stolen Property,2
2011,16,Robbery Firearm,94
2011,16,Robbery No Firearm,128
2011,16,Theft from Vehicle,421
2011,16,Thefts,648
2011,16,Vagrancy/Loitering,16
2011,16,Vandalism/Criminal Mischief,480
2011,16,Weapon Violations,49
2011,17,Aggravated Assault Firearm,95
2011,17,Aggravated Assault No Firearm,206
2011,17,All Other Offenses,1542
2011,17,Arson,24
2011,17,Burglary Non-Residential,34
2011,17,Burglary Residential,418
2011,17,DRIVING UNDER THE INFLUENCE,186
2011,17,Disorderly Conduct,79
2011,17,Embezzlement,12
2011,17,Forgery and Counterfeiting,10
2011,17,Fraud,277
2011,17,Gambling Violations,2
2011,17,Homicide - Criminal,19
2011,17,Liquor Law Violations,2
2011,17,Motor Vehicle Theft,189
2011,17,Narcotic / Drug Law Violations,528
2011,17,Offenses Against Family and Children,2
2011,17,Other Assaults,751
2011,17,Other Sex Offenses (Not Commercialized),44
2011,17,Prostitution and Commercialized Vice,1
2011,17,Public Drunkenness,3
2011,17,Rape,17
2011,17,Receiving Stolen Property,4
2011,17,Robbery Firearm,83
2011,17,Robbery No Firearm,143
2011,17,Theft from Vehicle,472
2011,17,Thefts,551
2011,17,Vagrancy/Loitering,72
2011,17,Vandalism/Criminal Mischief,607
2011,17,Weapon Violations,58
2011,18,Aggravated Assault Firearm,97
2011,18,Aggravated Assault No Firearm,310
2011,18,All Other Offenses,1871
2011,18,Arson,12
2011,18,Burglary Non-Residential,74
2011,18,Burglary Residential,402
2011,18,DRIVING UNDER THE INFLUENCE,292
2011,18,Disorderly Conduct,131
2011,18,Embezzlement,4
2011,18,Forgery and Counterfeiting,30
2011,18,Fraud,437
2011,18,Gambling Violations,1
2011,18,Homicide - Criminal,8
2011,18,Liquor Law Violations,4
2011,18,Motor Vehicle Theft,200
2011,18,Narcotic / Drug Law Violations,697
2011,18,Offenses Against Family and Children,6
2011,18,Other Assaults,1099
2011,18,Other Sex Offenses (Not Commercialized),70
2011,18,Prostitution and Commercialized Vice,1
2011,18,Public Drunkenness,9
2011,18,Rape,41
2011,18,Receiving Stolen Property,7
2011,18,Robbery Firearm,242
2011,18,Robbery No Firearm,251
2011,18,Theft from Vehicle,498
2011,18,Thefts,1454
2011,18,Vagrancy/Loitering,11
2011,18,Vandalism/Criminal Mischief,588
2011,18,Weapon Violations,85
2011,19,Aggravated Assault Firearm,182
2011,19,Aggravated Assault No Firearm,430
2011,19,All Other Offenses,2972
2011,19,Arson,26
2011,19,Burglary Non-Residential,60
2011,19,Burglary Residential,473
2011,19,DRIVING UNDER THE INFLUENCE,305
2011,19,Disorderly Conduct,142
2011,19,Embezzlement,18
2011,19,Forgery and Counterfeiting,18
2011,19,Fraud,495
2011,19,Gambling Violations,3
2011,19,Homicide - Criminal,20
2011,19,Liquor Law Violations,26
2011,19,Motor Vehicle Theft,258
2011,19,Narcotic / Drug Law Violations,788
2011,19,Offenses Against Family and Children,12
2011,19,Other Assaults,1419
2011,19,Other Sex Offenses (Not Commercialized),73
2011,19,Prostitution and Commercialized Vice,29
2011,19,Public Drunkenness,18
2011,19,Rape,47
2011,19,Receiving Stolen Property,5
2011,19,Robbery Firearm,204
2011,19,Robbery No Firearm,199
2011,19,Theft from Vehicle,540
2011,19,Thefts,829
2011,19,Vagrancy/Loitering,4
2011,19,Vandalism/Criminal Mischief,860
2011,19,Weapon Violations,96
2011,22,Aggravated Assault Firearm,231
2011,22,Aggravated Assault No Firearm,515
2011,22,All Other Offenses,1499
2011,22,Arson,22
2011,22,Burglary Non-Residential,104
2011,22,Burglary Residential,745
2011,22,DRIVING UNDER THE INFLUENCE,331
2011,22,Disorderly Conduct,276
2011,22,Embezzlement,6
2011,22,Forgery and Counterfeiting,22
2011,22,Fraud,480
2011,22,Gambling Violations,10
2011,22,Homicide - Criminal,41
2011,22,Homicide - Justifiable,1
2011,22,Liquor Law Violations,72
2011,22,Motor Vehicle Theft,293
2011,22,Narcotic / Drug Law Violations,1194
2011,22,Offenses Against Family and Children,6
2011,22,Other Assaults,1758
2011,22,Other Sex Offenses (Not Commercialized),105
2011,22,Prostitution and Commercialized Vice,23
2011,22,Public Drunkenness,62
2011,22,Rape,60
2011,22,Receiving Stolen Property,5
2011,22,Robbery Firearm,267
2011,22,Robbery No Firearm,343
2011,22,Theft from Vehicle,930
2011,22,Thefts,1390
2011,22,Vagrancy/Loitering,25
2011,22,Vandalism/Criminal Mischief,1214
2011,22,Weapon Violations,174
2011,24,Aggravated Assault Firearm,207
2011,24,Aggravated Assault No Firearm,380
2011,24,All Other Offenses,2424
2011,24,Arson,56
2011,24,Burglary Non-Residential,167
2011,24,Burglary Residential,556
2011,24,DRIVING UNDER THE INFLUENCE,406
2011,24,Disorderly Conduct,282
2011,24,Embezzlement,20
2011,24,Forgery and Counterfeiting,17
2011,24,Fraud,345
2011,24,Homicide - Criminal,12
2011,24,Liquor Law Violations,11
2011,24,Motor Vehicle Theft,564
2011,24,Narcotic / Drug Law Violations,1552
2011,24,Offenses Against Family and Children,8
2011,24,Other Assaults,1515
2011,24,Other Sex Offenses (Not Commercialized),97
2011,24,Prostitution and Commercialized Vice,350
2011,24,Public Drunkenness,7
2011,24,Rape,82
2011,24,Receiving Stolen Property,7
2011,24,Robbery Firearm,187
2011,24,Robbery No Firearm,310
2011,24,Theft from Vehicle,836
2011,24,Thefts,1392
2011,24,Vagrancy/Loitering,8
2011,24,Vandalism/Criminal Mischief,900
2011,24,Weapon Violations,84
2011,25,Aggravated Assault Firearm,210
2011,25,Aggravated Assault No Firearm,397
2011,25,All Other Offenses,1478
2011,25,Arson,49
2011,25,Burglary Non-Residential,160
2011,25,Burglary Residential,403
2011,25,DRIVING UNDER THE INFLUENCE,396
2011,25,Disorderly Conduct,135
2011,25,Embezzlement,4
2011,25,Forgery and Counterfeiting,25
2011,25,Fraud,432
2011,25,Gambling Violations,3
2011,25,Homicide - Criminal,30
2011,25,Homicide - Justifiable,2
2011,25,Liquor Law Violations,4
2011,25,Motor Vehicle Theft,592
2011,25,Narcotic / Drug Law Violations,1743
2011,25,Offenses Against Family and Children,12
2011,25,Other Assaults,1847
2011,25,Other Sex Offenses (Not Commercialized),115
2011,25,Prostitution and Commercialized Vice,120
2011,25,Public Drunkenness,5
2011,25,Rape,65
2011,25,Receiving Stolen Property,6
2011,25,Robbery Firearm,289
2011,25,Robbery No Firearm,273
2011,25,Theft from Vehicle,679
2011,25,Thefts,909
2011,25,Vagrancy/Loitering,1
2011,25,Vandalism/Criminal Mischief,907
2011,25,Weapon Violations,188
2011,26,Aggravated Assault Firearm,101
2011,26,Aggravated Assault No Firearm,225
2011,26,All Other Offenses,1046
2011,26,Arson,25
2011,26,Burglary Non-Residential,99
2011,26,Burglary Residential,429
2011,26,DRIVING UNDER THE INFLUENCE,303
2011,26,Disorderly Conduct,143
2011,26,Embezzlement,8
2011,26,Forgery and Counterfeiting,11
2011,26,Fraud,271
2011,26,Homicide - Criminal,14
2011,26,Liquor Law Violations,6
2011,26,Motor Vehicle Theft,456
2011,26,Narcotic / Drug Law Violations,531
2011,26,Offenses Against Family and Children,5
2011,26,Other Assaults,986
2011,26,Other Sex Offenses (Not Commercialized),66
2011,26,Prostitution and Commercialized Vice,87
2011,26,Public Drunkenness,20
2011,26,Rape,30
2011,26,Receiving Stolen Property,1
2011,26,Robbery Firearm,126
2011,26,Robbery No Firearm,178
2011,26,Theft from Vehicle,1112
2011,26,Thefts,744
2011,26,Vagrancy/Loitering,3
2011,26,Vandalism/Criminal Mischief,728
2011,26,Weapon Violations,65
2011,35,Aggravated Assault Firearm,171
2011,35,Aggravated Assault No Firearm,448
2011,35,All Other Offenses,1613
2011,35,Arson,61
2011,35,Burglary Non-Residential,79
2011,35,Burglary Residential,547
2011,35,DRIVING UNDER THE INFLUENCE,249
2011,35,Disorderly Conduct,109
2011,35,Embezzlement,8
2011,35,Forgery and Counterfeiting,31
2011,35,Fraud,581
2011,35,Gambling Violations,10
2011,35,Homicide - Criminal,20
2011,35,Liquor Law Violations,5
2011,35,Motor Vehicle Theft,517
2011,35,Narcotic / Drug Law Violations,744
2011,35,Offenses Against Family and Children,12
2011,35,Other Assaults,1820
2011,35,Other Sex Offenses (Not Commercialized),104
2011,35,Prostitution and Commercialized Vice,11
2011,35,Public Drunkenness,7
2011,35,Rape,67
2011,35,Receiving Stolen Property,8
2011,35,Robbery Firearm,372
2011,35,Robbery No Firearm,350
2011,35,Theft from Vehicle,738
2011,35,Thefts,829
2011,35,Vandalism/Criminal Mischief,974
2011,35,Weapon Violations,160
2011,39,Aggravated Assault Firearm,159
2011,39,Aggravated Assault No Firearm,341
2011,39,All Other Offenses,895
2011,39,Arson,24
2011,39,Burglary Non-Residential,105
2011,39,Burglary Residential,485
2011,39,DRIVING UNDER THE INFLUENCE,313
2011,39,Disorderly Conduct,75
2011,39,Embezzlement,10
2011,39,Forgery and Counterfeiting,26
2011,39,Fraud,459
2011,39,Gambling Violations,3
2011,39,Homicide - Criminal,24
2011,39,Liquor Law Violations,9
2011,39,Motor Vehicle Theft,277
2011,39,Narcotic / Drug Law Violations,579
2011,39,Offenses Against Family and Children,8
2011,39,Other Assaults,1279
2011,39,Other Sex Offenses (Not Commercialized),69
2011,39,Prostitution and Commercialized Vice,3
2011,39,Public Drunkenness,8
2011,39,Rape,43
2011,39,Receiving Stolen Property,5
2011,39,Robbery Firearm,174
2011,39,Robbery No Firearm,191
2011,39,Theft from Vehicle,566
2011,39,Thefts,754
2011,39,Vagrancy/Loitering,1
2011,39,Vandalism/Criminal Mischief,843
2011,39,Weapon Violations,100
2011,77,All Other Offenses,1
2011,77,Disorderly Conduct,2
2011,77,Embezzlement,3
2011,77,Fraud,25
2011,77,Motor Vehicle Theft,2
2011,77,Narcotic / Drug Law Violations,1
2011,77,Other Assaults,1
2011,77,Theft from Vehicle,8
2011,77,Thefts,57
2011,77,Vandalism/Criminal Mischief,4
2012,1,Aggravated Assault Firearm,56
2012,1,Aggravated Assault No Firearm,126
2012,1,All Other Offenses,968
2012,1,Arson,11
2012,1,Burglary Non-Residential,57
2012,1,Burglary Residential,217
2012,1,DRIVING UNDER THE INFLUENCE,88
2012,1,Disorderly Conduct,80
2012,1,Embezzlement,19
2012,1,Forgery and Counterfeiting,8
2012,1,Fraud,213
2012,1,Gambling Violations,1
2012,1,Homicide - Criminal,11
2012,1,Liquor Law Violations,12
2012,1,Motor Vehicle Theft,52
2012,1,Narcotic / Drug Law Violations,192
2012,1,Offenses Against Family and Children,2
2012,1,Other Assaults,512
2012,1,Other Sex Offenses (Not Commercialized),30
2012,1,Public Drunkenness,6
2012,1,Rape,10
2012,1,Robbery Firearm,47
2012,1,Robbery No Firearm,83
2012,1,Theft from Vehicle,253
2012,1,Thefts,607
2012,1,Vagrancy/Loitering,3
2012,1,Vandalism/Criminal Mischief,464
2012,1,Weapon Violations,30
2012,2,Aggravated Assault Firearm,103
2012,2,Aggravated Assault No Firearm,232
2012,2,All Other Offenses,2979
2012,2,Arson,17
2012,2,Burglary Non-Residential,156
2012,2,Burglary Residential,692
2012,2,DRIVING UNDER THE INFLUENCE,152
2012,2,Disorderly Conduct,204
2012,2,Embezzlement,23
2012,2,Forgery and Counterfeiting,11
2012,2,Fraud,567
2012,2,Gambling Violations,1
2012,2,Homicide - Criminal,8
2012,2,Liquor Law Violations,26
2012,2,Motor Vehicle Theft,209
2012,2,Narcotic / Drug Law Violations,238
2012,2,Offenses Against Family and Children,7
2012,2,Other Assaults,1367
2012,2,Other Sex Offenses (Not Commercialized),93
2012,2,Public Drunkenness,4
2012,2,Rape,33
2012,2,Receiving Stolen Property,4
2012,2,Robbery Firearm,212
2012,2,Robbery No Firearm,238
2012,2,Theft from Vehicle,715
2012,2,Thefts,1498
2012,2,Vandalism/Criminal Mischief,913
2012,2,Weapon Violations,49
2012,3,Aggravated Assault Firearm,40
2012,3,Aggravated Assault No Firearm,297
2012,3,All Other Offenses,1562
2012,3,Arson,17
2012,3,Burglary Non-Residential,83
2012,3,Burglary Residential,449
2012,3,DRIVING UNDER THE INFLUENCE,317
2012,3,Disorderly Conduct,254
2012,3,Embezzlement,41
2012,3,Forgery and Counterfeiting,20
2012,3,Fraud,471
2012,3,Gambling Violations,2
2012,3,Homicide - Criminal,15
2012,3,Liquor Law Violations,84
2012,3,Motor Vehicle Theft,145
2012,3,Narcotic / Drug Law Violations,391
2012,3,Offenses Against Family and Children,7
2012,3,Other Assaults,1209
2012,3,Other Sex Offenses (Not Commercialized),73
2012,3,Prostitution and Commercialized Vice,47
2012,3,Public Drunkenness,20
2012,3,Rape,22
2012,3,Robbery Firearm,138
2012,3,Robbery No Firearm,301
2012,3,Theft from Vehicle,938
2012,3,Thefts,1631
2012,3,Vagrancy/Loitering,6
2012,3,Vandalism/Criminal Mischief,962
2012,3,Weapon Violations,29
2012,5,Aggravated Assault Firearm,8
2012,5,Aggravated Assault No Firearm,57
2012,5,All Other Offenses,272
2012,5,Arson,7
2012,5,Burglary Non-Residential,34
2012,5,Burglary Residential,188
2012,5,DRIVING UNDER THE INFLUENCE,34
2012,5,Disorderly Conduct,38
2012,5,Embezzlement,8
2012,5,Forgery and Counterfeiting,6
2012,5,Fraud,176
2012,5,Homicide - Criminal,1
2012,5,Liquor Law Violations,9
2012,5,Motor Vehicle Theft,47
2012,5,Narcotic / Drug Law Violations,31
2012,5,Offenses Against Family and Children,1
2012,5,Other Assaults,448
2012,5,Other Sex Offenses (Not Commercialized),27
2012,5,Public Drunkenness,37
2012,5,Rape,5
2012,5,Receiving Stolen Property,2
2012,5,Robbery Firearm,19
2012,5,Robbery No Firearm,28
2012,5,Theft from Vehicle,398
2012,5,Thefts,417
2012,5,Vagrancy/Loitering,1
2012,5,Vandalism/Criminal Mischief,380
2012,5,Weapon Violations,9
2012,7,Aggravated Assault Firearm,18
2012,7,Aggravated Assault No Firearm,93
2012,7,All Other Offenses,411
2012,7,Arson,20
2012,7,Burglary Non-Residential,120
2012,7,Burglary Residential,326
2012,7,DRIVING UNDER THE INFLUENCE,75
2012,7,Disorderly Conduct,16
2012,7,Embezzlement,22
2012,7,Forgery and Counterfeiting,8
2012,7,Fraud,409
2012,7,Liquor Law Violations,2
2012,7,Motor Vehicle Theft,59
2012,7,Narcotic / Drug Law Violations,35
2012,7,Offenses Against Family and Children,5
2012,7,Other Assaults,522
2012,7,Other Sex Offenses (Not Commercialized),46
2012,7,Prostitution and Commercialized Vice,1
2012,7,Rape,14
2012,7,Robbery Firearm,47
2012,7,Robbery No Firearm,68
2012,7,Theft from Vehicle,479
2012,7,Thefts,509
2012,7,Vagrancy/Loitering,2
2012,7,Vandalism/Criminal Mischief,456
2012,7,Weapon Violations,12
2012,8,Aggravated Assault Firearm,31
2012,8,Aggravated Assault No Firearm,155
2012,8,All Other Offenses,785
2012,8,Arson,18
2012,8,Burglary Non-Residential,228
2012,8,Burglary Residential,309
2012,8,DRIVING UNDER THE INFLUENCE,72
2012,8,Disorderly Conduct,25
2012,8,Embezzlement,29
2012,8,Forgery and Counterfeiting,12
2012,8,Fraud,444
2012,8,Homicide - Criminal,5
2012,8,Homicide - Justifiable,1
2012,8,Liquor Law Violations,22
2012,8,Motor Vehicle Theft,102
2012,8,Narcotic / Drug Law Violations,115
2012,8,Offenses Against Family and Children,3
2012,8,Other Assaults,1163
2012,8,Other Sex Offenses (Not Commercialized),44
2012,8,Prostitution and Commercialized Vice,12
2012,8,Public Drunkenness,2
2012,8,Rape,19
2012,8,Robbery Firearm,74
2012,8,Robbery No Firearm,103
2012,8,Theft from Vehicle,630
2012,8,Thefts,1137
2012,8,Vandalism/Criminal Mischief,680
2012,8,Weapon Violations,8
2012,9,Aggravated Assault Firearm,76
2012,9,Aggravated Assault No Firearm,249
2012,9,All Other Offenses,2260
2012,9,Arson,20
2012,9,Burglary Non-Residential,164
2012,9,Burglary Residential,419
2012,9,DRIVING UNDER THE INFLUENCE,169
2012,9,Disorderly Conduct,1033
2012,9,Embezzlement,54
2012,9,Forgery and Counterfeiting,38
2012,9,Fraud,738
2012,9,Gambling Violations,6
2012,9,Homicide - Criminal,9
2012,9,Liquor Law Violations,23
2012,9,Motor Vehicle Theft,171
2012,9,Narcotic / Drug Law Violations,379
2012,9,Offenses Against Family and Children,6
2012,9,Other Assaults,1291
2012,9,Other Sex Offenses (Not Commercialized),126
2012,9,Prostitution and Commercialized Vice,45
2012,9,Public Drunkenness,136
2012,9,Rape,36
2012,9,Receiving Stolen Property,6
2012,9,Robbery Firearm,144
2012,9,Robbery No Firearm,422
2012,9,Theft from Vehicle,1462
2012,9,Thefts,4380
2012,9,Vagrancy/Loitering,335
2012,9,Vandalism/Criminal Mischief,964
2012,9,Weapon Violations,48
2012,12,Aggravated Assault Firearm,176
2012,12,Aggravated Assault No Firearm,372
2012,12,All Other Offenses,3602
2012,12,Arson,28
2012,12,Burglary Non-Residential,77
2012,12,Burglary Residential,628
2012,12,DRIVING UNDER THE INFLUENCE,428
2012,12,Disorderly Conduct,161
2012,12,Embezzlement,15
2012,12,Forgery and Counterfeiting,8
2012,12,Fraud,442
2012,12,Homicide - Criminal,26
2012,12,Liquor Law Violations,2
2012,12,Motor Vehicle Theft,211
2012,12,Narcotic / Drug Law Violations,622
2012,12,Offenses Against Family and Children,12
2012,12,Other Assaults,1135
2012,12,Other Sex Offenses (Not Commercialized),92
2012,12,Prostitution and Commercialized Vice,94
2012,12,Public Drunkenness,3
2012,12,Rape,54
2012,12,Receiving Stolen Property,3
2012,12,Robbery Firearm,234
2012,12,Robbery No Firearm,192
2012,12,Theft from Vehicle,675
2012,12,Thefts,792
2012,12,Vagrancy/Loitering,25
2012,12,Vandalism/Criminal Mischief,931
2012,12,Weapon Violations,118
2012,14,Aggravated Assault Firearm,132
2012,14,Aggravated Assault No Firearm,379
2012,14,All Other Offenses,1439
2012,14,Arson,42
2012,14,Burglary Non-Residential,102
2012,14,Burglary Residential,867
2012,14,DRIVING UNDER THE INFLUENCE,186
2012,14,Disorderly Conduct,106
2012,14,Embezzlement,4
2012,14,Forgery and Counterfeiting,17
2012,14,Fraud,759
2012,14,Gambling Violations,7
2012,14,Homicide - Criminal,19
2012,14,Liquor Law Violations,4
2012,14,Motor Vehicle Theft,122
2012,14,Narcotic / Drug Law Violations,697
2012,14,Offenses Against Family and Children,6
2012,14,Other Assaults,1711
2012,14,Other Sex Offenses (Not Commercialized),91
2012,14,Prostitution and Commercialized Vice,19
2012,14,Public Drunkenness,5
2012,14,Rape,54
2012,14,Receiving Stolen Property,2
2012,14,Robbery Firearm,187
2012,14,Robbery No Firearm,229
2012,14,Theft from Vehicle,772
2012,14,Thefts,1024
2012,14,Vagrancy/Loitering,1
2012,14,Vandalism/Criminal Mischief,1114
2012,14,Weapon Violations,110
2012,15,Aggravated Assault Firearm,171
2012,15,Aggravated Assault No Firearm,618
2012,15,All Other Offenses,2768
2012,15,Arson,75
2012,15,Burglary Non-Residential,215
2012,15,Burglary Residential,828
2012,15,DRIVING UNDER THE INFLUENCE,265
2012,15,Disorderly Conduct,199
2012,15,Embezzlement,15
2012,15,Forgery and Counterfeiting,11
2012,15,Fraud,687
2012,15,Gambling Violations,3
2012,15,Homicide - Criminal,22
2012,15,Homicide - Justifiable,1
2012,15,Liquor Law Violations,288
2012,15,Motor Vehicle Theft,357
2012,15,Narcotic / Drug Law Violations,603
2012,15,Offenses Against Family and Children,21
2012,15,Other Assaults,2470
2012,15,Other Sex Offenses (Not Commercialized),142
2012,15,Prostitution and Commercialized Vice,164
2012,15,Public Drunkenness,5
2012,15,Rape,70
2012,15,Receiving Stolen Property,5
2012,15,Robbery Firearm,329
2012,15,Robbery No Firearm,436
2012,15,Theft from Vehicle,1212
2012,15,Thefts,1724
2012,15,Vagrancy/Loitering,1
2012,15,Vandalism/Criminal Mischief,1687
2012,15,Weapon Violations,127
2012,16,Aggravated Assault Firearm,88
2012,16,Aggravated Assault No Firearm,230
2012,16,All Other Offenses,2128
2012,16,Arson,16
2012,16,Burglary Non-Residential,41
2012,16,Burglary Residential,237
2012,16,DRIVING UNDER THE INFLUENCE,126
2012,16,Disorderly Conduct,131
2012,16,Embezzlement,4
2012,16,Forgery and Counterfeiting,7
2012,16,Fraud,246
2012,16,Gambling Violations,3
2012,16,Homicide - Criminal,12
2012,16,Liquor Law Violations,4
2012,16,Motor Vehicle Theft,74
2012,16,Narcotic / Drug Law Violations,364
2012,16,Offenses Against Family and Children,4
2012,16,Other Assaults,683
2012,16,Other Sex Offenses (Not Commercialized),51
2012,16,Prostitution and Commercialized Vice,133
2012,16,Public Drunkenness,7
2012,16,Rape,52
2012,16,Receiving Stolen Property,3
2012,16,Robbery Firearm,112
2012,16,Robbery No Firearm,137
2012,16,Theft from Vehicle,278
2012,16,Thefts,658
2012,16,Vagrancy/Loitering,15
2012,16,Vandalism/Criminal Mischief,479
2012,16,Weapon Violations,45
2012,17,Aggravated Assault Firearm,80
2012,17,Aggravated Assault No Firearm,194
2012,17,All Other Offenses,1856
2012,17,Arson,16
2012,17,Burglary Non-Residential,36
2012,17,Burglary Residential,488
2012,17,DRIVING UNDER THE INFLUENCE,151
2012,17,Disorderly Conduct,114
2012,17,Embezzlement,5
2012,17,Forgery and Counterfeiting,7
2012,17,Fraud,256
2012,17,Gambling Violations,3
2012,17,Homicide - Criminal,11
2012,17,Liquor Law Violations,3
2012,17,Motor Vehicle Theft,95
2012,17,Narcotic / Drug Law Violations,386
2012,17,Offenses Against Family and Children,6
2012,17,Other Assaults,678
2012,17,Other Sex Offenses (Not Commercialized),40
2012,17,Prostitution and Commercialized Vice,7
2012,17,Public Drunkenness,5
2012,17,Rape,22
2012,17,Receiving Stolen Property,7
2012,17,Robbery Firearm,74
2012,17,Robbery No Firearm,119
2012,17,Theft from Vehicle,359
2012,17,Thefts,621
2012,17,Vagrancy/Loitering,14
2012,17,Vandalism/Criminal Mischief,527
2012,17,Weapon Violations,44
2012,18,Aggravated Assault Firearm,134
2012,18,Aggravated Assault No Firearm,298
2012,18,All Other Offenses,1643
2012,18,Arson,18
2012,18,Burglary Non-Residential,57
2012,18,Burglary Residential,412
2012,18,DRIVING UNDER THE INFLUENCE,236
2012,18,Disorderly Conduct,151
2012,18,Embezzlement,4
2012,18,Forgery and Counterfeiting,15
2012,18,Fraud,401
2012,18,Homicide - Criminal,16
2012,18,Liquor Law Violations,5
2012,18,Motor Vehicle Theft,121
2012,18,Narcotic / Drug Law Violations,456
2012,18,Offenses Against Family and Children,8
2012,18,Other Assaults,964
2012,18,Other Sex Offenses (Not Commercialized),72
2012,18,Prostitution and Commercialized Vice,1
2012,18,Public Drunkenness,6
2012,18,Rape,50
2012,18,Receiving Stolen Property,8
2012,18,Robbery Firearm,208
2012,18,Robbery No Firearm,221
2012,18,Theft from Vehicle,472
2012,18,Thefts,1476
2012,18,Vagrancy/Loitering,2
2012,18,Vandalism/Criminal Mischief,614
2012,18,Weapon Violations,75
2012,19,Aggravated Assault Firearm,149
2012,19,Aggravated Assault No Firearm,419
2012,19,All Other Offenses,3600
2012,19,Arson,32
2012,19,Burglary Non-Residential,49
2012,19,Burglary Residential,495
2012,19,DRIVING UNDER THE INFLUENCE,287
2012,19,Disorderly Conduct,109
2012,19,Embezzlement,15
2012,19,Forgery and Counterfeiting,8
2012,19,Fraud,510
2012,19,Gambling Violations,3
2012,19,Homicide - Criminal,21
2012,19,Liquor Law Violations,4
2012,19,Motor Vehicle Theft,148
2012,19,Narcotic / Drug Law Violations,803
2012,19,Offenses Against Family and Children,7
2012,19,Other Assaults,1553
2012,19,Other Sex Offenses (Not Commercialized),99
2012,19,Prostitution and Commercialized Vice,29
2012,19,Public Drunkenness,19
2012,19,Rape,60
2012,19,Receiving Stolen Property,4
2012,19,Robbery Firearm,210
2012,19,Robbery No Firearm,194
2012,19,Theft from Vehicle,483
2012,19,Thefts,892
2012,19,Vagrancy/Loitering,2
2012,19,Vandalism/Criminal Mischief,864
2012,19,Weapon Violations,83
2012,22,Aggravated Assault Firearm,256
2012,22,Aggravated Assault No Firearm,538
2012,22,All Other Offenses,1527
2012,22,Arson,33
2012,22,Burglary Non-Residential,131
2012,22,Burglary Residential,729
2012,22,DRIVING UNDER THE INFLUENCE,292
2012,22,Disorderly Conduct,274
2012,22,Embezzlement,5
2012,22,Forgery and Counterfeiting,12
2012,22,Fraud,480
2012,22,Gambling Violations,11
2012,22,Homicide - Criminal,32
2012,22,Liquor Law Violations,56
2012,22,Motor Vehicle Theft,122
2012,22,Narcotic / Drug Law Violations,1120
2012,22,Offenses Against Family and Children,17
2012,22,Other Assaults,1825
2012,22,Other Sex Offenses (Not Commercialized),98
2012,22,Prostitution and Commercialized Vice,36
2012,22,Public Drunkenness,65
2012,22,Rape,84
2012,22,Receiving Stolen Property,1
2012,22,Robbery Firearm,241
2012,22,Robbery No Firearm,342
2012,22,Theft from Vehicle,866
2012,22,Thefts,1481
2012,22,Vagrancy/Loitering,13
2012,22,Vandalism/Criminal Mischief,1215
2012,22,Weapon Violations,140
2012,24,Aggravated Assault Firearm,154
2012,24,Aggravated Assault No Firearm,412
2012,24,All Other Offenses,4540
2012,24,Arson,51
2012,24,Burglary Non-Residential,210
2012,24,Burglary Residential,534
2012,24,DRIVING UNDER THE INFLUENCE,462
2012,24,Disorderly Conduct,451
2012,24,Embezzlement,27
2012,24,Forgery and Counterfeiting,12
2012,24,Fraud,346
2012,24,Gambling Violations,1
2012,24,Homicide - Criminal,24
2012,24,Liquor Law Violations,10
2012,24,Motor Vehicle Theft,264
2012,24,Narcotic / Drug Law Violations,2125
2012,24,Offenses Against Family and Children,20
2012,24,Other Assaults,1383
2012,24,Other Sex Offenses (Not Commercialized),101
2012,24,Prostitution and Commercialized Vice,383
2012,24,Public Drunkenness,14
2012,24,Rape,67
2012,24,Receiving Stolen Property,3
2012,24,Robbery Firearm,214
2012,24,Robbery No Firearm,373
2012,24,Theft from Vehicle,805
2012,24,Thefts,1538
2012,24,Vandalism/Criminal Mischief,887
2012,24,Weapon Violations,79
2012,25,Aggravated Assault Firearm,237
2012,25,Aggravated Assault No Firearm,462
2012,25,All Other Offenses,2041
2012,25,Arson,59
2012,25,Burglary Non-Residential,195
2012,25,Burglary Residential,410
2012,25,DRIVING UNDER THE INFLUENCE,368
2012,25,Disorderly Conduct,163
2012,25,Embezzlement,7
2012,25,Forgery and Counterfeiting,18
2012,25,Fraud,409
2012,25,Gambling Violations,2
2012,25,Homicide - Criminal,27
2012,25,Liquor Law Violations,4
2012,25,Motor Vehicle Theft,273
2012,25,Narcotic / Drug Law Violations,1538
2012,25,Offenses Against Family and Children,8
2012,25,Other Assaults,1578
2012,25,Other Sex Offenses (Not Commercialized),135
2012,25,Prostitution and Commercialized Vice,116
2012,25,Public Drunkenness,11
2012,25,Rape,72
2012,25,Receiving Stolen Property,8
2012,25,Robbery Firearm,271
2012,25,Robbery No Firearm,305
2012,25,Theft from Vehicle,652
2012,25,Thefts,902
2012,25,Vagrancy/Loitering,4
2012,25,Vandalism/Criminal Mischief,947
2012,25,Weapon Violations,177
2012,26,Aggravated Assault Firearm,94
2012,26,Aggravated Assault No Firearm,237
2012,26,All Other Offenses,1158
2012,26,Arson,34
2012,26,Burglary Non-Residential,98
2012,26,Burglary Residential,407
2012,26,DRIVING UNDER THE INFLUENCE,231
2012,26,Disorderly Conduct,111
2012,26,Embezzlement,13
2012,26,Forgery and Counterfeiting,10
2012,26,Fraud,285
2012,26,Gambling Violations,3
2012,26,Homicide - Criminal,4
2012,26,Liquor Law Violations,4
2012,26,Motor Vehicle Theft,232
2012,26,Narcotic / Drug Law Violations,384
2012,26,Offenses Against Family and Children,8
2012,26,Other Assaults,1087
2012,26,Other Sex Offenses (Not Commercialized),87
2012,26,Prostitution and Commercialized Vice,127
2012,26,Public Drunkenness,9
2012,26,Rape,23
2012,26,Receiving Stolen Property,1
2012,26,Robbery Firearm,138
2012,26,Robbery No Firearm,175
2012,26,Theft from Vehicle,1003
2012,26,Thefts,841
2012,26,Vagrancy/Loitering,6
2012,26,Vandalism/Criminal Mischief,720
2012,26,Weapon Violations,65
2012,35,Aggravated Assault Firearm,195
2012,35,Aggravated Assault No Firearm,447
2012,35,All Other Offenses,1842
2012,35,Arson,35
2012,35,Burglary Non-Residential,85
2012,35,Burglary Residential,538
2012,35,DRIVING UNDER THE INFLUENCE,250
2012,35,Disorderly Conduct,97
2012,35,Embezzlement,6
2012,35,Forgery and Counterfeiting,18
2012,35,Fraud,654
2012,35,Gambling Violations,5
2012,35,Homicide - Criminal,29
2012,35,Homicide - Justifiable,1
2012,35,Liquor Law Violations,5
2012,35,Motor Vehicle Theft,208
2012,35,Narcotic / Drug Law Violations,657
2012,35,Offenses Against Family and Children,8
2012,35,Other Assaults,1740
2012,35,Other Sex Offenses (Not Commercialized),99
2012,35,Prostitution and Commercialized Vice,8
2012,35,Public Drunkenness,8
2012,35,Rape,66
2012,35,Receiving Stolen Property,1
2012,35,Robbery Firearm,259
2012,35,Robbery No Firearm,323
2012,35,Theft from Vehicle,561
2012,35,Thefts,1043
2012,35,Vandalism/Criminal Mischief,986
2012,35,Weapon Violations,146
2012,39,Aggravated Assault Firearm,178
2012,39,Aggravated Assault No Firearm,314
2012,39,All Other Offenses,1350
2012,39,Arson,31
2012,39,Burglary Non-Residential,87
2012,39,Burglary Residential,539
2012,39,DRIVING UNDER THE INFLUENCE,328
2012,39,Disorderly Conduct,131
2012,39,Embezzlement,9
2012,39,Forgery and Counterfeiting,13
2012,39,Fraud,472
2012,39,Gambling Violations,12
2012,39,Homicide - Criminal,27
2012,39,Liquor Law Violations,1
2012,39,Motor Vehicle Theft,112
2012,39,Narcotic / Drug Law Violations,565
2012,39,Offenses Against Family and Children,4
2012,39,Other Assaults,1351
2012,39,Other Sex Offenses (Not Commercialized),60
2012,39,Prostitution and Commercialized Vice,12
2012,39,Public Drunkenness,6
2012,39,Rape,56
2012,39,Receiving Stolen Property,3
2012,39,Robbery Firearm,156
2012,39,Robbery No Firearm,203
2012,39,Theft from Vehicle,647
2012,39,Thefts,942
2012,39,Vagrancy/Loitering,1
2012,39,Vandalism/Criminal Mischief,809
2012,39,Weapon Violations,94
2012,77,All Other Offenses,2
2012,77,Arson,1
2012,77,Embezzlement,7
2012,77,Fraud,39
2012,77,Motor Vehicle Theft,2
2012,77,Narcotic / Drug Law Violations,1
2012,77,Other Assaults,1
2012,77,Other Sex Offenses (Not Commercialized),1
2012,77,Theft from Vehicle,4
2012,77,Thefts,49
2013,1,Aggravated Assault Firearm,45
2013,1,Aggravated Assault No Firearm,90
2013,1,All Other Offenses,765
2013,1,Arson,5
2013,1,Burglary Non-Residential,33
2013,1,Burglary Residential,132
2013,1,DRIVING UNDER THE INFLUENCE,61
2013,1,Disorderly Conduct,66
2013,1,Embezzlement,14
2013,1,Forgery and Counterfeiting,5
2013,1,Fraud,151
2013,1,Homicide - Criminal,2
2013,1,Liquor Law Violations,10
2013,1,Motor Vehicle Theft,34
2013,1,Narcotic / Drug Law Violations,144
2013,1,Offenses Against Family and Children,7
2013,1,Other Assaults,495
2013,1,Other Sex Offenses (Not Commercialized),32
2013,1,Prostitution and Commercialized Vice,1
2013,1,Public Drunkenness,7
2013,1,Rape,15
2013,1,Receiving Stolen Property,1
2013,1,Robbery Firearm,54
2013,1,Robbery No Firearm,78
2013,1,Theft from Vehicle,261
2013,1,Thefts,601
2013,1,Vagrancy/Loitering,2
2013,1,Vandalism/Criminal Mischief,395
2013,1,Weapon Violations,31
2013,2,Aggravated Assault Firearm,82
2013,2,Aggravated Assault No Firearm,227
2013,2,All Other Offenses,3163
2013,2,Arson,23
2013,2,Burglary Non-Residential,103
2013,2,Burglary Residential,699
2013,2,DRIVING UNDER THE INFLUENCE,160
2013,2,Disorderly Conduct,162
2013,2,Embezzlement,22
2013,2,Forgery and Counterfeiting,11
2013,2,Fraud,551
2013,2,Homicide - Criminal,5
2013,2,Liquor Law Violations,15
2013,2,Motor Vehicle Theft,134
2013,2,Narcotic / Drug Law Violations,205
2013,2,Offenses Against Family and Children,1
2013,2,Other Assaults,1181
2013,2,Other Sex Offenses (Not Commercialized),56
2013,2,Prostitution and Commercialized Vice,15
2013,2,Public Drunkenness,4
2013,2,Rape,60
2013,2,Receiving Stolen Property,1
2013,2,Robbery Firearm,191
2013,2,Robbery No Firearm,255
2013,2,Theft from Vehicle,757
2013,2,Thefts,1415
2013,2,Vandalism/Criminal Mischief,805
2013,2,Weapon Violations,49
2013,3,Aggravated Assault Firearm,54
2013,3,Aggravated Assault No Firearm,290
2013,3,All Other Offenses,1411
2013,3,Arson,12
2013,3,Burglary Non-Residential,79
2013,3,Burglary Residential,312
2013,3,DRIVING UNDER THE INFLUENCE,270
2013,3,Disorderly Conduct,141
2013,3,Embezzlement,35
2013,3,Forgery and Counterfeiting,15
2013,3,Fraud,422
2013,3,Gambling Violations,2
2013,3,Homicide - Criminal,6
2013,3,Liquor Law Violations,65
2013,3,Motor Vehicle Theft,109
2013,3,Narcotic / Drug Law Violations,280
2013,3,Offenses Against Family and Children,5
2013,3,Other Assaults,1257
2013,3,Other Sex Offenses (Not Commercialized),38
2013,3,Prostitution and Commercialized Vice,9
2013,3,Public Drunkenness,19
2013,3,Rape,33
2013,3,Receiving Stolen Property,3
2013,3,Robbery Firearm,108
2013,3,Robbery No Firearm,276
2013,3,Theft from Vehicle,994
2013,3,Thefts,1540
2013,3,Vandalism/Criminal Mischief,909
2013,3,Weapon Violations,27
2013,5,Aggravated Assault Firearm,7
2013,5,Aggravated Assault No Firearm,50
2013,5,All Other Offenses,355
2013,5,Arson,5
2013,5,Burglary Non-Residential,49
2013,5,Burglary Residential,162
2013,5,DRIVING UNDER THE INFLUENCE,38
2013,5,Disorderly Conduct,27
2013,5,Embezzlement,9
2013,5,Forgery and Counterfeiting,11
2013,5,Fraud,172
2013,5,Homicide - Criminal,1
2013,5,Liquor Law Violations,4
2013,5,Motor Vehicle Theft,29
2013,5,Narcotic / Drug Law Violations,27
2013,5,Offenses Against Family and Children,4
2013,5,Other Assaults,399
2013,5,Other Sex Offenses (Not Commercialized),12
2013,5,Prostitution and Commercialized Vice,2
2013,5,Public Drunkenness,13
2013,5,Rape,11
2013,5,Robbery Firearm,6
2013,5,Robbery No Firearm,37
2013,5,Theft from Vehicle,348
2013,5,Thefts,402
2013,5,Vandalism/Criminal Mischief,283
2013,5,Weapon Violations,12
2013,7,Aggravated Assault Firearm,7
2013,7,Aggravated Assault No Firearm,96
2013,7,All Other Offenses,389
2013,7,Arson,8
2013,7,Burglary Non-Residential,111
2013,7,Burglary Residential,376
2013,7,DRIVING UNDER THE INFLUENCE,56
2013,7,Disorderly Conduct,11
2013,7,Embezzlement,22
2013,7,Forgery and Counterfeiting,8
2013,7,Fraud,378
2013,7,Homicide - Criminal,4
2013,7,Motor Vehicle Theft,48
2013,7,Narcotic / Drug Law Violations,38
2013,7,Other Assaults,488
2013,7,Other Sex Offenses (Not Commercialized),26
2013,7,Prostitution and Commercialized Vice,2
2013,7,Rape,7
2013,7,Robbery Firearm,34
2013,7,Robbery No Firearm,57
2013,7,Theft from Vehicle,451
2013,7,Thefts,461
2013,7,Vandalism/Criminal Mischief,388
2013,7,Weapon Violations,11
2013,8,Aggravated Assault Firearm,15
2013,8,Aggravated Assault No Firearm,146
2013,8,All Other Offenses,733
2013,8,Arson,9
2013,8,Burglary Non-Residential,102
2013,8,Burglary Residential,240
2013,8,DRIVING UNDER THE INFLUENCE,99
2013,8,Disorderly Conduct,29
2013,8,Embezzlement,42
2013,8,Forgery and Counterfeiting,16
2013,8,Fraud,479
2013,8,Gambling Violations,1
2013,8,Homicide - Criminal,3
2013,8,Liquor Law Violations,3
2013,8,Motor Vehicle Theft,100
2013,8,Narcotic / Drug Law Violations,119
2013,8,Offenses Against Family and Children,11
2013,8,Other Assaults,994
2013,8,Other Sex Offenses (Not Commercialized),35
2013,8,Prostitution and Commercialized Vice,3
2013,8,Public Drunkenness,2
2013,8,Rape,36
2013,8,Receiving Stolen Property,1
2013,8,Robbery Firearm,54
2013,8,Robbery No Firearm,88
2013,8,Theft from Vehicle,581
2013,8,Thefts,969
2013,8,Vagrancy/Loitering,1
2013,8,Vandalism/Criminal Mischief,544
2013,8,Weapon Violations,19
2013,9,Aggravated Assault Firearm,37
2013,9,Aggravated Assault No Firearm,225
2013,9,All Other Offenses,2469
2013,9,Arson,12
2013,9,Burglary Non-Residential,153
2013,9,Burglary Residential,336
2013,9,DRIVING UNDER THE INFLUENCE,135
2013,9,Disorderly Conduct,860
2013,9,Embezzlement,75
2013,9,Forgery and Counterfeiting,38
2013,9,Fraud,682
2013,9,Gambling Violations,6
2013,9,Homicide - Criminal,10
2013,9,Liquor Law Violations,88
2013,9,Motor Vehicle Theft,124
2013,9,Narcotic / Drug Law Violations,303
2013,9,Offenses Against Family and Children,8
2013,9,Other Assaults,1217
2013,9,Other Sex Offenses (Not Commercialized),67
2013,9,Prostitution and Commercialized Vice,68
2013,9,Public Drunkenness,124
2013,9,Rape,52
2013,9,Receiving Stolen Property,8
2013,9,Robbery Firearm,99
2013,9,Robbery No Firearm,314
2013,9,Theft from Vehicle,1381
2013,9,Thefts,4058
2013,9,Vagrancy/Loitering,151
2013,9,Vandalism/Criminal Mischief,768
2013,9,Weapon Violations,43
2013,12,Aggravated Assault Firearm,196
2013,12,Aggravated Assault No Firearm,377
2013,12,All Other Offenses,3873
2013,12,Arson,28
2013,12,Burglary Non-Residential,106
2013,12,Burglary Residential,698
2013,12,DRIVING UNDER THE INFLUENCE,279
2013,12,Disorderly Conduct,130
2013,12,Embezzlement,16
2013,12,Forgery and Counterfeiting,10
2013,12,Fraud,420
2013,12,Homicide - Criminal,20
2013,12,Homicide - Justifiable,1
2013,12,Liquor Law Violations,17
2013,12,Motor Vehicle Theft,199
2013,12,Narcotic / Drug Law Violations,577
2013,12,Offenses Against Family and Children,7
2013,12,Other Assaults,1141
2013,12,Other Sex Offenses (Not Commercialized),49
2013,12,Prostitution and Commercialized Vice,30
2013,12,Public Drunkenness,12
2013,12,Rape,92
2013,12,Receiving Stolen Property,4
2013,12,Robbery Firearm,247
2013,12,Robbery No Firearm,192
2013,12,Theft from Vehicle,561
2013,12,Thefts,849
2013,12,Vagrancy/Loitering,4
2013,12,Vandalism/Criminal Mischief,858
2013,12,Weapon Violations,107
2013,14,Aggravated Assault Firearm,124
2013,14,Aggravated Assault No Firearm,302
2013,14,All Other Offenses,1545
2013,14,Arson,36
2013,14,Burglary Non-Residential,88
2013,14,Burglary Residential,557
2013,14,DRIVING UNDER THE INFLUENCE,197
2013,14,Disorderly Conduct,78
2013,14,Embezzlement,16
2013,14,Forgery and Counterfeiting,13
2013,14,Fraud,732
2013,14,Gambling Violations,3
2013,14,Homicide - Criminal,16
2013,14,Liquor Law Violations,3
2013,14,Motor Vehicle Theft,108
2013,14,Narcotic / Drug Law Violations,575
2013,14,Offenses Against Family and Children,7
2013,14,Other Assaults,1560
2013,14,Other Sex Offenses (Not Commercialized),77
2013,14,Prostitution and Commercialized Vice,7
2013,14,Public Drunkenness,5
2013,14,Rape,86
2013,14,Robbery Firearm,188
2013,14,Robbery No Firearm,248
2013,14,Theft from Vehicle,659
2013,14,Thefts,1117
2013,14,Vandalism/Criminal Mischief,908
2013,14,Weapon Violations,95
2013,15,Aggravated Assault Firearm,139
2013,15,Aggravated Assault No Firearm,560
2013,15,All Other Offenses,2298
2013,15,Arson,37
2013,15,Burglary Non-Residential,111
2013,15,Burglary Residential,823
2013,15,DRIVING UNDER THE INFLUENCE,275
2013,15,Disorderly Conduct,226
2013,15,Embezzlement,16
2013,15,Forgery and Counterfeiting,15
2013,15,Fraud,694
2013,15,Gambling Violations,7
2013,15,Homicide - Criminal,13
2013,15,Liquor Law Violations,48
2013,15,Motor Vehicle Theft,229
2013,15,Narcotic / Drug Law Violations,930
2013,15,Offenses Against Family and Children,8
2013,15,Other Assaults,2228
2013,15,Other Sex Offenses (Not Commercialized),109
2013,15,Prostitution and Commercialized Vice,147
2013,15,Public Drunkenness,3
2013,15,Rape,94
2013,15,Receiving Stolen Property,6
2013,15,Robbery Firearm,248
2013,15,Robbery No Firearm,392
2013,15,Theft from Vehicle,1255
2013,15,Thefts,1512
2013,15,Vagrancy/Loitering,1
2013,15,Vandalism/Criminal Mischief,1294
2013,15,Weapon Violations,124
2013,16,Aggravated Assault Firearm,100
2013,16,Aggravated Assault No Firearm,167
2013,16,All Other Offenses,2133
2013,16,Arson,16
2013,16,Burglary Non-Residential,43
2013,16,Burglary Residential,247
2013,16,DRIVING UNDER THE INFLUENCE,183
2013,16,Disorderly Conduct,105
2013,16,Embezzlement,1
2013,16,Forgery and Counterfeiting,3
2013,16,Fraud,271
2013,16,Gambling Violations,2
2013,16,Homicide - Criminal,6
2013,16,Liquor Law Violations,10
2013,16,Motor Vehicle Theft,47
2013,16,Narcotic / Drug Law Violations,319
2013,16,Offenses Against Family and Children,7
2013,16,Other Assaults,715
2013,16,Other Sex Offenses (Not Commercialized),41
2013,16,Prostitution and Commercialized Vice,60
2013,16,Public Drunkenness,5
2013,16,Rape,54
2013,16,Receiving Stolen Property,2
2013,16,Robbery Firearm,98
2013,16,Robbery No Firearm,120
2013,16,Theft from Vehicle,326
2013,16,Thefts,667
2013,16,Vagrancy/Loitering,21
2013,16,Vandalism/Criminal Mischief,478
2013,16,Weapon Violations,58
2013,17,Aggravated Assault Firearm,77
2013,17,Aggravated Assault No Firearm,186
2013,17,All Other Offenses,1661
2013,17,Arson,11
2013,17,Burglary Non-Residential,37
2013,17,Burglary Residential,339
2013,17,DRIVING UNDER THE INFLUENCE,90
2013,17,Disorderly Conduct,44
2013,17,Embezzlement,4
2013,17,Forgery and Counterfeiting,7
2013,17,Fraud,244
2013,17,Homicide - Criminal,7
2013,17,Liquor Law Violations,3
2013,17,Motor Vehicle Theft,69
2013,17,Narcotic / Drug Law Violations,463
2013,17,Offenses Against Family and Children,5
2013,17,Other Assaults,724
2013,17,Other Sex Offenses (Not Commercialized),27
2013,17,Public Drunkenness,1
2013,17,Rape,35
2013,17,Receiving Stolen Property,4
2013,17,Robbery Firearm,93
2013,17,Robbery No Firearm,151
2013,17,Theft from Vehicle,393
2013,17,Thefts,585
2013,17,Vagrancy/Loitering,4
2013,17,Vandalism/Criminal Mischief,527
2013,17,Weapon Violations,47
2013,18,Aggravated Assault Firearm,95
2013,18,Aggravated Assault No Firearm,281
2013,18,All Other Offenses,2306
2013,18,Arson,18
2013,18,Burglary Non-Residential,59
2013,18,Burglary Residential,445
2013,18,DRIVING UNDER THE INFLUENCE,197
2013,18,Disorderly Conduct,171
2013,18,Embezzlement,5
2013,18,Forgery and Counterfeiting,11
2013,18,Fraud,439
2013,18,Gambling Violations,5
2013,18,Homicide - Criminal,15
2013,18,Liquor Law Violations,8
2013,18,Motor Vehicle Theft,114
2013,18,Narcotic / Drug Law Violations,618
2013,18,Offenses Against Family and Children,10
2013,18,Other Assaults,1069
2013,18,Other Sex Offenses (Not Commercialized),75
2013,18,Prostitution and Commercialized Vice,1
2013,18,Public Drunkenness,11
2013,18,Rape,70
2013,18,Receiving Stolen Property,7
2013,18,Robbery Firearm,197
2013,18,Robbery No Firearm,202
2013,18,Theft from Vehicle,406
2013,18,Thefts,1511
2013,18,Vagrancy/Loitering,2
2013,18,Vandalism/Criminal Mischief,628
2013,18,Weapon Violations,62
2013,19,Aggravated Assault Firearm,159
2013,19,Aggravated Assault No Firearm,375
2013,19,All Other Offenses,4867
2013,19,Arson,22
2013,19,Burglary Non-Residential,62
2013,19,Burglary Residential,521
2013,19,DRIVING UNDER THE INFLUENCE,301
2013,19,Disorderly Conduct,148
2013,19,Embezzlement,11
2013,19,Forgery and Counterfeiting,4
2013,19,Fraud,508
2013,19,Homicide - Criminal,18
2013,19,Liquor Law Violations,5
2013,19,Motor Vehicle Theft,108
2013,19,Narcotic / Drug Law Violations,779
2013,19,Offenses Against Family and Children,16
2013,19,Other Assaults,1369
2013,19,Other Sex Offenses (Not Commercialized),61
2013,19,Prostitution and Commercialized Vice,12
2013,19,Public Drunkenness,8
2013,19,Rape,68
2013,19,Robbery Firearm,157
2013,19,Robbery No Firearm,202
2013,19,Theft from Vehicle,396
2013,19,Thefts,920
2013,19,Vagrancy/Loitering,15
2013,19,Vandalism/Criminal Mischief,828
2013,19,Weapon Violations,110
2013,22,Aggravated Assault Firearm,238
2013,22,Aggravated Assault No Firearm,463
2013,22,All Other Offenses,1663
2013,22,Arson,29
2013,22,Burglary Non-Residential,87
2013,22,Burglary Residential,609
2013,22,DRIVING UNDER THE INFLUENCE,305
2013,22,Disorderly Conduct,242
2013,22,Embezzlement,2
2013,22,Forgery and Counterfeiting,11
2013,22,Fraud,513
2013,22,Gambling Violations,4
2013,22,Homicide - Criminal,27
2013,22,Homicide - Justifiable,1
2013,22,Liquor Law Violations,96
2013,22,Motor Vehicle Theft,137
2013,22,Narcotic / Drug Law Violations,888
2013,22,Offenses Against Family and Children,5
2013,22,Other Assaults,1536
2013,22,Other Sex Offenses (Not Commercialized),73
2013,22,Prostitution and Commercialized Vice,3
2013,22,Public Drunkenness,53
2013,22,Rape,104
2013,22,Receiving Stolen Property,3
2013,22,Robbery Firearm,219
2013,22,Robbery No Firearm,339
2013,22,Theft from Vehicle,784
2013,22,Thefts,1514
2013,22,Vandalism/Criminal Mischief,1123
2013,22,Weapon Violations,125
2013,24,Aggravated Assault Firearm,188
2013,24,Aggravated Assault No Firearm,394
2013,24,All Other Offenses,3702
2013,24,Arson,50
2013,24,Burglary Non-Residential,151
2013,24,Burglary Residential,470
2013,24,DRIVING UNDER THE INFLUENCE,479
2013,24,Disorderly Conduct,212
2013,24,Embezzlement,26
2013,24,Forgery and Counterfeiting,8
2013,24,Fraud,303
2013,24,Homicide - Criminal,23
2013,24,Liquor Law Violations,25
2013,24,Motor Vehicle Theft,175
2013,24,Narcotic / Drug Law Violations,1946
2013,24,Offenses Against Family and Children,8
2013,24,Other Assaults,1282
2013,24,Other Sex Offenses (Not Commercialized),62
2013,24,Prostitution and Commercialized Vice,537
2013,24,Public Drunkenness,29
2013,24,Rape,92
2013,24,Receiving Stolen Property,3
2013,24,Robbery Firearm,182
2013,24,Robbery No Firearm,335
2013,24,Theft from Vehicle,745
2013,24,Thefts,1393
2013,24,Vandalism/Criminal Mischief,781
2013,24,Weapon Violations,107
2013,25,Aggravated Assault Firearm,245
2013,25,Aggravated Assault No Firearm,445
2013,25,All Other Offenses,2027
2013,25,Arson,65
2013,25,Burglary Non-Residential,99
2013,25,Burglary Residential,381
2013,25,DRIVING UNDER THE INFLUENCE,324
2013,25,Disorderly Conduct,92
2013,25,Embezzlement,9
2013,25,Forgery and Counterfeiting,18
2013,25,Fraud,419
2013,25,Gambling Violations,4
2013,25,Homicide - Criminal,25
2013,25,Liquor Law Violations,4
2013,25,Motor Vehicle Theft,200
2013,25,Narcotic / Drug Law Violations,1802
2013,25,Offenses Against Family and Children,8
2013,25,Other Assaults,1708
2013,25,Other Sex Offenses (Not Commercialized),97
2013,25,Prostitution and Commercialized Vice,44
2013,25,Public Drunkenness,6
2013,25,Rape,114
2013,25,Receiving Stolen Property,7
2013,25,Robbery Firearm,259
2013,25,Robbery No Firearm,315
2013,25,Theft from Vehicle,605
2013,25,Thefts,917
2013,25,Vagrancy/Loitering,1
2013,25,Vandalism/Criminal Mischief,829
2013,25,Weapon Violations,123
2013,26,Aggravated Assault Firearm,74
2013,26,Aggravated Assault No Firearm,213
2013,26,All Other Offenses,1030
2013,26,Arson,22
2013,26,Burglary Non-Residential,95
2013,26,Burglary Residential,386
2013,26,DRIVING UNDER THE INFLUENCE,165
2013,26,Disorderly Conduct,106
2013,26,Embezzlement,3
2013,26,Forgery and Counterfeiting,12
2013,26,Fraud,272
2013,26,Gambling Violations,1
2013,26,Homicide - Criminal,10
2013,26,Liquor Law Violations,3
2013,26,Motor Vehicle Theft,153
2013,26,Narcotic / Drug Law Violations,390
2013,26,Offenses Against Family and Children,4
2013,26,Other Assaults,912
2013,26,Other Sex Offenses (Not Commercialized),49
2013,26,Prostitution and Commercialized Vice,170
2013,26,Public Drunkenness,36
2013,26,Rape,61
2013,26,Receiving Stolen Property,5
2013,26,Robbery Firearm,129
2013,26,Robbery No Firearm,204
2013,26,Theft from Vehicle,906
2013,26,Thefts,776
2013,26,Vagrancy/Loitering,2
2013,26,Vandalism/Criminal Mischief,660
2013,26,Weapon Violations,58
2013,35,Aggravated Assault Firearm,183
2013,35,Aggravated Assault No Firearm,411
2013,35,All Other Offenses,1634
2013,35,Arson,29
2013,35,Burglary Non-Residential,68
2013,35,Burglary Residential,442
2013,35,DRIVING UNDER THE INFLUENCE,262
2013,35,Disorderly Conduct,87
2013,35,Embezzlement,12
2013,35,Forgery and Counterfeiting,17
2013,35,Fraud,597
2013,35,Gambling Violations,8
2013,35,Homicide - Criminal,17
2013,35,Homicide - Justifiable,1
2013,35,Liquor Law Violations,2
2013,35,Motor Vehicle Theft,164
2013,35,Narcotic / Drug Law Violations,769
2013,35,Offenses Against Family and Children,14
2013,35,Other Assaults,1623
2013,35,Other Sex Offenses (Not Commercialized),72
2013,35,Prostitution and Commercialized Vice,18
2013,35,Public Drunkenness,13
2013,35,Rape,99
2013,35,Receiving Stolen Property,3
2013,35,Robbery Firearm,263
2013,35,Robbery No Firearm,333
2013,35,Theft from Vehicle,670
2013,35,Thefts,1186
2013,35,Vagrancy/Loitering,1
2013,35,Vandalism/Criminal Mischief,1035
2013,35,Weapon Violations,139
2013,39,Aggravated Assault Firearm,132
2013,39,Aggravated Assault No Firearm,300
2013,39,All Other Offenses,1606
2013,39,Arson,23
2013,39,Burglary Non-Residential,79
2013,39,Burglary Residential,438
2013,39,DRIVING UNDER THE INFLUENCE,231
2013,39,Disorderly Conduct,103
2013,39,Embezzlement,6
2013,39,Forgery and Counterfeiting,5
2013,39,Fraud,437
2013,39,Gambling Violations,9
2013,39,Homicide - Criminal,11
2013,39,Liquor Law Violations,1
2013,39,Motor Vehicle Theft,126
2013,39,Narcotic / Drug Law Violations,425
2013,39,Offenses Against Family and Children,7
2013,39,Other Assaults,1056
2013,39,Other Sex Offenses (Not Commercialized),62
2013,39,Prostitution and Commercialized Vice,6
2013,39,Public Drunkenness,1
2013,39,Rape,87
2013,39,Receiving Stolen Property,1
2013,39,Robbery Firearm,176
2013,39,Robbery No Firearm,170
2013,39,Theft from Vehicle,517
2013,39,Thefts,838
2013,39,Vandalism/Criminal Mischief,699
2013,39,Weapon Violations,57
2013,77,All Other Offenses,4
2013,77,Embezzlement,11
2013,77,Fraud,68
2013,77,Narcotic / Drug Law Violations,6
2013,77,Other Assaults,3
2013,77,Rape,1
2013,77,Theft from Vehicle,2
2013,77,Thefts,66
2013,77,Vandalism/Criminal Mischief,3
2013,77,Weapon Violations,2
2014,1,Aggravated Assault Firearm,29
2014,1,Aggravated Assault No Firearm,104
2014,1,All Other Offenses,704
2014,1,Arson,9
2014,1,Burglary Non-Residential,22
2014,1,Burglary Residential,114
2014,1,DRIVING UNDER THE INFLUENCE,73
2014,1,Disorderly Conduct,56
2014,1,Embezzlement,11
2014,1,Forgery and Counterfeiting,7
2014,1,Fraud,230
2014,1,Homicide - Criminal,1
2014,1,Liquor Law Violations,7
2014,1,Motor Vehicle Theft,40
2014,1,Narcotic / Drug Law Violations,121
2014,1,Offenses Against Family and Children,1
2014,1,Other Assaults,426
2014,1,Other Sex Offenses (Not Commercialized),19
2014,1,Public Drunkenness,10
2014,1,Rape,17
2014,1,Receiving Stolen Property,1
2014,1,Robbery Firearm,40
2014,1,Robbery No Firearm,68
2014,1,Theft from Vehicle,195
2014,1,Thefts,559
2014,1,Vagrancy/Loitering,1
2014,1,Vandalism/Criminal Mischief,370
2014,1,Weapon Violations,17
2014,2,Aggravated Assault Firearm,81
2014,2,Aggravated Assault No Firearm,233
2014,2,All Other Offenses,2397
2014,2,Arson,19
2014,2,Burglary Non-Residential,130
2014,2,Burglary Residential,556
2014,2,DRIVING UNDER THE INFLUENCE,154
2014,2,Disorderly Conduct,93
2014,2,Embezzlement,33
2014,2,Forgery and Counterfeiting,12
2014,2,Fraud,559
2014,2,Gambling Violations,1
2014,2,Homicide - Criminal,14
2014,2,Liquor Law Violations,8
2014,2,Motor Vehicle Theft,107
2014,2,Narcotic / Drug Law Violations,180
2014,2,Offenses Against Family and Children,11
2014,2,Other Assaults,1264
2014,2,Other Sex Offenses (Not Commercialized),54
2014,2,Prostitution and Commercialized Vice,7
2014,2,Public Drunkenness,2
2014,2,Rape,45
2014,2,Receiving Stolen Property,4
2014,2,Robbery Firearm,205
2014,2,Robbery No Firearm,192
2014,2,Theft from Vehicle,776
2014,2,Thefts,1525
2014,2,Vandalism/Criminal Mischief,931
2014,2,Weapon Violations,55
2014,3,Aggravated Assault Firearm,39
2014,3,Aggravated Assault No Firearm,249
2014,3,All Other Offenses,1242
2014,3,Arson,9
2014,3,Burglary Non-Residential,88
2014,3,Burglary Residential,281
2014,3,DRIVING UNDER THE INFLUENCE,210
2014,3,Disorderly Conduct,178
2014,3,Embezzlement,28
2014,3,Forgery and Counterfeiting,15
2014,3,Fraud,512
2014,3,Homicide - Criminal,7
2014,3,Liquor Law Violations,39
2014,3,Motor Vehicle Theft,122
2014,3,Narcotic / Drug Law Violations,196
2014,3,Offenses Against Family and Children,2
2014,3,Other Assaults,1169
2014,3,Other Sex Offenses (Not Commercialized),39
2014,3,Prostitution and Commercialized Vice,23
2014,3,Public Drunkenness,15
2014,3,Rape,39
2014,3,Receiving Stolen Property,2
2014,3,Robbery Firearm,93
2014,3,Robbery No Firearm,201
2014,3,Theft from Vehicle,986
2014,3,Thefts,1505
2014,3,Vagrancy/Loitering,1
2014,3,Vandalism/Criminal Mischief,795
2014,3,Weapon Violations,28
2014,5,Aggravated Assault Firearm,3
2014,5,Aggravated Assault No Firearm,52
2014,5,All Other Offenses,273
2014,5,Arson,2
2014,5,Burglary Non-Residential,19
2014,5,Burglary Residential,120
2014,5,DRIVING UNDER THE INFLUENCE,34
2014,5,Disorderly Conduct,21
2014,5,Embezzlement,14
2014,5,Forgery and Counterfeiting,10
2014,5,Fraud,202
2014,5,Motor Vehicle Theft,43
2014,5,Narcotic / Drug Law Violations,28
2014,5,Other Assaults,329
2014,5,Other Sex Offenses (Not Commercialized),17
2014,5,Prostitution and Commercialized Vice,1
2014,5,Public Drunkenness,12
2014,5,Rape,18
2014,5,Receiving Stolen Property,1
2014,5,Robbery Firearm,15
2014,5,Robbery No Firearm,24
2014,5,Theft from Vehicle,334
2014,5,Thefts,375
2014,5,Vandalism/Criminal Mischief,270
2014,5,Weapon Violations,9
2014,7,Aggravated Assault Firearm,15
2014,7,Aggravated Assault No Firearm,65
2014,7,All Other Offenses,395
2014,7,Arson,9
2014,7,Burglary Non-Residential,78
2014,7,Burglary Residential,383
2014,7,DRIVING UNDER THE INFLUENCE,70
2014,7,Disorderly Conduct,6
2014,7,Embezzlement,19
2014,7,Forgery and Counterfeiting,8
2014,7,Fraud,433
2014,7,Liquor Law Violations,1
2014,7,Motor Vehicle Theft,37
2014,7,Narcotic / Drug Law Violations,40
2014,7,Offenses Against Family and Children,2
2014,7,Other Assaults,492
2014,7,Other Sex Offenses (Not Commercialized),20
2014,7,Prostitution and Commercialized Vice,6
2014,7,Public Drunkenness,1
2014,7,Rape,13
2014,7,Robbery Firearm,28
2014,7,Robbery No Firearm,49
2014,7,Theft from Vehicle,437
2014,7,Thefts,560
2014,7,Vagrancy/Loitering,3
2014,7,Vandalism/Criminal Mischief,313
2014,7,Weapon Violations,11
2014,8,Aggravated Assault Firearm,22
2014,8,Aggravated Assault No Firearm,128
2014,8,All Other Offenses,747
2014,8,Arson,10
2014,8,Burglary Non-Residential,57
2014,8,Burglary Residential,250
2014,8,DRIVING UNDER THE INFLUENCE,82
2014,8,Disorderly Conduct,31
2014,8,Embezzlement,29
2014,8,Forgery and Counterfeiting,7
2014,8,Fraud,447
2014,8,Homicide - Criminal,4
2014,8,Liquor Law Violations,64
2014,8,Motor Vehicle Theft,75
2014,8,Narcotic / Drug Law Violations,109
2014,8,Offenses Against Family and Children,6
2014,8,Other Assaults,839
2014,8,Other Sex Offenses (Not Commercialized),45
2014,8,Prostitution and Commercialized Vice,2
2014,8,Public Drunkenness,4
2014,8,Rape,30
2014,8,Robbery Firearm,53
2014,8,Robbery No Firearm,77
2014,8,Theft from Vehicle,617
2014,8,Thefts,1009
2014,8,Vandalism/Criminal Mischief,526
2014,8,Weapon Violations,18
2014,9,Aggravated Assault Firearm,28
2014,9,Aggravated Assault No Firearm,230
2014,9,All Other Offenses,2419
2014,9,Arson,11
2014,9,Burglary Non-Residential,154
2014,9,Burglary Residential,307
2014,9,DRIVING UNDER THE INFLUENCE,162
2014,9,Disorderly Conduct,818
2014,9,Embezzlement,76
2014,9,Forgery and Counterfeiting,26
2014,9,Fraud,1164
2014,9,Gambling Violations,1
2014,9,Homicide - Criminal,5
2014,9,Liquor Law Violations,51
2014,9,Motor Vehicle Theft,123
2014,9,Narcotic / Drug Law Violations,240
2014,9,Offenses Against Family and Children,1
2014,9,Other Assaults,1387
2014,9,Other Sex Offenses (Not Commercialized),59
2014,9,Prostitution and Commercialized Vice,59
2014,9,Public Drunkenness,109
2014,9,Rape,47
2014,9,Receiving Stolen Property,6
2014,9,Robbery Firearm,96
2014,9,Robbery No Firearm,305
2014,9,Theft from Vehicle,1184
2014,9,Thefts,3746
2014,9,Vagrancy/Loitering,214
2014,9,Vandalism/Criminal Mischief,766
2014,9,Weapon Violations,56
2014,12,Aggravated Assault Firearm,164
2014,12,Aggravated Assault No Firearm,370
2014,12,All Other Offenses,3951
2014,12,Arson,17
2014,12,Burglary Non-Residential,337
2014,12,Burglary Residential,576
2014,12,DRIVING UNDER THE INFLUENCE,227
2014,12,Disorderly Conduct,132
2014,12,Embezzlement,35
2014,12,Forgery and Counterfeiting,10
2014,12,Fraud,478
2014,12,Gambling Violations,1
2014,12,Homicide - Criminal,17
2014,12,Liquor Law Violations,1
2014,12,Motor Vehicle Theft,213
2014,12,Narcotic / Drug Law Violations,343
2014,12,Offenses Against Family and Children,9
2014,12,Other Assaults,1184
2014,12,Other Sex Offenses (Not Commercialized),53
2014,12,Prostitution and Commercialized Vice,61
2014,12,Public Drunkenness,9
2014,12,Rape,65
2014,12,Receiving Stolen Property,1
2014,12,Robbery Firearm,173
2014,12,Robbery No Firearm,187
2014,12,Theft from Vehicle,650
2014,12,Thefts,819
2014,12,Vagrancy/Loitering,4
2014,12,Vandalism/Criminal Mischief,914
2014,12,Weapon Violations,120
2014,14,Aggravated Assault Firearm,121
2014,14,Aggravated Assault No Firearm,259
2014,14,All Other Offenses,1255
2014,14,Arson,28
2014,14,Burglary Non-Residential,70
2014,14,Burglary Residential,464
2014,14,DRIVING UNDER THE INFLUENCE,187
2014,14,Disorderly Conduct,65
2014,14,Embezzlement,9
2014,14,Forgery and Counterfeiting,18
2014,14,Fraud,737
2014,14,Gambling Violations,2
2014,14,Homicide - Criminal,13
2014,14,Motor Vehicle Theft,99
2014,14,Narcotic / Drug Law Violations,477
2014,14,Offenses Against Family and Children,6
2014,14,Other Assaults,1648
2014,14,Other Sex Offenses (Not Commercialized),59
2014,14,Prostitution and Commercialized Vice,20
2014,14,Public Drunkenness,5
2014,14,Rape,81
2014,14,Receiving Stolen Property,2
2014,14,Robbery Firearm,202
2014,14,Robbery No Firearm,175
2014,14,Theft from Vehicle,863
2014,14,Thefts,1107
2014,14,Vandalism/Criminal Mischief,1013
2014,14,Weapon Violations,105
2014,15,Aggravated Assault Firearm,129
2014,15,Aggravated Assault No Firearm,542
2014,15,All Other Offenses,2443
2014,15,Arson,36
2014,15,Burglary Non-Residential,108
2014,15,Burglary Residential,756
2014,15,DRIVING UNDER THE INFLUENCE,274
2014,15,Disorderly Conduct,230
2014,15,Embezzlement,15
2014,15,Forgery and Counterfeiting,21
2014,15,Fraud,1014
2014,15,Homicide - Criminal,15
2014,15,Liquor Law Violations,57
2014,15,Motor Vehicle Theft,258
2014,15,Narcotic / Drug Law Violations,672
2014,15,Offenses Against Family and Children,19
2014,15,Other Assaults,2335
2014,15,Other Sex Offenses (Not Commercialized),99
2014,15,Prostitution and Commercialized Vice,65
2014,15,Public Drunkenness,18
2014,15,Rape,99
2014,15,Receiving Stolen Property,3
2014,15,Robbery Firearm,286
2014,15,Robbery No Firearm,389
2014,15,Theft from Vehicle,1081
2014,15,Thefts,1668
2014,15,Vagrancy/Loitering,49
2014,15,Vandalism/Criminal Mischief,1347
2014,15,Weapon Violations,100
2014,16,Aggravated Assault Firearm,70
2014,16,Aggravated Assault No Firearm,188
2014,16,All Other Offenses,2563
2014,16,Arson,19
2014,16,Burglary Non-Residential,41
2014,16,Burglary Residential,278
2014,16,DRIVING UNDER THE INFLUENCE,108
2014,16,Disorderly Conduct,165
2014,16,Embezzlement,5
2014,16,Forgery and Counterfeiting,8
2014,16,Fraud,280
2014,16,Gambling Violations,4
2014,16,Homicide - Criminal,7
2014,16,Liquor Law Violations,2
2014,16,Motor Vehicle Theft,51
2014,16,Narcotic / Drug Law Violations,281
2014,16,Offenses Against Family and Children,2
2014,16,Other Assaults,720
2014,16,Other Sex Offenses (Not Commercialized),29
2014,16,Prostitution and Commercialized Vice,162
2014,16,Public Drunkenness,9
2014,16,Rape,49
2014,16,Receiving Stolen Property,1
2014,16,Robbery Firearm,92
2014,16,Robbery No Firearm,109
2014,16,Theft from Vehicle,322
2014,16,Thefts,735
2014,16,Vagrancy/Loitering,66
2014,16,Vandalism/Criminal Mischief,436
2014,16,Weapon Violations,58
2014,17,Aggravated Assault Firearm,85
2014,17,Aggravated Assault No Firearm,182
2014,17,All Other Offenses,1318
2014,17,Arson,6
2014,17,Burglary Non-Residential,23
2014,17,Burglary Residential,303
2014,17,DRIVING UNDER THE INFLUENCE,78
2014,17,Disorderly Conduct,39
2014,17,Embezzlement,3
2014,17,Forgery and Counterfeiting,10
2014,17,Fraud,255
2014,17,Gambling Violations,6
2014,17,Homicide - Criminal,10
2014,17,Motor Vehicle Theft,50
2014,17,Narcotic / Drug Law Violations,314
2014,17,Offenses Against Family and Children,1
2014,17,Other Assaults,615
2014,17,Other Sex Offenses (Not Commercialized),18
2014,17,Prostitution and Commercialized Vice,1
2014,17,Public Drunkenness,1
2014,17,Rape,23
2014,17,Receiving Stolen Property,1
2014,17,Robbery Firearm,68
2014,17,Robbery No Firearm,112
2014,17,Theft from Vehicle,280
2014,17,Thefts,635
2014,17,Vagrancy/Loitering,1
2014,17,Vandalism/Criminal Mischief,453
2014,17,Weapon Violations,47
2014,18,Aggravated Assault Firearm,89
2014,18,Aggravated Assault No Firearm,266
2014,18,All Other Offenses,3398
2014,18,Arson,17
2014,18,Burglary Non-Residential,57
2014,18,Burglary Residential,360
2014,18,DRIVING UNDER THE INFLUENCE,208
2014,18,Disorderly Conduct,170
2014,18,Embezzlement,8
2014,18,Forgery and Counterfeiting,19
2014,18,Fraud,619
2014,18,Gambling Violations,1
2014,18,Homicide - Criminal,9
2014,18,Liquor Law Violations,9
2014,18,Motor Vehicle Theft,106
2014,18,Narcotic / Drug Law Violations,427
2014,18,Offenses Against Family and Children,4
2014,18,Other Assaults,1099
2014,18,Other Sex Offenses (Not Commercialized),66
2014,18,Prostitution and Commercialized Vice,6
2014,18,Public Drunkenness,22
2014,18,Rape,60
2014,18,Receiving Stolen Property,3
2014,18,Robbery Firearm,152
2014,18,Robbery No Firearm,204
2014,18,Theft from Vehicle,527
2014,18,Thefts,1526
2014,18,Vagrancy/Loitering,12
2014,18,Vandalism/Criminal Mischief,653
2014,18,Weapon Violations,76
2014,19,Aggravated Assault Firearm,132
2014,19,Aggravated Assault No Firearm,354
2014,19,All Other Offenses,5129
2014,19,Arson,33
2014,19,Burglary Non-Residential,80
2014,19,Burglary Residential,423
2014,19,DRIVING UNDER THE INFLUENCE,348
2014,19,Disorderly Conduct,146
2014,19,Embezzlement,15
2014,19,Forgery and Counterfeiting,8
2014,19,Fraud,579
2014,19,Gambling Violations,1
2014,19,Homicide - Criminal,15
2014,19,Liquor Law Violations,4
2014,19,Motor Vehicle Theft,127
2014,19,Narcotic / Drug Law Violations,631
2014,19,Offenses Against Family and Children,15
2014,19,Other Assaults,1395
2014,19,Other Sex Offenses (Not Commercialized),47
2014,19,Prostitution and Commercialized Vice,14
2014,19,Public Drunkenness,19
2014,19,Rape,77
2014,19,Receiving Stolen Property,4
2014,19,Robbery Firearm,171
2014,19,Robbery No Firearm,203
2014,19,Theft from Vehicle,564
2014,19,Thefts,1054
2014,19,Vagrancy/Loitering,7
2014,19,Vandalism/Criminal Mischief,867
2014,19,Weapon Violations,106
2014,22,Aggravated Assault Firearm,194
2014,22,Aggravated Assault No Firearm,467
2014,22,All Other Offenses,2245
2014,22,Arson,31
2014,22,Burglary Non-Residential,73
2014,22,Burglary Residential,655
2014,22,DRIVING UNDER THE INFLUENCE,280
2014,22,Disorderly Conduct,180
2014,22,Embezzlement,4
2014,22,Forgery and Counterfeiting,18
2014,22,Fraud,590
2014,22,Gambling Violations,1
2014,22,Homicide - Criminal,26
2014,22,Liquor Law Violations,38
2014,22,Motor Vehicle Theft,137
2014,22,Narcotic / Drug Law Violations,673
2014,22,Offenses Against Family and Children,9
2014,22,Other Assaults,1636
2014,22,Other Sex Offenses (Not Commercialized),68
2014,22,Prostitution and Commercialized Vice,7
2014,22,Public Drunkenness,39
2014,22,Rape,100
2014,22,Receiving Stolen Property,3
2014,22,Robbery Firearm,267
2014,22,Robbery No Firearm,315
2014,22,Theft from Vehicle,819
2014,22,Thefts,1584
2014,22,Vagrancy/Loitering,3
2014,22,Vandalism/Criminal Mischief,1137
2014,22,Weapon Violations,116
2014,24,Aggravated Assault Firearm,164
2014,24,Aggravated Assault No Firearm,349
2014,24,All Other Offenses,3827
2014,24,Arson,41
2014,24,Burglary Non-Residential,180
2014,24,Burglary Residential,452
2014,24,DRIVING UNDER THE INFLUENCE,363
2014,24,Disorderly Conduct,288
2014,24,Embezzlement,18
2014,24,Forgery and Counterfeiting,12
2014,24,Fraud,545
2014,24,Homicide - Criminal,18
2014,24,Liquor Law Violations,7
2014,24,Motor Vehicle Theft,189
2014,24,Narcotic / Drug Law Violations,1880
2014,24,Offenses Against Family and Children,29
2014,24,Other Assaults,1296
2014,24,Other Sex Offenses (Not Commercialized),69
2014,24,Prostitution and Commercialized Vice,456
2014,24,Public Drunkenness,53
2014,24,Rape,99
2014,24,Receiving Stolen Property,3
2014,24,Robbery Firearm,196
2014,24,Robbery No Firearm,304
2014,24,Theft from Vehicle,702
2014,24,Thefts,1294
2014,24,Vagrancy/Loitering,37
2014,24,Vandalism/Criminal Mischief,840
2014,24,Weapon Violations,83
2014,25,Aggravated Assault Firearm,248
2014,25,Aggravated Assault No Firearm,417
2014,25,All Other Offenses,2174
2014,25,Arson,37
2014,25,Burglary Non-Residential,135
2014,25,Burglary Residential,382
2014,25,DRIVING UNDER THE INFLUENCE,353
2014,25,Disorderly Conduct,140
2014,25,Embezzlement,15
2014,25,Forgery and Counterfeiting,19
2014,25,Fraud,615
2014,25,Homicide - Criminal,28
2014,25,Liquor Law Violations,2
2014,25,Motor Vehicle Theft,181
2014,25,Narcotic / Drug Law Violations,1515
2014,25,Offenses Against Family and Children,4
2014,25,Other Assaults,1541
2014,25,Other Sex Offenses (Not Commercialized),87
2014,25,Prostitution and Commercialized Vice,179
2014,25,Public Drunkenness,24
2014,25,Rape,119
2014,25,Receiving Stolen Property,6
2014,25,Robbery Firearm,253
2014,25,Robbery No Firearm,277
2014,25,Theft from Vehicle,626
2014,25,Thefts,917
2014,25,Vagrancy/Loitering,1
2014,25,Vandalism/Criminal Mischief,751
2014,25,Weapon Violations,125
2014,26,Aggravated Assault Firearm,104
2014,26,Aggravated Assault No Firearm,209
2014,26,All Other Offenses,1249
2014,26,Arson,17
2014,26,Burglary Non-Residential,58
2014,26,Burglary Residential,364
2014,26,DRIVING UNDER THE INFLUENCE,144
2014,26,Disorderly Conduct,91
2014,26,Embezzlement,10
2014,26,Forgery and Counterfeiting,8
2014,26,Fraud,397
2014,26,Homicide - Criminal,7
2014,26,Motor Vehicle Theft,127
2014,26,Narcotic / Drug Law Violations,361
2014,26,Offenses Against Family and Children,1
2014,26,Other Assaults,796
2014,26,Other Sex Offenses (Not Commercialized),37
2014,26,Prostitution and Commercialized Vice,231
2014,26,Public Drunkenness,64
2014,26,Rape,54
2014,26,Receiving Stolen Property,4
2014,26,Robbery Firearm,119
2014,26,Robbery No Firearm,173
2014,26,Theft from Vehicle,800
2014,26,Thefts,776
2014,26,Vagrancy/Loitering,23
2014,26,Vandalism/Criminal Mischief,632
2014,26,Weapon Violations,56
2014,35,Aggravated Assault Firearm,173
2014,35,Aggravated Assault No Firearm,391
2014,35,All Other Offenses,1759
2014,35,Arson,19
2014,35,Burglary Non-Residential,76
2014,35,Burglary Residential,349
2014,35,DRIVING UNDER THE INFLUENCE,231
2014,35,Disorderly Conduct,116
2014,35,Embezzlement,6
2014,35,Forgery and Counterfeiting,16
2014,35,Fraud,726
2014,35,Gambling Violations,18
2014,35,Homicide - Criminal,21
2014,35,Liquor Law Violations,2
2014,35,Motor Vehicle Theft,139
2014,35,Narcotic / Drug Law Violations,662
2014,35,Offenses Against Family and Children,14
2014,35,Other Assaults,1542
2014,35,Other Sex Offenses (Not Commercialized),67
2014,35,Prostitution and Commercialized Vice,67
2014,35,Public Drunkenness,21
2014,35,Rape,108
2014,35,Receiving Stolen Property,2
2014,35,Robbery Firearm,265
2014,35,Robbery No Firearm,249
2014,35,Theft from Vehicle,616
2014,35,Thefts,1057
2014,35,Vagrancy/Loitering,19
2014,35,Vandalism/Criminal Mischief,1025
2014,35,Weapon Violations,157
2014,39,Aggravated Assault Firearm,135
2014,39,Aggravated Assault No Firearm,287
2014,39,All Other Offenses,1366
2014,39,Arson,27
2014,39,Burglary Non-Residential,56
2014,39,Burglary Residential,414
2014,39,DRIVING UNDER THE INFLUENCE,196
2014,39,Disorderly Conduct,53
2014,39,Embezzlement,20
2014,39,Forgery and Counterfeiting,15
2014,39,Fraud,545
2014,39,Gambling Violations,9
2014,39,Homicide - Criminal,23
2014,39,Motor Vehicle Theft,81
2014,39,Narcotic / Drug Law Violations,369
2014,39,Offenses Against Family and Children,11
2014,39,Other Assaults,1116
2014,39,Other Sex Offenses (Not Commercialized),64
2014,39,Prostitution and Commercialized Vice,8
2014,39,Public Drunkenness,7
2014,39,Rape,66
2014,39,Receiving Stolen Property,1
2014,39,Robbery Firearm,182
2014,39,Robbery No Firearm,195
2014,39,Theft from Vehicle,622
2014,39,Thefts,947
2014,39,Vandalism/Criminal Mischief,781
2014,39,Weapon Violations,75
2014,77,Aggravated Assault No Firearm,1
2014,77,Disorderly Conduct,1
2014,77,Embezzlement,8
2014,77,Fraud,96
2014,77,Motor Vehicle Theft,1
2014,77,Narcotic / Drug Law Violations,1
2014,77,Other Assaults,4
2014,77,Other Sex Offenses (Not Commercialized),3
2014,77,Theft from Vehicle,8
2014,77,Thefts,87
2014,77,Vandalism/Criminal Mischief,4
2014,77,Weapon Violations,4
2015,1,Aggravated Assault Firearm,39
2015,1,Aggravated Assault No Firearm,114
2015,1,All Other Offenses,691
2015,1,Arson,2
2015,1,Burglary Non-Residential,24
2015,1,Burglary Residential,146
2015,1,DRIVING UNDER THE INFLUENCE,63
2015,1,Disorderly Conduct,50
2015,1,Embezzlement,10
2015,1,Forgery and Counterfeiting,3
2015,1,Fraud,240
2015,1,Gambling Violations,1
2015,1,Homicide - Criminal,3
2015,1,Liquor Law Violations,6
2015,1,Motor Vehicle Theft,33
2015,1,Narcotic / Drug Law Violations,120
2015,1,Other Assaults,431
2015,1,Other Sex Offenses (Not Commercialized),11
2015,1,Prostitution and Commercialized Vice,1
2015,1,Public Drunkenness,5
2015,1,Rape,19
2015,1,Robbery Firearm,38
2015,1,Robbery No Firearm,69
2015,1,Theft from Vehicle,268
2015,1,Thefts,590
2015,1,Vagrancy/Loitering,4
2015,1,Vandalism/Criminal Mischief,412
2015,1,Weapon Violations,25
2015,2,Aggravated Assault Firearm,66
2015,2,Aggravated Assault No Firearm,213
2015,2,All Other Offenses,2193
2015,2,Arson,14
2015,2,Burglary Non-Residential,51
2015,2,Burglary Residential,393
2015,2,DRIVING UNDER THE INFLUENCE,165
2015,2,Disorderly Conduct,82
2015,2,Embezzlement,29
2015,2,Forgery and Counterfeiting,6
2015,2,Fraud,546
2015,2,Gambling Violations,1
2015,2,Homicide - Criminal,2
2015,2,Homicide - Justifiable,1
2015,2,Liquor Law Violations,1
2015,2,Motor Vehicle Theft,81
2015,2,Narcotic / Drug Law Violations,235
2015,2,Offenses Against Family and Children,13
2015,2,Other Assaults,1206
2015,2,Other Sex Offenses (Not Commercialized),74
2015,2,Prostitution and Commercialized Vice,12
2015,2,Public Drunkenness,5
2015,2,Rape,66
2015,2,Robbery Firearm,176
2015,2,Robbery No Firearm,227
2015,2,Theft from Vehicle,699
2015,2,Thefts,1547
2015,2,Vandalism/Criminal Mischief,779
2015,2,Weapon Violations,37
2015,3,Aggravated Assault Firearm,41
2015,3,Aggravated Assault No Firearm,214
2015,3,All Other Offenses,1324
2015,3,Arson,7
2015,3,Burglary Non-Residential,110
2015,3,Burglary Residential,233
2015,3,DRIVING UNDER THE INFLUENCE,280
2015,3,Disorderly Conduct,152
2015,3,Embezzlement,27
2015,3,Forgery and Counterfeiting,20
2015,3,Fraud,544
2015,3,Homicide - Criminal,3
2015,3,Liquor Law Violations,17
2015,3,Motor Vehicle Theft,83
2015,3,Narcotic / Drug Law Violations,166
2015,3,Offenses Against Family and Children,2
2015,3,Other Assaults,1185
2015,3,Other Sex Offenses (Not Commercialized),55
2015,3,Prostitution and Commercialized Vice,33
2015,3,Public Drunkenness,15
2015,3,Rape,41
2015,3,Receiving Stolen Property,1
2015,3,Robbery Firearm,80
2015,3,Robbery No Firearm,196
2015,3,Theft from Vehicle,839
2015,3,Thefts,1362
2015,3,Vagrancy/Loitering,3
2015,3,Vandalism/Criminal Mischief,779
2015,3,Weapon Violations,38
2015,5,Aggravated Assault Firearm,6
2015,5,Aggravated Assault No Firearm,43
2015,5,All Other Offenses,269
2015,5,Burglary Non-Residential,22
2015,5,Burglary Residential,129
2015,5,DRIVING UNDER THE INFLUENCE,29
2015,5,Disorderly Conduct,18
2015,5,Embezzlement,6
2015,5,Forgery and Counterfeiting,6
2015,5,Fraud,184
2015,5,Liquor Law Violations,2
2015,5,Motor Vehicle Theft,27
2015,5,Narcotic / Drug Law Violations,12
2015,5,Other Assaults,289
2015,5,Other Sex Offenses (Not Commercialized),12
2015,5,Public Drunkenness,18
2015,5,Rape,9
2015,5,Receiving Stolen Property,1
2015,5,Robbery Firearm,13
2015,5,Robbery No Firearm,24
2015,5,Theft from Vehicle,229
2015,5,Thefts,320
2015,5,Vandalism/Criminal Mischief,240
2015,5,Weapon Violations,7
2015,7,Aggravated Assault Firearm,8
2015,7,Aggravated Assault No Firearm,83
2015,7,All Other Offenses,424
2015,7,Arson,9
2015,7,Burglary Non-Residential,62
2015,7,Burglary Residential,380
2015,7,DRIVING UNDER THE INFLUENCE,63
2015,7,Disorderly Conduct,4
2015,7,Embezzlement,9
2015,7,Forgery and Counterfeiting,5
2015,7,Fraud,494
2015,7,Homicide - Criminal,2
2015,7,Liquor Law Violations,1
2015,7,Motor Vehicle Theft,26
2015,7,Narcotic / Drug Law Violations,26
2015,7,Other Assaults,444
2015,7,Other Sex Offenses (Not Commercialized),20
2015,7,Prostitution and Commercialized Vice,15
2015,7,Public Drunkenness,1
2015,7,Rape,16
2015,7,Robbery Firearm,24
2015,7,Robbery No Firearm,46
2015,7,Theft from Vehicle,369
2015,7,Thefts,529
2015,7,Vandalism/Criminal Mischief,348
2015,7,Weapon Violations,13
2015,8,Aggravated Assault Firearm,14
2015,8,Aggravated Assault No Firearm,118
2015,8,All Other Offenses,407
2015,8,Arson,4
2015,8,Burglary Non-Residential,113
2015,8,Burglary Residential,205
2015,8,DRIVING UNDER THE INFLUENCE,78
2015,8,Disorderly Conduct,13
2015,8,Embezzlement,34
2015,8,Forgery and Counterfeiting,4
2015,8,Fraud,506
2015,8,Homicide - Criminal,2
2015,8,Liquor Law Violations,9
2015,8,Motor Vehicle Theft,55
2015,8,Narcotic / Drug Law Violations,94
2015,8,Offenses Against Family and Children,3
2015,8,Other Assaults,788
2015,8,Other Sex Offenses (Not Commercialized),42
2015,8,Prostitution and Commercialized Vice,2
2015,8,Public Drunkenness,1
2015,8,Rape,43
2015,8,Receiving Stolen Property,1
2015,8,Robbery Firearm,45
2015,8,Robbery No Firearm,68
2015,8,Theft from Vehicle,533
2015,8,Thefts,932
2015,8,Vandalism/Criminal Mischief,465
2015,8,Weapon Violations,17
2015,9,Aggravated Assault Firearm,28
2015,9,Aggravated Assault No Firearm,237
2015,9,All Other Offenses,3392
2015,9,Arson,12
2015,9,Burglary Non-Residential,150
2015,9,Burglary Residential,249
2015,9,DRIVING UNDER THE INFLUENCE,134
2015,9,Disorderly Conduct,986
2015,9,Embezzlement,78
2015,9,Forgery and Counterfeiting,38
2015,9,Fraud,1550
2015,9,Homicide - Criminal,4
2015,9,Liquor Law Violations,80
2015,9,Motor Vehicle Theft,108
2015,9,Narcotic / Drug Law Violations,175
2015,9,Offenses Against Family and Children,5
2015,9,Other Assaults,1488
2015,9,Other Sex Offenses (Not Commercialized),86
2015,9,Prostitution and Commercialized Vice,41
2015,9,Public Drunkenness,208
2015,9,Rape,57
2015,9,Receiving Stolen Property,6
2015,9,Robbery Firearm,115
2015,9,Robbery No Firearm,309
2015,9,Theft from Vehicle,1208
2015,9,Thefts,3610
2015,9,Vagrancy/Loitering,541
2015,9,Vandalism/Criminal Mischief,756
2015,9,Weapon Violations,53
2015,12,Aggravated Assault Firearm,162
2015,12,Aggravated Assault No Firearm,393
2015,12,All Other Offenses,2569
2015,12,Arson,23
2015,12,Burglary Non-Residential,81
2015,12,Burglary Residential,508
2015,12,DRIVING UNDER THE INFLUENCE,221
2015,12,Disorderly Conduct,169
2015,12,Embezzlement,29
2015,12,Forgery and Counterfeiting,11
2015,12,Fraud,468
2015,12,Gambling Violations,11
2015,12,Homicide - Criminal,25
2015,12,Liquor Law Violations,5
2015,12,Motor Vehicle Theft,124
2015,12,Narcotic / Drug Law Violations,294
2015,12,Offenses Against Family and Children,4
2015,12,Other Assaults,1307
2015,12,Other Sex Offenses (Not Commercialized),44
2015,12,Prostitution and Commercialized Vice,80
2015,12,Public Drunkenness,14
2015,12,Rape,97
2015,12,Receiving Stolen Property,4
2015,12,Robbery Firearm,164
2015,12,Robbery No Firearm,223
2015,12,Theft from Vehicle,653
2015,12,Thefts,937
2015,12,Vandalism/Criminal Mischief,914
2015,12,Weapon Violations,98
2015,14,Aggravated Assault Firearm,155
2015,14,Aggravated Assault No Firearm,327
2015,14,All Other Offenses,1347
2015,14,Arson,15
2015,14,Burglary Non-Residential,48
2015,14,Burglary Residential,394
2015,14,DRIVING UNDER THE INFLUENCE,177
2015,14,Disorderly Conduct,42
2015,14,Embezzlement,5
2015,14,Forgery and Counterfeiting,20
2015,14,Fraud,838
2015,14,Gambling Violations,3
2015,14,Homicide - Criminal,13
2015,14,Motor Vehicle Theft,81
2015,14,Narcotic / Drug Law Violations,381
2015,14,Offenses Against Family and Children,10
2015,14,Other Assaults,1613
2015,14,Other Sex Offenses (Not Commercialized),54
2015,14,Prostitution and Commercialized Vice,7
2015,14,Public Drunkenness,11
2015,14,Rape,90
2015,14,Receiving Stolen Property,2
2015,14,Robbery Firearm,195
2015,14,Robbery No Firearm,169
2015,14,Theft from Vehicle,907
2015,14,Thefts,1118
2015,14,Vandalism/Criminal Mischief,1100
2015,14,Weapon Violations,83
2015,15,Aggravated Assault Firearm,160
2015,15,Aggravated Assault No Firearm,516
2015,15,All Other Offenses,2593
2015,15,Arson,36
2015,15,Burglary Non-Residential,124
2015,15,Burglary Residential,676
2015,15,DRIVING UNDER THE INFLUENCE,293
2015,15,Disorderly Conduct,241
2015,15,Embezzlement,18
2015,15,Forgery and Counterfeiting,12
2015,15,Fraud,1062
2015,15,Gambling Violations,2
2015,15,Homicide - Criminal,23
2015,15,Liquor Law Violations,97
2015,15,Motor Vehicle Theft,160
2015,15,Narcotic / Drug Law Violations,474
2015,15,Offenses Against Family and Children,26
2015,15,Other Assaults,2444
2015,15,Other Sex Offenses (Not Commercialized),102
2015,15,Prostitution and Commercialized Vice,109
2015,15,Public Drunkenness,38
2015,15,Rape,120
2015,15,Robbery Firearm,290
2015,15,Robbery No Firearm,392
2015,15,Theft from Vehicle,1105
2015,15,Thefts,1727
2015,15,Vagrancy/Loitering,245
2015,15,Vandalism/Criminal Mischief,1424
2015,15,Weapon Violations,120
2015,16,Aggravated Assault Firearm,111
2015,16,Aggravated Assault No Firearm,209
2015,16,All Other Offenses,2725
2015,16,Arson,20
2015,16,Burglary Non-Residential,26
2015,16,Burglary Residential,239
2015,16,DRIVING UNDER THE INFLUENCE,137
2015,16,Disorderly Conduct,93
2015,16,Embezzlement,6
2015,16,Forgery and Counterfeiting,10
2015,16,Fraud,403
2015,16,Gambling Violations,3
2015,16,Homicide - Criminal,11
2015,16,Liquor Law Violations,2
2015,16,Motor Vehicle Theft,40
2015,16,Narcotic / Drug Law Violations,223
2015,16,Offenses Against Family and Children,5
2015,16,Other Assaults,646
2015,16,Other Sex Offenses (Not Commercialized),30
2015,16,Prostitution and Commercialized Vice,112
2015,16,Public Drunkenness,6
2015,16,Rape,45
2015,16,Receiving Stolen Property,1
2015,16,Robbery Firearm,93
2015,16,Robbery No Firearm,151
2015,16,Theft from Vehicle,320
2015,16,Thefts,623
2015,16,Vagrancy/Loitering,25
2015,16,Vandalism/Criminal Mischief,500
2015,16,Weapon Violations,42
2015,17,Aggravated Assault Firearm,89
2015,17,Aggravated Assault No Firearm,149
2015,17,All Other Offenses,1330
2015,17,Arson,5
2015,17,Burglary Non-Residential,10
2015,17,Burglary Residential,270
2015,17,DRIVING UNDER THE INFLUENCE,78
2015,17,Disorderly Conduct,30
2015,17,Embezzlement,2
2015,17,Forgery and Counterfeiting,4
2015,17,Fraud,253
2015,17,Gambling Violations,1
2015,17,Homicide - Criminal,11
2015,17,Liquor Law Violations,1
2015,17,Motor Vehicle Theft,39
2015,17,Narcotic / Drug Law Violations,236
2015,17,Offenses Against Family and Children,2
2015,17,Other Assaults,662
2015,17,Other Sex Offenses (Not Commercialized),22
2015,17,Public Drunkenness,2
2015,17,Rape,38
2015,17,Robbery Firearm,64
2015,17,Robbery No Firearm,79
2015,17,Theft from Vehicle,501
2015,17,Thefts,524
2015,17,Vagrancy/Loitering,1
2015,17,Vandalism/Criminal Mischief,464
2015,17,Weapon Violations,43
2015,18,Aggravated Assault Firearm,123
2015,18,Aggravated Assault No Firearm,266
2015,18,All Other Offenses,3396
2015,18,Arson,18
2015,18,Burglary Non-Residential,26
2015,18,Burglary Residential,351
2015,18,DRIVING UNDER THE INFLUENCE,228
2015,18,Disorderly Conduct,148
2015,18,Embezzlement,12
2015,18,Forgery and Counterfeiting,12
2015,18,Fraud,672
2015,18,Gambling Violations,4
2015,18,Homicide - Criminal,14
2015,18,Liquor Law Violations,4
2015,18,Motor Vehicle Theft,57
2015,18,Narcotic / Drug Law Violations,256
2015,18,Offenses Against Family and Children,7
2015,18,Other Assaults,1351
2015,18,Other Sex Offenses (Not Commercialized),60
2015,18,Prostitution and Commercialized Vice,2
2015,18,Public Drunkenness,21
2015,18,Rape,58
2015,18,Receiving Stolen Property,4
2015,18,Robbery Firearm,181
2015,18,Robbery No Firearm,201
2015,18,Theft from Vehicle,518
2015,18,Thefts,1406
2015,18,Vagrancy/Loitering,7
2015,18,Vandalism/Criminal Mischief,740
2015,18,Weapon Violations,64
2015,19,Aggravated Assault Firearm,179
2015,19,Aggravated Assault No Firearm,366
2015,19,All Other Offenses,4663
2015,19,Arson,21
2015,19,Burglary Non-Residential,44
2015,19,Burglary Residential,332
2015,19,DRIVING UNDER THE INFLUENCE,326
2015,19,Disorderly Conduct,143
2015,19,Embezzlement,32
2015,19,Forgery and Counterfeiting,12
2015,19,Fraud,710
2015,19,Gambling Violations,2
2015,19,Homicide - Criminal,20
2015,19,Liquor Law Violations,6
2015,19,Motor Vehicle Theft,64
2015,19,Narcotic / Drug Law Violations,443
2015,19,Offenses Against Family and Children,11
2015,19,Other Assaults,1638
2015,19,Other Sex Offenses (Not Commercialized),70
2015,19,Prostitution and Commercialized Vice,18
2015,19,Public Drunkenness,7
2015,19,Rape,82
2015,19,Receiving Stolen Property,3
2015,19,Robbery Firearm,163
2015,19,Robbery No Firearm,168
2015,19,Theft from Vehicle,596
2015,19,Thefts,1075
2015,19,Vagrancy/Loitering,2
2015,19,Vandalism/Criminal Mischief,898
2015,19,Weapon Violations,85
2015,22,Aggravated Assault Firearm,225
2015,22,Aggravated Assault No Firearm,522
2015,22,All Other Offenses,2819
2015,22,Arson,20
2015,22,Burglary Non-Residential,55
2015,22,Burglary Residential,555
2015,22,DRIVING UNDER THE INFLUENCE,253
2015,22,Disorderly Conduct,146
2015,22,Embezzlement,3
2015,22,Forgery and Counterfeiting,7
2015,22,Fraud,786
2015,22,Gambling Violations,2
2015,22,Homicide - Criminal,25
2015,22,Homicide - Justifiable,2
2015,22,Liquor Law Violations,23
2015,22,Motor Vehicle Theft,95
2015,22,Narcotic / Drug Law Violations,532
2015,22,Offenses Against Family and Children,8
2015,22,Other Assaults,1939
2015,22,Other Sex Offenses (Not Commercialized),66
2015,22,Prostitution and Commercialized Vice,2
2015,22,Public Drunkenness,31
2015,22,Rape,113
2015,22,Receiving Stolen Property,3
2015,22,Robbery Firearm,252
2015,22,Robbery No Firearm,281
2015,22,Theft from Vehicle,791
2015,22,Thefts,1636
2015,22,Vagrancy/Loitering,14
2015,22,Vandalism/Criminal Mischief,1159
2015,22,Weapon Violations,131
2015,24,Aggravated Assault Firearm,206
2015,24,Aggravated Assault No Firearm,353
2015,24,All Other Offenses,3770
2015,24,Arson,40
2015,24,Burglary Non-Residential,176
2015,24,Burglary Residential,282
2015,24,DRIVING UNDER THE INFLUENCE,393
2015,24,Disorderly Conduct,275
2015,24,Embezzlement,27
2015,24,Forgery and Counterfeiting,13
2015,24,Fraud,605
2015,24,Gambling Violations,1
2015,24,Homicide - Criminal,29
2015,24,Liquor Law Violations,10
2015,24,Motor Vehicle Theft,140
2015,24,Narcotic / Drug Law Violations,1791
2015,24,Offenses Against Family and Children,22
2015,24,Other Assaults,1219
2015,24,Other Sex Offenses (Not Commercialized),69
2015,24,Prostitution and Commercialized Vice,305
2015,24,Public Drunkenness,37
2015,24,Rape,78
2015,24,Receiving Stolen Property,2
2015,24,Robbery Firearm,209
2015,24,Robbery No Firearm,332
2015,24,Theft from Vehicle,571
2015,24,Thefts,1327
2015,24,Vagrancy/Loitering,117
2015,24,Vandalism/Criminal Mischief,845
2015,24,Weapon Violations,94
2015,25,Aggravated Assault Firearm,222
2015,25,Aggravated Assault No Firearm,451
2015,25,All Other Offenses,1821
2015,25,Arson,28
2015,25,Burglary Non-Residential,105
2015,25,Burglary Residential,271
2015,25,DRIVING UNDER THE INFLUENCE,364
2015,25,Disorderly Conduct,92
2015,25,Embezzlement,15
2015,25,Forgery and Counterfeiting,7
2015,25,Fraud,678
2015,25,Homicide - Criminal,27
2015,25,Motor Vehicle Theft,140
2015,25,Narcotic / Drug Law Violations,1064
2015,25,Offenses Against Family and Children,12
2015,25,Other Assaults,1567
2015,25,Other Sex Offenses (Not Commercialized),86
2015,25,Prostitution and Commercialized Vice,109
2015,25,Public Drunkenness,18
2015,25,Rape,128
2015,25,Receiving Stolen Property,2
2015,25,Robbery Firearm,216
2015,25,Robbery No Firearm,260
2015,25,Theft from Vehicle,658
2015,25,Thefts,815
2015,25,Vagrancy/Loitering,7
2015,25,Vandalism/Criminal Mischief,885
2015,25,Weapon Violations,140
2015,26,Aggravated Assault Firearm,85
2015,26,Aggravated Assault No Firearm,185
2015,26,All Other Offenses,1350
2015,26,Arson,17
2015,26,Burglary Non-Residential,82
2015,26,Burglary Residential,215
2015,26,DRIVING UNDER THE INFLUENCE,170
2015,26,Disorderly Conduct,120
2015,26,Embezzlement,10
2015,26,Forgery and Counterfeiting,6
2015,26,Fraud,395
2015,26,Gambling Violations,2
2015,26,Homicide - Criminal,12
2015,26,Homicide - Justifiable,1
2015,26,Liquor Law Violations,4
2015,26,Motor Vehicle Theft,125
2015,26,Narcotic / Drug Law Violations,285
2015,26,Offenses Against Family and Children,15
2015,26,Other Assaults,814
2015,26,Other Sex Offenses (Not Commercialized),54
2015,26,Prostitution and Commercialized Vice,141
2015,26,Public Drunkenness,59
2015,26,Rape,51
2015,26,Receiving Stolen Property,2
2015,26,Robbery Firearm,94
2015,26,Robbery No Firearm,162
2015,26,Theft from Vehicle,739
2015,26,Thefts,844
2015,26,Vagrancy/Loitering,48
2015,26,Vandalism/Criminal Mischief,652
2015,26,Weapon Violations,58
2015,35,Aggravated Assault Firearm,177
2015,35,Aggravated Assault No Firearm,339
2015,35,All Other Offenses,2385
2015,35,Arson,19
2015,35,Burglary Non-Residential,54
2015,35,Burglary Residential,485
2015,35,DRIVING UNDER THE INFLUENCE,269
2015,35,Disorderly Conduct,91
2015,35,Embezzlement,12
2015,35,Forgery and Counterfeiting,9
2015,35,Fraud,847
2015,35,Gambling Violations,2
2015,35,Homicide - Criminal,20
2015,35,Liquor Law Violations,4
2015,35,Motor Vehicle Theft,116
2015,35,Narcotic / Drug Law Violations,406
2015,35,Offenses Against Family and Children,7
2015,35,Other Assaults,1522
2015,35,Other Sex Offenses (Not Commercialized),70
2015,35,Prostitution and Commercialized Vice,50
2015,35,Public Drunkenness,14
2015,35,Rape,94
2015,35,Receiving Stolen Property,2
2015,35,Robbery Firearm,252
2015,35,Robbery No Firearm,264
2015,35,Theft from Vehicle,646
2015,35,Thefts,976
2015,35,Vagrancy/Loitering,24
2015,35,Vandalism/Criminal Mischief,1100
2015,35,Weapon Violations,112
2015,39,Aggravated Assault Firearm,162
2015,39,Aggravated Assault No Firearm,290
2015,39,All Other Offenses,1676
2015,39,Arson,15
2015,39,Burglary Non-Residential,85
2015,39,Burglary Residential,304
2015,39,DRIVING UNDER THE INFLUENCE,132
2015,39,Disorderly Conduct,57
2015,39,Embezzlement,15
2015,39,Forgery and Counterfeiting,3
2015,39,Fraud,606
2015,39,Gambling Violations,9
2015,39,Homicide - Criminal,23
2015,39,Liquor Law Violations,2
2015,39,Motor Vehicle Theft,74
2015,39,Narcotic / Drug Law Violations,350
2015,39,Offenses Against Family and Children,4
2015,39,Other Assaults,1059
2015,39,Other Sex Offenses (Not Commercialized),49
2015,39,Prostitution and Commercialized Vice,2
2015,39,Public Drunkenness,8
2015,39,Rape,73
2015,39,Robbery Firearm,183
2015,39,Robbery No Firearm,151
2015,39,Theft from Vehicle,579
2015,39,Thefts,840
2015,39,Vagrancy/Loitering,2
2015,39,Vandalism/Criminal Mischief,811
2015,39,Weapon Violations,64
2015,77,All Other Offenses,5
2015,77,Embezzlement,5
2015,77,Fraud,35
2015,77,Narcotic / Drug Law Violations,1
2015,77,Other Assaults,4
2015,77,Theft from Vehicle,7
2015,77,Thefts,82
2015,77,Vandalism/Criminal Mischief,3
2016,1,Aggravated Assault Firearm,45
2016,1,Aggravated Assault No Firearm,118
2016,1,All Other Offenses,465
2016,1,Arson,9
2016,1,Burglary Non-Residential,23
2016,1,Burglary Residential,125
2016,1,DRIVING UNDER THE INFLUENCE,93
2016,1,Disorderly Conduct,27
2016,1,Embezzlement,11
2016,1,Forgery and Counterfeiting,5
2016,1,Fraud,201
2016,1,Homicide - Criminal,2
2016,1,Motor Vehicle Theft,19
2016,1,Narcotic / Drug Law Violations,93
2016,1,Offenses Against Family and Children,1
2016,1,Other Assaults,415
2016,1,Other Sex Offenses (Not Commercialized),10
2016,1,Prostitution and Commercialized Vice,1
2016,1,Rape,25
2016,1,Receiving Stolen Property,1
2016,1,Robbery Firearm,46
2016,1,Robbery No Firearm,88
2016,1,Theft from Vehicle,302
2016,1,Thefts,565
2016,1,Vagrancy/Loitering,1
2016,1,Vandalism/Criminal Mischief,363
2016,1,Weapon Violations,43
2016,2,Aggravated Assault Firearm,75
2016,2,Aggravated Assault No Firearm,207
2016,2,All Other Offenses,1548
2016,2,Arson,23
2016,2,Burglary Non-Residential,62
2016,2,Burglary Residential,320
2016,2,DRIVING UNDER THE INFLUENCE,149
2016,2,Disorderly Conduct,39
2016,2,Embezzlement,31
2016,2,Forgery and Counterfeiting,4
2016,2,Fraud,553
2016,2,Homicide - Criminal,5
2016,2,Motor Vehicle Theft,85
2016,2,Narcotic / Drug Law Violations,220
2016,2,Offenses Against Family and Children,6
2016,2,Other Assaults,1118
2016,2,Other Sex Offenses (Not Commercialized),52
2016,2,Prostitution and Commercialized Vice,11
2016,2,Public Drunkenness,2
2016,2,Rape,51
2016,2,Receiving Stolen Property,1
2016,2,Robbery Firearm,172
2016,2,Robbery No Firearm,211
2016,2,Theft from Vehicle,875
2016,2,Thefts,1442
2016,2,Vandalism/Criminal Mischief,897
2016,2,Weapon Violations,49
2016,3,Aggravated Assault Firearm,37
2016,3,Aggravated Assault No Firearm,214
2016,3,All Other Offenses,973
2016,3,Arson,15
2016,3,Burglary Non-Residential,50
2016,3,Burglary Residential,214
2016,3,DRIVING UNDER THE INFLUENCE,229
2016,3,Disorderly Conduct,83
2016,3,Embezzlement,40
2016,3,Forgery and Counterfeiting,20
2016,3,Fraud,505
2016,3,Gambling Violations,2
2016,3,Homicide - Criminal,2
2016,3,Liquor Law Violations,16
2016,3,Motor Vehicle Theft,68
2016,3,Narcotic / Drug Law Violations,196
2016,3,Offenses Against Family and Children,2
2016,3,Other Assaults,1067
2016,3,Other Sex Offenses (Not Commercialized),47
2016,3,Prostitution and Commercialized Vice,47
2016,3,Public Drunkenness,12
2016,3,Rape,47
2016,3,Receiving Stolen Property,1
2016,3,Robbery Firearm,86
2016,3,Robbery No Firearm,196
2016,3,Theft from Vehicle,803
2016,3,Thefts,1231
2016,3,Vagrancy/Loitering,1
2016,3,Vandalism/Criminal Mischief,683
2016,3,Weapon Violations,46
2016,5,Aggravated Assault Firearm,6
2016,5,Aggravated Assault No Firearm,47
2016,5,All Other Offenses,284
2016,5,Arson,2
2016,5,Burglary Non-Residential,32
2016,5,Burglary Residential,139
2016,5,DRIVING UNDER THE INFLUENCE,31
2016,5,Disorderly Conduct,12
2016,5,Embezzlement,6
2016,5,Forgery and Counterfeiting,4
2016,5,Fraud,240
2016,5,Liquor Law Violations,1
2016,5,Motor Vehicle Theft,41
2016,5,Narcotic / Drug Law Violations,19
2016,5,Other Assaults,337
2016,5,Other Sex Offenses (Not Commercialized),12
2016,5,Public Drunkenness,11
2016,5,Rape,11
2016,5,Robbery Firearm,21
2016,5,Robbery No Firearm,15
2016,5,Theft from Vehicle,331
2016,5,Thefts,379
2016,5,Vandalism/Criminal Mischief,273
2016,5,Weapon Violations,18
2016,7,Aggravated Assault Firearm,14
2016,7,Aggravated Assault No Firearm,70
2016,7,All Other Offenses,428
2016,7,Arson,2
2016,7,Burglary Non-Residential,51
2016,7,Burglary Residential,214
2016,7,DRIVING UNDER THE INFLUENCE,41
2016,7,Disorderly Conduct,11
2016,7,Embezzlement,11
2016,7,Forgery and Counterfeiting,6
2016,7,Fraud,416
2016,7,Homicide - Criminal,1
2016,7,Motor Vehicle Theft,27
2016,7,Narcotic / Drug Law Violations,24
2016,7,Offenses Against Family and Children,2
2016,7,Other Assaults,427
2016,7,Other Sex Offenses (Not Commercialized),31
2016,7,Prostitution and Commercialized Vice,8
2016,7,Rape,21
2016,7,Robbery Firearm,15
2016,7,Robbery No Firearm,49
2016,7,Theft from Vehicle,434
2016,7,Thefts,574
2016,7,Vandalism/Criminal Mischief,349
2016,7,Weapon Violations,20
2016,8,Aggravated Assault Firearm,25
2016,8,Aggravated Assault No Firearm,129
2016,8,All Other Offenses,447
2016,8,Arson,9
2016,8,Burglary Non-Residential,91
2016,8,Burglary Residential,216
2016,8,DRIVING UNDER THE INFLUENCE,84
2016,8,Disorderly Conduct,19
2016,8,Embezzlement,23
2016,8,Forgery and Counterfeiting,11
2016,8,Fraud,476
2016,8,Homicide - Criminal,7
2016,8,Liquor Law Violations,22
2016,8,Motor Vehicle Theft,56
2016,8,Narcotic / Drug Law Violations,89
2016,8,Offenses Against Family and Children,1
2016,8,Other Assaults,792
2016,8,Other Sex Offenses (Not Commercialized),42
2016,8,Prostitution and Commercialized Vice,3
2016,8,Public Drunkenness,1
2016,8,Rape,34
2016,8,Robbery Firearm,40
2016,8,Robbery No Firearm,53
2016,8,Theft from Vehicle,646
2016,8,Thefts,837
2016,8,Vandalism/Criminal Mischief,458
2016,8,Weapon Violations,13
2016,9,Aggravated Assault Firearm,34
2016,9,Aggravated Assault No Firearm,288
2016,9,All Other Offenses,2560
2016,9,Arson,15
2016,9,Burglary Non-Residential,158
2016,9,Burglary Residential,261
2016,9,DRIVING UNDER THE INFLUENCE,127
2016,9,Disorderly Conduct,432
2016,9,Embezzlement,56
2016,9,Forgery and Counterfeiting,44
2016,9,Fraud,1385
2016,9,Homicide - Criminal,5
2016,9,Liquor Law Violations,51
2016,9,Motor Vehicle Theft,75
2016,9,Narcotic / Drug Law Violations,258
2016,9,Offenses Against Family and Children,2
2016,9,Other Assaults,1556
2016,9,Other Sex Offenses (Not Commercialized),66
2016,9,Prostitution and Commercialized Vice,37
2016,9,Public Drunkenness,150
2016,9,Rape,61
2016,9,Receiving Stolen Property,2
2016,9,Robbery Firearm,114
2016,9,Robbery No Firearm,305
2016,9,Theft from Vehicle,1047
2016,9,Thefts,3861
2016,9,Vagrancy/Loitering,3
2016,9,Vandalism/Criminal Mischief,842
2016,9,Weapon Violations,59
2016,12,Aggravated Assault Firearm,164
2016,12,Aggravated Assault No Firearm,368
2016,12,All Other Offenses,1418
2016,12,Arson,31
2016,12,Burglary Non-Residential,97
2016,12,Burglary Residential,443
2016,12,DRIVING UNDER THE INFLUENCE,171
2016,12,Disorderly Conduct,74
2016,12,Embezzlement,19
2016,12,Forgery and Counterfeiting,11
2016,12,Fraud,482
2016,12,Gambling Violations,2
2016,12,Homicide - Criminal,14
2016,12,Liquor Law Violations,2
2016,12,Motor Vehicle Theft,143
2016,12,Narcotic / Drug Law Violations,191
2016,12,Offenses Against Family and Children,7
2016,12,Other Assaults,1383
2016,12,Other Sex Offenses (Not Commercialized),44
2016,12,Prostitution and Commercialized Vice,40
2016,12,Public Drunkenness,5
2016,12,Rape,67
2016,12,Receiving Stolen Property,3
2016,12,Robbery Firearm,181
2016,12,Robbery No Firearm,175
2016,12,Theft from Vehicle,641
2016,12,Thefts,799
2016,12,Vagrancy/Loitering,2
2016,12,Vandalism/Criminal Mischief,969
2016,12,Weapon Violations,135
2016,14,Aggravated Assault Firearm,132
2016,14,Aggravated Assault No Firearm,275
2016,14,All Other Offenses,1079
2016,14,Arson,18
2016,14,Burglary Non-Residential,58
2016,14,Burglary Residential,304
2016,14,DRIVING UNDER THE INFLUENCE,141
2016,14,Disorderly Conduct,25
2016,14,Embezzlement,16
2016,14,Forgery and Counterfeiting,29
2016,14,Fraud,749
2016,14,Gambling Violations,3
2016,14,Homicide - Criminal,15
2016,14,Motor Vehicle Theft,94
2016,14,Narcotic / Drug Law Violations,399
2016,14,Offenses Against Family and Children,1
2016,14,Other Assaults,1715
2016,14,Other Sex Offenses (Not Commercialized),69
2016,14,Prostitution and Commercialized Vice,2
2016,14,Public Drunkenness,2
2016,14,Rape,65
2016,14,Receiving Stolen Property,1
2016,14,Robbery Firearm,147
2016,14,Robbery No Firearm,150
2016,14,Theft from Vehicle,904
2016,14,Thefts,1066
2016,14,Vandalism/Criminal Mischief,1142
2016,14,Weapon Violations,123
2016,15,Aggravated Assault Firearm,233
2016,15,Aggravated Assault No Firearm,498
2016,15,All Other Offenses,2607
2016,15,Arson,49
2016,15,Burglary Non-Residential,143
2016,15,Burglary Residential,554
2016,15,DRIVING UNDER THE INFLUENCE,228
2016,15,Disorderly Conduct,154
2016,15,Embezzlement,22
2016,15,Forgery and Counterfeiting,13
2016,15,Fraud,959
2016,15,Homicide - Criminal,17
2016,15,Liquor Law Violations,8
2016,15,Motor Vehicle Theft,162
2016,15,Narcotic / Drug Law Violations,436
2016,15,Offenses Against Family and Children,10
2016,15,Other Assaults,2469
2016,15,Other Sex Offenses (Not Commercialized),96
2016,15,Prostitution and Commercialized Vice,120
2016,15,Public Drunkenness,26
2016,15,Rape,122
2016,15,Receiving Stolen Property,5
2016,15,Robbery Firearm,232
2016,15,Robbery No Firearm,333
2016,15,Theft from Vehicle,1227
2016,15,Thefts,1587
2016,15,Vagrancy/Loitering,1
2016,15,Vandalism/Criminal Mischief,1500
2016,15,Weapon Violations,114
2016,16,Aggravated Assault Firearm,77
2016,16,Aggravated Assault No Firearm,221
2016,16,All Other Offenses,1623
2016,16,Arson,21
2016,16,Burglary Non-Residential,41
2016,16,Burglary Residential,153
2016,16,DRIVING UNDER THE INFLUENCE,117
2016,16,Disorderly Conduct,58
2016,16,Embezzlement,4
2016,16,Forgery and Counterfeiting,3
2016,16,Fraud,344
2016,16,Homicide - Criminal,13
2016,16,Liquor Law Violations,2
2016,16,Motor Vehicle Theft,47
2016,16,Narcotic / Drug Law Violations,269
2016,16,Offenses Against Family and Children,5
2016,16,Other Assaults,706
2016,16,Other Sex Offenses (Not Commercialized),25
2016,16,Prostitution and Commercialized Vice,70
2016,16,Public Drunkenness,6
2016,16,Rape,54
2016,16,Receiving Stolen Property,3
2016,16,Robbery Firearm,91
2016,16,Robbery No Firearm,116
2016,16,Theft from Vehicle,246
2016,16,Thefts,618
2016,16,Vandalism/Criminal Mischief,482
2016,16,Weapon Violations,90
2016,17,Aggravated Assault Firearm,79
2016,17,Aggravated Assault No Firearm,172
2016,17,All Other Offenses,685
2016,17,Arson,7
2016,17,Burglary Non-Residential,14
2016,17,Burglary Residential,195
2016,17,DRIVING UNDER THE INFLUENCE,92
2016,17,Disorderly Conduct,17
2016,17,Embezzlement,4
2016,17,Forgery and Counterfeiting,4
2016,17,Fraud,244
2016,17,Homicide - Criminal,8
2016,17,Motor Vehicle Theft,37
2016,17,Narcotic / Drug Law Violations,211
2016,17,Offenses Against Family and Children,5
2016,17,Other Assaults,574
2016,17,Other Sex Offenses (Not Commercialized),19
2016,17,Prostitution and Commercialized Vice,3
2016,17,Public Drunkenness,1
2016,17,Rape,21
2016,17,Receiving Stolen Property,3
2016,17,Robbery Firearm,60
2016,17,Robbery No Firearm,96
2016,17,Theft from Vehicle,379
2016,17,Thefts,480
2016,17,Vandalism/Criminal Mischief,471
2016,17,Weapon Violations,57
2016,18,Aggravated Assault Firearm,135
2016,18,Aggravated Assault No Firearm,334
2016,18,All Other Offenses,2010
2016,18,Arson,16
2016,18,Burglary Non-Residential,62
2016,18,Burglary Residential,307
2016,18,DRIVING UNDER THE INFLUENCE,302
2016,18,Disorderly Conduct,117
2016,18,Embezzlement,6
2016,18,Forgery and Counterfeiting,17
2016,18,Fraud,540
2016,18,Gambling Violations,1
2016,18,Homicide - Criminal,13
2016,18,Homicide - Justifiable,1
2016,18,Liquor Law Violations,4
2016,18,Motor Vehicle Theft,48
2016,18,Narcotic / Drug Law Violations,387
2016,18,Offenses Against Family and Children,2
2016,18,Other Assaults,1465
2016,18,Other Sex Offenses (Not Commercialized),33
2016,18,Prostitution and Commercialized Vice,3
2016,18,Public Drunkenness,31
2016,18,Rape,69
2016,18,Receiving Stolen Property,1
2016,18,Robbery Firearm,163
2016,18,Robbery No Firearm,196
2016,18,Theft from Vehicle,454
2016,18,Thefts,1294
2016,18,Vandalism/Criminal Mischief,707
2016,18,Weapon Violations,108
2016,19,Aggravated Assault Firearm,157
2016,19,Aggravated Assault No Firearm,374
2016,19,All Other Offenses,3026
2016,19,Arson,29
2016,19,Burglary Non-Residential,50
2016,19,Burglary Residential,317
2016,19,DRIVING UNDER THE INFLUENCE,315
2016,19,Disorderly Conduct,59
2016,19,Embezzlement,18
2016,19,Forgery and Counterfeiting,7
2016,19,Fraud,650
2016,19,Gambling Violations,1
2016,19,Homicide - Criminal,17
2016,19,Motor Vehicle Theft,64
2016,19,Narcotic / Drug Law Violations,647
2016,19,Offenses Against Family and Children,10
2016,19,Other Assaults,1613
2016,19,Other Sex Offenses (Not Commercialized),48
2016,19,Prostitution and Commercialized Vice,13
2016,19,Public Drunkenness,14
2016,19,Rape,79
2016,19,Receiving Stolen Property,4
2016,19,Robbery Firearm,169
2016,19,Robbery No Firearm,154
2016,19,Theft from Vehicle,586
2016,19,Thefts,1022
2016,19,Vandalism/Criminal Mischief,891
2016,19,Weapon Violations,147
2016,22,Aggravated Assault Firearm,205
2016,22,Aggravated Assault No Firearm,459
2016,22,All Other Offenses,1722
2016,22,Arson,27
2016,22,Burglary Non-Residential,67
2016,22,Burglary Residential,494
2016,22,DRIVING UNDER THE INFLUENCE,228
2016,22,Disorderly Conduct,80
2016,22,Embezzlement,8
2016,22,Forgery and Counterfeiting,10
2016,22,Fraud,823
2016,22,Gambling Violations,27
2016,22,Homicide - Criminal,29
2016,22,Liquor Law Violations,14
2016,22,Motor Vehicle Theft,82
2016,22,Narcotic / Drug Law Violations,647
2016,22,Offenses Against Family and Children,6
2016,22,Other Assaults,1927
2016,22,Other Sex Offenses (Not Commercialized),55
2016,22,Prostitution and Commercialized Vice,6
2016,22,Public Drunkenness,24
2016,22,Rape,104
2016,22,Receiving Stolen Property,4
2016,22,Robbery Firearm,245
2016,22,Robbery No Firearm,273
2016,22,Theft from Vehicle,830
2016,22,Thefts,1502
2016,22,Vandalism/Criminal Mischief,1216
2016,22,Weapon Violations,156
2016,24,Aggravated Assault Firearm,166
2016,24,Aggravated Assault No Firearm,351
2016,24,All Other Offenses,3144
2016,24,Arson,36
2016,24,Burglary Non-Residential,110
2016,24,Burglary Residential,253
2016,24,DRIVING UNDER THE INFLUENCE,449
2016,24,Disorderly Conduct,167
2016,24,Embezzlement,21
2016,24,Forgery and Counterfeiting,10
2016,24,Fraud,586
2016,24,Homicide - Criminal,30
2016,24,Motor Vehicle Theft,111
2016,24,Narcotic / Drug Law Violations,1899
2016,24,Offenses Against Family and Children,12
2016,24,Other Assaults,1290
2016,24,Other Sex Offenses (Not Commercialized),47
2016,24,Prostitution and Commercialized Vice,285
2016,24,Public Drunkenness,22
2016,24,Rape,80
2016,24,Receiving Stolen Property,6
2016,24,Robbery Firearm,152
2016,24,Robbery No Firearm,311
2016,24,Theft from Vehicle,732
2016,24,Thefts,1455
2016,24,Vagrancy/Loitering,3
2016,24,Vandalism/Criminal Mischief,849
2016,24,Weapon Violations,134
2016,25,Aggravated Assault Firearm,242
2016,25,Aggravated Assault No Firearm,388
2016,25,All Other Offenses,2017
2016,25,Arson,41
2016,25,Burglary Non-Residential,87
2016,25,Burglary Residential,216
2016,25,DRIVING UNDER THE INFLUENCE,324
2016,25,Disorderly Conduct,60
2016,25,Embezzlement,12
2016,25,Forgery and Counterfeiting,10
2016,25,Fraud,639
2016,25,Homicide - Criminal,40
2016,25,Liquor Law Violations,1
2016,25,Motor Vehicle Theft,117
2016,25,Narcotic / Drug Law Violations,1000
2016,25,Offenses Against Family and Children,9
2016,25,Other Assaults,1495
2016,25,Other Sex Offenses (Not Commercialized),80
2016,25,Prostitution and Commercialized Vice,122
2016,25,Public Drunkenness,21
2016,25,Rape,118
2016,25,Receiving Stolen Property,5
2016,25,Robbery Firearm,217
2016,25,Robbery No Firearm,234
2016,25,Theft from Vehicle,721
2016,25,Thefts,753
2016,25,Vagrancy/Loitering,2
2016,25,Vandalism/Criminal Mischief,936
2016,25,Weapon Violations,229
2016,26,Aggravated Assault Firearm,54
2016,26,Aggravated Assault No Firearm,211
2016,26,All Other Offenses,740
2016,26,Arson,18
2016,26,Burglary Non-Residential,76
2016,26,Burglary Residential,295
2016,26,DRIVING UNDER THE INFLUENCE,175
2016,26,Disorderly Conduct,35
2016,26,Embezzlement,17
2016,26,Forgery and Counterfeiting,1
2016,26,Fraud,355
2016,26,Homicide - Criminal,6
2016,26,Liquor Law Violations,1
2016,26,Motor Vehicle Theft,98
2016,26,Narcotic / Drug Law Violations,232
2016,26,Offenses Against Family and Children,4
2016,26,Other Assaults,844
2016,26,Other Sex Offenses (Not Commercialized),44
2016,26,Prostitution and Commercialized Vice,120
2016,26,Public Drunkenness,28
2016,26,Rape,40
2016,26,Receiving Stolen Property,2
2016,26,Robbery Firearm,87
2016,26,Robbery No Firearm,141
2016,26,Theft from Vehicle,991
2016,26,Thefts,1048
2016,26,Vandalism/Criminal Mischief,717
2016,26,Weapon Violations,60
2016,35,Aggravated Assault Firearm,174
2016,35,Aggravated Assault No Firearm,280
2016,35,All Other Offenses,1538
2016,35,Arson,22
2016,35,Burglary Non-Residential,53
2016,35,Burglary Residential,310
2016,35,DRIVING UNDER THE INFLUENCE,210
2016,35,Disorderly Conduct,72
2016,35,Embezzlement,9
2016,35,Forgery and Counterfeiting,9
2016,35,Fraud,902
2016,35,Gambling Violations,3
2016,35,Homicide - Criminal,17
2016,35,Motor Vehicle Theft,95
2016,35,Narcotic / Drug Law Violations,380
2016,35,Offenses Against Family and Children,18
2016,35,Other Assaults,1370
2016,35,Other Sex Offenses (Not Commercialized),57
2016,35,Prostitution and Commercialized Vice,27
2016,35,Public Drunkenness,17
2016,35,Rape,86
2016,35,Receiving Stolen Property,4
2016,35,Robbery Firearm,233
2016,35,Robbery No Firearm,204
2016,35,Theft from Vehicle,795
2016,35,Thefts,919
2016,35,Vagrancy/Loitering,3
2016,35,Vandalism/Criminal Mischief,990
2016,35,Weapon Violations,177
2016,39,Aggravated Assault Firearm,182
2016,39,Aggravated Assault No Firearm,338
2016,39,All Other Offenses,1221
2016,39,Arson,23
2016,39,Burglary Non-Residential,65
2016,39,Burglary Residential,265
2016,39,DRIVING UNDER THE INFLUENCE,189
2016,39,Disorderly Conduct,37
2016,39,Embezzlement,25
2016,39,Forgery and Counterfeiting,6
2016,39,Fraud,652
2016,39,Gambling Violations,3
2016,39,Homicide - Criminal,27
2016,39,Liquor Law Violations,1
2016,39,Motor Vehicle Theft,63
2016,39,Narcotic / Drug Law Violations,392
2016,39,Offenses Against Family and Children,7
2016,39,Other Assaults,1203
2016,39,Other Sex Offenses (Not Commercialized),47
2016,39,Prostitution and Commercialized Vice,2
2016,39,Public Drunkenness,4
2016,39,Rape,76
2016,39,Receiving Stolen Property,1
2016,39,Robbery Firearm,174
2016,39,Robbery No Firearm,165
2016,39,Theft from Vehicle,780
2016,39,Thefts,851
2016,39,Vandalism/Criminal Mischief,916
2016,39,Weapon Violations,116
2016,77,Aggravated Assault No Firearm,1
2016,77,All Other Offenses,3
2016,77,Burglary Non-Residential,1
2016,77,Disorderly Conduct,2
2016,77,Embezzlement,7
2016,77,Fraud,43
2016,77,Motor Vehicle Theft,16
2016,77,Other Assaults,7
2016,77,Theft from Vehicle,7
2016,77,Thefts,93
2016,77,Vandalism/Criminal Mischief,3
2016,77,Weapon Violations,3
2017,1,Aggravated Assault Firearm,44
2017,1,Aggravated Assault No Firearm,110
2017,1,All Other Offenses,352
2017,1,Arson,2
2017,1,Burglary Non-Residential,28
2017,1,Burglary Residential,91
2017,1,DRIVING UNDER THE INFLUENCE,57
2017,1,Disorderly Conduct,8
2017,1,Embezzlement,12
2017,1,Forgery and Counterfeiting,5
2017,1,Fraud,220
2017,1,Gambling Violations,2
2017,1,Homicide - Criminal,2
2017,1,Liquor Law Violations,1
2017,1,Motor Vehicle Theft,39
2017,1,Narcotic / Drug Law Violations,95
2017,1,Offenses Against Family and Children,4
2017,1,Other Assaults,378
2017,1,Other Sex Offenses (Not Commercialized),18
2017,1,Prostitution and Commercialized Vice,3
2017,1,Public Drunkenness,1
2017,1,Rape,22
2017,1,Robbery Firearm,23
2017,1,Robbery No Firearm,70
2017,1,Theft from Vehicle,242
2017,1,Thefts,454
2017,1,Vandalism/Criminal Mischief,292
2017,1,Weapon Violations,25
2017,2,Aggravated Assault Firearm,77
2017,2,Aggravated Assault No Firearm,170
2017,2,All Other Offenses,1308
2017,2,Arson,16
2017,2,Burglary Non-Residential,62
2017,2,Burglary Residential,271
2017,2,DRIVING UNDER THE INFLUENCE,150
2017,2,Disorderly Conduct,18
2017,2,Embezzlement,28
2017,2,Forgery and Counterfeiting,10
2017,2,Fraud,500
2017,2,Homicide - Criminal,9
2017,2,Motor Vehicle Theft,74
2017,2,Narcotic / Drug Law Violations,208
2017,2,Offenses Against Family and Children,3
2017,2,Other Assaults,1025
2017,2,Other Sex Offenses (Not Commercialized),45
2017,2,Prostitution and Commercialized Vice,6
2017,2,Rape,48
2017,2,Receiving Stolen Property,2
2017,2,Robbery Firearm,154
2017,2,Robbery No Firearm,195
2017,2,Theft from Vehicle,857
2017,2,Thefts,1354
2017,2,Vagrancy/Loitering,1
2017,2,Vandalism/Criminal Mischief,852
2017,2,Weapon Violations,54
2017,3,Aggravated Assault Firearm,42
2017,3,Aggravated Assault No Firearm,215
2017,3,All Other Offenses,897
2017,3,Arson,14
2017,3,Burglary Non-Residential,66
2017,3,Burglary Residential,234
2017,3,DRIVING UNDER THE INFLUENCE,220
2017,3,Disorderly Conduct,30
2017,3,Embezzlement,38
2017,3,Forgery and Counterfeiting,20
2017,3,Fraud,559
2017,3,Homicide - Criminal,11
2017,3,Liquor Law Violations,14
2017,3,Motor Vehicle Theft,98
2017,3,Narcotic / Drug Law Violations,198
2017,3,Offenses Against Family and Children,5
2017,3,Other Assaults,984
2017,3,Other Sex Offenses (Not Commercialized),53
2017,3,Prostitution and Commercialized Vice,37
2017,3,Public Drunkenness,1
2017,3,Rape,37
2017,3,Robbery Firearm,77
2017,3,Robbery No Firearm,193
2017,3,Theft from Vehicle,864
2017,3,Thefts,1372
2017,3,Vandalism/Criminal Mischief,581
2017,3,Weapon Violations,30
2017,5,Aggravated Assault Firearm,5
2017,5,Aggravated Assault No Firearm,64
2017,5,All Other Offenses,313
2017,5,Arson,4
2017,5,Burglary Non-Residential,26
2017,5,Burglary Residential,69
2017,5,DRIVING UNDER THE INFLUENCE,21
2017,5,Disorderly Conduct,16
2017,5,Embezzlement,20
2017,5,Forgery and Counterfeiting,7
2017,5,Fraud,234
2017,5,Gambling Violations,1
2017,5,Homicide - Criminal,1
2017,5,Liquor Law Violations,5
2017,5,Motor Vehicle Theft,29
2017,5,Narcotic / Drug Law Violations,27
2017,5,Offenses Against Family and Children,2
2017,5,Other Assaults,366
2017,5,Other Sex Offenses (Not Commercialized),15
2017,5,Public Drunkenness,6
2017,5,Rape,8
2017,5,Robbery Firearm,17
2017,5,Robbery No Firearm,29
2017,5,Theft from Vehicle,288
2017,5,Thefts,389
2017,5,Vagrancy/Loitering,1
2017,5,Vandalism/Criminal Mischief,267
2017,5,Weapon Violations,4
2017,7,Aggravated Assault Firearm,14
2017,7,Aggravated Assault No Firearm,65
2017,7,All Other Offenses,325
2017,7,Arson,3
2017,7,Burglary Non-Residential,64
2017,7,Burglary Residential,152
2017,7,DRIVING UNDER THE INFLUENCE,46
2017,7,Disorderly Conduct,3
2017,7,Embezzlement,20
2017,7,Forgery and Counterfeiting,10
2017,7,Fraud,416
2017,7,Motor Vehicle Theft,20
2017,7,Narcotic / Drug Law Violations,23
2017,7,Offenses Against Family and Children,3
2017,7,Other Assaults,395
2017,7,Other Sex Offenses (Not Commercialized),25
2017,7,Prostitution and Commercialized Vice,12
2017,7,Rape,19
2017,7,Robbery Firearm,23
2017,7,Robbery No Firearm,45
2017,7,Theft from Vehicle,378
2017,7,Thefts,486
2017,7,Vandalism/Criminal Mischief,295
2017,7,Weapon Violations,12
2017,8,Aggravated Assault Firearm,25
2017,8,Aggravated Assault No Firearm,129
2017,8,All Other Offenses,398
2017,8,Arson,9
2017,8,Burglary Non-Residential,74
2017,8,Burglary Residential,176
2017,8,DRIVING UNDER THE INFLUENCE,84
2017,8,Disorderly Conduct,6
2017,8,Embezzlement,39
2017,8,Forgery and Counterfeiting,7
2017,8,Fraud,467
2017,8,Homicide - Criminal,2
2017,8,Liquor Law Violations,30
2017,8,Motor Vehicle Theft,36
2017,8,Narcotic / Drug Law Violations,92
2017,8,Offenses Against Family and Children,3
2017,8,Other Assaults,787
2017,8,Other Sex Offenses (Not Commercialized),31
2017,8,Prostitution and Commercialized Vice,1
2017,8,Rape,24
2017,8,Robbery Firearm,27
2017,8,Robbery No Firearm,65
2017,8,Theft from Vehicle,484
2017,8,Thefts,753
2017,8,Vagrancy/Loitering,1
2017,8,Vandalism/Criminal Mischief,429
2017,8,Weapon Violations,14
2017,9,Aggravated Assault Firearm,41
2017,9,Aggravated Assault No Firearm,260
2017,9,All Other Offenses,1891
2017,9,Arson,22
2017,9,Burglary Non-Residential,183
2017,9,Burglary Residential,267
2017,9,DRIVING UNDER THE INFLUENCE,114
2017,9,Disorderly Conduct,170
2017,9,Embezzlement,62
2017,9,Forgery and Counterfeiting,32
2017,9,Fraud,1367
2017,9,Homicide - Criminal,6
2017,9,Liquor Law Violations,22
2017,9,Motor Vehicle Theft,63
2017,9,Narcotic / Drug Law Violations,363
2017,9,Other Assaults,1446
2017,9,Other Sex Offenses (Not Commercialized),118
2017,9,Prostitution and Commercialized Vice,39
2017,9,Public Drunkenness,68
2017,9,Rape,64
2017,9,Receiving Stolen Property,3
2017,9,Robbery Firearm,82
2017,9,Robbery No Firearm,308
2017,9,Theft from Vehicle,1145
2017,9,Thefts,3946
2017,9,Vagrancy/Loitering,1
2017,9,Vandalism/Criminal Mischief,860
2017,9,Weapon Violations,84
2017,12,Aggravated Assault Firearm,167
2017,12,Aggravated Assault No Firearm,368
2017,12,All Other Offenses,1695
2017,12,Arson,30
2017,12,Burglary Non-Residential,104
2017,12,Burglary Residential,367
2017,12,DRIVING UNDER THE INFLUENCE,177
2017,12,Disorderly Conduct,47
2017,12,Embezzlement,29
2017,12,Forgery and Counterfeiting,5
2017,12,Fraud,444
2017,12,Gambling Violations,2
2017,12,Homicide - Criminal,23
2017,12,Liquor Law Violations,1
2017,12,Motor Vehicle Theft,123
2017,12,Narcotic / Drug Law Violations,281
2017,12,Offenses Against Family and Children,7
2017,12,Other Assaults,1255
2017,12,Other Sex Offenses (Not Commercialized),30
2017,12,Prostitution and Commercialized Vice,40
2017,12,Public Drunkenness,1
2017,12,Rape,63
2017,12,Robbery Firearm,173
2017,12,Robbery No Firearm,180
2017,12,Theft from Vehicle,668
2017,12,Thefts,823
2017,12,Vagrancy/Loitering,3
2017,12,Vandalism/Criminal Mischief,949
2017,12,Weapon Violations,150
2017,14,Aggravated Assault Firearm,165
2017,14,Aggravated Assault No Firearm,307
2017,14,All Other Offenses,1317
2017,14,Arson,22
2017,14,Burglary Non-Residential,63
2017,14,Burglary Residential,317
2017,14,DRIVING UNDER THE INFLUENCE,125
2017,14,Disorderly Conduct,42
2017,14,Embezzlement,19
2017,14,Forgery and Counterfeiting,14
2017,14,Fraud,736
2017,14,Gambling Violations,3
2017,14,Homicide - Criminal,21
2017,14,Liquor Law Violations,1
2017,14,Motor Vehicle Theft,74
2017,14,Narcotic / Drug Law Violations,390
2017,14,Offenses Against Family and Children,8
2017,14,Other Assaults,1742
2017,14,Other Sex Offenses (Not Commercialized),44
2017,14,Prostitution and Commercialized Vice,8
2017,14,Public Drunkenness,4
2017,14,Rape,89
2017,14,Receiving Stolen Property,1
2017,14,Robbery Firearm,163
2017,14,Robbery No Firearm,140
2017,14,Theft from Vehicle,855
2017,14,Thefts,1025
2017,14,Vagrancy/Loitering,6
2017,14,Vandalism/Criminal Mischief,1055
2017,14,Weapon Violations,134
2017,15,Aggravated Assault Firearm,188
2017,15,Aggravated Assault No Firearm,426
2017,15,All Other Offenses,2100
2017,15,Arson,42
2017,15,Burglary Non-Residential,116
2017,15,Burglary Residential,420
2017,15,DRIVING UNDER THE INFLUENCE,195
2017,15,Disorderly Conduct,121
2017,15,Embezzlement,23
2017,15,Forgery and Counterfeiting,10
2017,15,Fraud,952
2017,15,Homicide - Criminal,21
2017,15,Liquor Law Violations,23
2017,15,Motor Vehicle Theft,144
2017,15,Narcotic / Drug Law Violations,502
2017,15,Offenses Against Family and Children,4
2017,15,Other Assaults,2131
2017,15,Other Sex Offenses (Not Commercialized),98
2017,15,Prostitution and Commercialized Vice,78
2017,15,Public Drunkenness,16
2017,15,Rape,121
2017,15,Receiving Stolen Property,2
2017,15,Robbery Firearm,229
2017,15,Robbery No Firearm,333
2017,15,Theft from Vehicle,1083
2017,15,Thefts,1496
2017,15,Vagrancy/Loitering,2
2017,15,Vandalism/Criminal Mischief,1312
2017,15,Weapon Violations,173
2017,16,Aggravated Assault Firearm,66
2017,16,Aggravated Assault No Firearm,215
2017,16,All Other Offenses,2285
2017,16,Arson,10
2017,16,Burglary Non-Residential,44
2017,16,Burglary Residential,157
2017,16,DRIVING UNDER THE INFLUENCE,142
2017,16,Disorderly Conduct,21
2017,16,Embezzlement,3
2017,16,Forgery and Counterfeiting,1
2017,16,Fraud,360
2017,16,Homicide - Criminal,12
2017,16,Liquor Law Violations,1
2017,16,Motor Vehicle Theft,41
2017,16,Narcotic / Drug Law Violations,294
2017,16,Offenses Against Family and Children,3
2017,16,Other Assaults,695
2017,16,Other Sex Offenses (Not Commercialized),38
2017,16,Prostitution and Commercialized Vice,135
2017,16,Public Drunkenness,4
2017,16,Rape,55
2017,16,Robbery Firearm,97
2017,16,Robbery No Firearm,114
2017,16,Theft from Vehicle,393
2017,16,Thefts,725
2017,16,Vagrancy/Loitering,1
2017,16,Vandalism/Criminal Mischief,504
2017,16,Weapon Violations,90
2017,17,Aggravated Assault Firearm,66
2017,17,Aggravated Assault No Firearm,182
2017,17,All Other Offenses,624
2017,17,Arson,11
2017,17,Burglary Non-Residential,16
2017,17,Burglary Residential,224
2017,17,DRIVING UNDER THE INFLUENCE,71
2017,17,Disorderly Conduct,6
2017,17,Embezzlement,9
2017,17,Forgery and Counterfeiting,4
2017,17,Fraud,284
2017,17,Homicide - Criminal,8
2017,17,Motor Vehicle Theft,35
2017,17,Narcotic / Drug Law Violations,231
2017,17,Other Assaults,599
2017,17,Other Sex Offenses (Not Commercialized),18
2017,17,Prostitution and Commercialized Vice,1
2017,17,Rape,20
2017,17,Robbery Firearm,49
2017,17,Robbery No Firearm,94
2017,17,Theft from Vehicle,406
2017,17,Thefts,542
2017,17,Vandalism/Criminal Mischief,492
2017,17,Weapon Violations,66
2017,18,Aggravated Assault Firearm,116
2017,18,Aggravated Assault No Firearm,319
2017,18,All Other Offenses,2033
2017,18,Arson,21
2017,18,Burglary Non-Residential,45
2017,18,Burglary Residential,364
2017,18,DRIVING UNDER THE INFLUENCE,292
2017,18,Disorderly Conduct,56
2017,18,Embezzlement,17
2017,18,Forgery and Counterfeiting,12
2017,18,Fraud,510
2017,18,Gambling Violations,5
2017,18,Homicide - Criminal,14
2017,18,Liquor Law Violations,5
2017,18,Motor Vehicle Theft,52
2017,18,Narcotic / Drug Law Violations,546
2017,18,Offenses Against Family and Children,7
2017,18,Other Assaults,1184
2017,18,Other Sex Offenses (Not Commercialized),45
2017,18,Prostitution and Commercialized Vice,5
2017,18,Public Drunkenness,15
2017,18,Rape,49
2017,18,Receiving Stolen Property,1
2017,18,Robbery Firearm,131
2017,18,Robbery No Firearm,204
2017,18,Theft from Vehicle,402
2017,18,Thefts,1399
2017,18,Vandalism/Criminal Mischief,645
2017,18,Weapon Violations,119
2017,19,Aggravated Assault Firearm,132
2017,19,Aggravated Assault No Firearm,347
2017,19,All Other Offenses,3876
2017,19,Arson,24
2017,19,Burglary Non-Residential,55
2017,19,Burglary Residential,273
2017,19,DRIVING UNDER THE INFLUENCE,329
2017,19,Disorderly Conduct,33
2017,19,Embezzlement,18
2017,19,Forgery and Counterfeiting,9
2017,19,Fraud,627
2017,19,Gambling Violations,5
2017,19,Homicide - Criminal,17
2017,19,Liquor Law Violations,1
2017,19,Motor Vehicle Theft,57
2017,19,Narcotic / Drug Law Violations,1159
2017,19,Offenses Against Family and Children,17
2017,19,Other Assaults,1644
2017,19,Other Sex Offenses (Not Commercialized),56
2017,19,Prostitution and Commercialized Vice,8
2017,19,Public Drunkenness,15
2017,19,Rape,63
2017,19,Receiving Stolen Property,2
2017,19,Robbery Firearm,146
2017,19,Robbery No Firearm,166
2017,19,Theft from Vehicle,529
2017,19,Thefts,1090
2017,19,Vagrancy/Loitering,1
2017,19,Vandalism/Criminal Mischief,933
2017,19,Weapon Violations,150
2017,22,Aggravated Assault Firearm,212
2017,22,Aggravated Assault No Firearm,411
2017,22,All Other Offenses,1746
2017,22,Arson,33
2017,22,Burglary Non-Residential,87
2017,22,Burglary Residential,497
2017,22,DRIVING UNDER THE INFLUENCE,249
2017,22,Disorderly Conduct,32
2017,22,Embezzlement,8
2017,22,Forgery and Counterfeiting,12
2017,22,Fraud,715
2017,22,Gambling Violations,12
2017,22,Homicide - Criminal,28
2017,22,Liquor Law Violations,11
2017,22,Motor Vehicle Theft,71
2017,22,Narcotic / Drug Law Violations,643
2017,22,Offenses Against Family and Children,3
2017,22,Other Assaults,1901
2017,22,Other Sex Offenses (Not Commercialized),65
2017,22,Prostitution and Commercialized Vice,15
2017,22,Public Drunkenness,6
2017,22,Rape,107
2017,22,Robbery Firearm,215
2017,22,Robbery No Firearm,271
2017,22,Theft from Vehicle,945
2017,22,Thefts,1508
2017,22,Vandalism/Criminal Mischief,1100
2017,22,Weapon Violations,208
2017,24,Aggravated Assault Firearm,193
2017,24,Aggravated Assault No Firearm,371
2017,24,All Other Offenses,2825
2017,24,Arson,27
2017,24,Burglary Non-Residential,88
2017,24,Burglary Residential,190
2017,24,DRIVING UNDER THE INFLUENCE,331
2017,24,Disorderly Conduct,111
2017,24,Embezzlement,28
2017,24,Forgery and Counterfeiting,8
2017,24,Fraud,744
2017,24,Gambling Violations,2
2017,24,Homicide - Criminal,29
2017,24,Liquor Law Violations,1
2017,24,Motor Vehicle Theft,113
2017,24,Narcotic / Drug Law Violations,2365
2017,24,Offenses Against Family and Children,13
2017,24,Other Assaults,1235
2017,24,Other Sex Offenses (Not Commercialized),39
2017,24,Prostitution and Commercialized Vice,340
2017,24,Public Drunkenness,11
2017,24,Rape,76
2017,24,Receiving Stolen Property,5
2017,24,Robbery Firearm,143
2017,24,Robbery No Firearm,304
2017,24,Theft from Vehicle,705
2017,24,Thefts,1334
2017,24,Vandalism/Criminal Mischief,773
2017,24,Weapon Violations,180
2017,25,Aggravated Assault Firearm,235
2017,25,Aggravated Assault No Firearm,414
2017,25,All Other Offenses,1978
2017,25,Arson,48
2017,25,Burglary Non-Residential,88
2017,25,Burglary Residential,239
2017,25,DRIVING UNDER THE INFLUENCE,278
2017,25,Disorderly Conduct,19
2017,25,Embezzlement,10
2017,25,Forgery and Counterfeiting,7
2017,25,Fraud,583
2017,25,Gambling Violations,1
2017,25,Homicide - Criminal,44
2017,25,Liquor Law Violations,2
2017,25,Motor Vehicle Theft,109
2017,25,Narcotic / Drug Law Violations,1044
2017,25,Offenses Against Family and Children,20
2017,25,Other Assaults,1485
2017,25,Other Sex Offenses (Not Commercialized),74
2017,25,Prostitution and Commercialized Vice,131
2017,25,Public Drunkenness,3
2017,25,Rape,82
2017,25,Receiving Stolen Property,4
2017,25,Robbery Firearm,190
2017,25,Robbery No Firearm,222
2017,25,Theft from Vehicle,653
2017,25,Thefts,771
2017,25,Vagrancy/Loitering,1
2017,25,Vandalism/Criminal Mischief,869
2017,25,Weapon Violations,200
2017,26,Aggravated Assault Firearm,77
2017,26,Aggravated Assault No Firearm,209
2017,26,All Other Offenses,736
2017,26,Arson,20
2017,26,Burglary Non-Residential,62
2017,26,Burglary Residential,229
2017,26,DRIVING UNDER THE INFLUENCE,123
2017,26,Disorderly Conduct,25
2017,26,Embezzlement,14
2017,26,Forgery and Counterfeiting,5
2017,26,Fraud,496
2017,26,Gambling Violations,6
2017,26,Homicide - Criminal,10
2017,26,Motor Vehicle Theft,101
2017,26,Narcotic / Drug Law Violations,197
2017,26,Offenses Against Family and Children,6
2017,26,Other Assaults,623
2017,26,Other Sex Offenses (Not Commercialized),37
2017,26,Prostitution and Commercialized Vice,148
2017,26,Public Drunkenness,10
2017,26,Rape,35
2017,26,Receiving Stolen Property,2
2017,26,Robbery Firearm,96
2017,26,Robbery No Firearm,118
2017,26,Theft from Vehicle,901
2017,26,Thefts,922
2017,26,Vagrancy/Loitering,1
2017,26,Vandalism/Criminal Mischief,694
2017,26,Weapon Violations,65
2017,35,Aggravated Assault Firearm,171
2017,35,Aggravated Assault No Firearm,353
2017,35,All Other Offenses,1497
2017,35,Arson,21
2017,35,Burglary Non-Residential,48
2017,35,Burglary Residential,320
2017,35,DRIVING UNDER THE INFLUENCE,250
2017,35,Disorderly Conduct,37
2017,35,Embezzlement,9
2017,35,Forgery and Counterfeiting,6
2017,35,Fraud,772
2017,35,Gambling Violations,3
2017,35,Homicide - Criminal,23
2017,35,Liquor Law Violations,6
2017,35,Motor Vehicle Theft,110
2017,35,Narcotic / Drug Law Violations,414
2017,35,Offenses Against Family and Children,8
2017,35,Other Assaults,1525
2017,35,Other Sex Offenses (Not Commercialized),63
2017,35,Prostitution and Commercialized Vice,34
2017,35,Public Drunkenness,9
2017,35,Rape,76
2017,35,Receiving Stolen Property,6
2017,35,Robbery Firearm,219
2017,35,Robbery No Firearm,238
2017,35,Theft from Vehicle,721
2017,35,Thefts,990
2017,35,Vandalism/Criminal Mischief,1064
2017,35,Weapon Violations,220
2017,39,Aggravated Assault Firearm,143
2017,39,Aggravated Assault No Firearm,389
2017,39,All Other Offenses,1108
2017,39,Arson,31
2017,39,Burglary Non-Residential,64
2017,39,Burglary Residential,303
2017,39,DRIVING UNDER THE INFLUENCE,191
2017,39,Disorderly Conduct,16
2017,39,Embezzlement,24
2017,39,Forgery and Counterfeiting,8
2017,39,Fraud,657
2017,39,Homicide - Criminal,30
2017,39,Liquor Law Violations,1
2017,39,Motor Vehicle Theft,61
2017,39,Narcotic / Drug Law Violations,560
2017,39,Offenses Against Family and Children,4
2017,39,Other Assaults,1751
2017,39,Other Sex Offenses (Not Commercialized),35
2017,39,Prostitution and Commercialized Vice,1
2017,39,Public Drunkenness,1
2017,39,Rape,71
2017,39,Receiving Stolen Property,1
2017,39,Robbery Firearm,145
2017,39,Robbery No Firearm,201
2017,39,Theft from Vehicle,646
2017,39,Thefts,913
2017,39,Vandalism/Criminal Mischief,926
2017,39,Weapon Violations,129
2017,77,All Other Offenses,1
2017,77,Burglary Residential,1
2017,77,Disorderly Conduct,1
2017,77,Embezzlement,18
2017,77,Forgery and Counterfeiting,4
2017,77,Fraud,46
2017,77,Motor Vehicle Theft,8
2017,77,Narcotic / Drug Law Violations,1
2017,77,Other Assaults,3
2017,77,Robbery Firearm,2
2017,77,Theft from Vehicle,5
2017,77,Thefts,51
2017,77,Vandalism/Criminal Mischief,1
2017,77,Weapon Violations,4
2018,1,Aggravated Assault Firearm,37
2018,1,Aggravated Assault No Firearm,87
2018,1,All Other Offenses,347
2018,1,Arson,3
2018,1,Burglary Non-Residential,23
2018,1,Burglary Residential,96
2018,1,DRIVING UNDER THE INFLUENCE,52
2018,1,Disorderly Conduct,10
2018,1,Embezzlement,5
2018,1,Forgery and Counterfeiting,7
2018,1,Fraud,207
2018,1,Gambling Violations,1
2018,1,Homicide - Criminal,3
2018,1,Liquor Law Violations,1
2018,1,Motor Vehicle Theft,40
2018,1,Narcotic / Drug Law Violations,80
2018,1,Offenses Against Family and Children,3
2018,1,Other Assaults,334
2018,1,Other Sex Offenses (Not Commercialized),15
2018,1,Prostitution and Commercialized Vice,1
2018,1,Public Drunkenness,1
2018,1,Rape,21
2018,1,Receiving Stolen Property,1
2018,1,Robbery Firearm,27
2018,1,Robbery No Firearm,55
2018,1,Theft from Vehicle,272
2018,1,Thefts,414
2018,1,Vandalism/Criminal Mischief,248
2018,1,Weapon Violations,34
2018,2,Aggravated Assault Firearm,71
2018,2,Aggravated Assault No Firearm,194
2018,2,All Other Offenses,845
2018,2,Arson,11
2018,2,Burglary Non-Residential,79
2018,2,Burglary Residential,205
2018,2,DRIVING UNDER THE INFLUENCE,142
2018,2,Disorderly Conduct,10
2018,2,Embezzlement,23
2018,2,Forgery and Counterfeiting,8
2018,2,Fraud,491
2018,2,Homicide - Criminal,13
2018,2,Liquor Law Violations,4
2018,2,Motor Vehicle Theft,86
2018,2,Narcotic / Drug Law Violations,118
2018,2,Offenses Against Family and Children,2
2018,2,Other Assaults,1143
2018,2,Other Sex Offenses (Not Commercialized),48
2018,2,Prostitution and Commercialized Vice,1
2018,2,Rape,51
2018,2,Receiving Stolen Property,2
2018,2,Robbery Firearm,101
2018,2,Robbery No Firearm,136
2018,2,Theft from Vehicle,906
2018,2,Thefts,1052
2018,2,Vandalism/Criminal Mischief,793
2018,2,Weapon Violations,64
2018,3,Aggravated Assault Firearm,40
2018,3,Aggravated Assault No Firearm,211
2018,3,All Other Offenses,822
2018,3,Arson,16
2018,3,Burglary Non-Residential,65
2018,3,Burglary Residential,174
2018,3,DRIVING UNDER THE INFLUENCE,123
2018,3,Disorderly Conduct,22
2018,3,Embezzlement,23
2018,3,Forgery and Counterfeiting,17
2018,3,Fraud,495
2018,3,Gambling Violations,2
2018,3,Homicide - Criminal,4
2018,3,Liquor Law Violations,11
2018,3,Motor Vehicle Theft,96
2018,3,Narcotic / Drug Law Violations,189
2018,3,Other Assaults,975
2018,3,Other Sex Offenses (Not Commercialized),59
2018,3,Prostitution and Commercialized Vice,15
2018,3,Public Drunkenness,1
2018,3,Rape,35
2018,3,Robbery Firearm,60
2018,3,Robbery No Firearm,164
2018,3,Theft from Vehicle,916
2018,3,Thefts,1320
2018,3,Vagrancy/Loitering,2
2018,3,Vandalism/Criminal Mischief,647
2018,3,Weapon Violations,45
2018,5,Aggravated Assault Firearm,9
2018,5,Aggravated Assault No Firearm,46
2018,5,All Other Offenses,247
2018,5,Arson,5
2018,5,Burglary Non-Residential,36
2018,5,Burglary Residential,77
2018,5,DRIVING UNDER THE INFLUENCE,37
2018,5,Disorderly Conduct,9
2018,5,Embezzlement,10
2018,5,Forgery and Counterfeiting,9
2018,5,Fraud,245
2018,5,Homicide - Criminal,4
2018,5,Liquor Law Violations,3
2018,5,Motor Vehicle Theft,33
2018,5,Narcotic / Drug Law Violations,17
2018,5,Offenses Against Family and Children,1
2018,5,Other Assaults,374
2018,5,Other Sex Offenses (Not Commercialized),18
2018,5,Public Drunkenness,9
2018,5,Rape,17
2018,5,Robbery Firearm,11
2018,5,Robbery No Firearm,16
2018,5,Theft from Vehicle,361
2018,5,Thefts,354
2018,5,Vandalism/Criminal Mischief,250
2018,5,Weapon Violations,8
2018,7,Aggravated Assault Firearm,13
2018,7,Aggravated Assault No Firearm,58
2018,7,All Other Offenses,284
2018,7,Arson,6
2018,7,Burglary Non-Residential,43
2018,7,Burglary Residential,126
2018,7,DRIVING UNDER THE INFLUENCE,23
2018,7,Disorderly Conduct,1
2018,7,Embezzlement,11
2018,7,Forgery and Counterfeiting,3
2018,7,Fraud,369
2018,7,Homicide - Criminal,1
2018,7,Liquor Law Violations,1
2018,7,Motor Vehicle Theft,33
2018,7,Narcotic / Drug Law Violations,25
2018,7,Other Assaults,359
2018,7,Other Sex Offenses (Not Commercialized),21
2018,7,Prostitution and Commercialized Vice,1
2018,7,Rape,13
2018,7,Robbery Firearm,19
2018,7,Robbery No Firearm,29
2018,7,Theft from Vehicle,440
2018,7,Thefts,482
2018,7,Vandalism/Criminal Mischief,242
2018,7,Weapon Violations,13
2018,8,Aggravated Assault Firearm,17
2018,8,Aggravated Assault No Firearm,114
2018,8,All Other Offenses,385
2018,8,Arson,6
2018,8,Burglary Non-Residential,46
2018,8,Burglary Residential,152
2018,8,DRIVING UNDER THE INFLUENCE,52
2018,8,Disorderly Conduct,1
2018,8,Embezzlement,34
2018,8,Forgery and Counterfeiting,11
2018,8,Fraud,465
2018,8,Gambling Violations,1
2018,8,Homicide - Criminal,3
2018,8,Liquor Law Violations,7
2018,8,Motor Vehicle Theft,48
2018,8,Narcotic / Drug Law Violations,81
2018,8,Offenses Against Family and Children,2
2018,8,Other Assaults,737
2018,8,Other Sex Offenses (Not Commercialized),28
2018,8,Prostitution and Commercialized Vice,1
2018,8,Rape,37
2018,8,Receiving Stolen Property,1
2018,8,Robbery Firearm,29
2018,8,Robbery No Firearm,58
2018,8,Theft from Vehicle,494
2018,8,Thefts,844
2018,8,Vagrancy/Loitering,1
2018,8,Vandalism/Criminal Mischief,371
2018,8,Weapon Violations,17
2018,9,Aggravated Assault Firearm,41
2018,9,Aggravated Assault No Firearm,286
2018,9,All Other Offenses,2084
2018,9,Arson,25
2018,9,Burglary Non-Residential,209
2018,9,Burglary Residential,344
2018,9,DRIVING UNDER THE INFLUENCE,102
2018,9,Disorderly Conduct,164
2018,9,Embezzlement,51
2018,9,Forgery and Counterfeiting,38
2018,9,Fraud,1276
2018,9,Gambling Violations,1
2018,9,Homicide - Criminal,10
2018,9,Liquor Law Violations,19
2018,9,Motor Vehicle Theft,69
2018,9,Narcotic / Drug Law Violations,696
2018,9,Other Assaults,1652
2018,9,Other Sex Offenses (Not Commercialized),104
2018,9,Prostitution and Commercialized Vice,15
2018,9,Public Drunkenness,27
2018,9,Rape,65
2018,9,Receiving Stolen Property,2
2018,9,Robbery Firearm,80
2018,9,Robbery No Firearm,329
2018,9,Theft from Vehicle,995
2018,9,Thefts,4575
2018,9,Vagrancy/Loitering,2
2018,9,Vandalism/Criminal Mischief,974
2018,9,Weapon Violations,88
2018,12,Aggravated Assault Firearm,157
2018,12,Aggravated Assault No Firearm,374
2018,12,All Other Offenses,1726
2018,12,Arson,29
2018,12,Burglary Non-Residential,62
2018,12,Burglary Residential,331
2018,12,DRIVING UNDER THE INFLUENCE,117
2018,12,Disorderly Conduct,25
2018,12,Embezzlement,21
2018,12,Forgery and Counterfeiting,3
2018,12,Fraud,498
2018,12,Gambling Violations,1
2018,12,Homicide - Criminal,36
2018,12,Liquor Law Violations,7
2018,12,Motor Vehicle Theft,176
2018,12,Narcotic / Drug Law Violations,435
2018,12,Offenses Against Family and Children,7
2018,12,Other Assaults,1227
2018,12,Other Sex Offenses (Not Commercialized),34
2018,12,Prostitution and Commercialized Vice,32
2018,12,Public Drunkenness,3
2018,12,Rape,74
2018,12,Robbery Firearm,131
2018,12,Robbery No Firearm,130
2018,12,Theft from Vehicle,637
2018,12,Thefts,823
2018,12,Vandalism/Criminal Mischief,869
2018,12,Weapon Violations,155
2018,14,Aggravated Assault Firearm,156
2018,14,Aggravated Assault No Firearm,290
2018,14,All Other Offenses,1340
2018,14,Arson,17
2018,14,Burglary Non-Residential,65
2018,14,Burglary Residential,299
2018,14,DRIVING UNDER THE INFLUENCE,94
2018,14,Disorderly Conduct,27
2018,14,Embezzlement,14
2018,14,Forgery and Counterfeiting,28
2018,14,Fraud,715
2018,14,Gambling Violations,7
2018,14,Homicide - Criminal,16
2018,14,Liquor Law Violations,1
2018,14,Motor Vehicle Theft,92
2018,14,Narcotic / Drug Law Violations,383
2018,14,Offenses Against Family and Children,10
2018,14,Other Assaults,1712
2018,14,Other Sex Offenses (Not Commercialized),40
2018,14,Public Drunkenness,1
2018,14,Rape,68
2018,14,Receiving Stolen Property,1
2018,14,Robbery Firearm,140
2018,14,Robbery No Firearm,115
2018,14,Theft from Vehicle,779
2018,14,Thefts,1018
2018,14,Vagrancy/Loitering,1
2018,14,Vandalism/Criminal Mischief,1036
2018,14,Weapon Violations,153
2018,15,Aggravated Assault Firearm,184
2018,15,Aggravated Assault No Firearm,381
2018,15,All Other Offenses,1564
2018,15,Arson,51
2018,15,Burglary Non-Residential,131
2018,15,Burglary Residential,385
2018,15,DRIVING UNDER THE INFLUENCE,125
2018,15,Disorderly Conduct,52
2018,15,Embezzlement,21
2018,15,Forgery and Counterfeiting,9
2018,15,Fraud,995
2018,15,Gambling Violations,4
2018,15,Homicide - Criminal,26
2018,15,Liquor Law Violations,6
2018,15,Motor Vehicle Theft,151
2018,15,Narcotic / Drug Law Violations,396
2018,15,Offenses Against Family and Children,8
2018,15,Other Assaults,1893
2018,15,Other Sex Offenses (Not Commercialized),100
2018,15,Prostitution and Commercialized Vice,64
2018,15,Public Drunkenness,8
2018,15,Rape,91
2018,15,Receiving Stolen Property,2
2018,15,Robbery Firearm,197
2018,15,Robbery No Firearm,251
2018,15,Theft from Vehicle,1156
2018,15,Thefts,1460
2018,15,Vandalism/Criminal Mischief,1294
2018,15,Weapon Violations,211
2018,16,Aggravated Assault Firearm,85
2018,16,Aggravated Assault No Firearm,209
2018,16,All Other Offenses,2248
2018,16,Arson,25
2018,16,Burglary Non-Residential,35
2018,16,Burglary Residential,160
2018,16,DRIVING UNDER THE INFLUENCE,99
2018,16,Disorderly Conduct,13
2018,16,Embezzlement,4
2018,16,Forgery and Counterfeiting,1
2018,16,Fraud,382
2018,16,Gambling Violations,2
2018,16,Homicide - Criminal,14
2018,16,Liquor Law Violations,1
2018,16,Motor Vehicle Theft,53
2018,16,Narcotic / Drug Law Violations,233
2018,16,Offenses Against Family and Children,2
2018,16,Other Assaults,676
2018,16,Other Sex Offenses (Not Commercialized),23
2018,16,Prostitution and Commercialized Vice,108
2018,16,Public Drunkenness,1
2018,16,Rape,39
2018,16,Receiving Stolen Property,1
2018,16,Robbery Firearm,86
2018,16,Robbery No Firearm,95
2018,16,Theft from Vehicle,354
2018,16,Thefts,742
2018,16,Vandalism/Criminal Mischief,442
2018,16,Weapon Violations,94
2018,17,Aggravated Assault Firearm,69
2018,17,Aggravated Assault No Firearm,150
2018,17,All Other Offenses,759
2018,17,Arson,5
2018,17,Burglary Non-Residential,24
2018,17,Burglary Residential,223
2018,17,DRIVING UNDER THE INFLUENCE,78
2018,17,Disorderly Conduct,15
2018,17,Embezzlement,14
2018,17,Forgery and Counterfeiting,4
2018,17,Fraud,272
2018,17,Gambling Violations,2
2018,17,Homicide - Criminal,7
2018,17,Motor Vehicle Theft,63
2018,17,Narcotic / Drug Law Violations,206
2018,17,Offenses Against Family and Children,23
2018,17,Other Assaults,453
2018,17,Other Sex Offenses (Not Commercialized),19
2018,17,Public Drunkenness,1
2018,17,Rape,26
2018,17,Receiving Stolen Property,1
2018,17,Robbery Firearm,38
2018,17,Robbery No Firearm,71
2018,17,Theft from Vehicle,537
2018,17,Thefts,734
2018,17,Vandalism/Criminal Mischief,503
2018,17,Weapon Violations,51
2018,18,Aggravated Assault Firearm,126
2018,18,Aggravated Assault No Firearm,331
2018,18,All Other Offenses,2251
2018,18,Arson,22
2018,18,Burglary Non-Residential,80
2018,18,Burglary Residential,374
2018,18,DRIVING UNDER THE INFLUENCE,228
2018,18,Disorderly Conduct,40
2018,18,Embezzlement,18
2018,18,Forgery and Counterfeiting,3
2018,18,Fraud,650
2018,18,Gambling Violations,1
2018,18,Homicide - Criminal,19
2018,18,Liquor Law Violations,18
2018,18,Motor Vehicle Theft,57
2018,18,Narcotic / Drug Law Violations,419
2018,18,Offenses Against Family and Children,11
2018,18,Other Assaults,1152
2018,18,Other Sex Offenses (Not Commercialized),42
2018,18,Prostitution and Commercialized Vice,1
2018,18,Public Drunkenness,10
2018,18,Rape,55
2018,18,Receiving Stolen Property,2
2018,18,Robbery Firearm,113
2018,18,Robbery No Firearm,165
2018,18,Theft from Vehicle,424
2018,18,Thefts,1455
2018,18,Vandalism/Criminal Mischief,684
2018,18,Weapon Violations,159
2018,19,Aggravated Assault Firearm,146
2018,19,Aggravated Assault No Firearm,340
2018,19,All Other Offenses,3250
2018,19,Arson,25
2018,19,Burglary Non-Residential,54
2018,19,Burglary Residential,291
2018,19,DRIVING UNDER THE INFLUENCE,213
2018,19,Disorderly Conduct,12
2018,19,Embezzlement,15
2018,19,Forgery and Counterfeiting,13
2018,19,Fraud,788
2018,19,Gambling Violations,2
2018,19,Homicide - Criminal,20
2018,19,Homicide - Justifiable,1
2018,19,Liquor Law Violations,6
2018,19,Motor Vehicle Theft,99
2018,19,Narcotic / Drug Law Violations,918
2018,19,Offenses Against Family and Children,16
2018,19,Other Assaults,1657
2018,19,Other Sex Offenses (Not Commercialized),52
2018,19,Public Drunkenness,2
2018,19,Rape,61
2018,19,Receiving Stolen Property,1
2018,19,Robbery Firearm,126
2018,19,Robbery No Firearm,147
2018,19,Theft from Vehicle,465
2018,19,Thefts,1135
2018,19,Vandalism/Criminal Mischief,935
2018,19,Weapon Violations,145
2018,22,Aggravated Assault Firearm,230
2018,22,Aggravated Assault No Firearm,415
2018,22,All Other Offenses,1183
2018,22,Arson,26
2018,22,Burglary Non-Residential,69
2018,22,Burglary Residential,503
2018,22,DRIVING UNDER THE INFLUENCE,218
2018,22,Disorderly Conduct,23
2018,22,Embezzlement,4
2018,22,Forgery and Counterfeiting,5
2018,22,Fraud,830
2018,22,Gambling Violations,3
2018,22,Homicide - Criminal,30
2018,22,Liquor Law Violations,8
2018,22,Motor Vehicle Theft,86
2018,22,Narcotic / Drug Law Violations,429
2018,22,Offenses Against Family and Children,10
2018,22,Other Assaults,1860
2018,22,Other Sex Offenses (Not Commercialized),52
2018,22,Prostitution and Commercialized Vice,1
2018,22,Public Drunkenness,2
2018,22,Rape,63
2018,22,Receiving Stolen Property,2
2018,22,Robbery Firearm,210
2018,22,Robbery No Firearm,241
2018,22,Theft from Vehicle,1041
2018,22,Thefts,1384
2018,22,Vandalism/Criminal Mischief,1168
2018,22,Weapon Violations,190
2018,24,Aggravated Assault Firearm,170
2018,24,Aggravated Assault No Firearm,421
2018,24,All Other Offenses,1716
2018,24,Arson,37
2018,24,Burglary Non-Residential,84
2018,24,Burglary Residential,222
2018,24,DRIVING UNDER THE INFLUENCE,431
2018,24,Disorderly Conduct,103
2018,24,Embezzlement,36
2018,24,Forgery and Counterfeiting,8
2018,24,Fraud,903
2018,24,Gambling Violations,1
2018,24,Homicide - Criminal,25
2018,24,Liquor Law Violations,5
2018,24,Motor Vehicle Theft,123
2018,24,Narcotic / Drug Law Violations,2674
2018,24,Offenses Against Family and Children,9
2018,24,Other Assaults,1466
2018,24,Other Sex Offenses (Not Commercialized),61
2018,24,Prostitution and Commercialized Vice,217
2018,24,Public Drunkenness,9
2018,24,Rape,67
2018,24,Receiving Stolen Property,4
2018,24,Robbery Firearm,157
2018,24,Robbery No Firearm,278
2018,24,Theft from Vehicle,716
2018,24,Thefts,1217
2018,24,Vandalism/Criminal Mischief,721
2018,24,Weapon Violations,178
2018,25,Aggravated Assault Firearm,260
2018,25,Aggravated Assault No Firearm,499
2018,25,All Other Offenses,1092
2018,25,Arson,41
2018,25,Burglary Non-Residential,82
2018,25,Burglary Residential,231
2018,25,DRIVING UNDER THE INFLUENCE,251
2018,25,Disorderly Conduct,17
2018,25,Embezzlement,12
2018,25,Forgery and Counterfeiting,11
2018,25,Fraud,637
2018,25,Homicide - Criminal,42
2018,25,Liquor Law Violations,7
2018,25,Motor Vehicle Theft,111
2018,25,Narcotic / Drug Law Violations,1044
2018,25,Offenses Against Family and Children,10
2018,25,Other Assaults,1533
2018,25,Other Sex Offenses (Not Commercialized),62
2018,25,Prostitution and Commercialized Vice,71
2018,25,Rape,77
2018,25,Receiving Stolen Property,2
2018,25,Robbery Firearm,192
2018,25,Robbery No Firearm,245
2018,25,Theft from Vehicle,688
2018,25,Thefts,753
2018,25,Vagrancy/Loitering,1
2018,25,Vandalism/Criminal Mischief,805
2018,25,Weapon Violations,215
2018,26,Aggravated Assault Firearm,70
2018,26,Aggravated Assault No Firearm,171
2018,26,All Other Offenses,770
2018,26,Arson,11
2018,26,Burglary Non-Residential,70
2018,26,Burglary Residential,240
2018,26,DRIVING UNDER THE INFLUENCE,88
2018,26,Disorderly Conduct,15
2018,26,Embezzlement,12
2018,26,Forgery and Counterfeiting,7
2018,26,Fraud,448
2018,26,Gambling Violations,1
2018,26,Homicide - Criminal,12
2018,26,Liquor Law Violations,4
2018,26,Motor Vehicle Theft,111
2018,26,Narcotic / Drug Law Violations,208
2018,26,Other Assaults,646
2018,26,Other Sex Offenses (Not Commercialized),28
2018,26,Prostitution and Commercialized Vice,165
2018,26,Public Drunkenness,3
2018,26,Rape,44
2018,26,Receiving Stolen Property,2
2018,26,Robbery Firearm,88
2018,26,Robbery No Firearm,126
2018,26,Theft from Vehicle,743
2018,26,Thefts,923
2018,26,Vandalism/Criminal Mischief,555
2018,26,Weapon Violations,50
2018,35,Aggravated Assault Firearm,224
2018,35,Aggravated Assault No Firearm,352
2018,35,All Other Offenses,1357
2018,35,Arson,27
2018,35,Burglary Non-Residential,64
2018,35,Burglary Residential,300
2018,35,DRIVING UNDER THE INFLUENCE,273
2018,35,Disorderly Conduct,14
2018,35,Embezzlement,10
2018,35,Forgery and Counterfeiting,16
2018,35,Fraud,856
2018,35,Gambling Violations,1
2018,35,Homicide - Criminal,34
2018,35,Liquor Law Violations,1
2018,35,Motor Vehicle Theft,111
2018,35,Narcotic / Drug Law Violations,414
2018,35,Offenses Against Family and Children,73
2018,35,Other Assaults,1727
2018,35,Other Sex Offenses (Not Commercialized),55
2018,35,Prostitution and Commercialized Vice,3
2018,35,Public Drunkenness,6
2018,35,Rape,84
2018,35,Receiving Stolen Property,2
2018,35,Robbery Firearm,198
2018,35,Robbery No Firearm,200
2018,35,Theft from Vehicle,709
2018,35,Thefts,1114
2018,35,Vagrancy/Loitering,3
2018,35,Vandalism/Criminal Mischief,1067
2018,35,Weapon Violations,199
2018,39,Aggravated Assault Firearm,183
2018,39,Aggravated Assault No Firearm,369
2018,39,All Other Offenses,1168
2018,39,Arson,35
2018,39,Burglary Non-Residential,72
2018,39,Burglary Residential,320
2018,39,DRIVING UNDER THE INFLUENCE,170
2018,39,Disorderly Conduct,27
2018,39,Embezzlement,7
2018,39,Forgery and Counterfeiting,10
2018,39,Fraud,674
2018,39,Homicide - Criminal,30
2018,39,Motor Vehicle Theft,92
2018,39,Narcotic / Drug Law Violations,389
2018,39,Offenses Against Family and Children,13
2018,39,Other Assaults,1875
2018,39,Other Sex Offenses (Not Commercialized),36
2018,39,Prostitution and Commercialized Vice,3
2018,39,Public Drunkenness,2
2018,39,Rape,71
2018,39,Robbery Firearm,135
2018,39,Robbery No Firearm,172
2018,39,Theft from Vehicle,753
2018,39,Thefts,957
2018,39,Vandalism/Criminal Mischief,936
2018,39,Weapon Violations,125
2018,77,All Other Offenses,1
2018,77,DRIVING UNDER THE INFLUENCE,1
2018,77,Disorderly Conduct,4
2018,77,Embezzlement,5
2018,77,Forgery and Counterfeiting,4
2018,77,Fraud,53
2018,77,Motor Vehicle Theft,3
2018,77,Narcotic / Drug Law Violations,2
2018,77,Other Assaults,5
2018,77,Robbery No Firearm,1
2018,77,Theft from Vehicle,9
2018,77,Thefts,42
2018,77,Vandalism/Criminal Mischief,2
2019,1,Aggravated Assault Firearm,37
2019,1,Aggravated Assault No Firearm,78
2019,1,All Other Offenses,457
2019,1,Arson,9
2019,1,Burglary Non-Residential,16
2019,1,Burglary Residential,65
2019,1,DRIVING UNDER THE INFLUENCE,39
2019,1,Disorderly Conduct,10
2019,1,Embezzlement,7
2019,1,Forgery and Counterfeiting,4
2019,1,Fraud,177
2019,1,Homicide - Criminal,8
2019,1,Motor Vehicle Theft,32
2019,1,Narcotic / Drug Law Violations,101
2019,1,Offenses Against Family and Children,2
2019,1,Other Assaults,293
2019,1,Other Sex Offenses (Not Commercialized),19
2019,1,Prostitution and Commercialized Vice,1
2019,1,Rape,17
2019,1,Robbery Firearm,31
2019,1,Robbery No Firearm,67
2019,1,Theft from Vehicle,287
2019,1,Thefts,428
2019,1,Vandalism/Criminal Mischief,259
2019,1,Weapon Violations,44
2019,2,Aggravated Assault Firearm,82
2019,2,Aggravated Assault No Firearm,210
2019,2,All Other Offenses,737
2019,2,Arson,28
2019,2,Burglary Non-Residential,52
2019,2,Burglary Residential,167
2019,2,DRIVING UNDER THE INFLUENCE,98
2019,2,Disorderly Conduct,13
2019,2,Embezzlement,24
2019,2,Forgery and Counterfeiting,8
2019,2,Fraud,515
2019,2,Gambling Violations,4
2019,2,Homicide - Criminal,7
2019,2,Liquor Law Violations,4
2019,2,Motor Vehicle Theft,95
2019,2,Narcotic / Drug Law Violations,145
2019,2,Offenses Against Family and Children,3
2019,2,Other Assaults,1113
2019,2,Other Sex Offenses (Not Commercialized),50
2019,2,Prostitution and Commercialized Vice,5
2019,2,Public Drunkenness,1
2019,2,Rape,55
2019,2,Receiving Stolen Property,2
2019,2,Robbery Firearm,105
2019,2,Robbery No Firearm,133
2019,2,Theft from Vehicle,813
2019,2,Thefts,1299
2019,2,Vandalism/Criminal Mischief,730
2019,2,Weapon Violations,60
2019,3,Aggravated Assault Firearm,73
2019,3,Aggravated Assault No Firearm,189
2019,3,All Other Offenses,1633
2019,3,Arson,11
2019,3,Burglary Non-Residential,112
2019,3,Burglary Residential,191
2019,3,DRIVING UNDER THE INFLUENCE,151
2019,3,Disorderly Conduct,36
2019,3,Embezzlement,42
2019,3,Forgery and Counterfeiting,17
2019,3,Fraud,436
2019,3,Homicide - Criminal,4
2019,3,Liquor Law Violations,30
2019,3,Motor Vehicle Theft,68
2019,3,Narcotic / Drug Law Violations,202
2019,3,Offenses Against Family and Children,5
2019,3,Other Assaults,888
2019,3,Other Sex Offenses (Not Commercialized),48
2019,3,Prostitution and Commercialized Vice,26
2019,3,Public Drunkenness,1
2019,3,Rape,30
2019,3,Robbery Firearm,82
2019,3,Robbery No Firearm,176
2019,3,Theft from Vehicle,739
2019,3,Thefts,1329
2019,3,Vandalism/Criminal Mischief,568
2019,3,Weapon Violations,66
2019,5,Aggravated Assault Firearm,9
2019,5,Aggravated Assault No Firearm,65
2019,5,All Other Offenses,239
2019,5,Arson,7
2019,5,Burglary Non-Residential,51
2019,5,Burglary Residential,71
2019,5,DRIVING UNDER THE INFLUENCE,27
2019,5,Disorderly Conduct,5
2019,5,Embezzlement,8
2019,5,Forgery and Counterfeiting,5
2019,5,Fraud,240
2019,5,Homicide - Criminal,1
2019,5,Liquor Law Violations,4
2019,5,Motor Vehicle Theft,21
2019,5,Narcotic / Drug Law Violations,19
2019,5,Offenses Against Family and Children,1
2019,5,Other Assaults,386
2019,5,Other Sex Offenses (Not Commercialized),14
2019,5,Public Drunkenness,3
2019,5,Rape,10
2019,5,Robbery Firearm,10
2019,5,Robbery No Firearm,16
2019,5,Theft from Vehicle,444
2019,5,Thefts,325
2019,5,Vandalism/Criminal Mischief,272
2019,5,Weapon Violations,7
2019,7,Aggravated Assault Firearm,11
2019,7,Aggravated Assault No Firearm,65
2019,7,All Other Offenses,297
2019,7,Arson,8
2019,7,Burglary Non-Residential,18
2019,7,Burglary Residential,90
2019,7,DRIVING UNDER THE INFLUENCE,39
2019,7,Embezzlement,14
2019,7,Forgery and Counterfeiting,5
2019,7,Fraud,417
2019,7,Homicide - Criminal,5
2019,7,Liquor Law Violations,3
2019,7,Motor Vehicle Theft,21
2019,7,Narcotic / Drug Law Violations,12
2019,7,Offenses Against Family and Children,2
2019,7,Other Assaults,382
2019,7,Other Sex Offenses (Not Commercialized),36
2019,7,Prostitution and Commercialized Vice,4
2019,7,Rape,15
2019,7,Robbery Firearm,26
2019,7,Robbery No Firearm,22
2019,7,Theft from Vehicle,284
2019,7,Thefts,481
2019,7,Vagrancy/Loitering,1
2019,7,Vandalism/Criminal Mischief,247
2019,7,Weapon Violations,13
2019,8,Aggravated Assault Firearm,17
2019,8,Aggravated Assault No Firearm,131
2019,8,All Other Offenses,382
2019,8,Arson,8
2019,8,Burglary Non-Residential,37
2019,8,Burglary Residential,81
2019,8,DRIVING UNDER THE INFLUENCE,61
2019,8,Disorderly Conduct,6
2019,8,Embezzlement,23
2019,8,Forgery and Counterfeiting,12
2019,8,Fraud,409
2019,8,Homicide - Criminal,2
2019,8,Liquor Law Violations,3
2019,8,Motor Vehicle Theft,65
2019,8,Narcotic / Drug Law Violations,124
2019,8,Offenses Against Family and Children,2
2019,8,Other Assaults,838
2019,8,Other Sex Offenses (Not Commercialized),42
2019,8,Rape,41
2019,8,Receiving Stolen Property,1
2019,8,Robbery Firearm,31
2019,8,Robbery No Firearm,59
2019,8,Theft from Vehicle,490
2019,8,Thefts,846
2019,8,Vandalism/Criminal Mischief,412
2019,8,Weapon Violations,14
2019,9,Aggravated Assault Firearm,52
2019,9,Aggravated Assault No Firearm,366
2019,9,All Other Offenses,2519
2019,9,Arson,13
2019,9,Burglary Non-Residential,284
2019,9,Burglary Residential,320
2019,9,DRIVING UNDER THE INFLUENCE,106
2019,9,Disorderly Conduct,92
2019,9,Embezzlement,62
2019,9,Forgery and Counterfeiting,49
2019,9,Fraud,924
2019,9,Gambling Violations,2
2019,9,Homicide - Criminal,9
2019,9,Liquor Law Violations,2
2019,9,Motor Vehicle Theft,84
2019,9,Narcotic / Drug Law Violations,882
2019,9,Offenses Against Family and Children,4
2019,9,Other Assaults,1821
2019,9,Other Sex Offenses (Not Commercialized),107
2019,9,Prostitution and Commercialized Vice,18
2019,9,Public Drunkenness,11
2019,9,Rape,56
2019,9,Receiving Stolen Property,1
2019,9,Robbery Firearm,87
2019,9,Robbery No Firearm,482
2019,9,Theft from Vehicle,1236
2019,9,Thefts,5577
2019,9,Vagrancy/Loitering,3
2019,9,Vandalism/Criminal Mischief,990
2019,9,Weapon Violations,63
2019,12,Aggravated Assault Firearm,175
2019,12,Aggravated Assault No Firearm,342
2019,12,All Other Offenses,1887
2019,12,Arson,34
2019,12,Burglary Non-Residential,67
2019,12,Burglary Residential,290
2019,12,DRIVING UNDER THE INFLUENCE,115
2019,12,Disorderly Conduct,75
2019,12,Embezzlement,24
2019,12,Forgery and Counterfeiting,2
2019,12,Fraud,387
2019,12,Homicide - Criminal,28
2019,12,Liquor Law Violations,5
2019,12,Motor Vehicle Theft,169
2019,12,Narcotic / Drug Law Violations,566
2019,12,Offenses Against Family and Children,8
2019,12,Other Assaults,1296
2019,12,Other Sex Offenses (Not Commercialized),53
2019,12,Prostitution and Commercialized Vice,33
2019,12,Public Drunkenness,2
2019,12,Rape,59
2019,12,Receiving Stolen Property,4
2019,12,Robbery Firearm,119
2019,12,Robbery No Firearm,148
2019,12,Theft from Vehicle,605
2019,12,Thefts,911
2019,12,Vandalism/Criminal Mischief,867
2019,12,Weapon Violations,202
2019,14,Aggravated Assault Firearm,141
2019,14,Aggravated Assault No Firearm,271
2019,14,All Other Offenses,1518
2019,14,Arson,29
2019,14,Burglary Non-Residential,37
2019,14,Burglary Residential,254
2019,14,DRIVING UNDER THE INFLUENCE,94
2019,14,Disorderly Conduct,15
2019,14,Embezzlement,12
2019,14,Forgery and Counterfeiting,16
2019,14,Fraud,675
2019,14,Gambling Violations,15
2019,14,Homicide - Criminal,26
2019,14,Liquor Law Violations,1
2019,14,Motor Vehicle Theft,115
2019,14,Narcotic / Drug Law Violations,483
2019,14,Offenses Against Family and Children,9
2019,14,Other Assaults,1584
2019,14,Other Sex Offenses (Not Commercialized),53
2019,14,Prostitution and Commercialized Vice,4
2019,14,Public Drunkenness,1
2019,14,Rape,54
2019,14,Receiving Stolen Property,1
2019,14,Robbery Firearm,116
2019,14,Robbery No Firearm,105
2019,14,Theft from Vehicle,711
2019,14,Thefts,1051
2019,14,Vagrancy/Loitering,1
2019,14,Vandalism/Criminal Mischief,922
2019,14,Weapon Violations,154
2019,15,Aggravated Assault Firearm,213
2019,15,Aggravated Assault No Firearm,404
2019,15,All Other Offenses,1413
2019,15,Arson,48
2019,15,Burglary Non-Residential,82
2019,15,Burglary Residential,311
2019,15,DRIVING UNDER THE INFLUENCE,149
2019,15,Disorderly Conduct,29
2019,15,Embezzlement,27
2019,15,Forgery and Counterfeiting,21
2019,15,Fraud,819
2019,15,Gambling Violations,2
2019,15,Homicide - Criminal,31
2019,15,Liquor Law Violations,3
2019,15,Motor Vehicle Theft,144
2019,15,Narcotic / Drug Law Violations,444
2019,15,Offenses Against Family and Children,12
2019,15,Other Assaults,1984
2019,15,Other Sex Offenses (Not Commercialized),93
2019,15,Prostitution and Commercialized Vice,45
2019,15,Rape,94
2019,15,Receiving Stolen Property,3
2019,15,Robbery Firearm,189
2019,15,Robbery No Firearm,329
2019,15,Theft from Vehicle,1029
2019,15,Thefts,1532
2019,15,Vandalism/Criminal Mischief,1331
2019,15,Weapon Violations,209
2019,16,Aggravated Assault Firearm,96
2019,16,Aggravated Assault No Firearm,205
2019,16,All Other Offenses,2950
2019,16,Arson,17
2019,16,Burglary Non-Residential,27
2019,16,Burglary Residential,174
2019,16,DRIVING UNDER THE INFLUENCE,83
2019,16,Disorderly Conduct,14
2019,16,Embezzlement,5
2019,16,Fraud,241
2019,16,Homicide - Criminal,15
2019,16,Liquor Law Violations,4
2019,16,Motor Vehicle Theft,62
2019,16,Narcotic / Drug Law Violations,389
2019,16,Offenses Against Family and Children,11
2019,16,Other Assaults,681
2019,16,Other Sex Offenses (Not Commercialized),39
2019,16,Prostitution and Commercialized Vice,129
2019,16,Rape,37
2019,16,Receiving Stolen Property,2
2019,16,Robbery Firearm,71
2019,16,Robbery No Firearm,104
2019,16,Theft from Vehicle,316
2019,16,Thefts,748
2019,16,Vandalism/Criminal Mischief,432
2019,16,Weapon Violations,119
2019,17,Aggravated Assault Firearm,71
2019,17,Aggravated Assault No Firearm,108
2019,17,All Other Offenses,959
2019,17,Arson,7
2019,17,Burglary Non-Residential,26
2019,17,Burglary Residential,225
2019,17,DRIVING UNDER THE INFLUENCE,38
2019,17,Disorderly Conduct,12
2019,17,Embezzlement,5
2019,17,Forgery and Counterfeiting,5
2019,17,Fraud,239
2019,17,Homicide - Criminal,5
2019,17,Motor Vehicle Theft,46
2019,17,Narcotic / Drug Law Violations,252
2019,17,Offenses Against Family and Children,118
2019,17,Other Assaults,476
2019,17,Other Sex Offenses (Not Commercialized),15
2019,17,Rape,21
2019,17,Robbery Firearm,34
2019,17,Robbery No Firearm,75
2019,17,Theft from Vehicle,468
2019,17,Thefts,859
2019,17,Vandalism/Criminal Mischief,428
2019,17,Weapon Violations,80
2019,18,Aggravated Assault Firearm,117
2019,18,Aggravated Assault No Firearm,345
2019,18,All Other Offenses,2831
2019,18,Arson,24
2019,18,Burglary Non-Residential,48
2019,18,Burglary Residential,277
2019,18,DRIVING UNDER THE INFLUENCE,171
2019,18,Disorderly Conduct,83
2019,18,Embezzlement,16
2019,18,Forgery and Counterfeiting,9
2019,18,Fraud,472
2019,18,Gambling Violations,1
2019,18,Homicide - Criminal,19
2019,18,Liquor Law Violations,11
2019,18,Motor Vehicle Theft,67
2019,18,Narcotic / Drug Law Violations,571
2019,18,Offenses Against Family and Children,5
2019,18,Other Assaults,1170
2019,18,Other Sex Offenses (Not Commercialized),49
2019,18,Prostitution and Commercialized Vice,1
2019,18,Public Drunkenness,7
2019,18,Rape,49
2019,18,Robbery Firearm,105
2019,18,Robbery No Firearm,157
2019,18,Theft from Vehicle,551
2019,18,Thefts,1603
2019,18,Vandalism/Criminal Mischief,669
2019,18,Weapon Violations,159
2019,19,Aggravated Assault Firearm,215
2019,19,Aggravated Assault No Firearm,354
2019,19,All Other Offenses,2128
2019,19,Arson,20
2019,19,Burglary Non-Residential,67
2019,19,Burglary Residential,293
2019,19,DRIVING UNDER THE INFLUENCE,152
2019,19,Disorderly Conduct,8
2019,19,Embezzlement,31
2019,19,Forgery and Counterfeiting,10
2019,19,Fraud,619
2019,19,Homicide - Criminal,25
2019,19,Liquor Law Violations,8
2019,19,Motor Vehicle Theft,114
2019,19,Narcotic / Drug Law Violations,529
2019,19,Offenses Against Family and Children,18
2019,19,Other Assaults,1947
2019,19,Other Sex Offenses (Not Commercialized),61
2019,19,Prostitution and Commercialized Vice,5
2019,19,Rape,71
2019,19,Receiving Stolen Property,3
2019,19,Robbery Firearm,124
2019,19,Robbery No Firearm,151
2019,19,Theft from Vehicle,492
2019,19,Thefts,1106
2019,19,Vagrancy/Loitering,5
2019,19,Vandalism/Criminal Mischief,917
2019,19,Weapon Violations,192
2019,22,Aggravated Assault Firearm,239
2019,22,Aggravated Assault No Firearm,472
2019,22,All Other Offenses,1466
2019,22,Arson,34
2019,22,Burglary Non-Residential,53
2019,22,Burglary Residential,583
2019,22,DRIVING UNDER THE INFLUENCE,186
2019,22,Disorderly Conduct,27
2019,22,Embezzlement,7
2019,22,Forgery and Counterfeiting,9
2019,22,Fraud,641
2019,22,Gambling Violations,47
2019,22,Homicide - Criminal,32
2019,22,Liquor Law Violations,6
2019,22,Motor Vehicle Theft,103
2019,22,Narcotic / Drug Law Violations,582
2019,22,Offenses Against Family and Children,5
2019,22,Other Assaults,1922
2019,22,Other Sex Offenses (Not Commercialized),55
2019,22,Prostitution and Commercialized Vice,3
2019,22,Public Drunkenness,22
2019,22,Rape,80
2019,22,Robbery Firearm,201
2019,22,Robbery No Firearm,252
2019,22,Theft from Vehicle,950
2019,22,Thefts,1447
2019,22,Vandalism/Criminal Mischief,1245
2019,22,Weapon Violations,195
2019,24,Aggravated Assault Firearm,202
2019,24,Aggravated Assault No Firearm,475
2019,24,All Other Offenses,3576
2019,24,Arson,38
2019,24,Burglary Non-Residential,85
2019,24,Burglary Residential,199
2019,24,DRIVING UNDER THE INFLUENCE,206
2019,24,Disorderly Conduct,420
2019,24,Embezzlement,19
2019,24,Forgery and Counterfeiting,10
2019,24,Fraud,482
2019,24,Homicide - Criminal,28
2019,24,Liquor Law Violations,2
2019,24,Motor Vehicle Theft,122
2019,24,Narcotic / Drug Law Violations,2639
2019,24,Offenses Against Family and Children,12
2019,24,Other Assaults,1529
2019,24,Other Sex Offenses (Not Commercialized),45
2019,24,Prostitution and Commercialized Vice,200
2019,24,Public Drunkenness,72
2019,24,Rape,71
2019,24,Receiving Stolen Property,1
2019,24,Robbery Firearm,141
2019,24,Robbery No Firearm,294
2019,24,Theft from Vehicle,609
2019,24,Thefts,1123
2019,24,Vagrancy/Loitering,1
2019,24,Vandalism/Criminal Mischief,737
2019,24,Weapon Violations,201
2019,25,Aggravated Assault Firearm,257
2019,25,Aggravated Assault No Firearm,469
2019,25,All Other Offenses,1388
2019,25,Arson,40
2019,25,Burglary Non-Residential,61
2019,25,Burglary Residential,226
2019,25,DRIVING UNDER THE INFLUENCE,176
2019,25,Disorderly Conduct,30
2019,25,Embezzlement,17
2019,25,Forgery and Counterfeiting,11
2019,25,Fraud,431
2019,25,Gambling Violations,2
2019,25,Homicide - Criminal,41
2019,25,Liquor Law Violations,11
2019,25,Motor Vehicle Theft,124
2019,25,Narcotic / Drug Law Violations,1117
2019,25,Offenses Against Family and Children,3
2019,25,Other Assaults,1621
2019,25,Other Sex Offenses (Not Commercialized),76
2019,25,Prostitution and Commercialized Vice,126
2019,25,Public Drunkenness,5
2019,25,Rape,67
2019,25,Receiving Stolen Property,2
2019,25,Robbery Firearm,231
2019,25,Robbery No Firearm,281
2019,25,Theft from Vehicle,665
2019,25,Thefts,774
2019,25,Vandalism/Criminal Mischief,956
2019,25,Weapon Violations,293
2019,26,Aggravated Assault Firearm,70
2019,26,Aggravated Assault No Firearm,194
2019,26,All Other Offenses,693
2019,26,Arson,17
2019,26,Burglary Non-Residential,91
2019,26,Burglary Residential,303
2019,26,DRIVING UNDER THE INFLUENCE,65
2019,26,Disorderly Conduct,12
2019,26,Embezzlement,16
2019,26,Forgery and Counterfeiting,15
2019,26,Fraud,339
2019,26,Homicide - Criminal,10
2019,26,Liquor Law Violations,6
2019,26,Motor Vehicle Theft,106
2019,26,Narcotic / Drug Law Violations,167
2019,26,Offenses Against Family and Children,8
2019,26,Other Assaults,727
2019,26,Other Sex Offenses (Not Commercialized),31
2019,26,Prostitution and Commercialized Vice,116
2019,26,Public Drunkenness,5
2019,26,Rape,42
2019,26,Receiving Stolen Property,2
2019,26,Robbery Firearm,112
2019,26,Robbery No Firearm,155
2019,26,Theft from Vehicle,949
2019,26,Thefts,909
2019,26,Vandalism/Criminal Mischief,639
2019,26,Weapon Violations,47
2019,35,Aggravated Assault Firearm,237
2019,35,Aggravated Assault No Firearm,395
2019,35,All Other Offenses,2171
2019,35,Arson,23
2019,35,Burglary Non-Residential,52
2019,35,Burglary Residential,294
2019,35,DRIVING UNDER THE INFLUENCE,180
2019,35,Disorderly Conduct,26
2019,35,Embezzlement,11
2019,35,Forgery and Counterfeiting,7
2019,35,Fraud,597
2019,35,Homicide - Criminal,28
2019,35,Liquor Law Violations,12
2019,35,Motor Vehicle Theft,113
2019,35,Narcotic / Drug Law Violations,576
2019,35,Offenses Against Family and Children,300
2019,35,Other Assaults,1948
2019,35,Other Sex Offenses (Not Commercialized),68
2019,35,Prostitution and Commercialized Vice,22
2019,35,Public Drunkenness,6
2019,35,Rape,73
2019,35,Receiving Stolen Property,1
2019,35,Robbery Firearm,196
2019,35,Robbery No Firearm,232
2019,35,Theft from Vehicle,720
2019,35,Thefts,1184
2019,35,Vagrancy/Loitering,6
2019,35,Vandalism/Criminal Mischief,1139
2019,35,Weapon Violations,237
2019,39,Aggravated Assault Firearm,260
2019,39,Aggravated Assault No Firearm,384
2019,39,All Other Offenses,1415
2019,39,Arson,18
2019,39,Burglary Non-Residential,73
2019,39,Burglary Residential,352
2019,39,DRIVING UNDER THE INFLUENCE,173
2019,39,Disorderly Conduct,16
2019,39,Embezzlement,15
2019,39,Forgery and Counterfeiting,18
2019,39,Fraud,566
2019,39,Gambling Violations,2
2019,39,Homicide - Criminal,26
2019,39,Liquor Law Violations,2
2019,39,Motor Vehicle Theft,97
2019,39,Narcotic / Drug Law Violations,516
2019,39,Offenses Against Family and Children,8
2019,39,Other Assaults,1721
2019,39,Other Sex Offenses (Not Commercialized),44
2019,39,Prostitution and Commercialized Vice,2
2019,39,Public Drunkenness,3
2019,39,Rape,63
2019,39,Receiving Stolen Property,5
2019,39,Robbery Firearm,121
2019,39,Robbery No Firearm,163
2019,39,Theft from Vehicle,622
2019,39,Thefts,1009
2019,39,Vandalism/Criminal Mischief,833
2019,39,Weapon Violations,181
2019,77,Aggravated Assault No Firearm,1
2019,77,All Other Offenses,7
2019,77,Disorderly Conduct,6
2019,77,Embezzlement,8
2019,77,Forgery and Counterfeiting,3
2019,77,Fraud,75
2019,77,Motor Vehicle Theft,1
2019,77,Narcotic / Drug Law Violations,4
2019,77,Other Assaults,17
2019,77,Theft from Vehicle,5
2019,77,Thefts,165
2019,77,Vandalism/Criminal Mischief,4
2019,77,Weapon Violations,5
2020,1,Aggravated Assault Firearm,59
2020,1,Aggravated Assault No Firearm,78
2020,1,All Other Offenses,153
2020,1,Arson,7
2020,1,Burglary Non-Residential,33
2020,1,Burglary Residential,41
2020,1,DRIVING UNDER THE INFLUENCE,28
2020,1,Disorderly Conduct,13
2020,1,Embezzlement,5
2020,1,Forgery and Counterfeiting,2
2020,1,Fraud,166
2020,1,Homicide - Criminal,5
2020,1,Liquor Law Violations,1
2020,1,Motor Vehicle Theft,28
2020,1,Narcotic / Drug Law Violations,58
2020,1,Offenses Against Family and Children,3
2020,1,Other Assaults,299
2020,1,Other Sex Offenses (Not Commercialized),13
2020,1,Rape,9
2020,1,Receiving Stolen Property,1
2020,1,Robbery Firearm,34
2020,1,Robbery No Firearm,46
2020,1,Theft from Vehicle,239
2020,1,Thefts,398
2020,1,Vandalism/Criminal Mischief,213
2020,1,Weapon Violations,49
2020,2,Aggravated Assault Firearm,137
2020,2,Aggravated Assault No Firearm,212
2020,2,All Other Offenses,471
2020,2,Arson,24
2020,2,Burglary Non-Residential,190
2020,2,Burglary Residential,126
2020,2,DRIVING UNDER THE INFLUENCE,55
2020,2,Disorderly Conduct,4
2020,2,Embezzlement,13
2020,2,Forgery and Counterfeiting,3
2020,2,Fraud,445
2020,2,Homicide - Criminal,13
2020,2,Liquor Law Violations,4
2020,2,Motor Vehicle Theft,91
2020,2,Narcotic / Drug Law Violations,324
2020,2,Offenses Against Family and Children,3
2020,2,Other Assaults,891
2020,2,Other Sex Offenses (Not Commercialized),43
2020,2,Prostitution and Commercialized Vice,1
2020,2,Rape,52
2020,2,Receiving Stolen Property,2
2020,2,Robbery Firearm,114
2020,2,Robbery No Firearm,110
2020,2,Theft from Vehicle,712
2020,2,Thefts,1095
2020,2,Vandalism/Criminal Mischief,723
2020,2,Weapon Violations,97
2020,3,Aggravated Assault Firearm,61
2020,3,Aggravated Assault No Firearm,169
2020,3,All Other Offenses,1169
2020,3,Arson,15
2020,3,Burglary Non-Residential,118
2020,3,Burglary Residential,123
2020,3,DRIVING UNDER THE INFLUENCE,66
2020,3,Disorderly Conduct,7
2020,3,Embezzlement,18
2020,3,Forgery and Counterfeiting,16
2020,3,Fraud,380
2020,3,Homicide - Criminal,5
2020,3,Liquor Law Violations,3
2020,3,Motor Vehicle Theft,80
2020,3,Narcotic / Drug Law Violations,74
2020,3,Offenses Against Family and Children,2
2020,3,Other Assaults,829
2020,3,Other Sex Offenses (Not Commercialized),38
2020,3,Prostitution and Commercialized Vice,3
2020,3,Rape,19
2020,3,Robbery Firearm,51
2020,3,Robbery No Firearm,125
2020,3,Theft from Vehicle,756
2020,3,Thefts,1209
2020,3,Vandalism/Criminal Mischief,564
2020,3,Weapon Violations,55
2020,5,Aggravated Assault Firearm,16
2020,5,Aggravated Assault No Firearm,51
2020,5,All Other Offenses,165
2020,5,Arson,3
2020,5,Burglary Non-Residential,60
2020,5,Burglary Residential,56
2020,5,DRIVING UNDER THE INFLUENCE,10
2020,5,Disorderly Conduct,5
2020,5,Embezzlement,2
2020,5,Forgery and Counterfeiting,3
2020,5,Fraud,200
2020,5,Homicide - Criminal,1
2020,5,Motor Vehicle Theft,30
2020,5,Narcotic / Drug Law Violations,4
2020,5,Offenses Against Family and Children,3
2020,5,Other Assaults,303
2020,5,Other Sex Offenses (Not Commercialized),10
2020,5,Rape,10
2020,5,Robbery Firearm,5
2020,5,Robbery No Firearm,20
2020,5,Theft from Vehicle,314
2020,5,Thefts,324
2020,5,Vandalism/Criminal Mischief,201
2020,5,Weapon Violations,9
2020,7,Aggravated Assault Firearm,27
2020,7,Aggravated Assault No Firearm,45
2020,7,All Other Offenses,211
2020,7,Arson,3
2020,7,Burglary Non-Residential,49
2020,7,Burglary Residential,64
2020,7,DRIVING UNDER THE INFLUENCE,23
2020,7,Embezzlement,8
2020,7,Forgery and Counterfeiting,2
2020,7,Fraud,394
2020,7,Homicide - Criminal,3
2020,7,Liquor Law Violations,1
2020,7,Motor Vehicle Theft,46
2020,7,Narcotic / Drug Law Violations,10
2020,7,Offenses Against Family and Children,1
2020,7,Other Assaults,314
2020,7,Other Sex Offenses (Not Commercialized),15
2020,7,Prostitution and Commercialized Vice,2
2020,7,Rape,23
2020,7,Receiving Stolen Property,1
2020,7,Robbery Firearm,13
2020,7,Robbery No Firearm,23
2020,7,Theft from Vehicle,391
2020,7,Thefts,488
2020,7,Vandalism/Criminal Mischief,257
2020,7,Weapon Violations,16
2020,8,Aggravated Assault Firearm,65
2020,8,Aggravated Assault No Firearm,133
2020,8,All Other Offenses,464
2020,8,Arson,6
2020,8,Burglary Non-Residential,92
2020,8,Burglary Residential,88
2020,8,DRIVING UNDER THE INFLUENCE,37
2020,8,Disorderly Conduct,4
2020,8,Embezzlement,15
2020,8,Forgery and Counterfeiting,1
2020,8,Fraud,392
2020,8,Homicide - Criminal,3
2020,8,Liquor Law Violations,20
2020,8,Motor Vehicle Theft,57
2020,8,Narcotic / Drug Law Violations,90
2020,8,Offenses Against Family and Children,3
2020,8,Other Assaults,816
2020,8,Other Sex Offenses (Not Commercialized),26
2020,8,Prostitution and Commercialized Vice,3
2020,8,Rape,23
2020,8,Receiving Stolen Property,1
2020,8,Robbery Firearm,30
2020,8,Robbery No Firearm,38
2020,8,Theft from Vehicle,503
2020,8,Thefts,691
2020,8,Vandalism/Criminal Mischief,462
2020,8,Weapon Violations,19
2020,9,Aggravated Assault Firearm,102
2020,9,Aggravated Assault No Firearm,300
2020,9,All Other Offenses,1465
2020,9,Arson,34
2020,9,Burglary Non-Residential,474
2020,9,Burglary Residential,226
2020,9,DRIVING UNDER THE INFLUENCE,57
2020,9,Disorderly Conduct,76
2020,9,Embezzlement,17
2020,9,Forgery and Counterfeiting,27
2020,9,Fraud,603
2020,9,Homicide - Criminal,4
2020,9,Motor Vehicle Theft,100
2020,9,Narcotic / Drug Law Violations,352
2020,9,Offenses Against Family and Children,2
2020,9,Other Assaults,1260
2020,9,Other Sex Offenses (Not Commercialized),70
2020,9,Prostitution and Commercialized Vice,3
2020,9,Public Drunkenness,2
2020,9,Rape,42
2020,9,Robbery Firearm,65
2020,9,Robbery No Firearm,335
2020,9,Theft from Vehicle,1205
2020,9,Thefts,3970
2020,9,Vagrancy/Loitering,1
2020,9,Vandalism/Criminal Mischief,1012
2020,9,Weapon Violations,73
2020,12,Aggravated Assault Firearm,351
2020,12,Aggravated Assault No Firearm,382
2020,12,All Other Offenses,935
2020,12,Arson,36
2020,12,Burglary Non-Residential,176
2020,12,Burglary Residential,220
2020,12,DRIVING UNDER THE INFLUENCE,75
2020,12,Disorderly Conduct,10
2020,12,Embezzlement,20
2020,12,Forgery and Counterfeiting,4
2020,12,Fraud,564
2020,12,Homicide - Criminal,43
2020,12,Liquor Law Violations,5
2020,12,Motor Vehicle Theft,238
2020,12,Narcotic / Drug Law Violations,554
2020,12,Offenses Against Family and Children,4
2020,12,Other Assaults,1550
2020,12,Other Sex Offenses (Not Commercialized),30
2020,12,Prostitution and Commercialized Vice,11
2020,12,Public Drunkenness,2
2020,12,Rape,58
2020,12,Receiving Stolen Property,2
2020,12,Robbery Firearm,138
2020,12,Robbery No Firearm,129
2020,12,Theft from Vehicle,712
2020,12,Thefts,790
2020,12,Vandalism/Criminal Mischief,1021
2020,12,Weapon Violations,338
2020,14,Aggravated Assault Firearm,233
2020,14,Aggravated Assault No Firearm,289
2020,14,All Other Offenses,856
2020,14,Arson,30
2020,14,Burglary Non-Residential,165
2020,14,Burglary Residential,237
2020,14,DRIVING UNDER THE INFLUENCE,59
2020,14,Disorderly Conduct,10
2020,14,Embezzlement,11
2020,14,Forgery and Counterfeiting,12
2020,14,Fraud,801
2020,14,Gambling Violations,1
2020,14,Homicide - Criminal,35
2020,14,Liquor Law Violations,1
2020,14,Motor Vehicle Theft,138
2020,14,Narcotic / Drug Law Violations,309
2020,14,Offenses Against Family and Children,63
2020,14,Other Assaults,1645
2020,14,Other Sex Offenses (Not Commercialized),41
2020,14,Rape,59
2020,14,Receiving Stolen Property,1
2020,14,Robbery Firearm,81
2020,14,Robbery No Firearm,100
2020,14,Theft from Vehicle,649
2020,14,Thefts,1098
2020,14,Vandalism/Criminal Mischief,941
2020,14,Weapon Violations,237
2020,15,Aggravated Assault Firearm,276
2020,15,Aggravated Assault No Firearm,382
2020,15,All Other Offenses,1051
2020,15,Arson,58
2020,15,Burglary Non-Residential,173
2020,15,Burglary Residential,192
2020,15,DRIVING UNDER THE INFLUENCE,93
2020,15,Disorderly Conduct,22
2020,15,Embezzlement,11
2020,15,Forgery and Counterfeiting,12
2020,15,Fraud,622
2020,15,Homicide - Criminal,41
2020,15,Liquor Law Violations,8
2020,15,Motor Vehicle Theft,288
2020,15,Narcotic / Drug Law Violations,252
2020,15,Offenses Against Family and Children,11
2020,15,Other Assaults,1659
2020,15,Other Sex Offenses (Not Commercialized),63
2020,15,Prostitution and Commercialized Vice,7
2020,15,Rape,93
2020,15,Receiving Stolen Property,2
2020,15,Robbery Firearm,193
2020,15,Robbery No Firearm,188
2020,15,Theft from Vehicle,991
2020,15,Thefts,1243
2020,15,Vandalism/Criminal Mischief,1253
2020,15,Weapon Violations,224
2020,16,Aggravated Assault Firearm,171
2020,16,Aggravated Assault No Firearm,183
2020,16,All Other Offenses,1519
2020,16,Arson,24
2020,16,Burglary Non-Residential,72
2020,16,Burglary Residential,108
2020,16,DRIVING UNDER THE INFLUENCE,59
2020,16,Disorderly Conduct,21
2020,16,Embezzlement,1
2020,16,Forgery and Counterfeiting,2
2020,16,Fraud,221
2020,16,Gambling Violations,2
2020,16,Homicide - Criminal,25
2020,16,Liquor Law Violations,2
2020,16,Motor Vehicle Theft,89
2020,16,Narcotic / Drug Law Violations,260
2020,16,Offenses Against Family and Children,25
2020,16,Other Assaults,635
2020,16,Other Sex Offenses (Not Commercialized),26
2020,16,Prostitution and Commercialized Vice,25
2020,16,Public Drunkenness,5
2020,16,Rape,26
2020,16,Receiving Stolen Property,1
2020,16,Robbery Firearm,50
2020,16,Robbery No Firearm,108
2020,16,Theft from Vehicle,326
2020,16,Thefts,617
2020,16,Vagrancy/Loitering,1
2020,16,Vandalism/Criminal Mischief,472
2020,16,Weapon Violations,152
2020,17,Aggravated Assault Firearm,72
2020,17,Aggravated Assault No Firearm,103
2020,17,All Other Offenses,260
2020,17,Arson,14
2020,17,Burglary Non-Residential,36
2020,17,Burglary Residential,133
2020,17,DRIVING UNDER THE INFLUENCE,39
2020,17,Disorderly Conduct,10
2020,17,Embezzlement,9
2020,17,Forgery and Counterfeiting,12
2020,17,Fraud,233
2020,17,Homicide - Criminal,17
2020,17,Liquor Law Violations,1
2020,17,Motor Vehicle Theft,50
2020,17,Narcotic / Drug Law Violations,155
2020,17,Offenses Against Family and Children,54
2020,17,Other Assaults,370
2020,17,Other Sex Offenses (Not Commercialized),18
2020,17,Rape,9
2020,17,Robbery Firearm,23
2020,17,Robbery No Firearm,73
2020,17,Theft from Vehicle,325
2020,17,Thefts,952
2020,17,Vandalism/Criminal Mischief,335
2020,17,Weapon Violations,93
2020,18,Aggravated Assault Firearm,172
2020,18,Aggravated Assault No Firearm,336
2020,18,All Other Offenses,1116
2020,18,Arson,22
2020,18,Burglary Non-Residential,173
2020,18,Burglary Residential,197
2020,18,DRIVING UNDER THE INFLUENCE,86
2020,18,Disorderly Conduct,65
2020,18,Embezzlement,4
2020,18,Forgery and Counterfeiting,2
2020,18,Fraud,389
2020,18,Homicide - Criminal,22
2020,18,Liquor Law Violations,4
2020,18,Motor Vehicle Theft,120
2020,18,Narcotic / Drug Law Violations,329
2020,18,Offenses Against Family and Children,2
2020,18,Other Assaults,971
2020,18,Other Sex Offenses (Not Commercialized),36
2020,18,Public Drunkenness,1
2020,18,Rape,44
2020,18,Receiving Stolen Property,1
2020,18,Robbery Firearm,132
2020,18,Robbery No Firearm,144
2020,18,Theft from Vehicle,504
2020,18,Thefts,1172
2020,18,Vandalism/Criminal Mischief,694
2020,18,Weapon Violations,211
2020,19,Aggravated Assault Firearm,306
2020,19,Aggravated Assault No Firearm,403
2020,19,All Other Offenses,833
2020,19,Arson,26
2020,19,Burglary Non-Residential,188
2020,19,Burglary Residential,230
2020,19,DRIVING UNDER THE INFLUENCE,85
2020,19,Disorderly Conduct,18
2020,19,Embezzlement,15
2020,19,Forgery and Counterfeiting,3
2020,19,Fraud,650
2020,19,Homicide - Criminal,32
2020,19,Liquor Law Violations,1
2020,19,Motor Vehicle Theft,140
2020,19,Narcotic / Drug Law Violations,271
2020,19,Offenses Against Family and Children,15
2020,19,Other Assaults,1867
2020,19,Other Sex Offenses (Not Commercialized),34
2020,19,Rape,46
2020,19,Receiving Stolen Property,2
2020,19,Robbery Firearm,89
2020,19,Robbery No Firearm,126
2020,19,Theft from Vehicle,435
2020,19,Thefts,1012
2020,19,Vandalism/Criminal Mischief,936
2020,19,Weapon Violations,281
2020,22,Aggravated Assault Firearm,349
2020,22,Aggravated Assault No Firearm,462
2020,22,All Other Offenses,740
2020,22,Arson,61
2020,22,Burglary Non-Residential,176
2020,22,Burglary Residential,521
2020,22,DRIVING UNDER THE INFLUENCE,124
2020,22,Disorderly Conduct,19
2020,22,Embezzlement,5
2020,22,Forgery and Counterfeiting,5
2020,22,Fraud,457
2020,22,Gambling Violations,4
2020,22,Homicide - Criminal,56
2020,22,Liquor Law Violations,5
2020,22,Motor Vehicle Theft,178
2020,22,Narcotic / Drug Law Violations,317
2020,22,Offenses Against Family and Children,9
2020,22,Other Assaults,1748
2020,22,Other Sex Offenses (Not Commercialized),47
2020,22,Prostitution and Commercialized Vice,2
2020,22,Public Drunkenness,2
2020,22,Rape,67
2020,22,Receiving Stolen Property,1
2020,22,Robbery Firearm,143
2020,22,Robbery No Firearm,206
2020,22,Theft from Vehicle,837
2020,22,Thefts,1131
2020,22,Vandalism/Criminal Mischief,1160
2020,22,Weapon Violations,297
2020,24,Aggravated Assault Firearm,384
2020,24,Aggravated Assault No Firearm,446
2020,24,All Other Offenses,1115
2020,24,Arson,41
2020,24,Burglary Non-Residential,281
2020,24,Burglary Residential,170
2020,24,DRIVING UNDER THE INFLUENCE,232
2020,24,Disorderly Conduct,353
2020,24,Embezzlement,12
2020,24,Forgery and Counterfeiting,10
2020,24,Fraud,419
2020,24,Homicide - Criminal,58
2020,24,Homicide - Justifiable,1
2020,24,Liquor Law Violations,3
2020,24,Motor Vehicle Theft,190
2020,24,Narcotic / Drug Law Violations,1410
2020,24,Offenses Against Family and Children,11
2020,24,Other Assaults,1328
2020,24,Other Sex Offenses (Not Commercialized),45
2020,24,Prostitution and Commercialized Vice,68
2020,24,Public Drunkenness,26
2020,24,Rape,60
2020,24,Receiving Stolen Property,4
2020,24,Robbery Firearm,168
2020,24,Robbery No Firearm,286
2020,24,Theft from Vehicle,687
2020,24,Thefts,1048
2020,24,Vandalism/Criminal Mischief,768
2020,24,Weapon Violations,275
2020,25,Aggravated Assault Firearm,351
2020,25,Aggravated Assault No Firearm,529
2020,25,All Other Offenses,834
2020,25,Arson,52
2020,25,Burglary Non-Residential,197
2020,25,Burglary Residential,175
2020,25,DRIVING UNDER THE INFLUENCE,161
2020,25,Disorderly Conduct,15
2020,25,Embezzlement,7
2020,25,Forgery and Counterfeiting,3
2020,25,Fraud,380
2020,25,Homicide - Criminal,43
2020,25,Liquor Law Violations,4
2020,25,Motor Vehicle Theft,195
2020,25,Narcotic / Drug Law Violations,612
2020,25,Offenses Against Family and Children,9
2020,25,Other Assaults,1521
2020,25,Other Sex Offenses (Not Commercialized),50
2020,25,Prostitution and Commercialized Vice,24
2020,25,Public Drunkenness,1
2020,25,Rape,78
2020,25,Receiving Stolen Property,3
2020,25,Robbery Firearm,170
2020,25,Robbery No Firearm,216
2020,25,Theft from Vehicle,776
2020,25,Thefts,744
2020,25,Vandalism/Criminal Mischief,903
2020,25,Weapon Violations,347
2020,26,Aggravated Assault Firearm,136
2020,26,Aggravated Assault No Firearm,170
2020,26,All Other Offenses,524
2020,26,Arson,25
2020,26,Burglary Non-Residential,184
2020,26,Burglary Residential,231
2020,26,DRIVING UNDER THE INFLUENCE,58
2020,26,Disorderly Conduct,14
2020,26,Embezzlement,5
2020,26,Forgery and Counterfeiting,10
2020,26,Fraud,266
2020,26,Homicide - Criminal,15
2020,26,Liquor Law Violations,3
2020,26,Motor Vehicle Theft,165
2020,26,Narcotic / Drug Law Violations,110
2020,26,Offenses Against Family and Children,2
2020,26,Other Assaults,706
2020,26,Other Sex Offenses (Not Commercialized),32
2020,26,Prostitution and Commercialized Vice,40
2020,26,Rape,26
2020,26,Robbery Firearm,76
2020,26,Robbery No Firearm,108
2020,26,Theft from Vehicle,996
2020,26,Thefts,847
2020,26,Vandalism/Criminal Mischief,642
2020,26,Weapon Violations,114
2020,35,Aggravated Assault Firearm,257
2020,35,Aggravated Assault No Firearm,409
2020,35,All Other Offenses,1206
2020,35,Arson,34
2020,35,Burglary Non-Residential,154
2020,35,Burglary Residential,234
2020,35,DRIVING UNDER THE INFLUENCE,146
2020,35,Disorderly Conduct,19
2020,35,Embezzlement,9
2020,35,Forgery and Counterfeiting,4
2020,35,Fraud,541
2020,35,Gambling Violations,1
2020,35,Homicide - Criminal,30
2020,35,Liquor Law Violations,2
2020,35,Motor Vehicle Theft,142
2020,35,Narcotic / Drug Law Violations,624
2020,35,Offenses Against Family and Children,173
2020,35,Other Assaults,1559
2020,35,Other Sex Offenses (Not Commercialized),39
2020,35,Public Drunkenness,1
2020,35,Rape,63
2020,35,Robbery Firearm,145
2020,35,Robbery No Firearm,209
2020,35,Theft from Vehicle,704
2020,35,Thefts,962
2020,35,Vagrancy/Loitering,6
2020,35,Vandalism/Criminal Mischief,1043
2020,35,Weapon Violations,333
2020,39,Aggravated Assault Firearm,283
2020,39,Aggravated Assault No Firearm,337
2020,39,All Other Offenses,816
2020,39,Arson,36
2020,39,Burglary Non-Residential,228
2020,39,Burglary Residential,258
2020,39,DRIVING UNDER THE INFLUENCE,89
2020,39,Disorderly Conduct,16
2020,39,Embezzlement,12
2020,39,Forgery and Counterfeiting,13
2020,39,Fraud,458
2020,39,Gambling Violations,1
2020,39,Homicide - Criminal,43
2020,39,Liquor Law Violations,4
2020,39,Motor Vehicle Theft,117
2020,39,Narcotic / Drug Law Violations,281
2020,39,Offenses Against Family and Children,7
2020,39,Other Assaults,1409
2020,39,Other Sex Offenses (Not Commercialized),35
2020,39,Rape,42
2020,39,Receiving Stolen Property,2
2020,39,Robbery Firearm,114
2020,39,Robbery No Firearm,147
2020,39,Theft from Vehicle,596
2020,39,Thefts,774
2020,39,Vandalism/Criminal Mischief,818
2020,39,Weapon Violations,277
2020,77,Aggravated Assault Firearm,1
2020,77,Aggravated Assault No Firearm,2
2020,77,All Other Offenses,5
2020,77,Burglary Non-Residential,2
2020,77,DRIVING UNDER THE INFLUENCE,1
2020,77,Disorderly Conduct,25
2020,77,Embezzlement,7
2020,77,Fraud,69
2020,77,Motor Vehicle Theft,9
2020,77,Narcotic / Drug Law Violations,11
2020,77,Other Assaults,17
2020,77,Other Sex Offenses (Not Commercialized),1
2020,77,Robbery Firearm,1
2020,77,Theft from Vehicle,7
2020,77,Thefts,77
2020,77,Vandalism/Criminal Mischief,10
2020,77,Weapon Violations,6
2021,1,Aggravated Assault Firearm,49
2021,1,Aggravated Assault No Firearm,77
2021,1,All Other Offenses,158
2021,1,Arson,6
2021,1,Burglary Non-Residential,50
2021,1,Burglary Residential,86
2021,1,DRIVING UNDER THE INFLUENCE,28
2021,1,Disorderly Conduct,5
2021,1,Embezzlement,4
2021,1,Forgery and Counterfeiting,6
2021,1,Fraud,342
2021,1,Homicide - Criminal,8
2021,1,Liquor Law Violations,1
2021,1,Motor Vehicle Theft,100
2021,1,Narcotic / Drug Law Violations,16
2021,1,Other Assaults,362
2021,1,Other Sex Offenses (Not Commercialized),9
2021,1,Public Drunkenness,1
2021,1,Rape,4
2021,1,Receiving Stolen Property,3
2021,1,Robbery Firearm,33
2021,1,Robbery No Firearm,44
2021,1,Theft from Vehicle,202
2021,1,Thefts,516
2021,1,Vandalism/Criminal Mischief,208
2021,1,Weapon Violations,32
2021,2,Aggravated Assault Firearm,132
2021,2,Aggravated Assault No Firearm,204
2021,2,All Other Offenses,335
2021,2,Arson,33
2021,2,Burglary Non-Residential,60
2021,2,Burglary Residential,169
2021,2,DRIVING UNDER THE INFLUENCE,56
2021,2,Disorderly Conduct,4
2021,2,Embezzlement,9
2021,2,Forgery and Counterfeiting,11
2021,2,Fraud,530
2021,2,Homicide - Criminal,11
2021,2,Liquor Law Violations,1
2021,2,Motor Vehicle Theft,413
2021,2,Narcotic / Drug Law Violations,264
2021,2,Offenses Against Family and Children,3
2021,2,Other Assaults,1179
2021,2,Other Sex Offenses (Not Commercialized),54
2021,2,Prostitution and Commercialized Vice,1
2021,2,Rape,31
2021,2,Receiving Stolen Property,15
2021,2,Robbery Firearm,184
2021,2,Robbery No Firearm,122
2021,2,Theft from Vehicle,629
2021,2,Thefts,1439
2021,2,Vandalism/Criminal Mischief,621
2021,2,Weapon Violations,111
2021,3,Aggravated Assault Firearm,61
2021,3,Aggravated Assault No Firearm,174
2021,3,All Other Offenses,587
2021,3,Arson,15
2021,3,Burglary Non-Residential,110
2021,3,Burglary Residential,106
2021,3,DRIVING UNDER THE INFLUENCE,49
2021,3,Disorderly Conduct,26
2021,3,Embezzlement,13
2021,3,Forgery and Counterfeiting,13
2021,3,Fraud,389
2021,3,Homicide - Criminal,14
2021,3,Liquor Law Violations,9
2021,3,Motor Vehicle Theft,271
2021,3,Narcotic / Drug Law Violations,38
2021,3,Offenses Against Family and Children,5
2021,3,Other Assaults,893
2021,3,Other Sex Offenses (Not Commercialized),23
2021,3,Prostitution and Commercialized Vice,2
2021,3,Rape,32
2021,3,Receiving Stolen Property,13
2021,3,Robbery Firearm,92
2021,3,Robbery No Firearm,104
2021,3,Theft from Vehicle,789
2021,3,Thefts,1424
2021,3,Vandalism/Criminal Mischief,517
2021,3,Weapon Violations,56
2021,5,Aggravated Assault Firearm,16
2021,5,Aggravated Assault No Firearm,31
2021,5,All Other Offenses,80
2021,5,Arson,7
2021,5,Burglary Non-Residential,37
2021,5,Burglary Residential,89
2021,5,DRIVING UNDER THE INFLUENCE,12
2021,5,Disorderly Conduct,6
2021,5,Embezzlement,5
2021,5,Forgery and Counterfeiting,7
2021,5,Fraud,202
2021,5,Homicide - Criminal,2
2021,5,Liquor Law Violations,2
2021,5,Motor Vehicle Theft,76
2021,5,Narcotic / Drug Law Violations,9
2021,5,Offenses Against Family and Children,1
2021,5,Other Assaults,333
2021,5,Other Sex Offenses (Not Commercialized),20
2021,5,Rape,10
2021,5,Receiving Stolen Property,4
2021,5,Robbery Firearm,19
2021,5,Robbery No Firearm,14
2021,5,Theft from Vehicle,497
2021,5,Thefts,367
2021,5,Vandalism/Criminal Mischief,221
2021,5,Weapon Violations,8
2021,7,Aggravated Assault Firearm,23
2021,7,Aggravated Assault No Firearm,75
2021,7,All Other Offenses,225
2021,7,Arson,5
2021,7,Burglary Non-Residential,29
2021,7,Burglary Residential,63
2021,7,DRIVING UNDER THE INFLUENCE,32
2021,7,Disorderly Conduct,2
2021,7,Embezzlement,9
2021,7,Forgery and Counterfeiting,14
2021,7,Fraud,438
2021,7,Homicide - Criminal,4
2021,7,Liquor Law Violations,1
2021,7,Motor Vehicle Theft,104
2021,7,Narcotic / Drug Law Violations,4
2021,7,Offenses Against Family and Children,2
2021,7,Other Assaults,360
2021,7,Other Sex Offenses (Not Commercialized),10
2021,7,Rape,10
2021,7,Receiving Stolen Property,9
2021,7,Robbery Firearm,34
2021,7,Robbery No Firearm,29
2021,7,Theft from Vehicle,413
2021,7,Thefts,653
2021,7,Vandalism/Criminal Mischief,256
2021,7,Weapon Violations,8
2021,8,Aggravated Assault Firearm,50
2021,8,Aggravated Assault No Firearm,164
2021,8,All Other Offenses,275
2021,8,Arson,18
2021,8,Burglary Non-Residential,57
2021,8,Burglary Residential,98
2021,8,DRIVING UNDER THE INFLUENCE,41
2021,8,Disorderly Conduct,4
2021,8,Embezzlement,11
2021,8,Forgery and Counterfeiting,14
2021,8,Fraud,365
2021,8,Homicide - Criminal,9
2021,8,Motor Vehicle Theft,179
2021,8,Narcotic / Drug Law Violations,29
2021,8,Offenses Against Family and Children,1
2021,8,Other Assaults,913
2021,8,Other Sex Offenses (Not Commercialized),17
2021,8,Rape,18
2021,8,Receiving Stolen Property,14
2021,8,Robbery Firearm,43
2021,8,Robbery No Firearm,44
2021,8,Theft from Vehicle,545
2021,8,Thefts,909
2021,8,Vandalism/Criminal Mischief,396
2021,8,Weapon Violations,27
2021,9,Aggravated Assault Firearm,92
2021,9,Aggravated Assault No Firearm,354
2021,9,All Other Offenses,1251
2021,9,Arson,35
2021,9,Burglary Non-Residential,322
2021,9,Burglary Residential,266
2021,9,DRIVING UNDER THE INFLUENCE,70
2021,9,Disorderly Conduct,41
2021,9,Embezzlement,14
2021,9,Forgery and Counterfeiting,22
2021,9,Fraud,470
2021,9,Homicide - Criminal,13
2021,9,Liquor Law Violations,4
2021,9,Motor Vehicle Theft,389
2021,9,Narcotic / Drug Law Violations,73
2021,9,Offenses Against Family and Children,3
2021,9,Other Assaults,1499
2021,9,Other Sex Offenses (Not Commercialized),74
2021,9,Public Drunkenness,5
2021,9,Rape,43
2021,9,Receiving Stolen Property,29
2021,9,Robbery Firearm,122
2021,9,Robbery No Firearm,359
2021,9,Theft from Vehicle,1187
2021,9,Thefts,4297
2021,9,Vagrancy/Loitering,1
2021,9,Vandalism/Criminal Mischief,880
2021,9,Weapon Violations,61
2021,12,Aggravated Assault Firearm,275
2021,12,Aggravated Assault No Firearm,292
2021,12,All Other Offenses,701
2021,12,Arson,38
2021,12,Burglary Non-Residential,55
2021,12,Burglary Residential,206
2021,12,DRIVING UNDER THE INFLUENCE,60
2021,12,Disorderly Conduct,19
2021,12,Embezzlement,10
2021,12,Forgery and Counterfeiting,4
2021,12,Fraud,590
2021,12,Homicide - Criminal,33
2021,12,Liquor Law Violations,8
2021,12,Motor Vehicle Theft,607
2021,12,Narcotic / Drug Law Violations,262
2021,12,Offenses Against Family and Children,3
2021,12,Other Assaults,1584
2021,12,Other Sex Offenses (Not Commercialized),46
2021,12,Prostitution and Commercialized Vice,4
2021,12,Public Drunkenness,5
2021,12,Rape,58
2021,12,Receiving Stolen Property,118
2021,12,Robbery Firearm,132
2021,12,Robbery No Firearm,109
2021,12,Theft from Vehicle,689
2021,12,Thefts,1042
2021,12,Vandalism/Criminal Mischief,959
2021,12,Weapon Violations,343
2021,14,Aggravated Assault Firearm,199
2021,14,Aggravated Assault No Firearm,264
2021,14,All Other Offenses,537
2021,14,Arson,24
2021,14,Burglary Non-Residential,58
2021,14,Burglary Residential,185
2021,14,DRIVING UNDER THE INFLUENCE,55
2021,14,Disorderly Conduct,12
2021,14,Embezzlement,4
2021,14,Forgery and Counterfeiting,31
2021,14,Fraud,900
2021,14,Gambling Violations,4
2021,14,Homicide - Criminal,21
2021,14,Motor Vehicle Theft,318
2021,14,Narcotic / Drug Law Violations,232
2021,14,Offenses Against Family and Children,38
2021,14,Other Assaults,1613
2021,14,Other Sex Offenses (Not Commercialized),58
2021,14,Public Drunkenness,4
2021,14,Rape,33
2021,14,Receiving Stolen Property,28
2021,14,Robbery Firearm,100
2021,14,Robbery No Firearm,81
2021,14,Theft from Vehicle,685
2021,14,Thefts,1087
2021,14,Vagrancy/Loitering,1
2021,14,Vandalism/Criminal Mischief,832
2021,14,Weapon Violations,281
2021,15,Aggravated Assault Firearm,266
2021,15,Aggravated Assault No Firearm,380
2021,15,All Other Offenses,774
2021,15,Arson,71
2021,15,Burglary Non-Residential,78
2021,15,Burglary Residential,235
2021,15,DRIVING UNDER THE INFLUENCE,90
2021,15,Disorderly Conduct,19
2021,15,Embezzlement,9
2021,15,Forgery and Counterfeiting,18
2021,15,Fraud,619
2021,15,Gambling Violations,1
2021,15,Homicide - Criminal,43
2021,15,Liquor Law Violations,5
2021,15,Motor Vehicle Theft,743
2021,15,Narcotic / Drug Law Violations,177
2021,15,Offenses Against Family and Children,5
2021,15,Other Assaults,1776
2021,15,Other Sex Offenses (Not Commercialized),92
2021,15,Prostitution and Commercialized Vice,3
2021,15,Rape,59
2021,15,Receiving Stolen Property,42
2021,15,Robbery Firearm,188
2021,15,Robbery No Firearm,179
2021,15,Theft from Vehicle,982
2021,15,Thefts,1582
2021,15,Vagrancy/Loitering,1
2021,15,Vandalism/Criminal Mischief,1264
2021,15,Weapon Violations,209
2021,16,Aggravated Assault Firearm,184
2021,16,Aggravated Assault No Firearm,174
2021,16,All Other Offenses,741
2021,16,Arson,24
2021,16,Burglary Non-Residential,35
2021,16,Burglary Residential,128
2021,16,DRIVING UNDER THE INFLUENCE,50
2021,16,Disorderly Conduct,36
2021,16,Embezzlement,1
2021,16,Fraud,226
2021,16,Homicide - Criminal,29
2021,16,Liquor Law Violations,3
2021,16,Motor Vehicle Theft,293
2021,16,Narcotic / Drug Law Violations,167
2021,16,Offenses Against Family and Children,6
2021,16,Other Assaults,700
2021,16,Other Sex Offenses (Not Commercialized),35
2021,16,Prostitution and Commercialized Vice,7
2021,16,Public Drunkenness,3
2021,16,Rape,29
2021,16,Receiving Stolen Property,20
2021,16,Robbery Firearm,97
2021,16,Robbery No Firearm,77
2021,16,Theft from Vehicle,411
2021,16,Thefts,620
2021,16,Vandalism/Criminal Mischief,530
2021,16,Weapon Violations,187
2021,17,Aggravated Assault Firearm,58
2021,17,Aggravated Assault No Firearm,98
2021,17,All Other Offenses,144
2021,17,Arson,7
2021,17,Burglary Non-Residential,21
2021,17,Burglary Residential,132
2021,17,DRIVING UNDER THE INFLUENCE,29
2021,17,Disorderly Conduct,6
2021,17,Embezzlement,2
2021,17,Forgery and Counterfeiting,8
2021,17,Fraud,329
2021,17,Homicide - Criminal,10
2021,17,Motor Vehicle Theft,159
2021,17,Narcotic / Drug Law Violations,77
2021,17,Offenses Against Family and Children,33
2021,17,Other Assaults,477
2021,17,Other Sex Offenses (Not Commercialized),15
2021,17,Rape,19
2021,17,Receiving Stolen Property,6
2021,17,Robbery Firearm,25
2021,17,Robbery No Firearm,43
2021,17,Theft from Vehicle,261
2021,17,Thefts,849
2021,17,Vandalism/Criminal Mischief,324
2021,17,Weapon Violations,70
2021,18,Aggravated Assault Firearm,187
2021,18,Aggravated Assault No Firearm,247
2021,18,All Other Offenses,794
2021,18,Arson,44
2021,18,Burglary Non-Residential,54
2021,18,Burglary Residential,229
2021,18,DRIVING UNDER THE INFLUENCE,81
2021,18,Disorderly Conduct,25
2021,18,Embezzlement,2
2021,18,Forgery and Counterfeiting,2
2021,18,Fraud,418
2021,18,Homicide - Criminal,18
2021,18,Liquor Law Violations,6
2021,18,Motor Vehicle Theft,363
2021,18,Narcotic / Drug Law Violations,139
2021,18,Offenses Against Family and Children,3
2021,18,Other Assaults,899
2021,18,Other Sex Offenses (Not Commercialized),43
2021,18,Public Drunkenness,2
2021,18,Rape,43
2021,18,Receiving Stolen Property,26
2021,18,Robbery Firearm,135
2021,18,Robbery No Firearm,119
2021,18,Theft from Vehicle,399
2021,18,Thefts,1264
2021,18,Vandalism/Criminal Mischief,617
2021,18,Weapon Violations,221
2021,19,Aggravated Assault Firearm,282
2021,19,Aggravated Assault No Firearm,351
2021,19,All Other Offenses,650
2021,19,Arson,32
2021,19,Burglary Non-Residential,58
2021,19,Burglary Residential,235
2021,19,DRIVING UNDER THE INFLUENCE,80
2021,19,Disorderly Conduct,14
2021,19,Embezzlement,5
2021,19,Forgery and Counterfeiting,8
2021,19,Fraud,663
2021,19,Homicide - Criminal,35
2021,19,Homicide - Gross Negligence,1
2021,19,Liquor Law Violations,9
2021,19,Motor Vehicle Theft,385
2021,19,Narcotic / Drug Law Violations,104
2021,19,Offenses Against Family and Children,9
2021,19,Other Assaults,1944
2021,19,Other Sex Offenses (Not Commercialized),32
2021,19,Prostitution and Commercialized Vice,1
2021,19,Public Drunkenness,5
2021,19,Rape,44
2021,19,Receiving Stolen Property,40
2021,19,Robbery Firearm,146
2021,19,Robbery No Firearm,81
2021,19,Theft from Vehicle,449
2021,19,Thefts,1098
2021,19,Vagrancy/Loitering,1
2021,19,Vandalism/Criminal Mischief,961
2021,19,Weapon Violations,283
2021,22,Aggravated Assault Firearm,401
2021,22,Aggravated Assault No Firearm,423
2021,22,All Other Offenses,678
2021,22,Arson,49
2021,22,Burglary Non-Residential,120
2021,22,Burglary Residential,438
2021,22,DRIVING UNDER THE INFLUENCE,111
2021,22,Disorderly Conduct,21
2021,22,Embezzlement,2
2021,22,Forgery and Counterfeiting,4
2021,22,Fraud,440
2021,22,Homicide - Criminal,69
2021,22,Liquor Law Violations,7
2021,22,Motor Vehicle Theft,570
2021,22,Narcotic / Drug Law Violations,153
2021,22,Offenses Against Family and Children,10
2021,22,Other Assaults,2152
2021,22,Other Sex Offenses (Not Commercialized),73
2021,22,Prostitution and Commercialized Vice,1
2021,22,Rape,76
2021,22,Receiving Stolen Property,22
2021,22,Robbery Firearm,192
2021,22,Robbery No Firearm,168
2021,22,Theft from Vehicle,908
2021,22,Thefts,1364
2021,22,Vandalism/Criminal Mischief,1224
2021,22,Weapon Violations,295
2021,24,Aggravated Assault Firearm,306
2021,24,Aggravated Assault No Firearm,429
2021,24,All Other Offenses,517
2021,24,Arson,66
2021,24,Burglary Non-Residential,83
2021,24,Burglary Residential,152
2021,24,DRIVING UNDER THE INFLUENCE,278
2021,24,Disorderly Conduct,63
2021,24,Embezzlement,9
2021,24,Forgery and Counterfeiting,4
2021,24,Fraud,338
2021,24,Gambling Violations,1
2021,24,Homicide - Criminal,75
2021,24,Homicide - Justifiable,1
2021,24,Liquor Law Violations,4
2021,24,Motor Vehicle Theft,547
2021,24,Narcotic / Drug Law Violations,1122
2021,24,Offenses Against Family and Children,4
2021,24,Other Assaults,1142
2021,24,Other Sex Offenses (Not Commercialized),35
2021,24,Prostitution and Commercialized Vice,17
2021,24,Public Drunkenness,5
2021,24,Rape,37
2021,24,Receiving Stolen Property,132
2021,24,Robbery Firearm,189
2021,24,Robbery No Firearm,263
2021,24,Theft from Vehicle,681
2021,24,Thefts,1689
2021,24,Vandalism/Criminal Mischief,695
2021,24,Weapon Violations,388
2021,25,Aggravated Assault Firearm,354
2021,25,Aggravated Assault No Firearm,451
2021,25,All Other Offenses,584
2021,25,Arson,66
2021,25,Burglary Non-Residential,52
2021,25,Burglary Residential,156
2021,25,DRIVING UNDER THE INFLUENCE,180
2021,25,Disorderly Conduct,28
2021,25,Embezzlement,4
2021,25,Forgery and Counterfeiting,5
2021,25,Fraud,292
2021,25,Homicide - Criminal,52
2021,25,Liquor Law Violations,10
2021,25,Motor Vehicle Theft,518
2021,25,Narcotic / Drug Law Violations,426
2021,25,Offenses Against Family and Children,6
2021,25,Other Assaults,1523
2021,25,Other Sex Offenses (Not Commercialized),87
2021,25,Prostitution and Commercialized Vice,9
2021,25,Public Drunkenness,1
2021,25,Rape,74
2021,25,Receiving Stolen Property,54
2021,25,Robbery Firearm,237
2021,25,Robbery No Firearm,189
2021,25,Theft from Vehicle,496
2021,25,Thefts,862
2021,25,Vagrancy/Loitering,4
2021,25,Vandalism/Criminal Mischief,783
2021,25,Weapon Violations,310
2021,26,Aggravated Assault Firearm,144
2021,26,Aggravated Assault No Firearm,194
2021,26,All Other Offenses,438
2021,26,Arson,26
2021,26,Burglary Non-Residential,133
2021,26,Burglary Residential,255
2021,26,DRIVING UNDER THE INFLUENCE,52
2021,26,Disorderly Conduct,22
2021,26,Embezzlement,4
2021,26,Forgery and Counterfeiting,6
2021,26,Fraud,239
2021,26,Homicide - Criminal,11
2021,26,Liquor Law Violations,7
2021,26,Motor Vehicle Theft,414
2021,26,Narcotic / Drug Law Violations,58
2021,26,Offenses Against Family and Children,3
2021,26,Other Assaults,781
2021,26,Other Sex Offenses (Not Commercialized),28
2021,26,Prostitution and Commercialized Vice,17
2021,26,Public Drunkenness,25
2021,26,Rape,25
2021,26,Receiving Stolen Property,19
2021,26,Robbery Firearm,119
2021,26,Robbery No Firearm,139
2021,26,Theft from Vehicle,1051
2021,26,Thefts,1022
2021,26,Vandalism/Criminal Mischief,556
2021,26,Weapon Violations,94
2021,35,Aggravated Assault Firearm,289
2021,35,Aggravated Assault No Firearm,362
2021,35,All Other Offenses,784
2021,35,Arson,25
2021,35,Burglary Non-Residential,49
2021,35,Burglary Residential,233
2021,35,DRIVING UNDER THE INFLUENCE,118
2021,35,Disorderly Conduct,20
2021,35,Embezzlement,4
2021,35,Forgery and Counterfeiting,10
2021,35,Fraud,433
2021,35,Gambling Violations,6
2021,35,Homicide - Criminal,54
2021,35,Liquor Law Violations,4
2021,35,Motor Vehicle Theft,457
2021,35,Narcotic / Drug Law Violations,246
2021,35,Offenses Against Family and Children,45
2021,35,Other Assaults,1751
2021,35,Other Sex Offenses (Not Commercialized),52
2021,35,Public Drunkenness,5
2021,35,Rape,45
2021,35,Receiving Stolen Property,20
2021,35,Robbery Firearm,176
2021,35,Robbery No Firearm,182
2021,35,Theft from Vehicle,478
2021,35,Thefts,1128
2021,35,Vagrancy/Loitering,2
2021,35,Vandalism/Criminal Mischief,923
2021,35,Weapon Violations,286
2021,39,Aggravated Assault Firearm,306
2021,39,Aggravated Assault No Firearm,319
2021,39,All Other Offenses,527
2021,39,Arson,29
2021,39,Burglary Non-Residential,92
2021,39,Burglary Residential,242
2021,39,DRIVING UNDER THE INFLUENCE,64
2021,39,Disorderly Conduct,14
2021,39,Embezzlement,7
2021,39,Forgery and Counterfeiting,17
2021,39,Fraud,433
2021,39,Homicide - Criminal,44
2021,39,Liquor Law Violations,8
2021,39,Motor Vehicle Theft,446
2021,39,Narcotic / Drug Law Violations,222
2021,39,Offenses Against Family and Children,6
2021,39,Other Assaults,1848
2021,39,Other Sex Offenses (Not Commercialized),43
2021,39,Public Drunkenness,8
2021,39,Rape,55
2021,39,Receiving Stolen Property,31
2021,39,Robbery Firearm,119
2021,39,Robbery No Firearm,145
2021,39,Theft from Vehicle,591
2021,39,Thefts,967
2021,39,Vandalism/Criminal Mischief,799
2021,39,Weapon Violations,284
2021,77,Aggravated Assault No Firearm,1
2021,77,All Other Offenses,9
2021,77,Burglary Non-Residential,1
2021,77,Disorderly Conduct,13
2021,77,Embezzlement,5
2021,77,Forgery and Counterfeiting,2
2021,77,Fraud,64
2021,77,Motor Vehicle Theft,7
2021,77,Narcotic / Drug Law Violations,7
2021,77,Other Assaults,23
2021,77,Other Sex Offenses (Not Commercialized),2
2021,77,Receiving Stolen Property,2
2021,77,Theft from Vehicle,7
2021,77,Thefts,143
2021,77,Vandalism/Criminal Mischief,6
2021,77,Weapon Violations,11
2022,1,Aggravated Assault Firearm,44
2022,1,Aggravated Assault No Firearm,88
2022,1,All Other Offenses,136
2022,1,Arson,4
2022,1,Burglary Non-Residential,83
2022,1,Burglary Residential,67
2022,1,DRIVING UNDER THE INFLUENCE,18
2022,1,Disorderly Conduct,2
2022,1,Embezzlement,3
2022,1,Forgery and Counterfeiting,6
2022,1,Fraud,298
2022,1,Homicide - Criminal,11
2022,1,Liquor Law Violations,1
2022,1,Motor Vehicle Theft,183
2022,1,Narcotic / Drug Law Violations,6
2022,1,Offenses Against Family and Children,1
2022,1,Other Assaults,414
2022,1,Other Sex Offenses (Not Commercialized),9
2022,1,Public Drunkenness,2
2022,1,Rape,7
2022,1,Receiving Stolen Property,10
2022,1,Robbery Firearm,65
2022,1,Robbery No Firearm,68
2022,1,Theft from Vehicle,292
2022,1,Thefts,983
2022,1,Vandalism/Criminal Mischief,292
2022,1,Weapon Violations,23
2022,2,Aggravated Assault Firearm,122
2022,2,Aggravated Assault No Firearm,171
2022,2,All Other Offenses,346
2022,2,Arson,18
2022,2,Burglary Non-Residential,82
2022,2,Burglary Residential,134
2022,2,DRIVING UNDER THE INFLUENCE,28
2022,2,Disorderly Conduct,11
2022,2,Embezzlement,31
2022,2,Forgery and Counterfeiting,27
2022,2,Fraud,542
2022,2,Homicide - Criminal,22
2022,2,Liquor Law Violations,3
2022,2,Motor Vehicle Theft,850
2022,2,Narcotic / Drug Law Violations,95
2022,2,Offenses Against Family and Children,5
2022,2,Other Assaults,1338
2022,2,Other Sex Offenses (Not Commercialized),52
2022,2,Prostitution and Commercialized Vice,3
2022,2,Rape,41
2022,2,Receiving Stolen Property,24
2022,2,Robbery Firearm,230
2022,2,Robbery No Firearm,162
2022,2,Theft from Vehicle,799
2022,2,Thefts,2068
2022,2,Vandalism/Criminal Mischief,666
2022,2,Weapon Violations,84
2022,3,Aggravated Assault Firearm,67
2022,3,Aggravated Assault No Firearm,177
2022,3,All Other Offenses,395
2022,3,Arson,16
2022,3,Burglary Non-Residential,133
2022,3,Burglary Residential,116
2022,3,DRIVING UNDER THE INFLUENCE,36
2022,3,Disorderly Conduct,19
2022,3,Embezzlement,10
2022,3,Forgery and Counterfeiting,9
2022,3,Fraud,352
2022,3,Homicide - Criminal,15
2022,3,Homicide - Justifiable,1
2022,3,Liquor Law Violations,5
2022,3,Motor Vehicle Theft,404
2022,3,Narcotic / Drug Law Violations,50
2022,3,Offenses Against Family and Children,3
2022,3,Other Assaults,862
2022,3,Other Sex Offenses (Not Commercialized),41
2022,3,Prostitution and Commercialized Vice,2
2022,3,Public Drunkenness,3
2022,3,Rape,30
2022,3,Receiving Stolen Property,29
2022,3,Robbery Firearm,89
2022,3,Robbery No Firearm,143
2022,3,Theft from Vehicle,1258
2022,3,Thefts,2062
2022,3,Vandalism/Criminal Mischief,712
2022,3,Weapon Violations,55
2022,5,Aggravated Assault Firearm,24
2022,5,Aggravated Assault No Firearm,49
2022,5,All Other Offenses,105
2022,5,Arson,7
2022,5,Burglary Non-Residential,55
2022,5,Burglary Residential,77
2022,5,DRIVING UNDER THE INFLUENCE,13
2022,5,Disorderly Conduct,2
2022,5,Embezzlement,4
2022,5,Forgery and Counterfeiting,8
2022,5,Fraud,224
2022,5,Homicide - Criminal,5
2022,5,Motor Vehicle Theft,176
2022,5,Narcotic / Drug Law Violations,2
2022,5,Offenses Against Family and Children,1
2022,5,Other Assaults,381
2022,5,Other Sex Offenses (Not Commercialized),12
2022,5,Prostitution and Commercialized Vice,2
2022,5,Public Drunkenness,1
2022,5,Rape,12
2022,5,Receiving Stolen Property,12
2022,5,Robbery Firearm,19
2022,5,Robbery No Firearm,25
2022,5,Theft from Vehicle,561
2022,5,Thefts,475
2022,5,Vandalism/Criminal Mischief,187
2022,5,Weapon Violations,5
2022,7,Aggravated Assault Firearm,24
2022,7,Aggravated Assault No Firearm,63
2022,7,All Other Offenses,208
2022,7,Arson,6
2022,7,Burglary Non-Residential,69
2022,7,Burglary Residential,82
2022,7,DRIVING UNDER THE INFLUENCE,19
2022,7,Disorderly Conduct,1
2022,7,Embezzlement,8
2022,7,Forgery and Counterfeiting,36
2022,7,Fraud,323
2022,7,Homicide - Criminal,1
2022,7,Motor Vehicle Theft,199
2022,7,Narcotic / Drug Law Violations,19
2022,7,Offenses Against Family and Children,1
2022,7,Other Assaults,485
2022,7,Other Sex Offenses (Not Commercialized),23
2022,7,Prostitution and Commercialized Vice,2
2022,7,Rape,3
2022,7,Receiving Stolen Property,5
2022,7,Robbery Firearm,33
2022,7,Robbery No Firearm,28
2022,7,Theft from Vehicle,660
2022,7,Thefts,1027
2022,7,Vandalism/Criminal Mischief,217
2022,7,Weapon Violations,15
2022,8,Aggravated Assault Firearm,55
2022,8,Aggravated Assault No Firearm,165
2022,8,All Other Offenses,296
2022,8,Arson,16
2022,8,Burglary Non-Residential,86
2022,8,Burglary Residential,96
2022,8,DRIVING UNDER THE INFLUENCE,26
2022,8,Disorderly Conduct,4
2022,8,Embezzlement,16
2022,8,Forgery and Counterfeiting,34
2022,8,Fraud,303
2022,8,Homicide - Criminal,4
2022,8,Liquor Law Violations,1
2022,8,Motor Vehicle Theft,346
2022,8,Narcotic / Drug Law Violations,14
2022,8,Offenses Against Family and Children,2
2022,8,Other Assaults,869
2022,8,Other Sex Offenses (Not Commercialized),31
2022,8,Rape,8
2022,8,Receiving Stolen Property,21
2022,8,Robbery Firearm,50
2022,8,Robbery No Firearm,67
2022,8,Theft from Vehicle,830
2022,8,Thefts,1505
2022,8,Vandalism/Criminal Mischief,434
2022,8,Weapon Violations,37
2022,9,Aggravated Assault Firearm,108
2022,9,Aggravated Assault No Firearm,392
2022,9,All Other Offenses,1325
2022,9,Arson,30
2022,9,Burglary Non-Residential,428
2022,9,Burglary Residential,232
2022,9,DRIVING UNDER THE INFLUENCE,51
2022,9,Disorderly Conduct,66
2022,9,Embezzlement,40
2022,9,Forgery and Counterfeiting,48
2022,9,Fraud,431
2022,9,Gambling Violations,1
2022,9,Homicide - Criminal,13
2022,9,Liquor Law Violations,2
2022,9,Motor Vehicle Theft,503
2022,9,Narcotic / Drug Law Violations,62
2022,9,Offenses Against Family and Children,16
2022,9,Other Assaults,1926
2022,9,Other Sex Offenses (Not Commercialized),91
2022,9,Prostitution and Commercialized Vice,5
2022,9,Public Drunkenness,12
2022,9,Rape,35
2022,9,Receiving Stolen Property,41
2022,9,Robbery Firearm,147
2022,9,Robbery No Firearm,377
2022,9,Theft from Vehicle,1703
2022,9,Thefts,5148
2022,9,Vagrancy/Loitering,2
2022,9,Vandalism/Criminal Mischief,1097
2022,9,Weapon Violations,70
2022,12,Aggravated Assault Firearm,229
2022,12,Aggravated Assault No Firearm,249
2022,12,All Other Offenses,1181
2022,12,Arson,38
2022,12,Burglary Non-Residential,74
2022,12,Burglary Residential,255
2022,12,DRIVING UNDER THE INFLUENCE,38
2022,12,Disorderly Conduct,17
2022,12,Embezzlement,18
2022,12,Forgery and Counterfeiting,2
2022,12,Fraud,399
2022,12,Homicide - Criminal,39
2022,12,Liquor Law Violations,6
2022,12,Motor Vehicle Theft,858
2022,12,Narcotic / Drug Law Violations,203
2022,12,Offenses Against Family and Children,4
2022,12,Other Assaults,1590
2022,12,Other Sex Offenses (Not Commercialized),34
2022,12,Prostitution and Commercialized Vice,10
2022,12,Rape,29
2022,12,Receiving Stolen Property,138
2022,12,Robbery Firearm,150
2022,12,Robbery No Firearm,120
2022,12,Theft from Vehicle,600
2022,12,Thefts,1359
2022,12,Vandalism/Criminal Mischief,817
2022,12,Weapon Violations,296
2022,14,Aggravated Assault Firearm,194
2022,14,Aggravated Assault No Firearm,262
2022,14,All Other Offenses,581
2022,14,Arson,15
2022,14,Burglary Non-Residential,70
2022,14,Burglary Residential,204
2022,14,DRIVING UNDER THE INFLUENCE,42
2022,14,Disorderly Conduct,4
2022,14,Embezzlement,10
2022,14,Forgery and Counterfeiting,152
2022,14,Fraud,606
2022,14,Homicide - Criminal,35
2022,14,Liquor Law Violations,1
2022,14,Motor Vehicle Theft,675
2022,14,Narcotic / Drug Law Violations,168
2022,14,Offenses Against Family and Children,55
2022,14,Other Assaults,1782
2022,14,Other Sex Offenses (Not Commercialized),43
2022,14,Prostitution and Commercialized Vice,1
2022,14,Rape,31
2022,14,Receiving Stolen Property,52
2022,14,Robbery Firearm,144
2022,14,Robbery No Firearm,102
2022,14,Theft from Vehicle,752
2022,14,Thefts,1258
2022,14,Vandalism/Criminal Mischief,929
2022,14,Weapon Violations,187
2022,15,Aggravated Assault Firearm,304
2022,15,Aggravated Assault No Firearm,341
2022,15,All Other Offenses,762
2022,15,Arson,72
2022,15,Burglary Non-Residential,138
2022,15,Burglary Residential,250
2022,15,DRIVING UNDER THE INFLUENCE,58
2022,15,Disorderly Conduct,10
2022,15,Embezzlement,7
2022,15,Forgery and Counterfeiting,28
2022,15,Fraud,488
2022,15,Homicide - Criminal,41
2022,15,Liquor Law Violations,2
2022,15,Motor Vehicle Theft,1220
2022,15,Narcotic / Drug Law Violations,154
2022,15,Offenses Against Family and Children,7
2022,15,Other Assaults,1777
2022,15,Other Sex Offenses (Not Commercialized),77
2022,15,Prostitution and Commercialized Vice,25
2022,15,Rape,47
2022,15,Receiving Stolen Property,72
2022,15,Robbery Firearm,283
2022,15,Robbery No Firearm,173
2022,15,Theft from Vehicle,981
2022,15,Thefts,2642
2022,15,Vandalism/Criminal Mischief,1138
2022,15,Weapon Violations,240
2022,16,Aggravated Assault Firearm,117
2022,16,Aggravated Assault No Firearm,189
2022,16,All Other Offenses,1037
2022,16,Arson,19
2022,16,Burglary Non-Residential,38
2022,16,Burglary Residential,146
2022,16,DRIVING UNDER THE INFLUENCE,23
2022,16,Disorderly Conduct,48
2022,16,Embezzlement,2
2022,16,Fraud,189
2022,16,Homicide - Criminal,19
2022,16,Liquor Law Violations,3
2022,16,Motor Vehicle Theft,336
2022,16,Narcotic / Drug Law Violations,124
2022,16,Offenses Against Family and Children,4
2022,16,Other Assaults,730
2022,16,Other Sex Offenses (Not Commercialized),27
2022,16,Prostitution and Commercialized Vice,23
2022,16,Public Drunkenness,3
2022,16,Rape,17
2022,16,Receiving Stolen Property,44
2022,16,Robbery Firearm,90
2022,16,Robbery No Firearm,83
2022,16,Theft from Vehicle,474
2022,16,Thefts,908
2022,16,Vandalism/Criminal Mischief,477
2022,16,Weapon Violations,132
2022,17,Aggravated Assault Firearm,65
2022,17,Aggravated Assault No Firearm,96
2022,17,All Other Offenses,149
2022,17,Arson,7
2022,17,Burglary Non-Residential,34
2022,17,Burglary Residential,101
2022,17,DRIVING UNDER THE INFLUENCE,24
2022,17,Disorderly Conduct,3
2022,17,Embezzlement,2
2022,17,Forgery and Counterfeiting,10
2022,17,Fraud,371
2022,17,Homicide - Criminal,7
2022,17,Motor Vehicle Theft,190
2022,17,Narcotic / Drug Law Violations,27
2022,17,Offenses Against Family and Children,16
2022,17,Other Assaults,517
2022,17,Other Sex Offenses (Not Commercialized),16
2022,17,Public Drunkenness,1
2022,17,Rape,13
2022,17,Receiving Stolen Property,21
2022,17,Robbery Firearm,46
2022,17,Robbery No Firearm,62
2022,17,Theft from Vehicle,451
2022,17,Thefts,995
2022,17,Vandalism/Criminal Mischief,377
2022,17,Weapon Violations,59
2022,18,Aggravated Assault Firearm,153
2022,18,Aggravated Assault No Firearm,274
2022,18,All Other Offenses,746
2022,18,Arson,24
2022,18,Burglary Non-Residential,100
2022,18,Burglary Residential,206
2022,18,DRIVING UNDER THE INFLUENCE,59
2022,18,Disorderly Conduct,12
2022,18,Embezzlement,4
2022,18,Forgery and Counterfeiting,4
2022,18,Fraud,288
2022,18,Homicide - Criminal,23
2022,18,Motor Vehicle Theft,562
2022,18,Narcotic / Drug Law Violations,113
2022,18,Offenses Against Family and Children,3
2022,18,Other Assaults,1206
2022,18,Other Sex Offenses (Not Commercialized),40
2022,18,Rape,29
2022,18,Receiving Stolen Property,46
2022,18,Robbery Firearm,104
2022,18,Robbery No Firearm,132
2022,18,Theft from Vehicle,523
2022,18,Thefts,1904
2022,18,Vandalism/Criminal Mischief,723
2022,18,Weapon Violations,246
2022,19,Aggravated Assault Firearm,248
2022,19,Aggravated Assault No Firearm,305
2022,19,All Other Offenses,594
2022,19,Arson,24
2022,19,Burglary Non-Residential,77
2022,19,Burglary Residential,228
2022,19,DRIVING UNDER THE INFLUENCE,42
2022,19,Disorderly Conduct,13
2022,19,Embezzlement,10
2022,19,Forgery and Counterfeiting,4
2022,19,Fraud,427
2022,19,Homicide - Criminal,30
2022,19,Liquor Law Violations,5
2022,19,Motor Vehicle Theft,641
2022,19,Narcotic / Drug Law Violations,125
2022,19,Offenses Against Family and Children,8
2022,19,Other Assaults,2047
2022,19,Other Sex Offenses (Not Commercialized),46
2022,19,Prostitution and Commercialized Vice,1
2022,19,Public Drunkenness,1
2022,19,Rape,37
2022,19,Receiving Stolen Property,44
2022,19,Robbery Firearm,138
2022,19,Robbery No Firearm,95
2022,19,Theft from Vehicle,595
2022,19,Thefts,1341
2022,19,Vandalism/Criminal Mischief,945
2022,19,Weapon Violations,202
2022,22,Aggravated Assault Firearm,336
2022,22,Aggravated Assault No Firearm,393
2022,22,All Other Offenses,704
2022,22,Arson,43
2022,22,Burglary Non-Residential,110
2022,22,Burglary Residential,451
2022,22,DRIVING UNDER THE INFLUENCE,51
2022,22,Disorderly Conduct,15
2022,22,Embezzlement,5
2022,22,Forgery and Counterfeiting,14
2022,22,Fraud,266
2022,22,Homicide - Criminal,53
2022,22,Liquor Law Violations,3
2022,22,Motor Vehicle Theft,951
2022,22,Narcotic / Drug Law Violations,195
2022,22,Offenses Against Family and Children,3
2022,22,Other Assaults,2088
2022,22,Other Sex Offenses (Not Commercialized),62
2022,22,Prostitution and Commercialized Vice,1
2022,22,Public Drunkenness,4
2022,22,Rape,55
2022,22,Receiving Stolen Property,53
2022,22,Robbery Firearm,259
2022,22,Robbery No Firearm,218
2022,22,Theft from Vehicle,1070
2022,22,Thefts,1813
2022,22,Vandalism/Criminal Mischief,1309
2022,22,Weapon Violations,262
2022,24,Aggravated Assault Firearm,285
2022,24,Aggravated Assault No Firearm,385
2022,24,All Other Offenses,635
2022,24,Arson,54
2022,24,Burglary Non-Residential,141
2022,24,Burglary Residential,164
2022,24,DRIVING UNDER THE INFLUENCE,190
2022,24,Disorderly Conduct,27
2022,24,Embezzlement,15
2022,24,Forgery and Counterfeiting,5
2022,24,Fraud,258
2022,24,Homicide - Criminal,55
2022,24,Liquor Law Violations,8
2022,24,Motor Vehicle Theft,666
2022,24,Narcotic / Drug Law Violations,763
2022,24,Offenses Against Family and Children,6
2022,24,Other Assaults,1202
2022,24,Other Sex Offenses (Not Commercialized),49
2022,24,Prostitution and Commercialized Vice,91
2022,24,Public Drunkenness,1
2022,24,Rape,44
2022,24,Receiving Stolen Property,151
2022,24,Robbery Firearm,242
2022,24,Robbery No Firearm,313
2022,24,Theft from Vehicle,684
2022,24,Thefts,1734
2022,24,Vandalism/Criminal Mischief,719
2022,24,Weapon Violations,298
2022,25,Aggravated Assault Firearm,366
2022,25,Aggravated Assault No Firearm,414
2022,25,All Other Offenses,737
2022,25,Arson,59
2022,25,Burglary Non-Residential,112
2022,25,Burglary Residential,140
2022,25,DRIVING UNDER THE INFLUENCE,72
2022,25,Disorderly Conduct,13
2022,25,Embezzlement,17
2022,25,Forgery and Counterfeiting,4
2022,25,Fraud,237
2022,25,Homicide - Criminal,53
2022,25,Liquor Law Violations,9
2022,25,Motor Vehicle Theft,651
2022,25,Narcotic / Drug Law Violations,463
2022,25,Offenses Against Family and Children,6
2022,25,Other Assaults,1598
2022,25,Other Sex Offenses (Not Commercialized),258
2022,25,Prostitution and Commercialized Vice,43
2022,25,Public Drunkenness,7
2022,25,Rape,46
2022,25,Receiving Stolen Property,89
2022,25,Robbery Firearm,294
2022,25,Robbery No Firearm,180
2022,25,Theft from Vehicle,477
2022,25,Thefts,1104
2022,25,Vandalism/Criminal Mischief,775
2022,25,Weapon Violations,359
2022,26,Aggravated Assault Firearm,128
2022,26,Aggravated Assault No Firearm,182
2022,26,All Other Offenses,461
2022,26,Arson,23
2022,26,Burglary Non-Residential,207
2022,26,Burglary Residential,311
2022,26,DRIVING UNDER THE INFLUENCE,27
2022,26,Disorderly Conduct,12
2022,26,Embezzlement,8
2022,26,Forgery and Counterfeiting,8
2022,26,Fraud,204
2022,26,Homicide - Criminal,12
2022,26,Homicide - Justifiable,1
2022,26,Motor Vehicle Theft,706
2022,26,Narcotic / Drug Law Violations,83
2022,26,Offenses Against Family and Children,5
2022,26,Other Assaults,799
2022,26,Other Sex Offenses (Not Commercialized),21
2022,26,Prostitution and Commercialized Vice,36
2022,26,Public Drunkenness,11
2022,26,Rape,25
2022,26,Receiving Stolen Property,41
2022,26,Robbery Firearm,181
2022,26,Robbery No Firearm,149
2022,26,Theft from Vehicle,1291
2022,26,Thefts,1232
2022,26,Vagrancy/Loitering,1
2022,26,Vandalism/Criminal Mischief,645
2022,26,Weapon Violations,83
2022,35,Aggravated Assault Firearm,255
2022,35,Aggravated Assault No Firearm,370
2022,35,All Other Offenses,775
2022,35,Arson,28
2022,35,Burglary Non-Residential,66
2022,35,Burglary Residential,193
2022,35,DRIVING UNDER THE INFLUENCE,38
2022,35,Disorderly Conduct,14
2022,35,Embezzlement,6
2022,35,Forgery and Counterfeiting,27
2022,35,Fraud,308
2022,35,Homicide - Criminal,32
2022,35,Liquor Law Violations,3
2022,35,Motor Vehicle Theft,927
2022,35,Narcotic / Drug Law Violations,106
2022,35,Offenses Against Family and Children,10
2022,35,Other Assaults,1752
2022,35,Other Sex Offenses (Not Commercialized),43
2022,35,Prostitution and Commercialized Vice,1
2022,35,Rape,41
2022,35,Receiving Stolen Property,49
2022,35,Robbery Firearm,188
2022,35,Robbery No Firearm,185
2022,35,Theft from Vehicle,673
2022,35,Thefts,1758
2022,35,Vagrancy/Loitering,1
2022,35,Vandalism/Criminal Mischief,983
2022,35,Weapon Violations,191
2022,39,Aggravated Assault Firearm,264
2022,39,Aggravated Assault No Firearm,322
2022,39,All Other Offenses,720
2022,39,Arson,13
2022,39,Burglary Non-Residential,66
2022,39,Burglary Residential,245
2022,39,DRIVING UNDER THE INFLUENCE,48
2022,39,Disorderly Conduct,5
2022,39,Embezzlement,12
2022,39,Forgery and Counterfeiting,30
2022,39,Fraud,317
2022,39,Homicide - Criminal,34
2022,39,Liquor Law Violations,10
2022,39,Motor Vehicle Theft,597
2022,39,Narcotic / Drug Law Violations,138
2022,39,Offenses Against Family and Children,3
2022,39,Other Assaults,1784
2022,39,Other Sex Offenses (Not Commercialized),55
2022,39,Public Drunkenness,1
2022,39,Rape,35
2022,39,Receiving Stolen Property,47
2022,39,Robbery Firearm,163
2022,39,Robbery No Firearm,136
2022,39,Theft from Vehicle,600
2022,39,Thefts,1236
2022,39,Vandalism/Criminal Mischief,816
2022,39,Weapon Violations,157
2022,77,Aggravated Assault No Firearm,3
2022,77,All Other Offenses,9
2022,77,Disorderly Conduct,14
2022,77,Embezzlement,4
2022,77,Fraud,31
2022,77,Motor Vehicle Theft,28
2022,77,Narcotic / Drug Law Violations,5
2022,77,Other Assaults,25
2022,77,Other Sex Offenses (Not Commercialized),1
2022,77,Receiving Stolen Property,4
2022,77,Robbery Firearm,1
2022,77,Robbery No Firearm,2
2022,77,Theft from Vehicle,25
2022,77,Thefts,197
2022,77,Vandalism/Criminal Mischief,11
2022,77,Weapon Violations,7
2023,1,Aggravated Assault Firearm,39
2023,1,Aggravated Assault No Firearm,75
2023,1,All Other Offenses,135
2023,1,Arson,13
2023,1,Burglary Non-Residential,43
2023,1,Burglary Residential,50
2023,1,DRIVING UNDER THE INFLUENCE,15
2023,1,Disorderly Conduct,1
2023,1,Embezzlement,8
2023,1,Forgery and Counterfeiting,3
2023,1,Fraud,278
2023,1,Homicide - Criminal,4
2023,1,Motor Vehicle Theft,371
2023,1,Narcotic / Drug Law Violations,21
2023,1,Offenses Against Family and Children,2
2023,1,Other Assaults,433
2023,1,Other Sex Offenses (Not Commercialized),13
2023,1,Rape,6
2023,1,Receiving Stolen Property,24
2023,1,Robbery Firearm,36
2023,1,Robbery No Firearm,57
2023,1,Theft from Vehicle,209
2023,1,Thefts,1002
2023,1,Vandalism/Criminal Mischief,320
2023,1,Weapon Violations,28
2023,2,Aggravated Assault Firearm,154
2023,2,Aggravated Assault No Firearm,210
2023,2,All Other Offenses,462
2023,2,Arson,23
2023,2,Burglary Non-Residential,98
2023,2,Burglary Residential,130
2023,2,DRIVING UNDER THE INFLUENCE,28
2023,2,Disorderly Conduct,6
2023,2,Embezzlement,26
2023,2,Forgery and Counterfeiting,8
2023,2,Fraud,490
2023,2,Homicide - Criminal,17
2023,2,Liquor Law Violations,2
2023,2,Motor Vehicle Theft,1504
2023,2,Narcotic / Drug Law Violations,45
2023,2,Offenses Against Family and Children,4
2023,2,Other Assaults,1164
2023,2,Other Sex Offenses (Not Commercialized),52
2023,2,Prostitution and Commercialized Vice,1
2023,2,Public Drunkenness,1
2023,2,Rape,25
2023,2,Receiving Stolen Property,65
2023,2,Robbery Firearm,243
2023,2,Robbery No Firearm,160
2023,2,Theft from Vehicle,747
2023,2,Thefts,2260
2023,2,Vandalism/Criminal Mischief,1043
2023,2,Weapon Violations,78
2023,3,Aggravated Assault Firearm,67
2023,3,Aggravated Assault No Firearm,187
2023,3,All Other Offenses,301
2023,3,Arson,19
2023,3,Burglary Non-Residential,111
2023,3,Burglary Residential,98
2023,3,DRIVING UNDER THE INFLUENCE,26
2023,3,Disorderly Conduct,12
2023,3,Embezzlement,11
2023,3,Forgery and Counterfeiting,10
2023,3,Fraud,347
2023,3,Homicide - Criminal,9
2023,3,Liquor Law Violations,13
2023,3,Motor Vehicle Theft,823
2023,3,Narcotic / Drug Law Violations,40
2023,3,Offenses Against Family and Children,2
2023,3,Other Assaults,871
2023,3,Other Sex Offenses (Not Commercialized),36
2023,3,Prostitution and Commercialized Vice,3
2023,3,Public Drunkenness,6
2023,3,Rape,11
2023,3,Receiving Stolen Property,35
2023,3,Robbery Firearm,107
2023,3,Robbery No Firearm,127
2023,3,Theft from Vehicle,889
2023,3,Thefts,1979
2023,3,Vandalism/Criminal Mischief,674
2023,3,Weapon Violations,57
2023,5,Aggravated Assault Firearm,19
2023,5,Aggravated Assault No Firearm,34
2023,5,All Other Offenses,102
2023,5,Arson,5
2023,5,Burglary Non-Residential,46
2023,5,Burglary Residential,77
2023,5,DRIVING UNDER THE INFLUENCE,8
2023,5,Disorderly Conduct,3
2023,5,Embezzlement,14
2023,5,Forgery and Counterfeiting,11
2023,5,Fraud,214
2023,5,Liquor Law Violations,1
2023,5,Motor Vehicle Theft,340
2023,5,Narcotic / Drug Law Violations,10
2023,5,Other Assaults,335
2023,5,Other Sex Offenses (Not Commercialized),6
2023,5,Prostitution and Commercialized Vice,1
2023,5,Rape,6
2023,5,Receiving Stolen Property,15
2023,5,Robbery Firearm,17
2023,5,Robbery No Firearm,16
2023,5,Theft from Vehicle,509
2023,5,Thefts,519
2023,5,Vandalism/Criminal Mischief,290
2023,5,Weapon Violations,5
2023,7,Aggravated Assault Firearm,40
2023,7,Aggravated Assault No Firearm,93
2023,7,All Other Offenses,146
2023,7,Arson,9
2023,7,Burglary Non-Residential,33
2023,7,Burglary Residential,67
2023,7,DRIVING UNDER THE INFLUENCE,20
2023,7,Disorderly Conduct,4
2023,7,Embezzlement,6
2023,7,Forgery and Counterfeiting,7
2023,7,Fraud,354
2023,7,Homicide - Criminal,2
2023,7,Liquor Law Violations,1
2023,7,Motor Vehicle Theft,594
2023,7,Narcotic / Drug Law Violations,6
2023,7,Offenses Against Family and Children,2
2023,7,Other Assaults,443
2023,7,Other Sex Offenses (Not Commercialized),9
2023,7,Prostitution and Commercialized Vice,1
2023,7,Rape,12
2023,7,Receiving Stolen Property,33
2023,7,Robbery Firearm,21
2023,7,Robbery No Firearm,44
2023,7,Theft from Vehicle,559
2023,7,Thefts,993
2023,7,Vandalism/Criminal Mischief,389
2023,7,Weapon Violations,39
2023,8,Aggravated Assault Firearm,56
2023,8,Aggravated Assault No Firearm,208
2023,8,All Other Offenses,295
2023,8,Arson,19
2023,8,Burglary Non-Residential,60
2023,8,Burglary Residential,71
2023,8,DRIVING UNDER THE INFLUENCE,32
2023,8,Disorderly Conduct,4
2023,8,Embezzlement,15
2023,8,Forgery and Counterfeiting,9
2023,8,Fraud,383
2023,8,Homicide - Criminal,6
2023,8,Liquor Law Violations,1
2023,8,Motor Vehicle Theft,811
2023,8,Narcotic / Drug Law Violations,23
2023,8,Offenses Against Family and Children,6
2023,8,Other Assaults,950
2023,8,Other Sex Offenses (Not Commercialized),34
2023,8,Prostitution and Commercialized Vice,13
2023,8,Rape,8
2023,8,Receiving Stolen Property,26
2023,8,Robbery Firearm,57
2023,8,Robbery No Firearm,71
2023,8,Theft from Vehicle,690
2023,8,Thefts,2079
2023,8,Vandalism/Criminal Mischief,637
2023,8,Weapon Violations,21
2023,9,Aggravated Assault Firearm,111
2023,9,Aggravated Assault No Firearm,310
2023,9,All Other Offenses,958
2023,9,Arson,30
2023,9,Burglary Non-Residential,281
2023,9,Burglary Residential,233
2023,9,DRIVING UNDER THE INFLUENCE,49
2023,9,Disorderly Conduct,99
2023,9,Embezzlement,30
2023,9,Forgery and Counterfeiting,24
2023,9,Fraud,427
2023,9,Gambling Violations,1
2023,9,Homicide - Criminal,6
2023,9,Homicide - Justifiable,1
2023,9,Liquor Law Violations,1
2023,9,Motor Vehicle Theft,1083
2023,9,Narcotic / Drug Law Violations,56
2023,9,Offenses Against Family and Children,2
2023,9,Other Assaults,1732
2023,9,Other Sex Offenses (Not Commercialized),78
2023,9,Prostitution and Commercialized Vice,8
2023,9,Public Drunkenness,5
2023,9,Rape,34
2023,9,Receiving Stolen Property,49
2023,9,Robbery Firearm,120
2023,9,Robbery No Firearm,293
2023,9,Theft from Vehicle,1070
2023,9,Thefts,5236
2023,9,Vandalism/Criminal Mischief,986
2023,9,Weapon Violations,93
2023,12,Aggravated Assault Firearm,216
2023,12,Aggravated Assault No Firearm,333
2023,12,All Other Offenses,825
2023,12,Arson,56
2023,12,Burglary Non-Residential,74
2023,12,Burglary Residential,275
2023,12,DRIVING UNDER THE INFLUENCE,51
2023,12,Disorderly Conduct,16
2023,12,Embezzlement,12
2023,12,Forgery and Counterfeiting,3
2023,12,Fraud,425
2023,12,Homicide - Criminal,32
2023,12,Liquor Law Violations,5
2023,12,Motor Vehicle Theft,1367
2023,12,Narcotic / Drug Law Violations,102
2023,12,Offenses Against Family and Children,2
2023,12,Other Assaults,1779
2023,12,Other Sex Offenses (Not Commercialized),40
2023,12,Prostitution and Commercialized Vice,17
2023,12,Public Drunkenness,3
2023,12,Rape,39
2023,12,Receiving Stolen Property,159
2023,12,Robbery Firearm,115
2023,12,Robbery No Firearm,112
2023,12,Theft from Vehicle,533
2023,12,Thefts,1413
2023,12,Vandalism/Criminal Mischief,1006
2023,12,Weapon Violations,259
2023,14,Aggravated Assault Firearm,167
2023,14,Aggravated Assault No Firearm,223
2023,14,All Other Offenses,694
2023,14,Arson,29
2023,14,Burglary Non-Residential,68
2023,14,Burglary Residential,216
2023,14,DRIVING UNDER THE INFLUENCE,28
2023,14,Disorderly Conduct,5
2023,14,Embezzlement,8
2023,14,Forgery and Counterfeiting,79
2023,14,Fraud,722
2023,14,Homicide - Criminal,18
2023,14,Liquor Law Violations,2
2023,14,Motor Vehicle Theft,1411
2023,14,Narcotic / Drug Law Violations,133
2023,14,Offenses Against Family and Children,278
2023,14,Other Assaults,1726
2023,14,Other Sex Offenses (Not Commercialized),36
2023,14,Rape,31
2023,14,Receiving Stolen Property,63
2023,14,Robbery Firearm,113
2023,14,Robbery No Firearm,94
2023,14,Theft from Vehicle,596
2023,14,Thefts,1767
2023,14,Vandalism/Criminal Mischief,1279
2023,14,Weapon Violations,184
2023,15,Aggravated Assault Firearm,238
2023,15,Aggravated Assault No Firearm,337
2023,15,All Other Offenses,865
2023,15,Arson,60
2023,15,Burglary Non-Residential,126
2023,15,Burglary Residential,191
2023,15,DRIVING UNDER THE INFLUENCE,42
2023,15,Disorderly Conduct,8
2023,15,Embezzlement,7
2023,15,Forgery and Counterfeiting,12
2023,15,Fraud,460
2023,15,Homicide - Criminal,34
2023,15,Liquor Law Violations,7
2023,15,Motor Vehicle Theft,2163
2023,15,Narcotic / Drug Law Violations,150
2023,15,Offenses Against Family and Children,10
2023,15,Other Assaults,1678
2023,15,Other Sex Offenses (Not Commercialized),57
2023,15,Prostitution and Commercialized Vice,20
2023,15,Public Drunkenness,3
2023,15,Rape,43
2023,15,Receiving Stolen Property,119
2023,15,Robbery Firearm,264
2023,15,Robbery No Firearm,193
2023,15,Theft from Vehicle,937
2023,15,Thefts,3353
2023,15,Vagrancy/Loitering,3
2023,15,Vandalism/Criminal Mischief,1435
2023,15,Weapon Violations,236
2023,16,Aggravated Assault Firearm,113
2023,16,Aggravated Assault No Firearm,188
2023,16,All Other Offenses,743
2023,16,Arson,27
2023,16,Burglary Non-Residential,35
2023,16,Burglary Residential,134
2023,16,DRIVING UNDER THE INFLUENCE,23
2023,16,Disorderly Conduct,43
2023,16,Embezzlement,1
2023,16,Forgery and Counterfeiting,1
2023,16,Fraud,205
2023,16,Homicide - Criminal,19
2023,16,Homicide - Gross Negligence,1
2023,16,Liquor Law Violations,1
2023,16,Motor Vehicle Theft,497
2023,16,Narcotic / Drug Law Violations,96
2023,16,Offenses Against Family and Children,1
2023,16,Other Assaults,754
2023,16,Other Sex Offenses (Not Commercialized),30
2023,16,Prostitution and Commercialized Vice,43
2023,16,Public Drunkenness,1
2023,16,Rape,24
2023,16,Receiving Stolen Property,50
2023,16,Robbery Firearm,73
2023,16,Robbery No Firearm,68
2023,16,Theft from Vehicle,396
2023,16,Thefts,905
2023,16,Vandalism/Criminal Mischief,589
2023,16,Weapon Violations,137
2023,17,Aggravated Assault Firearm,70
2023,17,Aggravated Assault No Firearm,101
2023,17,All Other Offenses,200
2023,17,Arson,7
2023,17,Burglary Non-Residential,38
2023,17,Burglary Residential,115
2023,17,DRIVING UNDER THE INFLUENCE,21
2023,17,Disorderly Conduct,3
2023,17,Embezzlement,8
2023,17,Forgery and Counterfeiting,1
2023,17,Fraud,281
2023,17,Homicide - Criminal,15
2023,17,Motor Vehicle Theft,560
2023,17,Narcotic / Drug Law Violations,19
2023,17,Offenses Against Family and Children,24
2023,17,Other Assaults,553
2023,17,Other Sex Offenses (Not Commercialized),34
2023,17,Rape,9
2023,17,Receiving Stolen Property,27
2023,17,Robbery Firearm,40
2023,17,Robbery No Firearm,71
2023,17,Theft from Vehicle,242
2023,17,Thefts,959
2023,17,Vandalism/Criminal Mischief,415
2023,17,Weapon Violations,63
2023,18,Aggravated Assault Firearm,178
2023,18,Aggravated Assault No Firearm,253
2023,18,All Other Offenses,647
2023,18,Arson,24
2023,18,Burglary Non-Residential,70
2023,18,Burglary Residential,211
2023,18,DRIVING UNDER THE INFLUENCE,45
2023,18,Disorderly Conduct,29
2023,18,Embezzlement,2
2023,18,Forgery and Counterfeiting,2
2023,18,Fraud,336
2023,18,Homicide - Criminal,13
2023,18,Liquor Law Violations,1
2023,18,Motor Vehicle Theft,985
2023,18,Narcotic / Drug Law Violations,74
2023,18,Offenses Against Family and Children,7
2023,18,Other Assaults,1110
2023,18,Other Sex Offenses (Not Commercialized),49
2023,18,Public Drunkenness,1
2023,18,Rape,30
2023,18,Receiving Stolen Property,61
2023,18,Robbery Firearm,82
2023,18,Robbery No Firearm,113
2023,18,Theft from Vehicle,324
2023,18,Thefts,1692
2023,18,Vandalism/Criminal Mischief,907
2023,18,Weapon Violations,203
2023,19,Aggravated Assault Firearm,242
2023,19,Aggravated Assault No Firearm,386
2023,19,All Other Offenses,714
2023,19,Arson,38
2023,19,Burglary Non-Residential,68
2023,19,Burglary Residential,226
2023,19,DRIVING UNDER THE INFLUENCE,43
2023,19,Disorderly Conduct,18
2023,19,Embezzlement,7
2023,19,Forgery and Counterfeiting,6
2023,19,Fraud,453
2023,19,Gambling Violations,1
2023,19,Homicide - Criminal,35
2023,19,Liquor Law Violations,3
2023,19,Motor Vehicle Theft,1157
2023,19,Narcotic / Drug Law Violations,93
2023,19,Offenses Against Family and Children,4
2023,19,Other Assaults,2312
2023,19,Other Sex Offenses (Not Commercialized),52
2023,19,Prostitution and Commercialized Vice,4
2023,19,Public Drunkenness,1
2023,19,Rape,33
2023,19,Receiving Stolen Property,87
2023,19,Robbery Firearm,117
2023,19,Robbery No Firearm,110
2023,19,Theft from Vehicle,433
2023,19,Thefts,1631
2023,19,Vandalism/Criminal Mischief,1132
2023,19,Weapon Violations,216
2023,22,Aggravated Assault Firearm,331
2023,22,Aggravated Assault No Firearm,380
2023,22,All Other Offenses,703
2023,22,Arson,52
2023,22,Burglary Non-Residential,117
2023,22,Burglary Residential,531
2023,22,DRIVING UNDER THE INFLUENCE,46
2023,22,Disorderly Conduct,35
2023,22,Embezzlement,6
2023,22,Forgery and Counterfeiting,5
2023,22,Fraud,392
2023,22,Homicide - Criminal,43
2023,22,Homicide - Justifiable,3
2023,22,Liquor Law Violations,3
2023,22,Motor Vehicle Theft,1525
2023,22,Narcotic / Drug Law Violations,201
2023,22,Offenses Against Family and Children,7
2023,22,Other Assaults,2271
2023,22,Other Sex Offenses (Not Commercialized),72
2023,22,Public Drunkenness,2
2023,22,Rape,43
2023,22,Receiving Stolen Property,78
2023,22,Robbery Firearm,219
2023,22,Robbery No Firearm,169
2023,22,Theft from Vehicle,873
2023,22,Thefts,2065
2023,22,Vandalism/Criminal Mischief,1208
2023,22,Weapon Violations,230
2023,24,Aggravated Assault Firearm,228
2023,24,Aggravated Assault No Firearm,347
2023,24,All Other Offenses,1180
2023,24,Arson,89
2023,24,Burglary Non-Residential,112
2023,24,Burglary Residential,160
2023,24,DRIVING UNDER THE INFLUENCE,120
2023,24,Disorderly Conduct,42
2023,24,Embezzlement,27
2023,24,Forgery and Counterfeiting,5
2023,24,Fraud,312
2023,24,Gambling Violations,1
2023,24,Homicide - Criminal,33
2023,24,Liquor Law Violations,6
2023,24,Motor Vehicle Theft,1054
2023,24,Narcotic / Drug Law Violations,891
2023,24,Offenses Against Family and Children,7
2023,24,Other Assaults,1254
2023,24,Other Sex Offenses (Not Commercialized),36
2023,24,Prostitution and Commercialized Vice,130
2023,24,Rape,33
2023,24,Receiving Stolen Property,174
2023,24,Robbery Firearm,181
2023,24,Robbery No Firearm,234
2023,24,Theft from Vehicle,443
2023,24,Thefts,1564
2023,24,Vagrancy/Loitering,2
2023,24,Vandalism/Criminal Mischief,836
2023,24,Weapon Violations,297
2023,25,Aggravated Assault Firearm,344
2023,25,Aggravated Assault No Firearm,428
2023,25,All Other Offenses,1794
2023,25,Arson,73
2023,25,Burglary Non-Residential,99
2023,25,Burglary Residential,191
2023,25,DRIVING UNDER THE INFLUENCE,157
2023,25,Disorderly Conduct,18
2023,25,Embezzlement,6
2023,25,Forgery and Counterfeiting,6
2023,25,Fraud,267
2023,25,Homicide - Criminal,41
2023,25,Liquor Law Violations,7
2023,25,Motor Vehicle Theft,880
2023,25,Narcotic / Drug Law Violations,404
2023,25,Offenses Against Family and Children,6
2023,25,Other Assaults,1595
2023,25,Other Sex Offenses (Not Commercialized),223
2023,25,Prostitution and Commercialized Vice,33
2023,25,Rape,44
2023,25,Receiving Stolen Property,116
2023,25,Robbery Firearm,213
2023,25,Robbery No Firearm,186
2023,25,Theft from Vehicle,397
2023,25,Thefts,1010
2023,25,Vagrancy/Loitering,1
2023,25,Vandalism/Criminal Mischief,850
2023,25,Weapon Violations,391
2023,26,Aggravated Assault Firearm,105
2023,26,Aggravated Assault No Firearm,180
2023,26,All Other Offenses,344
2023,26,Arson,37
2023,26,Burglary Non-Residential,134
2023,26,Burglary Residential,244
2023,26,DRIVING UNDER THE INFLUENCE,33
2023,26,Disorderly Conduct,9
2023,26,Embezzlement,9
2023,26,Forgery and Counterfeiting,12
2023,26,Fraud,218
2023,26,Homicide - Criminal,20
2023,26,Liquor Law Violations,3
2023,26,Motor Vehicle Theft,1585
2023,26,Narcotic / Drug Law Violations,32
2023,26,Offenses Against Family and Children,2
2023,26,Other Assaults,756
2023,26,Other Sex Offenses (Not Commercialized),37
2023,26,Prostitution and Commercialized Vice,22
2023,26,Public Drunkenness,2
2023,26,Rape,18
2023,26,Receiving Stolen Property,56
2023,26,Robbery Firearm,130
2023,26,Robbery No Firearm,125
2023,26,Theft from Vehicle,1090
2023,26,Thefts,1667
2023,26,Vandalism/Criminal Mischief,726
2023,26,Weapon Violations,93
2023,35,Aggravated Assault Firearm,251
2023,35,Aggravated Assault No Firearm,332
2023,35,All Other Offenses,816
2023,35,Arson,30
2023,35,Burglary Non-Residential,65
2023,35,Burglary Residential,210
2023,35,DRIVING UNDER THE INFLUENCE,29
2023,35,Disorderly Conduct,2
2023,35,Embezzlement,3
2023,35,Forgery and Counterfeiting,14
2023,35,Fraud,409
2023,35,Homicide - Criminal,26
2023,35,Liquor Law Violations,6
2023,35,Motor Vehicle Theft,1749
2023,35,Narcotic / Drug Law Violations,65
2023,35,Offenses Against Family and Children,7
2023,35,Other Assaults,1733
2023,35,Other Sex Offenses (Not Commercialized),46
2023,35,Public Drunkenness,2
2023,35,Rape,37
2023,35,Receiving Stolen Property,89
2023,35,Robbery Firearm,207
2023,35,Robbery No Firearm,174
2023,35,Theft from Vehicle,573
2023,35,Thefts,1373
2023,35,Vagrancy/Loitering,3
2023,35,Vandalism/Criminal Mischief,1087
2023,35,Weapon Violations,221
2023,39,Aggravated Assault Firearm,233
2023,39,Aggravated Assault No Firearm,346
2023,39,All Other Offenses,970
2023,39,Arson,29
2023,39,Burglary Non-Residential,84
2023,39,Burglary Residential,248
2023,39,DRIVING UNDER THE INFLUENCE,43
2023,39,Disorderly Conduct,11
2023,39,Embezzlement,6
2023,39,Forgery and Counterfeiting,19
2023,39,Fraud,353
2023,39,Homicide - Criminal,24
2023,39,Liquor Law Violations,4
2023,39,Motor Vehicle Theft,1068
2023,39,Narcotic / Drug Law Violations,79
2023,39,Offenses Against Family and Children,6
2023,39,Other Assaults,1612
2023,39,Other Sex Offenses (Not Commercialized),47
2023,39,Rape,45
2023,39,Receiving Stolen Property,77
2023,39,Robbery Firearm,131
2023,39,Robbery No Firearm,139
2023,39,Theft from Vehicle,515
2023,39,Thefts,1737
2023,39,Vandalism/Criminal Mischief,931
2023,39,Weapon Violations,274
2023,77,Aggravated Assault No Firearm,2
2023,77,All Other Offenses,5
2023,77,Disorderly Conduct,10
2023,77,Embezzlement,4
2023,77,Fraud,36
2023,77,Homicide - Criminal,2
2023,77,Motor Vehicle Theft,28
2023,77,Narcotic / Drug Law Violations,10
2023,77,Offenses Against Family and Children,1
2023,77,Other Assaults,32
2023,77,Receiving Stolen Property,1
2023,77,Robbery Firearm,3
2023,77,Robbery No Firearm,2
2023,77,Theft from Vehicle,20
2023,77,Thefts,212
2023,77,Vandalism/Criminal Mischief,13
2023,77,Weapon Violations,2
2024,1,Aggravated Assault Firearm,38
2024,1,Aggravated Assault No Firearm,81
2024,1,All Other Offenses,179
2024,1,Arson,4
2024,1,Burglary Non-Residential,28
2024,1,Burglary Residential,49
2024,1,DRIVING UNDER THE INFLUENCE,10
2024,1,Disorderly Conduct,12
2024,1,Embezzlement,9
2024,1,Forgery and Counterfeiting,1
2024,1,Fraud,215
2024,1,Homicide - Criminal,4
2024,1,Motor Vehicle Theft,313
2024,1,Narcotic / Drug Law Violations,17
2024,1,Offenses Against Family and Children,2
2024,1,Other Assaults,397
2024,1,Other Sex Offenses (Not Commercialized),16
2024,1,Public Drunkenness,1
2024,1,Rape,9
2024,1,Receiving Stolen Property,14
2024,1,Robbery Firearm,18
2024,1,Robbery No Firearm,43
2024,1,Theft from Vehicle,185
2024,1,Thefts,1111
2024,1,Vandalism/Criminal Mischief,240
2024,1,Weapon Violations,37
2024,2,Aggravated Assault Firearm,130
2024,2,Aggravated Assault No Firearm,209
2024,2,All Other Offenses,397
2024,2,Arson,19
2024,2,Burglary Non-Residential,64
2024,2,Burglary Residential,137
2024,2,DRIVING UNDER THE INFLUENCE,47
2024,2,Disorderly Conduct,7
2024,2,Embezzlement,9
2024,2,Forgery and Counterfeiting,5
2024,2,Fraud,393
2024,2,Homicide - Criminal,9
2024,2,Liquor Law Violations,6
2024,2,Motor Vehicle Theft,954
2024,2,Narcotic / Drug Law Violations,29
2024,2,Offenses Against Family and Children,2
2024,2,Other Assaults,1252
2024,2,Other Sex Offenses (Not Commercialized),38
2024,2,Prostitution and Commercialized Vice,1
2024,2,Rape,28
2024,2,Receiving Stolen Property,57
2024,2,Robbery Firearm,117
2024,2,Robbery No Firearm,156
2024,2,Theft from Vehicle,686
2024,2,Thefts,3448
2024,2,Vandalism/Criminal Mischief,704
2024,2,Weapon Violations,74
2024,3,Aggravated Assault Firearm,54
2024,3,Aggravated Assault No Firearm,202
2024,3,All Other Offenses,313
2024,3,Arson,19
2024,3,Burglary Non-Residential,87
2024,3,Burglary Residential,106
2024,3,DRIVING UNDER THE INFLUENCE,21
2024,3,Disorderly Conduct,16
2024,3,Embezzlement,18
2024,3,Forgery and Counterfeiting,9
2024,3,Fraud,383
2024,3,Homicide - Criminal,6
2024,3,Liquor Law Violations,3
2024,3,Motor Vehicle Theft,761
2024,3,Narcotic / Drug Law Violations,19
2024,3,Offenses Against Family and Children,2
2024,3,Other Assaults,883
2024,3,Other Sex Offenses (Not Commercialized),51
2024,3,Prostitution and Commercialized Vice,1
2024,3,Public Drunkenness,5
2024,3,Rape,14
2024,3,Receiving Stolen Property,27
2024,3,Robbery Firearm,59
2024,3,Robbery No Firearm,133
2024,3,Theft from Vehicle,685
2024,3,Thefts,2084
2024,3,Vandalism/Criminal Mischief,534
2024,3,Weapon Violations,29
2024,5,Aggravated Assault Firearm,13
2024,5,Aggravated Assault No Firearm,39
2024,5,All Other Offenses,99
2024,5,Arson,9
2024,5,Burglary Non-Residential,42
2024,5,Burglary Residential,40
2024,5,DRIVING UNDER THE INFLUENCE,11
2024,5,Disorderly Conduct,4
2024,5,Embezzlement,8
2024,5,Forgery and Counterfeiting,3
2024,5,Fraud,170
2024,5,Gambling Violations,15
2024,5,Homicide - Criminal,1
2024,5,Motor Vehicle Theft,278
2024,5,Offenses Against Family and Children,1
2024,5,Other Assaults,309
2024,5,Other Sex Offenses (Not Commercialized),6
2024,5,Rape,5
2024,5,Receiving Stolen Property,7
2024,5,Robbery Firearm,5
2024,5,Robbery No Firearm,14
2024,5,Theft from Vehicle,424
2024,5,Thefts,618
2024,5,Vandalism/Criminal Mischief,212
2024,5,Weapon Violations,6
2024,7,Aggravated Assault Firearm,25
2024,7,Aggravated Assault No Firearm,60
2024,7,All Other Offenses,225
2024,7,Arson,8
2024,7,Burglary Non-Residential,33
2024,7,Burglary Residential,46
2024,7,DRIVING UNDER THE INFLUENCE,11
2024,7,Disorderly Conduct,1
2024,7,Embezzlement,9
2024,7,Forgery and Counterfeiting,14
2024,7,Fraud,305
2024,7,Homicide - Criminal,3
2024,7,Motor Vehicle Theft,462
2024,7,Narcotic / Drug Law Violations,5
2024,7,Other Assaults,501
2024,7,Other Sex Offenses (Not Commercialized),13
2024,7,Prostitution and Commercialized Vice,4
2024,7,Rape,10
2024,7,Receiving Stolen Property,13
2024,7,Robbery Firearm,14
2024,7,Robbery No Firearm,18
2024,7,Theft from Vehicle,439
2024,7,Thefts,1386
2024,7,Vandalism/Criminal Mischief,278
2024,7,Weapon Violations,13
2024,8,Aggravated Assault Firearm,38
2024,8,Aggravated Assault No Firearm,187
2024,8,All Other Offenses,486
2024,8,Arson,27
2024,8,Burglary Non-Residential,57
2024,8,Burglary Residential,60
2024,8,DRIVING UNDER THE INFLUENCE,15
2024,8,Disorderly Conduct,2
2024,8,Embezzlement,16
2024,8,Forgery and Counterfeiting,18
2024,8,Fraud,312
2024,8,Homicide - Criminal,2
2024,8,Liquor Law Violations,8
2024,8,Motor Vehicle Theft,676
2024,8,Narcotic / Drug Law Violations,24
2024,8,Offenses Against Family and Children,3
2024,8,Other Assaults,880
2024,8,Other Sex Offenses (Not Commercialized),38
2024,8,Prostitution and Commercialized Vice,3
2024,8,Rape,15
2024,8,Receiving Stolen Property,38
2024,8,Robbery Firearm,28
2024,8,Robbery No Firearm,62
2024,8,Theft from Vehicle,518
2024,8,Thefts,1995
2024,8,Vandalism/Criminal Mischief,504
2024,8,Weapon Violations,20
2024,9,Aggravated Assault Firearm,93
2024,9,Aggravated Assault No Firearm,375
2024,9,All Other Offenses,896
2024,9,Arson,44
2024,9,Burglary Non-Residential,220
2024,9,Burglary Residential,155
2024,9,DRIVING UNDER THE INFLUENCE,40
2024,9,Disorderly Conduct,93
2024,9,Embezzlement,21
2024,9,Forgery and Counterfeiting,19
2024,9,Fraud,666
2024,9,Homicide - Criminal,6
2024,9,Homicide - Justifiable,1
2024,9,Motor Vehicle Theft,781
2024,9,Narcotic / Drug Law Violations,92
2024,9,Offenses Against Family and Children,2
2024,9,Other Assaults,1868
2024,9,Other Sex Offenses (Not Commercialized),83
2024,9,Prostitution and Commercialized Vice,4
2024,9,Public Drunkenness,8
2024,9,Rape,33
2024,9,Receiving Stolen Property,43
2024,9,Robbery Firearm,66
2024,9,Robbery No Firearm,264
2024,9,Theft from Vehicle,1071
2024,9,Thefts,5875
2024,9,Vandalism/Criminal Mischief,978
2024,9,Weapon Violations,60
2024,12,Aggravated Assault Firearm,164
2024,12,Aggravated Assault No Firearm,376
2024,12,All Other Offenses,898
2024,12,Arson,57
2024,12,Burglary Non-Residential,113
2024,12,Burglary Residential,257
2024,12,DRIVING UNDER THE INFLUENCE,59
2024,12,Disorderly Conduct,40
2024,12,Embezzlement,12
2024,12,Forgery and Counterfeiting,1
2024,12,Fraud,510
2024,12,Gambling Violations,14
2024,12,Homicide - Criminal,18
2024,12,Liquor Law Violations,9
2024,12,Motor Vehicle Theft,804
2024,12,Narcotic / Drug Law Violations,85
2024,12,Offenses Against Family and Children,5
2024,12,Other Assaults,1706
2024,12,Other Sex Offenses (Not Commercialized),49
2024,12,Prostitution and Commercialized Vice,9
2024,12,Public Drunkenness,1
2024,12,Rape,19
2024,12,Receiving Stolen Property,121
2024,12,Robbery Firearm,83
2024,12,Robbery No Firearm,131
2024,12,Theft from Vehicle,497
2024,12,Thefts,2094
2024,12,Vagrancy/Loitering,4
2024,12,Vandalism/Criminal Mischief,822
2024,12,Weapon Violations,212
2024,14,Aggravated Assault Firearm,131
2024,14,Aggravated Assault No Firearm,264
2024,14,All Other Offenses,525
2024,14,Arson,23
2024,14,Burglary Non-Residential,53
2024,14,Burglary Residential,172
2024,14,DRIVING UNDER THE INFLUENCE,17
2024,14,Disorderly Conduct,8
2024,14,Embezzlement,13
2024,14,Forgery and Counterfeiting,19
2024,14,Fraud,616
2024,14,Homicide - Criminal,10
2024,14,Liquor Law Violations,2
2024,14,Motor Vehicle Theft,900
2024,14,Narcotic / Drug Law Violations,137
2024,14,Offenses Against Family and Children,260
2024,14,Other Assaults,1821
2024,14,Other Sex Offenses (Not Commercialized),35
2024,14,Rape,23
2024,14,Receiving Stolen Property,46
2024,14,Robbery Firearm,87
2024,14,Robbery No Firearm,82
2024,14,Theft from Vehicle,619
2024,14,Thefts,2049
2024,14,Vandalism/Criminal Mischief,1026
2024,14,Weapon Violations,163
2024,15,Aggravated Assault Firearm,253
2024,15,Aggravated Assault No Firearm,450
2024,15,All Other Offenses,1006
2024,15,Arson,52
2024,15,Burglary Non-Residential,109
2024,15,Burglary Residential,259
2024,15,DRIVING UNDER THE INFLUENCE,58
2024,15,Disorderly Conduct,36
2024,15,Embezzlement,12
2024,15,Forgery and Counterfeiting,15
2024,15,Fraud,576
2024,15,Homicide - Criminal,22
2024,15,Liquor Law Violations,3
2024,15,Motor Vehicle Theft,1334
2024,15,Narcotic / Drug Law Violations,111
2024,15,Offenses Against Family and Children,5
2024,15,Other Assaults,2219
2024,15,Other Sex Offenses (Not Commercialized),71
2024,15,Prostitution and Commercialized Vice,15
2024,15,Public Drunkenness,1
2024,15,Rape,48
2024,15,Receiving Stolen Property,143
2024,15,Robbery Firearm,166
2024,15,Robbery No Firearm,190
2024,15,Theft from Vehicle,872
2024,15,Thefts,3263
2024,15,Vandalism/Criminal Mischief,1086
2024,15,Weapon Violations,242
2024,16,Aggravated Assault Firearm,128
2024,16,Aggravated Assault No Firearm,201
2024,16,All Other Offenses,512
2024,16,Arson,31
2024,16,Burglary Non-Residential,34
2024,16,Burglary Residential,120
2024,16,DRIVING UNDER THE INFLUENCE,19
2024,16,Disorderly Conduct,30
2024,16,Embezzlement,1
2024,16,Forgery and Counterfeiting,3
2024,16,Fraud,175
2024,16,Gambling Violations,22
2024,16,Homicide - Criminal,12
2024,16,Liquor Law Violations,4
2024,16,Motor Vehicle Theft,330
2024,16,Narcotic / Drug Law Violations,70
2024,16,Offenses Against Family and Children,1
2024,16,Other Assaults,907
2024,16,Other Sex Offenses (Not Commercialized),33
2024,16,Prostitution and Commercialized Vice,42
2024,16,Public Drunkenness,1
2024,16,Rape,16
2024,16,Receiving Stolen Property,35
2024,16,Robbery Firearm,54
2024,16,Robbery No Firearm,71
2024,16,Theft from Vehicle,257
2024,16,Thefts,895
2024,16,Vandalism/Criminal Mischief,457
2024,16,Weapon Violations,63
2024,17,Aggravated Assault Firearm,45
2024,17,Aggravated Assault No Firearm,98
2024,17,All Other Offenses,448
2024,17,Arson,8
2024,17,Burglary Non-Residential,28
2024,17,Burglary Residential,78
2024,17,DRIVING UNDER THE INFLUENCE,9
2024,17,Disorderly Conduct,1
2024,17,Embezzlement,1
2024,17,Forgery and Counterfeiting,1
2024,17,Fraud,165
2024,17,Homicide - Criminal,4
2024,17,Motor Vehicle Theft,331
2024,17,Narcotic / Drug Law Violations,27
2024,17,Offenses Against Family and Children,16
2024,17,Other Assaults,511
2024,17,Other Sex Offenses (Not Commercialized),13
2024,17,Prostitution and Commercialized Vice,1
2024,17,Rape,3
2024,17,Receiving Stolen Property,14
2024,17,Robbery Firearm,20
2024,17,Robbery No Firearm,54
2024,17,Theft from Vehicle,272
2024,17,Thefts,1078
2024,17,Vandalism/Criminal Mischief,362
2024,17,Weapon Violations,36
2024,18,Aggravated Assault Firearm,134
2024,18,Aggravated Assault No Firearm,298
2024,18,All Other Offenses,713
2024,18,Arson,38
2024,18,Burglary Non-Residential,72
2024,18,Burglary Residential,156
2024,18,DRIVING UNDER THE INFLUENCE,35
2024,18,Disorderly Conduct,26
2024,18,Embezzlement,8
2024,18,Forgery and Counterfeiting,2
2024,18,Fraud,408
2024,18,Homicide - Criminal,10
2024,18,Liquor Law Violations,4
2024,18,Motor Vehicle Theft,548
2024,18,Narcotic / Drug Law Violations,51
2024,18,Offenses Against Family and Children,3
2024,18,Other Assaults,1077
2024,18,Other Sex Offenses (Not Commercialized),48
2024,18,Prostitution and Commercialized Vice,1
2024,18,Public Drunkenness,2
2024,18,Rape,26
2024,18,Receiving Stolen Property,51
2024,18,Robbery Firearm,66
2024,18,Robbery No Firearm,120
2024,18,Theft from Vehicle,324
2024,18,Thefts,1617
2024,18,Vandalism/Criminal Mischief,707
2024,18,Weapon Violations,143
2024,19,Aggravated Assault Firearm,221
2024,19,Aggravated Assault No Firearm,375
2024,19,All Other Offenses,656
2024,19,Arson,41
2024,19,Burglary Non-Residential,52
2024,19,Burglary Residential,203
2024,19,DRIVING UNDER THE INFLUENCE,38
2024,19,Disorderly Conduct,19
2024,19,Embezzlement,19
2024,19,Forgery and Counterfeiting,4
2024,19,Fraud,506
2024,19,Homicide - Criminal,29
2024,19,Liquor Law Violations,9
2024,19,Motor Vehicle Theft,779
2024,19,Narcotic / Drug Law Violations,76
2024,19,Offenses Against Family and Children,2
2024,19,Other Assaults,2466
2024,19,Other Sex Offenses (Not Commercialized),57
2024,19,Prostitution and Commercialized Vice,5
2024,19,Rape,47
2024,19,Receiving Stolen Property,64
2024,19,Robbery Firearm,83
2024,19,Robbery No Firearm,120
2024,19,Theft from Vehicle,375
2024,19,Thefts,2202
2024,19,Vandalism/Criminal Mischief,892
2024,19,Weapon Violations,185
2024,22,Aggravated Assault Firearm,272
2024,22,Aggravated Assault No Firearm,441
2024,22,All Other Offenses,957
2024,22,Arson,51
2024,22,Burglary Non-Residential,97
2024,22,Burglary Residential,518
2024,22,DRIVING UNDER THE INFLUENCE,54
2024,22,Disorderly Conduct,54
2024,22,Embezzlement,3
2024,22,Forgery and Counterfeiting,4
2024,22,Fraud,491
2024,22,Homicide - Criminal,19
2024,22,Liquor Law Violations,7
2024,22,Motor Vehicle Theft,875
2024,22,Narcotic / Drug Law Violations,221
2024,22,Offenses Against Family and Children,4
2024,22,Other Assaults,2456
2024,22,Other Sex Offenses (Not Commercialized),62
2024,22,Public Drunkenness,2
2024,22,Rape,52
2024,22,Receiving Stolen Property,64
2024,22,Robbery Firearm,164
2024,22,Robbery No Firearm,204
2024,22,Theft from Vehicle,693
2024,22,Thefts,1798
2024,22,Vandalism/Criminal Mischief,1068
2024,22,Weapon Violations,276
2024,24,Aggravated Assault Firearm,183
2024,24,Aggravated Assault No Firearm,369
2024,24,All Other Offenses,1169
2024,24,Arson,66
2024,24,Burglary Non-Residential,76
2024,24,Burglary Residential,150
2024,24,DRIVING UNDER THE INFLUENCE,110
2024,24,Disorderly Conduct,32
2024,24,Embezzlement,14
2024,24,Forgery and Counterfeiting,3
2024,24,Fraud,623
2024,24,Gambling Violations,1
2024,24,Homicide - Criminal,23
2024,24,Liquor Law Violations,8
2024,24,Motor Vehicle Theft,639
2024,24,Narcotic / Drug Law Violations,1333
2024,24,Offenses Against Family and Children,7
2024,24,Other Assaults,1418
2024,24,Other Sex Offenses (Not Commercialized),43
2024,24,Prostitution and Commercialized Vice,91
2024,24,Public Drunkenness,2
2024,24,Rape,31
2024,24,Receiving Stolen Property,170
2024,24,Robbery Firearm,132
2024,24,Robbery No Firearm,261
2024,24,Theft from Vehicle,285
2024,24,Thefts,1642
2024,24,Vandalism/Criminal Mischief,655
2024,24,Weapon Violations,223
2024,25,Aggravated Assault Firearm,279
2024,25,Aggravated Assault No Firearm,473
2024,25,All Other Offenses,1941
2024,25,Arson,71
2024,25,Burglary Non-Residential,127
2024,25,Burglary Residential,181
2024,25,DRIVING UNDER THE INFLUENCE,166
2024,25,Disorderly Conduct,20
2024,25,Embezzlement,2
2024,25,Forgery and Counterfeiting,4
2024,25,Fraud,434
2024,25,Homicide - Criminal,27
2024,25,Liquor Law Violations,17
2024,25,Motor Vehicle Theft,570
2024,25,Narcotic / Drug Law Violations,398
2024,25,Offenses Against Family and Children,6
2024,25,Other Assaults,1608
2024,25,Other Sex Offenses (Not Commercialized),217
2024,25,Prostitution and Commercialized Vice,51
2024,25,Public Drunkenness,6
2024,25,Rape,37
2024,25,Receiving Stolen Property,108
2024,25,Robbery Firearm,149
2024,25,Robbery No Firearm,197
2024,25,Theft from Vehicle,361
2024,25,Thefts,1332
2024,25,Vagrancy/Loitering,1
2024,25,Vandalism/Criminal Mischief,712
2024,25,Weapon Violations,273
2024,26,Aggravated Assault Firearm,96
2024,26,Aggravated Assault No Firearm,194
2024,26,All Other Offenses,491
2024,26,Arson,37
2024,26,Burglary Non-Residential,131
2024,26,Burglary Residential,221
2024,26,DRIVING UNDER THE INFLUENCE,43
2024,26,Disorderly Conduct,8
2024,26,Embezzlement,3
2024,26,Forgery and Counterfeiting,5
2024,26,Fraud,346
2024,26,Gambling Violations,1
2024,26,Homicide - Criminal,11
2024,26,Liquor Law Violations,2
2024,26,Motor Vehicle Theft,922
2024,26,Narcotic / Drug Law Violations,42
2024,26,Offenses Against Family and Children,3
2024,26,Other Assaults,893
2024,26,Other Sex Offenses (Not Commercialized),33
2024,26,Prostitution and Commercialized Vice,26
2024,26,Public Drunkenness,7
2024,26,Rape,21
2024,26,Receiving Stolen Property,59
2024,26,Robbery Firearm,85
2024,26,Robbery No Firearm,120
2024,26,Theft from Vehicle,824
2024,26,Thefts,1294
2024,26,Vandalism/Criminal Mischief,595
2024,26,Weapon Violations,77
2024,35,Aggravated Assault Firearm,194
2024,35,Aggravated Assault No Firearm,344
2024,35,All Other Offenses,773
2024,35,Arson,61
2024,35,Burglary Non-Residential,27
2024,35,Burglary Residential,154
2024,35,DRIVING UNDER THE INFLUENCE,44
2024,35,Disorderly Conduct,8
2024,35,Embezzlement,7
2024,35,Forgery and Counterfeiting,12
2024,35,Fraud,509
2024,35,Gambling Violations,24
2024,35,Homicide - Criminal,23
2024,35,Liquor Law Violations,4
2024,35,Motor Vehicle Theft,983
2024,35,Narcotic / Drug Law Violations,100
2024,35,Offenses Against Family and Children,14
2024,35,Other Assaults,1660
2024,35,Other Sex Offenses (Not Commercialized),56
2024,35,Rape,35
2024,35,Receiving Stolen Property,70
2024,35,Robbery Firearm,127
2024,35,Robbery No Firearm,153
2024,35,Theft from Vehicle,384
2024,35,Thefts,1251
2024,35,Vagrancy/Loitering,1
2024,35,Vandalism/Criminal Mischief,851
2024,35,Weapon Violations,198
2024,39,Aggravated Assault Firearm,205
2024,39,Aggravated Assault No Firearm,339
2024,39,All Other Offenses,1051
2024,39,Arson,31
2024,39,Burglary Non-Residential,75
2024,39,Burglary Residential,227
2024,39,DRIVING UNDER THE INFLUENCE,33
2024,39,Disorderly Conduct,10
2024,39,Embezzlement,7
2024,39,Forgery and Counterfeiting,8
2024,39,Fraud,387
2024,39,Gambling Violations,4
2024,39,Homicide - Criminal,14
2024,39,Liquor Law Violations,6
2024,39,Motor Vehicle Theft,640
2024,39,Narcotic / Drug Law Violations,54
2024,39,Offenses Against Family and Children,5
2024,39,Other Assaults,1504
2024,39,Other Sex Offenses (Not Commercialized),39
2024,39,Prostitution and Commercialized Vice,2
2024,39,Rape,37
2024,39,Receiving Stolen Property,69
2024,39,Robbery Firearm,104
2024,39,Robbery No Firearm,136
2024,39,Theft from Vehicle,498
2024,39,Thefts,1676
2024,39,Vagrancy/Loitering,1
2024,39,Vandalism/Criminal Mischief,789
2024,39,Weapon Violations,266
2024,77,Aggravated Assault Firearm,1
2024,77,Aggravated Assault No Firearm,3
2024,77,All Other Offenses,29
2024,77,Burglary Non-Residential,1
2024,77,DRIVING UNDER THE INFLUENCE,1
2024,77,Disorderly Conduct,8
2024,77,Embezzlement,2
2024,77,Fraud,93
2024,77,Motor Vehicle Theft,22
2024,77,Narcotic / Drug Law Violations,9
2024,77,Other Assaults,28
2024,77,Other Sex Offenses (Not Commercialized),1
2024,77,Public Drunkenness,1
2024,77,Receiving Stolen Property,2
2024,77,Robbery Firearm,1
2024,77,Robbery No Firearm,1
2024,77,Theft from Vehicle,12
2024,77,Thefts,187
2024,77,Vagrancy/Loitering,7
2024,77,Vandalism/Criminal Mischief,11
2024,77,Weapon Violations,3
2025,1,Aggravated Assault Firearm,24
2025,1,Aggravated Assault No Firearm,56
2025,1,All Other Offenses,168
2025,1,Arson,2
2025,1,Burglary Non-Residential,22
2025,1,Burglary Residential,52
2025,1,DRIVING UNDER THE INFLUENCE,12
2025,1,Disorderly Conduct,6
2025,1,Embezzlement,8
2025,1,Forgery and Counterfeiting,1
2025,1,Fraud,177
2025,1,Homicide - Criminal,2
2025,1,Motor Vehicle Theft,321
2025,1,Narcotic / Drug Law Violations,14
2025,1,Offenses Against Family and Children,4
2025,1,Other Assaults,362
2025,1,Other Sex Offenses (Not Commercialized),10
2025,1,Rape,12
2025,1,Receiving Stolen Property,25
2025,1,Robbery Firearm,14
2025,1,Robbery No Firearm,37
2025,1,Theft from Vehicle,238
2025,1,Thefts,1141
2025,1,Vandalism/Criminal Mischief,249
2025,1,Weapon Violations,23
2025,2,Aggravated Assault Firearm,95
2025,2,Aggravated Assault No Firearm,175
2025,2,All Other Offenses,489
2025,2,Arson,15
2025,2,Burglary Non-Residential,49
2025,2,Burglary Residential,112
2025,2,DRIVING UNDER THE INFLUENCE,37
2025,2,Disorderly Conduct,7
2025,2,Embezzlement,13
2025,2,Forgery and Counterfeiting,6
2025,2,Fraud,389
2025,2,Homicide - Criminal,6
2025,2,Motor Vehicle Theft,999
2025,2,Narcotic / Drug Law Violations,34
2025,2,Offenses Against Family and Children,9
2025,2,Other Assaults,1271
2025,2,Other Sex Offenses (Not Commercialized),27
2025,2,Prostitution and Commercialized Vice,1
2025,2,Rape,35
2025,2,Receiving Stolen Property,55
2025,2,Robbery Firearm,81
2025,2,Robbery No Firearm,95
2025,2,Theft from Vehicle,496
2025,2,Thefts,3138
2025,2,Vandalism/Criminal Mischief,589
2025,2,Weapon Violations,67
2025,3,Aggravated Assault Firearm,39
2025,3,Aggravated Assault No Firearm,181
2025,3,All Other Offenses,327
2025,3,Arson,19
2025,3,Burglary Non-Residential,61
2025,3,Burglary Residential,72
2025,3,DRIVING UNDER THE INFLUENCE,31
2025,3,Disorderly Conduct,20
2025,3,Embezzlement,13
2025,3,Forgery and Counterfeiting,5
2025,3,Fraud,354
2025,3,Gambling Violations,1
2025,3,Homicide - Criminal,8
2025,3,Liquor Law Violations,2
2025,3,Motor Vehicle Theft,723
2025,3,Narcotic / Drug Law Violations,32
2025,3,Other Assaults,909
2025,3,Other Sex Offenses (Not Commercialized),27
2025,3,Prostitution and Commercialized Vice,1
2025,3,Public Drunkenness,14
2025,3,Rape,13
2025,3,Receiving Stolen Property,28
2025,3,Robbery Firearm,40
2025,3,Robbery No Firearm,103
2025,3,Theft from Vehicle,823
2025,3,Thefts,1811
2025,3,Vandalism/Criminal Mischief,456
2025,3,Weapon Violations,37
2025,5,Aggravated Assault Firearm,3
2025,5,Aggravated Assault No Firearm,34
2025,5,All Other Offenses,95
2025,5,Arson,5
2025,5,Burglary Non-Residential,29
2025,5,Burglary Residential,57
2025,5,DRIVING UNDER THE INFLUENCE,6
2025,5,Disorderly Conduct,7
2025,5,Embezzlement,4
2025,5,Forgery and Counterfeiting,4
2025,5,Fraud,114
2025,5,Homicide - Criminal,4
2025,5,Motor Vehicle Theft,293
2025,5,Narcotic / Drug Law Violations,1
2025,5,Offenses Against Family and Children,1
2025,5,Other Assaults,278
2025,5,Other Sex Offenses (Not Commercialized),9
2025,5,Rape,8
2025,5,Receiving Stolen Property,11
2025,5,Robbery Firearm,4
2025,5,Robbery No Firearm,11
2025,5,Theft from Vehicle,336
2025,5,Thefts,613
2025,5,Vandalism/Criminal Mischief,230
2025,5,Weapon Violations,5
2025,7,Aggravated Assault Firearm,21
2025,7,Aggravated Assault No Firearm,61
2025,7,All Other Offenses,276
2025,7,Arson,5
2025,7,Burglary Non-Residential,21
2025,7,Burglary Residential,48
2025,7,DRIVING UNDER THE INFLUENCE,33
2025,7,Disorderly Conduct,1
2025,7,Embezzlement,3
2025,7,Forgery and Counterfeiting,3
2025,7,Fraud,298
2025,7,Homicide - Criminal,1
2025,7,Motor Vehicle Theft,591
2025,7,Narcotic / Drug Law Violations,5
2025,7,Offenses Against Family and Children,2
2025,7,Other Assaults,515
2025,7,Other Sex Offenses (Not Commercialized),12
2025,7,Prostitution and Commercialized Vice,2
2025,7,Rape,6
2025,7,Receiving Stolen Property,24
2025,7,Robbery Firearm,16
2025,7,Robbery No Firearm,13
2025,7,Theft from Vehicle,362
2025,7,Thefts,883
2025,7,Vandalism/Criminal Mischief,213
2025,7,Weapon Violations,9
2025,8,Aggravated Assault Firearm,34
2025,8,Aggravated Assault No Firearm,159
2025,8,All Other Offenses,673
2025,8,Arson,30
2025,8,Burglary Non-Residential,53
2025,8,Burglary Residential,79
2025,8,DRIVING UNDER THE INFLUENCE,26
2025,8,Disorderly Conduct,4
2025,8,Embezzlement,7
2025,8,Forgery and Counterfeiting,4
2025,8,Fraud,307
2025,8,Homicide - Criminal,3
2025,8,Liquor Law Violations,9
2025,8,Motor Vehicle Theft,660
2025,8,Narcotic / Drug Law Violations,21
2025,8,Offenses Against Family and Children,5
2025,8,Other Assaults,967
2025,8,Other Sex Offenses (Not Commercialized),20
2025,8,Prostitution and Commercialized Vice,2
2025,8,Public Drunkenness,2
2025,8,Rape,13
2025,8,Receiving Stolen Property,26
2025,8,Robbery Firearm,25
2025,8,Robbery No Firearm,45
2025,8,Theft from Vehicle,300
2025,8,Thefts,1854
2025,8,Vandalism/Criminal Mischief,380
2025,8,Weapon Violations,19
2025,9,Aggravated Assault Firearm,69
2025,9,Aggravated Assault No Firearm,327
2025,9,All Other Offenses,1110
2025,9,Arson,38
2025,9,Burglary Non-Residential,252
2025,9,Burglary Residential,135
2025,9,DRIVING UNDER THE INFLUENCE,39
2025,9,Disorderly Conduct,131
2025,9,Embezzlement,13
2025,9,Forgery and Counterfeiting,10
2025,9,Fraud,961
2025,9,Homicide - Criminal,5
2025,9,Liquor Law Violations,2
2025,9,Motor Vehicle Theft,850
2025,9,Narcotic / Drug Law Violations,66
2025,9,Offenses Against Family and Children,1
2025,9,Other Assaults,1854
2025,9,Other Sex Offenses (Not Commercialized),51
2025,9,Prostitution and Commercialized Vice,4
2025,9,Public Drunkenness,3
2025,9,Rape,32
2025,9,Receiving Stolen Property,49
2025,9,Robbery Firearm,73
2025,9,Robbery No Firearm,259
2025,9,Theft from Vehicle,836
2025,9,Thefts,4742
2025,9,Vagrancy/Loitering,1
2025,9,Vandalism/Criminal Mischief,899
2025,9,Weapon Violations,71
2025,12,Aggravated Assault Firearm,164
2025,12,Aggravated Assault No Firearm,368
2025,12,All Other Offenses,782
2025,12,Arson,28
2025,12,Burglary Non-Residential,67
2025,12,Burglary Residential,228
2025,12,DRIVING UNDER THE INFLUENCE,60
2025,12,Disorderly Conduct,42
2025,12,Embezzlement,9
2025,12,Forgery and Counterfeiting,1
2025,12,Fraud,439
2025,12,Homicide - Criminal,18
2025,12,Liquor Law Violations,2
2025,12,Motor Vehicle Theft,793
2025,12,Narcotic / Drug Law Violations,34
2025,12,Offenses Against Family and Children,3
2025,12,Other Assaults,1660
2025,12,Other Sex Offenses (Not Commercialized),34
2025,12,Prostitution and Commercialized Vice,7
2025,12,Public Drunkenness,1
2025,12,Rape,32
2025,12,Receiving Stolen Property,126
2025,12,Robbery Firearm,66
2025,12,Robbery No Firearm,119
2025,12,Theft from Vehicle,435
2025,12,Thefts,1936
2025,12,Vandalism/Criminal Mischief,774
2025,12,Weapon Violations,160
2025,14,Aggravated Assault Firearm,120
2025,14,Aggravated Assault No Firearm,282
2025,14,All Other Offenses,630
2025,14,Arson,28
2025,14,Burglary Non-Residential,53
2025,14,Burglary Residential,158
2025,14,DRIVING UNDER THE INFLUENCE,26
2025,14,Disorderly Conduct,9
2025,14,Embezzlement,3
2025,14,Forgery and Counterfeiting,17
2025,14,Fraud,569
2025,14,Homicide - Criminal,8
2025,14,Liquor Law Violations,1
2025,14,Motor Vehicle Theft,917
2025,14,Narcotic / Drug Law Violations,174
2025,14,Offenses Against Family and Children,180
2025,14,Other Assaults,1812
2025,14,Other Sex Offenses (Not Commercialized),32
2025,14,Public Drunkenness,1
2025,14,Rape,27
2025,14,Receiving Stolen Property,47
2025,14,Robbery Firearm,61
2025,14,Robbery No Firearm,77
2025,14,Theft from Vehicle,492
2025,14,Thefts,1635
2025,14,Vandalism/Criminal Mischief,867
2025,14,Weapon Violations,125
2025,15,Aggravated Assault Firearm,203
2025,15,Aggravated Assault No Firearm,425
2025,15,All Other Offenses,1091
2025,15,Arson,41
2025,15,Burglary Non-Residential,82
2025,15,Burglary Residential,200
2025,15,DRIVING UNDER THE INFLUENCE,51
2025,15,Disorderly Conduct,47
2025,15,Embezzlement,7
2025,15,Forgery and Counterfeiting,7
2025,15,Fraud,689
2025,15,Homicide - Criminal,9
2025,15,Liquor Law Violations,1
2025,15,Motor Vehicle Theft,1350
2025,15,Narcotic / Drug Law Violations,122
2025,15,Offenses Against Family and Children,6
2025,15,Other Assaults,2070
2025,15,Other Sex Offenses (Not Commercialized),65
2025,15,Prostitution and Commercialized Vice,7
2025,15,Rape,52
2025,15,Receiving Stolen Property,137
2025,15,Robbery Firearm,114
2025,15,Robbery No Firearm,175
2025,15,Theft from Vehicle,783
2025,15,Thefts,3130
2025,15,Vagrancy/Loitering,2
2025,15,Vandalism/Criminal Mischief,858
2025,15,Weapon Violations,196
2025,16,Aggravated Assault Firearm,99
2025,16,Aggravated Assault No Firearm,226
2025,16,All Other Offenses,525
2025,16,Arson,28
2025,16,Burglary Non-Residential,29
2025,16,Burglary Residential,144
2025,16,DRIVING UNDER THE INFLUENCE,28
2025,16,Disorderly Conduct,49
2025,16,Embezzlement,1
2025,16,Forgery and Counterfeiting,2
2025,16,Fraud,211
2025,16,Homicide - Criminal,10
2025,16,Liquor Law Violations,2
2025,16,Motor Vehicle Theft,337
2025,16,Narcotic / Drug Law Violations,35
2025,16,Offenses Against Family and Children,6
2025,16,Other Assaults,997
2025,16,Other Sex Offenses (Not Commercialized),24
2025,16,Prostitution and Commercialized Vice,38
2025,16,Public Drunkenness,2
2025,16,Rape,26
2025,16,Receiving Stolen Property,33
2025,16,Robbery Firearm,25
2025,16,Robbery No Firearm,72
2025,16,Theft from Vehicle,261
2025,16,Thefts,852
2025,16,Vandalism/Criminal Mischief,442
2025,16,Weapon Violations,87
2025,17,Aggravated Assault Firearm,36
2025,17,Aggravated Assault No Firearm,94
2025,17,All Other Offenses,785
2025,17,Arson,16
2025,17,Burglary Non-Residential,40
2025,17,Burglary Residential,75
2025,17,DRIVING UNDER THE INFLUENCE,13
2025,17,Disorderly Conduct,12
2025,17,Embezzlement,4
2025,17,Forgery and Counterfeiting,2
2025,17,Fraud,255
2025,17,Homicide - Criminal,6
2025,17,Motor Vehicle Theft,313
2025,17,Narcotic / Drug Law Violations,9
2025,17,Offenses Against Family and Children,38
2025,17,Other Assaults,578
2025,17,Other Sex Offenses (Not Commercialized),21
2025,17,Rape,12
2025,17,Receiving Stolen Property,25
2025,17,Robbery Firearm,23
2025,17,Robbery No Firearm,46
2025,17,Theft from Vehicle,344
2025,17,Thefts,1564
2025,17,Vagrancy/Loitering,1
2025,17,Vandalism/Criminal Mischief,354
2025,17,Weapon Violations,27
2025,18,Aggravated Assault Firearm,114
2025,18,Aggravated Assault No Firearm,256
2025,18,All Other Offenses,507
2025,18,Arson,24
2025,18,Burglary Non-Residential,60
2025,18,Burglary Residential,134
2025,18,DRIVING UNDER THE INFLUENCE,34
2025,18,Disorderly Conduct,43
2025,18,Embezzlement,3
2025,18,Forgery and Counterfeiting,2
2025,18,Fraud,706
2025,18,Homicide - Criminal,8
2025,18,Motor Vehicle Theft,532
2025,18,Narcotic / Drug Law Violations,49
2025,18,Offenses Against Family and Children,9
2025,18,Other Assaults,1060
2025,18,Other Sex Offenses (Not Commercialized),36
2025,18,Rape,46
2025,18,Receiving Stolen Property,32
2025,18,Robbery Firearm,67
2025,18,Robbery No Firearm,117
2025,18,Theft from Vehicle,270
2025,18,Thefts,1710
2025,18,Vandalism/Criminal Mischief,645
2025,18,Weapon Violations,120
2025,19,Aggravated Assault Firearm,167
2025,19,Aggravated Assault No Firearm,336
2025,19,All Other Offenses,888
2025,19,Arson,18
2025,19,Burglary Non-Residential,61
2025,19,Burglary Residential,183
2025,19,DRIVING UNDER THE INFLUENCE,43
2025,19,Disorderly Conduct,40
2025,19,Embezzlement,10
2025,19,Forgery and Counterfeiting,5
2025,19,Fraud,400
2025,19,Homicide - Criminal,13
2025,19,Liquor Law Violations,2
2025,19,Motor Vehicle Theft,690
2025,19,Narcotic / Drug Law Violations,52
2025,19,Offenses Against Family and Children,7
2025,19,Other Assaults,2344
2025,19,Other Sex Offenses (Not Commercialized),32
2025,19,Prostitution and Commercialized Vice,7
2025,19,Rape,33
2025,19,Receiving Stolen Property,68
2025,19,Robbery Firearm,76
2025,19,Robbery No Firearm,99
2025,19,Theft from Vehicle,381
2025,19,Thefts,1921
2025,19,Vandalism/Criminal Mischief,827
2025,19,Weapon Violations,180
2025,22,Aggravated Assault Firearm,213
2025,22,Aggravated Assault No Firearm,478
2025,22,All Other Offenses,1046
2025,22,Arson,47
2025,22,Burglary Non-Residential,71
2025,22,Burglary Residential,431
2025,22,DRIVING UNDER THE INFLUENCE,71
2025,22,Disorderly Conduct,139
2025,22,Embezzlement,7
2025,22,Fraud,644
2025,22,Homicide - Criminal,29
2025,22,Motor Vehicle Theft,957
2025,22,Narcotic / Drug Law Violations,193
2025,22,Offenses Against Family and Children,3
2025,22,Other Assaults,2352
2025,22,Other Sex Offenses (Not Commercialized),42
2025,22,Public Drunkenness,2
2025,22,Rape,69
2025,22,Receiving Stolen Property,62
2025,22,Robbery Firearm,99
2025,22,Robbery No Firearm,201
2025,22,Theft from Vehicle,640
2025,22,Thefts,1637
2025,22,Vandalism/Criminal Mischief,1042
2025,22,Weapon Violations,235
2025,24,Aggravated Assault Firearm,167
2025,24,Aggravated Assault No Firearm,418
2025,24,All Other Offenses,2317
2025,24,Arson,59
2025,24,Burglary Non-Residential,109
2025,24,Burglary Residential,177
2025,24,DRIVING UNDER THE INFLUENCE,76
2025,24,Disorderly Conduct,285
2025,24,Embezzlement,8
2025,24,Forgery and Counterfeiting,1
2025,24,Fraud,483
2025,24,Homicide - Criminal,18
2025,24,Liquor Law Violations,1
2025,24,Motor Vehicle Theft,649
2025,24,Narcotic / Drug Law Violations,1007
2025,24,Offenses Against Family and Children,6
2025,24,Other Assaults,1310
2025,24,Other Sex Offenses (Not Commercialized),35
2025,24,Prostitution and Commercialized Vice,48
2025,24,Public Drunkenness,39
2025,24,Rape,42
2025,24,Receiving Stolen Property,96
2025,24,Robbery Firearm,80
2025,24,Robbery No Firearm,189
2025,24,Theft from Vehicle,326
2025,24,Thefts,1919
2025,24,Vagrancy/Loitering,30
2025,24,Vandalism/Criminal Mischief,649
2025,24,Weapon Violations,227
2025,25,Aggravated Assault Firearm,223
2025,25,Aggravated Assault No Firearm,479
2025,25,All Other Offenses,2616
2025,25,Arson,68
2025,25,Burglary Non-Residential,74
2025,25,Burglary Residential,172
2025,25,DRIVING UNDER THE INFLUENCE,72
2025,25,Disorderly Conduct,40
2025,25,Embezzlement,6
2025,25,Forgery and Counterfeiting,1
2025,25,Fraud,383
2025,25,Homicide - Criminal,24
2025,25,Liquor Law Violations,5
2025,25,Motor Vehicle Theft,612
2025,25,Narcotic / Drug Law Violations,266
2025,25,Offenses Against Family and Children,8
2025,25,Other Assaults,1611
2025,25,Other Sex Offenses (Not Commercialized),352
2025,25,Prostitution and Commercialized Vice,48
2025,25,Rape,56
2025,25,Receiving Stolen Property,78
2025,25,Robbery Firearm,106
2025,25,Robbery No Firearm,155
2025,25,Theft from Vehicle,399
2025,25,Thefts,1194
2025,25,Vandalism/Criminal Mischief,703
2025,25,Weapon Violations,213
2025,26,Aggravated Assault Firearm,80
2025,26,Aggravated Assault No Firearm,212
2025,26,All Other Offenses,453
2025,26,Arson,27
2025,26,Burglary Non-Residential,135
2025,26,Burglary Residential,179
2025,26,DRIVING UNDER THE INFLUENCE,26
2025,26,Disorderly Conduct,26
2025,26,Embezzlement,6
2025,26,Forgery and Counterfeiting,3
2025,26,Fraud,341
2025,26,Homicide - Criminal,5
2025,26,Motor Vehicle Theft,1044
2025,26,Narcotic / Drug Law Violations,55
2025,26,Offenses Against Family and Children,3
2025,26,Other Assaults,1012
2025,26,Other Sex Offenses (Not Commercialized),32
2025,26,Prostitution and Commercialized Vice,38
2025,26,Public Drunkenness,6
2025,26,Rape,22
2025,26,Receiving Stolen Property,60
2025,26,Robbery Firearm,77
2025,26,Robbery No Firearm,107
2025,26,Theft from Vehicle,859
2025,26,Thefts,1369
2025,26,Vagrancy/Loitering,1
2025,26,Vandalism/Criminal Mischief,631
2025,26,Weapon Violations,89
2025,35,Aggravated Assault Firearm,155
2025,35,Aggravated Assault No Firearm,384
2025,35,All Other Offenses,763
2025,35,Arson,30
2025,35,Burglary Non-Residential,33
2025,35,Burglary Residential,162
2025,35,DRIVING UNDER THE INFLUENCE,44
2025,35,Disorderly Conduct,20
2025,35,Embezzlement,6
2025,35,Forgery and Counterfeiting,4
2025,35,Fraud,529
2025,35,Gambling Violations,3
2025,35,Homicide - Criminal,17
2025,35,Liquor Law Violations,3
2025,35,Motor Vehicle Theft,922
2025,35,Narcotic / Drug Law Violations,228
2025,35,Offenses Against Family and Children,6
2025,35,Other Assaults,1594
2025,35,Other Sex Offenses (Not Commercialized),31
2025,35,Public Drunkenness,1
2025,35,Rape,50
2025,35,Receiving Stolen Property,78
2025,35,Robbery Firearm,106
2025,35,Robbery No Firearm,139
2025,35,Theft from Vehicle,420
2025,35,Thefts,1147
2025,35,Vagrancy/Loitering,4
2025,35,Vandalism/Criminal Mischief,776
2025,35,Weapon Violations,165
2025,39,Aggravated Assault Firearm,168
2025,39,Aggravated Assault No Firearm,339
2025,39,All Other Offenses,608
2025,39,Arson,26
2025,39,Burglary Non-Residential,49
2025,39,Burglary Residential,200
2025,39,DRIVING UNDER THE INFLUENCE,37
2025,39,Disorderly Conduct,16
2025,39,Embezzlement,7
2025,39,Forgery and Counterfeiting,4
2025,39,Fraud,463
2025,39,Homicide - Criminal,12
2025,39,Liquor Law Violations,3
2025,39,Motor Vehicle Theft,601
2025,39,Narcotic / Drug Law Violations,42
2025,39,Offenses Against Family and Children,6
2025,39,Other Assaults,1432
2025,39,Other Sex Offenses (Not Commercialized),35
2025,39,Prostitution and Commercialized Vice,1
2025,39,Public Drunkenness,1
2025,39,Rape,37
2025,39,Receiving Stolen Property,80
2025,39,Robbery Firearm,76
2025,39,Robbery No Firearm,122
2025,39,Theft from Vehicle,461
2025,39,Thefts,1256
2025,39,Vandalism/Criminal Mischief,720
2025,39,Weapon Violations,237
2025,77,Aggravated Assault No Firearm,2
2025,77,All Other Offenses,17
2025,77,Disorderly Conduct,2
2025,77,Embezzlement,3
2025,77,Fraud,34
2025,77,Motor Vehicle Theft,6
2025,77,Other Assaults,19
2025,77,Theft from Vehicle,4
2025,77,Thefts,169
2025,77,Vandalism/Criminal Mischief,9
2025,77,Weapon Violations,1
2026,1,Aggravated Assault Firearm,22
2026,1,Aggravated Assault No Firearm,54
2026,1,All Other Offenses,143
2026,1,Arson,3
2026,1,Burglary Non-Residential,34
2026,1,Burglary Residential,26
2026,1,DRIVING UNDER THE INFLUENCE,12
2026,1,Embezzlement,1
2026,1,Forgery and Counterfeiting,1
2026,1,Fraud,113
2026,1,Homicide - Criminal,2
2026,1,Motor Vehicle Theft,206
2026,1,Narcotic / Drug Law Violations,7
2026,1,Offenses Against Family and Children,1
2026,1,Other Assaults,269
2026,1,Other Sex Offenses (Not Commercialized),10
2026,1,Prostitution and Commercialized Vice,3
2026,1,Public Drunkenness,1
2026,1,Rape,4
2026,1,Receiving Stolen Property,14
2026,1,Robbery Firearm,5
2026,1,Robbery No Firearm,24
2026,1,Theft from Vehicle,160
2026,1,Thefts,827
2026,1,Vandalism/Criminal Mischief,195
2026,1,Weapon Violations,17
2026,2,Aggravated Assault Firearm,63
2026,2,Aggravated Assault No Firearm,169
2026,2,All Other Offenses,361
2026,2,Arson,17
2026,2,Burglary Non-Residential,23
2026,2,Burglary Residential,75
2026,2,DRIVING UNDER THE INFLUENCE,24
2026,2,Disorderly Conduct,2
2026,2,Embezzlement,12
2026,2,Forgery and Counterfeiting,1
2026,2,Fraud,290
2026,2,Homicide - Criminal,5
2026,2,Liquor Law Violations,2
2026,2,Motor Vehicle Theft,690
2026,2,Narcotic / Drug Law Violations,12
2026,2,Offenses Against Family and Children,5
2026,2,Other Assaults,881
2026,2,Other Sex Offenses (Not Commercialized),30
2026,2,Rape,30
2026,2,Receiving Stolen Property,32
2026,2,Robbery Firearm,45
2026,2,Robbery No Firearm,70
2026,2,Theft from Vehicle,350
2026,2,Thefts,2624
2026,2,Vagrancy/Loitering,1
2026,2,Vandalism/Criminal Mischief,475
2026,2,Weapon Violations,50
2026,3,Aggravated Assault Firearm,23
2026,3,Aggravated Assault No Firearm,152
2026,3,All Other Offenses,345
2026,3,Arson,13
2026,3,Burglary Non-Residential,43
2026,3,Burglary Residential,75
2026,3,DRIVING UNDER THE INFLUENCE,20
2026,3,Disorderly Conduct,14
2026,3,Embezzlement,8
2026,3,Forgery and Counterfeiting,4
2026,3,Fraud,206
2026,3,Homicide - Criminal,4
2026,3,Liquor Law Violations,5
2026,3,Motor Vehicle Theft,487
2026,3,Narcotic / Drug Law Violations,8
2026,3,Offenses Against Family and Children,2
2026,3,Other Assaults,748
2026,3,Other Sex Offenses (Not Commercialized),22
2026,3,Public Drunkenness,7
2026,3,Rape,27
2026,3,Receiving Stolen Property,14
2026,3,Robbery Firearm,30
2026,3,Robbery No Firearm,79
2026,3,Theft from Vehicle,622
2026,3,Thefts,1542
2026,3,Vandalism/Criminal Mischief,355
2026,3,Weapon Violations,27
2026,5,Aggravated Assault Firearm,3
2026,5,Aggravated Assault No Firearm,20
2026,5,All Other Offenses,89
2026,5,Arson,5
2026,5,Burglary Non-Residential,24
2026,5,Burglary Residential,29
2026,5,DRIVING UNDER THE INFLUENCE,4
2026,5,Disorderly Conduct,2
2026,5,Embezzlement,2
2026,5,Forgery and Counterfeiting,1
2026,5,Fraud,108
2026,5,Motor Vehicle Theft,174
2026,5,Other Assaults,202
2026,5,Other Sex Offenses (Not Commercialized),6
2026,5,Public Drunkenness,1
2026,5,Rape,4
2026,5,Receiving Stolen Property,4
2026,5,Robbery Firearm,2
2026,5,Robbery No Firearm,4
2026,5,Theft from Vehicle,179
2026,5,Thefts,383
2026,5,Vandalism/Criminal Mischief,145
2026,5,Weapon Violations,5
2026,7,Aggravated Assault Firearm,15
2026,7,Aggravated Assault No Firearm,34
2026,7,All Other Offenses,195
2026,7,Arson,4
2026,7,Burglary Non-Residential,23
2026,7,Burglary Residential,33
2026,7,DRIVING UNDER THE INFLUENCE,19
2026,7,Embezzlement,6
2026,7,Forgery and Counterfeiting,1
2026,7,Fraud,238
2026,7,Motor Vehicle Theft,306
2026,7,Narcotic / Drug Law Violations,2
2026,7,Offenses Against Family and Children,1
2026,7,Other Assaults,438
2026,7,Other Sex Offenses (Not Commercialized),14
2026,7,Prostitution and Commercialized Vice,1
2026,7,Rape,8
2026,7,Receiving Stolen Property,20
2026,7,Robbery Firearm,6
2026,7,Robbery No Firearm,16
2026,7,Theft from Vehicle,218
2026,7,Thefts,716
2026,7,Vandalism/Criminal Mischief,166
2026,7,Weapon Violations,12
2026,8,Aggravated Assault Firearm,30
2026,8,Aggravated Assault No Firearm,124
2026,8,All Other Offenses,371
2026,8,Arson,15
2026,8,Burglary Non-Residential,33
2026,8,Burglary Residential,49
2026,8,DRIVING UNDER THE INFLUENCE,12
2026,8,Disorderly Conduct,1
2026,8,Embezzlement,14
2026,8,Forgery and Counterfeiting,4
2026,8,Fraud,221
2026,8,Homicide - Criminal,1
2026,8,Liquor Law Violations,9
2026,8,Motor Vehicle Theft,459
2026,8,Narcotic / Drug Law Violations,20
2026,8,Offenses Against Family and Children,2
2026,8,Other Assaults,780
2026,8,Other Sex Offenses (Not Commercialized),14
2026,8,Prostitution and Commercialized Vice,5
2026,8,Public Drunkenness,2
2026,8,Rape,14
2026,8,Receiving Stolen Property,31
2026,8,Robbery Firearm,6
2026,8,Robbery No Firearm,35
2026,8,Theft from Vehicle,279
2026,8,Thefts,1372
2026,8,Vandalism/Criminal Mischief,285
2026,8,Weapon Violations,12
2026,9,Aggravated Assault Firearm,53
2026,9,Aggravated Assault No Firearm,267
2026,9,All Other Offenses,804
2026,9,Arson,18
2026,9,Burglary Non-Residential,125
2026,9,Burglary Residential,129
2026,9,DRIVING UNDER THE INFLUENCE,38
2026,9,Disorderly Conduct,121
2026,9,Embezzlement,13
2026,9,Forgery and Counterfeiting,5
2026,9,Fraud,333
2026,9,Homicide - Criminal,3
2026,9,Motor Vehicle Theft,606
2026,9,Narcotic / Drug Law Violations,36
2026,9,Offenses Against Family and Children,1
2026,9,Other Assaults,1370
2026,9,Other Sex Offenses (Not Commercialized),49
2026,9,Prostitution and Commercialized Vice,8
2026,9,Public Drunkenness,8
2026,9,Rape,28
2026,9,Receiving Stolen Property,32
2026,9,Robbery Firearm,56
2026,9,Robbery No Firearm,184
2026,9,Theft from Vehicle,517
2026,9,Thefts,3364
2026,9,Vagrancy/Loitering,2
2026,9,Vandalism/Criminal Mischief,606
2026,9,Weapon Violations,51
2026,12,Aggravated Assault Firearm,102
2026,12,Aggravated Assault No Firearm,312
2026,12,All Other Offenses,624
2026,12,Arson,26
2026,12,Burglary Non-Residential,48
2026,12,Burglary Residential,157
2026,12,DRIVING UNDER THE INFLUENCE,78
2026,12,Disorderly Conduct,29
2026,12,Embezzlement,5
2026,12,Fraud,289
2026,12,Homicide - Criminal,7
2026,12,Liquor Law Violations,1
2026,12,Motor Vehicle Theft,610
2026,12,Narcotic / Drug Law Violations,31
2026,12,Offenses Against Family and Children,4
2026,12,Other Assaults,1358
2026,12,Other Sex Offenses (Not Commercialized),18
2026,12,Prostitution and Commercialized Vice,7
2026,12,Rape,30
2026,12,Receiving Stolen Property,85
2026,12,Robbery Firearm,52
2026,12,Robbery No Firearm,83
2026,12,Theft from Vehicle,234
2026,12,Thefts,1370
2026,12,Vagrancy/Loitering,6
2026,12,Vandalism/Criminal Mischief,588
2026,12,Weapon Violations,129
2026,14,Aggravated Assault Firearm,87
2026,14,Aggravated Assault No Firearm,223
2026,14,All Other Offenses,642
2026,14,Arson,17
2026,14,Burglary Non-Residential,39
2026,14,Burglary Residential,161
2026,14,DRIVING UNDER THE INFLUENCE,28
2026,14,Disorderly Conduct,9
2026,14,Embezzlement,4
2026,14,Forgery and Counterfeiting,4
2026,14,Fraud,331
2026,14,Homicide - Criminal,6
2026,14,Motor Vehicle Theft,706
2026,14,Narcotic / Drug Law Violations,139
2026,14,Offenses Against Family and Children,15
2026,14,Other Assaults,1394
2026,14,Other Sex Offenses (Not Commercialized),31
2026,14,Rape,30
2026,14,Receiving Stolen Property,38
2026,14,Robbery Firearm,49
2026,14,Robbery No Firearm,57
2026,14,Theft from Vehicle,450
2026,14,Thefts,1146
2026,14,Vandalism/Criminal Mischief,690
2026,14,Weapon Violations,84
2026,15,Aggravated Assault Firearm,138
2026,15,Aggravated Assault No Firearm,372
2026,15,All Other Offenses,1243
2026,15,Arson,36
2026,15,Burglary Non-Residential,48
2026,15,Burglary Residential,127
2026,15,DRIVING UNDER THE INFLUENCE,80
2026,15,Disorderly Conduct,25
2026,15,Embezzlement,5
2026,15,Forgery and Counterfeiting,7
2026,15,Fraud,504
2026,15,Homicide - Criminal,6
2026,15,Liquor Law Violations,1
2026,15,Motor Vehicle Theft,957
2026,15,Narcotic / Drug Law Violations,50
2026,15,Offenses Against Family and Children,10
2026,15,Other Assaults,1652
2026,15,Other Sex Offenses (Not Commercialized),33
2026,15,Prostitution and Commercialized Vice,1
2026,15,Rape,49
2026,15,Receiving Stolen Property,93
2026,15,Robbery Firearm,51
2026,15,Robbery No Firearm,135
2026,15,Theft from Vehicle,588
2026,15,Thefts,2179
2026,15,Vagrancy/Loitering,6
2026,15,Vandalism/Criminal Mischief,657
2026,15,Weapon Violations,111
2026,16,Aggravated Assault Firearm,58
2026,16,Aggravated Assault No Firearm,203
2026,16,All Other Offenses,379
2026,16,Arson,16
2026,16,Burglary Non-Residential,29
2026,16,Burglary Residential,115
2026,16,DRIVING UNDER THE INFLUENCE,19
2026,16,Disorderly Conduct,56
2026,16,Forgery and Counterfeiting,1
2026,16,Fraud,163
2026,16,Homicide - Criminal,2
2026,16,Liquor Law Violations,1
2026,16,Motor Vehicle Theft,243
2026,16,Narcotic / Drug Law Violations,29
2026,16,Offenses Against Family and Children,3
2026,16,Other Assaults,896
2026,16,Other Sex Offenses (Not Commercialized),17
2026,16,Prostitution and Commercialized Vice,39
2026,16,Public Drunkenness,3
2026,16,Rape,14
2026,16,Receiving Stolen Property,20
2026,16,Robbery Firearm,41
2026,16,Robbery No Firearm,74
2026,16,Theft from Vehicle,259
2026,16,Thefts,618
2026,16,Vandalism/Criminal Mischief,363
2026,16,Weapon Violations,47
2026,17,Aggravated Assault Firearm,29
2026,17,Aggravated Assault No Firearm,92
2026,17,All Other Offenses,548
2026,17,Arson,6
2026,17,Burglary Non-Residential,14
2026,17,Burglary Residential,70
2026,17,DRIVING UNDER THE INFLUENCE,16
2026,17,Disorderly Conduct,5
2026,17,Embezzlement,1
2026,17,Forgery and Counterfeiting,6
2026,17,Fraud,163
2026,17,Homicide - Criminal,2
2026,17,Motor Vehicle Theft,315
2026,17,Narcotic / Drug Law Violations,4
2026,17,Offenses Against Family and Children,24
2026,17,Other Assaults,452
2026,17,Other Sex Offenses (Not Commercialized),8
2026,17,Rape,10
2026,17,Receiving Stolen Property,17
2026,17,Robbery Firearm,15
2026,17,Robbery No Firearm,50
2026,17,Theft from Vehicle,241
2026,17,Thefts,1559
2026,17,Vandalism/Criminal Mischief,267
2026,17,Weapon Violations,28
2026,18,Aggravated Assault Firearm,72
2026,18,Aggravated Assault No Firearm,200
2026,18,All Other Offenses,333
2026,18,Arson,13
2026,18,Burglary Non-Residential,34
2026,18,Burglary Residential,126
2026,18,DRIVING UNDER THE INFLUENCE,30
2026,18,Disorderly Conduct,24
2026,18,Embezzlement,4
2026,18,Forgery and Counterfeiting,1
2026,18,Fraud,331
2026,18,Homicide - Criminal,9
2026,18,Liquor Law Violations,1
2026,18,Motor Vehicle Theft,361
2026,18,Narcotic / Drug Law Violations,44
2026,18,Offenses Against Family and Children,2
2026,18,Other Assaults,905
2026,18,Other Sex Offenses (Not Commercialized),24
2026,18,Rape,30
2026,18,Receiving Stolen Property,20
2026,18,Robbery Firearm,29
2026,18,Robbery No Firearm,66
2026,18,Theft from Vehicle,161
2026,18,Thefts,1012
2026,18,Vagrancy/Loitering,3
2026,18,Vandalism/Criminal Mischief,420
2026,18,Weapon Violations,88
2026,19,Aggravated Assault Firearm,119
2026,19,Aggravated Assault No Firearm,284
2026,19,All Other Offenses,469
2026,19,Arson,19
2026,19,Burglary Non-Residential,32
2026,19,Burglary Residential,164
2026,19,DRIVING UNDER THE INFLUENCE,37
2026,19,Disorderly Conduct,55
2026,19,Embezzlement,2
2026,19,Forgery and Counterfeiting,2
2026,19,Fraud,335
2026,19,Homicide - Criminal,3
2026,19,Liquor Law Violations,4
2026,19,Motor Vehicle Theft,531
2026,19,Narcotic / Drug Law Violations,32
2026,19,Offenses Against Family and Children,10
2026,19,Other Assaults,1795
2026,19,Other Sex Offenses (Not Commercialized),23
2026,19,Public Drunkenness,1
2026,19,Rape,32
2026,19,Receiving Stolen Property,44
2026,19,Robbery Firearm,52
2026,19,Robbery No Firearm,73
2026,19,Theft from Vehicle,298
2026,19,Thefts,948
2026,19,Vagrancy/Loitering,1
2026,19,Vandalism/Criminal Mischief,657
2026,19,Weapon Violations,131
2026,22,Aggravated Assault Firearm,164
2026,22,Aggravated Assault No Firearm,468
2026,22,All Other Offenses,1483
2026,22,Arson,37
2026,22,Burglary Non-Residential,38
2026,22,Burglary Residential,306
2026,22,DRIVING UNDER THE INFLUENCE,95
2026,22,Disorderly Conduct,160
2026,22,Embezzlement,4
2026,22,Forgery and Counterfeiting,3
2026,22,Fraud,338
2026,22,Homicide - Criminal,19
2026,22,Liquor Law Violations,2
2026,22,Motor Vehicle Theft,564
2026,22,Narcotic / Drug Law Violations,120
2026,22,Offenses Against Family and Children,8
2026,22,Other Assaults,1931
2026,22,Other Sex Offenses (Not Commercialized),36
2026,22,Prostitution and Commercialized Vice,1
2026,22,Public Drunkenness,5
2026,22,Rape,52
2026,22,Receiving Stolen Property,51
2026,22,Robbery Firearm,60
2026,22,Robbery No Firearm,152
2026,22,Theft from Vehicle,517
2026,22,Thefts,1321
2026,22,Vandalism/Criminal Mischief,789
2026,22,Weapon Violations,207
2026,24,Aggravated Assault Firearm,102
2026,24,Aggravated Assault No Firearm,310
2026,24,All Other Offenses,1979
2026,24,Arson,32
2026,24,Burglary Non-Residential,71
2026,24,Burglary Residential,125
2026,24,DRIVING UNDER THE INFLUENCE,118
2026,24,Disorderly Conduct,431
2026,24,Embezzlement,9
2026,24,Forgery and Counterfeiting,1
2026,24,Fraud,232
2026,24,Homicide - Criminal,11
2026,24,Liquor Law Violations,2
2026,24,Motor Vehicle Theft,509
2026,24,Narcotic / Drug Law Violations,551
2026,24,Offenses Against Family and Children,4
2026,24,Other Assaults,1230
2026,24,Other Sex Offenses (Not Commercialized),17
2026,24,Prostitution and Commercialized Vice,52
2026,24,Public Drunkenness,335
2026,24,Rape,34
2026,24,Receiving Stolen Property,55
2026,24,Robbery Firearm,38
2026,24,Robbery No Firearm,160
2026,24,Theft from Vehicle,226
2026,24,Thefts,1457
2026,24,Vagrancy/Loitering,819
2026,24,Vandalism/Criminal Mischief,555
2026,24,Weapon Violations,205
2026,25,Aggravated Assault Firearm,150
2026,25,Aggravated Assault No Firearm,353
2026,25,All Other Offenses,1713
2026,25,Arson,36
2026,25,Burglary Non-Residential,51
2026,25,Burglary Residential,142
2026,25,DRIVING UNDER THE INFLUENCE,97
2026,25,Disorderly Conduct,49
2026,25,Embezzlement,4
2026,25,Forgery and Counterfeiting,1
2026,25,Fraud,287
2026,25,Homicide - Criminal,17
2026,25,Liquor Law Violations,3
2026,25,Motor Vehicle Theft,474
2026,25,Narcotic / Drug Law Violations,230
2026,25,Offenses Against Family and Children,9
2026,25,Other Assaults,1301
2026,25,Other Sex Offenses (Not Commercialized),263
2026,25,Prostitution and Commercialized Vice,34
2026,25,Public Drunkenness,10
2026,25,Rape,39
2026,25,Receiving Stolen Property,67
2026,25,Robbery Firearm,61
2026,25,Robbery No Firearm,116
2026,25,Theft from Vehicle,317
2026,25,Thefts,984
2026,25,Vagrancy/Loitering,48
2026,25,Vandalism/Criminal Mischief,558
2026,25,Weapon Violations,158
2026,26,Aggravated Assault Firearm,63
2026,26,Aggravated Assault No Firearm,182
2026,26,All Other Offenses,387
2026,26,Arson,12
2026,26,Burglary Non-Residential,65
2026,26,Burglary Residential,129
2026,26,DRIVING UNDER THE INFLUENCE,14
2026,26,Disorderly Conduct,32
2026,26,Embezzlement,4
2026,26,Forgery and Counterfeiting,1
2026,26,Fraud,184
2026,26,Homicide - Criminal,3
2026,26,Liquor Law Violations,2
2026,26,Motor Vehicle Theft,702
2026,26,Narcotic / Drug Law Violations,37
2026,26,Offenses Against Family and Children,2
2026,26,Other Assaults,826
2026,26,Other Sex Offenses (Not Commercialized),29
2026,26,Prostitution and Commercialized Vice,37
2026,26,Public Drunkenness,31
2026,26,Rape,20
2026,26,Receiving Stolen Property,35
2026,26,Robbery Firearm,32
2026,26,Robbery No Firearm,79
2026,26,Theft from Vehicle,492
2026,26,Thefts,1081
2026,26,Vagrancy/Loitering,46
2026,26,Vandalism/Criminal Mischief,503
2026,26,Weapon Violations,63
2026,35,Aggravated Assault Firearm,97
2026,35,Aggravated Assault No Firearm,269
2026,35,All Other Offenses,514
2026,35,Arson,28
2026,35,Burglary Non-Residential,20
2026,35,Burglary Residential,112
2026,35,DRIVING UNDER THE INFLUENCE,20
2026,35,Disorderly Conduct,26
2026,35,Embezzlement,3
2026,35,Forgery and Counterfeiting,4
2026,35,Fraud,324
2026,35,Homicide - Criminal,3
2026,35,Motor Vehicle Theft,729
2026,35,Narcotic / Drug Law Violations,189
2026,35,Offenses Against Family and Children,4
2026,35,Other Assaults,1185
2026,35,Other Sex Offenses (Not Commercialized),26
2026,35,Public Drunkenness,2
2026,35,Rape,38
2026,35,Receiving Stolen Property,73
2026,35,Robbery Firearm,49
2026,35,Robbery No Firearm,81
2026,35,Theft from Vehicle,283
2026,35,Thefts,843
2026,35,Vagrancy/Loitering,2
2026,35,Vandalism/Criminal Mischief,577
2026,35,Weapon Violations,91
2026,39,Aggravated Assault Firearm,105
2026,39,Aggravated Assault No Firearm,284
2026,39,All Other Offenses,502
2026,39,Arson,22
2026,39,Burglary Non-Residential,35
2026,39,Burglary Residential,184
2026,39,DRIVING UNDER THE INFLUENCE,29
2026,39,Disorderly Conduct,6
2026,39,Embezzlement,7
2026,39,Forgery and Counterfeiting,2
2026,39,Fraud,281
2026,39,Homicide - Criminal,5
2026,39,Liquor Law Violations,2
2026,39,Motor Vehicle Theft,517
2026,39,Narcotic / Drug Law Violations,28
2026,39,Offenses Against Family and Children,2
2026,39,Other Assaults,1204
2026,39,Other Sex Offenses (Not Commercialized),29
2026,39,Prostitution and Commercialized Vice,2
2026,39,Public Drunkenness,1
2026,39,Rape,33
2026,39,Receiving Stolen Property,32
2026,39,Robbery Firearm,62
2026,39,Robbery No Firearm,104
2026,39,Theft from Vehicle,318
2026,39,Thefts,897
2026,39,Vandalism/Criminal Mischief,570
2026,39,Weapon Violations,162
2026,77,All Other Offenses,10
2026,77,Burglary Non-Residential,2
2026,77,Disorderly Conduct,2
2026,77,Embezzlement,1
2026,77,Fraud,25
2026,77,Motor Vehicle Theft,9
2026,77,Narcotic / Drug Law Violations,2
2026,77,Other Assaults,21
2026,77,Theft from Vehicle,7
2026,77,Thefts,111
2026,77,Vagrancy/Loitering,1
2026,77,Vandalism/Criminal Mischief,3
2026,77,Weapon Violations,1
