year,hour,crime_type,incidents
2006,0,Aggravated Assault Firearm,237
2006,0,Aggravated Assault No Firearm,367
2006,0,All Other Offenses,8426
2006,0,Arson,58
2006,0,Burglary Non-Residential,62
2006,0,Burglary Residential,368
2006,0,DRIVING UNDER THE INFLUENCE,374
2006,0,Disorderly Conduct,226
2006,0,Embezzlement,5
2006,0,Forgery and Counterfeiting,8
2006,0,Fraud,92
2006,0,Homicide - Criminal,391
2006,0,Homicide - Justifiable,2
2006,0,Liquor Law Violations,35
2006,0,Motor Vehicle Theft,278
2006,0,Narcotic / Drug Law Violations,412
2006,0,Offenses Against Family and Children,7
2006,0,Other Assaults,1140
2006,0,Other Sex Offenses (Not Commercialized),35
2006,0,Prostitution and Commercialized Vice,185
2006,0,Public Drunkenness,22
2006,0,Rape,46
2006,0,Receiving Stolen Property,2
2006,0,Robbery Firearm,419
2006,0,Robbery No Firearm,265
2006,0,Theft from Vehicle,373
2006,0,Thefts,420
2006,0,Vagrancy/Loitering,54
2006,0,Vandalism/Criminal Mischief,938
2006,0,Weapon Violations,100
2006,1,Aggravated Assault Firearm,227
2006,1,Aggravated Assault No Firearm,356
2006,1,All Other Offenses,6550
2006,1,Arson,32
2006,1,Burglary Non-Residential,77
2006,1,Burglary Residential,231
2006,1,DRIVING UNDER THE INFLUENCE,585
2006,1,Disorderly Conduct,260
2006,1,Forgery and Counterfeiting,8
2006,1,Fraud,57
2006,1,Gambling Violations,1
2006,1,Liquor Law Violations,30
2006,1,Motor Vehicle Theft,258
2006,1,Narcotic / Drug Law Violations,374
2006,1,Offenses Against Family and Children,6
2006,1,Other Assaults,842
2006,1,Other Sex Offenses (Not Commercialized),41
2006,1,Prostitution and Commercialized Vice,898
2006,1,Public Drunkenness,38
2006,1,Rape,26
2006,1,Receiving Stolen Property,6
2006,1,Robbery Firearm,315
2006,1,Robbery No Firearm,229
2006,1,Theft from Vehicle,338
2006,1,Thefts,329
2006,1,Vagrancy/Loitering,28
2006,1,Vandalism/Criminal Mischief,693
2006,1,Weapon Violations,95
2006,2,Aggravated Assault Firearm,167
2006,2,Aggravated Assault No Firearm,300
2006,2,All Other Offenses,3090
2006,2,Arson,41
2006,2,Burglary Non-Residential,74
2006,2,Burglary Residential,181
2006,2,DRIVING UNDER THE INFLUENCE,676
2006,2,Disorderly Conduct,206
2006,2,Embezzlement,3
2006,2,Forgery and Counterfeiting,7
2006,2,Fraud,21
2006,2,Liquor Law Violations,15
2006,2,Motor Vehicle Theft,192
2006,2,Narcotic / Drug Law Violations,279
2006,2,Offenses Against Family and Children,9
2006,2,Other Assaults,715
2006,2,Other Sex Offenses (Not Commercialized),32
2006,2,Prostitution and Commercialized Vice,96
2006,2,Public Drunkenness,23
2006,2,Rape,35
2006,2,Receiving Stolen Property,2
2006,2,Robbery Firearm,270
2006,2,Robbery No Firearm,187
2006,2,Theft from Vehicle,335
2006,2,Thefts,199
2006,2,Vagrancy/Loitering,27
2006,2,Vandalism/Criminal Mischief,628
2006,2,Weapon Violations,78
2006,3,Aggravated Assault Firearm,125
2006,3,Aggravated Assault No Firearm,227
2006,3,All Other Offenses,1774
2006,3,Arson,47
2006,3,Burglary Non-Residential,65
2006,3,Burglary Residential,142
2006,3,DRIVING UNDER THE INFLUENCE,488
2006,3,Disorderly Conduct,121
2006,3,Forgery and Counterfeiting,6
2006,3,Fraud,24
2006,3,Liquor Law Violations,10
2006,3,Motor Vehicle Theft,170
2006,3,Narcotic / Drug Law Violations,194
2006,3,Offenses Against Family and Children,7
2006,3,Other Assaults,519
2006,3,Other Sex Offenses (Not Commercialized),22
2006,3,Public Drunkenness,17
2006,3,Rape,30
2006,3,Receiving Stolen Property,3
2006,3,Robbery Firearm,176
2006,3,Robbery No Firearm,136
2006,3,Theft from Vehicle,256
2006,3,Thefts,173
2006,3,Vagrancy/Loitering,27
2006,3,Vandalism/Criminal Mischief,487
2006,3,Weapon Violations,56
2006,4,Aggravated Assault Firearm,86
2006,4,Aggravated Assault No Firearm,164
2006,4,All Other Offenses,839
2006,4,Arson,35
2006,4,Burglary Non-Residential,96
2006,4,Burglary Residential,120
2006,4,DRIVING UNDER THE INFLUENCE,277
2006,4,Disorderly Conduct,52
2006,4,Forgery and Counterfeiting,3
2006,4,Fraud,23
2006,4,Motor Vehicle Theft,150
2006,4,Narcotic / Drug Law Violations,109
2006,4,Offenses Against Family and Children,1
2006,4,Other Assaults,353
2006,4,Other Sex Offenses (Not Commercialized),23
2006,4,Public Drunkenness,1
2006,4,Rape,34
2006,4,Receiving Stolen Property,2
2006,4,Robbery Firearm,156
2006,4,Robbery No Firearm,113
2006,4,Theft from Vehicle,203
2006,4,Thefts,146
2006,4,Vagrancy/Loitering,11
2006,4,Vandalism/Criminal Mischief,335
2006,4,Weapon Violations,37
2006,5,Aggravated Assault Firearm,40
2006,5,Aggravated Assault No Firearm,114
2006,5,All Other Offenses,427
2006,5,Arson,36
2006,5,Burglary Non-Residential,112
2006,5,Burglary Residential,95
2006,5,DRIVING UNDER THE INFLUENCE,114
2006,5,Disorderly Conduct,35
2006,5,Embezzlement,4
2006,5,Forgery and Counterfeiting,1
2006,5,Fraud,15
2006,5,Liquor Law Violations,2
2006,5,Motor Vehicle Theft,170
2006,5,Narcotic / Drug Law Violations,77
2006,5,Other Assaults,238
2006,5,Other Sex Offenses (Not Commercialized),16
2006,5,Public Drunkenness,3
2006,5,Rape,24
2006,5,Receiving Stolen Property,3
2006,5,Robbery Firearm,127
2006,5,Robbery No Firearm,72
2006,5,Theft from Vehicle,287
2006,5,Thefts,124
2006,5,Vagrancy/Loitering,5
2006,5,Vandalism/Criminal Mischief,345
2006,5,Weapon Violations,13
2006,6,Aggravated Assault Firearm,29
2006,6,Aggravated Assault No Firearm,87
2006,6,All Other Offenses,318
2006,6,Arson,20
2006,6,Burglary Non-Residential,140
2006,6,Burglary Residential,112
2006,6,DRIVING UNDER THE INFLUENCE,44
2006,6,Disorderly Conduct,13
2006,6,Embezzlement,3
2006,6,Forgery and Counterfeiting,3
2006,6,Fraud,25
2006,6,Motor Vehicle Theft,262
2006,6,Narcotic / Drug Law Violations,71
2006,6,Offenses Against Family and Children,2
2006,6,Other Assaults,230
2006,6,Other Sex Offenses (Not Commercialized),18
2006,6,Public Drunkenness,3
2006,6,Rape,24
2006,6,Receiving Stolen Property,4
2006,6,Robbery Firearm,66
2006,6,Robbery No Firearm,73
2006,6,Theft from Vehicle,446
2006,6,Thefts,132
2006,6,Vagrancy/Loitering,3
2006,6,Vandalism/Criminal Mischief,462
2006,6,Weapon Violations,16
2006,7,Aggravated Assault Firearm,31
2006,7,Aggravated Assault No Firearm,96
2006,7,All Other Offenses,305
2006,7,Arson,8
2006,7,Burglary Non-Residential,163
2006,7,Burglary Residential,162
2006,7,DRIVING UNDER THE INFLUENCE,20
2006,7,Disorderly Conduct,16
2006,7,Forgery and Counterfeiting,13
2006,7,Fraud,53
2006,7,Motor Vehicle Theft,299
2006,7,Narcotic / Drug Law Violations,77
2006,7,Offenses Against Family and Children,1
2006,7,Other Assaults,272
2006,7,Other Sex Offenses (Not Commercialized),15
2006,7,Rape,29
2006,7,Receiving Stolen Property,1
2006,7,Robbery Firearm,69
2006,7,Robbery No Firearm,75
2006,7,Theft from Vehicle,649
2006,7,Thefts,259
2006,7,Vagrancy/Loitering,2
2006,7,Vandalism/Criminal Mischief,761
2006,7,Weapon Violations,19
2006,8,Aggravated Assault Firearm,48
2006,8,Aggravated Assault No Firearm,180
2006,8,All Other Offenses,533
2006,8,Arson,18
2006,8,Burglary Non-Residential,339
2006,8,Burglary Residential,382
2006,8,DRIVING UNDER THE INFLUENCE,32
2006,8,Disorderly Conduct,74
2006,8,Embezzlement,17
2006,8,Forgery and Counterfeiting,17
2006,8,Fraud,179
2006,8,Gambling Violations,1
2006,8,Motor Vehicle Theft,671
2006,8,Narcotic / Drug Law Violations,188
2006,8,Offenses Against Family and Children,5
2006,8,Other Assaults,761
2006,8,Other Sex Offenses (Not Commercialized),73
2006,8,Public Drunkenness,2
2006,8,Rape,35
2006,8,Receiving Stolen Property,3
2006,8,Robbery Firearm,71
2006,8,Robbery No Firearm,139
2006,8,Theft from Vehicle,1395
2006,8,Thefts,609
2006,8,Vagrancy/Loitering,10
2006,8,Vandalism/Criminal Mischief,1522
2006,8,Weapon Violations,105
2006,9,Aggravated Assault Firearm,63
2006,9,Aggravated Assault No Firearm,204
2006,9,All Other Offenses,878
2006,9,Arson,17
2006,9,Burglary Non-Residential,311
2006,9,Burglary Residential,409
2006,9,DRIVING UNDER THE INFLUENCE,39
2006,9,Disorderly Conduct,127
2006,9,Embezzlement,28
2006,9,Forgery and Counterfeiting,31
2006,9,Fraud,461
2006,9,Gambling Violations,1
2006,9,Motor Vehicle Theft,607
2006,9,Narcotic / Drug Law Violations,329
2006,9,Offenses Against Family and Children,7
2006,9,Other Assaults,1118
2006,9,Other Sex Offenses (Not Commercialized),78
2006,9,Public Drunkenness,1
2006,9,Rape,28
2006,9,Receiving Stolen Property,8
2006,9,Robbery Firearm,122
2006,9,Robbery No Firearm,185
2006,9,Theft from Vehicle,1311
2006,9,Thefts,885
2006,9,Vagrancy/Loitering,18
2006,9,Vandalism/Criminal Mischief,1494
2006,9,Weapon Violations,167
2006,10,Aggravated Assault Firearm,81
2006,10,Aggravated Assault No Firearm,251
2006,10,All Other Offenses,899
2006,10,Arson,19
2006,10,Burglary Non-Residential,246
2006,10,Burglary Residential,409
2006,10,DRIVING UNDER THE INFLUENCE,34
2006,10,Disorderly Conduct,122
2006,10,Embezzlement,37
2006,10,Forgery and Counterfeiting,35
2006,10,Fraud,639
2006,10,Gambling Violations,2
2006,10,Liquor Law Violations,1
2006,10,Motor Vehicle Theft,586
2006,10,Narcotic / Drug Law Violations,473
2006,10,Offenses Against Family and Children,12
2006,10,Other Assaults,1231
2006,10,Other Sex Offenses (Not Commercialized),99
2006,10,Prostitution and Commercialized Vice,1
2006,10,Public Drunkenness,8
2006,10,Rape,33
2006,10,Receiving Stolen Property,8
2006,10,Robbery Firearm,133
2006,10,Robbery No Firearm,182
2006,10,Theft from Vehicle,1108
2006,10,Thefts,1080
2006,10,Vagrancy/Loitering,15
2006,10,Vandalism/Criminal Mischief,1378
2006,10,Weapon Violations,137
2006,11,Aggravated Assault Firearm,82
2006,11,Aggravated Assault No Firearm,265
2006,11,All Other Offenses,1016
2006,11,Arson,17
2006,11,Burglary Non-Residential,200
2006,11,Burglary Residential,485
2006,11,DRIVING UNDER THE INFLUENCE,45
2006,11,Disorderly Conduct,168
2006,11,Embezzlement,36
2006,11,Forgery and Counterfeiting,52
2006,11,Fraud,826
2006,11,Gambling Violations,5
2006,11,Liquor Law Violations,1
2006,11,Motor Vehicle Theft,538
2006,11,Narcotic / Drug Law Violations,533
2006,11,Offenses Against Family and Children,19
2006,11,Other Assaults,1329
2006,11,Other Sex Offenses (Not Commercialized),71
2006,11,Prostitution and Commercialized Vice,6
2006,11,Public Drunkenness,4
2006,11,Rape,57
2006,11,Receiving Stolen Property,10
2006,11,Robbery Firearm,130
2006,11,Robbery No Firearm,182
2006,11,Theft from Vehicle,1090
2006,11,Thefts,1283
2006,11,Vagrancy/Loitering,17
2006,11,Vandalism/Criminal Mischief,1259
2006,11,Weapon Violations,102
2006,12,Aggravated Assault Firearm,109
2006,12,Aggravated Assault No Firearm,316
2006,12,All Other Offenses,966
2006,12,Arson,19
2006,12,Burglary Non-Residential,117
2006,12,Burglary Residential,454
2006,12,DRIVING UNDER THE INFLUENCE,51
2006,12,Disorderly Conduct,181
2006,12,Embezzlement,38
2006,12,Forgery and Counterfeiting,77
2006,12,Fraud,814
2006,12,Gambling Violations,11
2006,12,Liquor Law Violations,1
2006,12,Motor Vehicle Theft,461
2006,12,Narcotic / Drug Law Violations,563
2006,12,Offenses Against Family and Children,13
2006,12,Other Assaults,1386
2006,12,Other Sex Offenses (Not Commercialized),100
2006,12,Prostitution and Commercialized Vice,8
2006,12,Public Drunkenness,2
2006,12,Rape,53
2006,12,Receiving Stolen Property,12
2006,12,Robbery Firearm,151
2006,12,Robbery No Firearm,259
2006,12,Theft from Vehicle,1081
2006,12,Thefts,1418
2006,12,Vagrancy/Loitering,17
2006,12,Vandalism/Criminal Mischief,1112
2006,12,Weapon Violations,92
2006,13,Aggravated Assault Firearm,126
2006,13,Aggravated Assault No Firearm,316
2006,13,All Other Offenses,936
2006,13,Arson,19
2006,13,Burglary Non-Residential,102
2006,13,Burglary Residential,443
2006,13,DRIVING UNDER THE INFLUENCE,34
2006,13,Disorderly Conduct,169
2006,13,Embezzlement,36
2006,13,Forgery and Counterfeiting,48
2006,13,Fraud,903
2006,13,Gambling Violations,18
2006,13,Liquor Law Violations,3
2006,13,Motor Vehicle Theft,491
2006,13,Narcotic / Drug Law Violations,595
2006,13,Offenses Against Family and Children,6
2006,13,Other Assaults,1519
2006,13,Other Sex Offenses (Not Commercialized),101
2006,13,Prostitution and Commercialized Vice,5
2006,13,Public Drunkenness,7
2006,13,Rape,52
2006,13,Receiving Stolen Property,10
2006,13,Robbery Firearm,138
2006,13,Robbery No Firearm,233
2006,13,Theft from Vehicle,1007
2006,13,Thefts,1474
2006,13,Vagrancy/Loitering,10
2006,13,Vandalism/Criminal Mischief,1073
2006,13,Weapon Violations,107
2006,14,Aggravated Assault Firearm,105
2006,14,Aggravated Assault No Firearm,299
2006,14,All Other Offenses,859
2006,14,Arson,22
2006,14,Burglary Non-Residential,87
2006,14,Burglary Residential,411
2006,14,DRIVING UNDER THE INFLUENCE,44
2006,14,Disorderly Conduct,159
2006,14,Embezzlement,40
2006,14,Forgery and Counterfeiting,57
2006,14,Fraud,732
2006,14,Gambling Violations,14
2006,14,Liquor Law Violations,11
2006,14,Motor Vehicle Theft,386
2006,14,Narcotic / Drug Law Violations,648
2006,14,Offenses Against Family and Children,8
2006,14,Other Assaults,1375
2006,14,Other Sex Offenses (Not Commercialized),100
2006,14,Prostitution and Commercialized Vice,7
2006,14,Public Drunkenness,2
2006,14,Rape,51
2006,14,Receiving Stolen Property,4
2006,14,Robbery Firearm,147
2006,14,Robbery No Firearm,235
2006,14,Theft from Vehicle,804
2006,14,Thefts,1385
2006,14,Vagrancy/Loitering,16
2006,14,Vandalism/Criminal Mischief,951
2006,14,Weapon Violations,98
2006,15,Aggravated Assault Firearm,137
2006,15,Aggravated Assault No Firearm,315
2006,15,All Other Offenses,802
2006,15,Arson,12
2006,15,Burglary Non-Residential,41
2006,15,Burglary Residential,313
2006,15,DRIVING UNDER THE INFLUENCE,42
2006,15,Disorderly Conduct,232
2006,15,Embezzlement,32
2006,15,Forgery and Counterfeiting,39
2006,15,Fraud,668
2006,15,Gambling Violations,7
2006,15,Liquor Law Violations,8
2006,15,Motor Vehicle Theft,287
2006,15,Narcotic / Drug Law Violations,602
2006,15,Offenses Against Family and Children,7
2006,15,Other Assaults,1352
2006,15,Other Sex Offenses (Not Commercialized),98
2006,15,Prostitution and Commercialized Vice,16
2006,15,Public Drunkenness,7
2006,15,Rape,41
2006,15,Receiving Stolen Property,3
2006,15,Robbery Firearm,135
2006,15,Robbery No Firearm,249
2006,15,Theft from Vehicle,741
2006,15,Thefts,1376
2006,15,Vagrancy/Loitering,22
2006,15,Vandalism/Criminal Mischief,847
2006,15,Weapon Violations,58
2006,16,Aggravated Assault Firearm,148
2006,16,Aggravated Assault No Firearm,431
2006,16,All Other Offenses,1353
2006,16,Arson,23
2006,16,Burglary Non-Residential,69
2006,16,Burglary Residential,638
2006,16,DRIVING UNDER THE INFLUENCE,75
2006,16,Disorderly Conduct,179
2006,16,Embezzlement,53
2006,16,Forgery and Counterfeiting,62
2006,16,Fraud,854
2006,16,Gambling Violations,28
2006,16,Liquor Law Violations,22
2006,16,Motor Vehicle Theft,481
2006,16,Narcotic / Drug Law Violations,750
2006,16,Offenses Against Family and Children,7
2006,16,Other Assaults,1855
2006,16,Other Sex Offenses (Not Commercialized),124
2006,16,Prostitution and Commercialized Vice,30
2006,16,Public Drunkenness,10
2006,16,Rape,56
2006,16,Receiving Stolen Property,5
2006,16,Robbery Firearm,149
2006,16,Robbery No Firearm,354
2006,16,Theft from Vehicle,982
2006,16,Thefts,1901
2006,16,Vagrancy/Loitering,40
2006,16,Vandalism/Criminal Mischief,1250
2006,16,Weapon Violations,93
2006,17,Aggravated Assault Firearm,146
2006,17,Aggravated Assault No Firearm,394
2006,17,All Other Offenses,1310
2006,17,Arson,22
2006,17,Burglary Non-Residential,49
2006,17,Burglary Residential,598
2006,17,DRIVING UNDER THE INFLUENCE,112
2006,17,Disorderly Conduct,218
2006,17,Embezzlement,33
2006,17,Forgery and Counterfeiting,57
2006,17,Fraud,738
2006,17,Gambling Violations,36
2006,17,Liquor Law Violations,7
2006,17,Motor Vehicle Theft,453
2006,17,Narcotic / Drug Law Violations,782
2006,17,Offenses Against Family and Children,8
2006,17,Other Assaults,1798
2006,17,Other Sex Offenses (Not Commercialized),130
2006,17,Prostitution and Commercialized Vice,26
2006,17,Public Drunkenness,13
2006,17,Rape,56
2006,17,Receiving Stolen Property,8
2006,17,Robbery Firearm,167
2006,17,Robbery No Firearm,309
2006,17,Theft from Vehicle,920
2006,17,Thefts,1692
2006,17,Vagrancy/Loitering,34
2006,17,Vandalism/Criminal Mischief,1193
2006,17,Weapon Violations,63
2006,18,Aggravated Assault Firearm,167
2006,18,Aggravated Assault No Firearm,392
2006,18,All Other Offenses,1285
2006,18,Arson,19
2006,18,Burglary Non-Residential,54
2006,18,Burglary Residential,583
2006,18,DRIVING UNDER THE INFLUENCE,113
2006,18,Disorderly Conduct,243
2006,18,Embezzlement,20
2006,18,Forgery and Counterfeiting,31
2006,18,Fraud,591
2006,18,Gambling Violations,14
2006,18,Liquor Law Violations,12
2006,18,Motor Vehicle Theft,401
2006,18,Narcotic / Drug Law Violations,946
2006,18,Offenses Against Family and Children,14
2006,18,Other Assaults,1660
2006,18,Other Sex Offenses (Not Commercialized),111
2006,18,Prostitution and Commercialized Vice,15
2006,18,Public Drunkenness,11
2006,18,Rape,43
2006,18,Receiving Stolen Property,12
2006,18,Robbery Firearm,228
2006,18,Robbery No Firearm,280
2006,18,Theft from Vehicle,876
2006,18,Thefts,1500
2006,18,Vagrancy/Loitering,32
2006,18,Vandalism/Criminal Mischief,1135
2006,18,Weapon Violations,56
2006,19,Aggravated Assault Firearm,174
2006,19,Aggravated Assault No Firearm,408
2006,19,All Other Offenses,1454
2006,19,Arson,17
2006,19,Burglary Non-Residential,48
2006,19,Burglary Residential,500
2006,19,DRIVING UNDER THE INFLUENCE,168
2006,19,Disorderly Conduct,338
2006,19,Embezzlement,28
2006,19,Forgery and Counterfeiting,36
2006,19,Fraud,512
2006,19,Gambling Violations,17
2006,19,Liquor Law Violations,43
2006,19,Motor Vehicle Theft,377
2006,19,Narcotic / Drug Law Violations,1181
2006,19,Offenses Against Family and Children,10
2006,19,Other Assaults,1595
2006,19,Other Sex Offenses (Not Commercialized),104
2006,19,Prostitution and Commercialized Vice,9
2006,19,Public Drunkenness,13
2006,19,Rape,76
2006,19,Receiving Stolen Property,15
2006,19,Robbery Firearm,248
2006,19,Robbery No Firearm,321
2006,19,Theft from Vehicle,765
2006,19,Thefts,1332
2006,19,Vagrancy/Loitering,57
2006,19,Vandalism/Criminal Mischief,1198
2006,19,Weapon Violations,93
2006,20,Aggravated Assault Firearm,197
2006,20,Aggravated Assault No Firearm,388
2006,20,All Other Offenses,1398
2006,20,Arson,18
2006,20,Burglary Non-Residential,39
2006,20,Burglary Residential,444
2006,20,DRIVING UNDER THE INFLUENCE,215
2006,20,Disorderly Conduct,311
2006,20,Embezzlement,15
2006,20,Forgery and Counterfeiting,38
2006,20,Fraud,405
2006,20,Gambling Violations,16
2006,20,Liquor Law Violations,94
2006,20,Motor Vehicle Theft,336
2006,20,Narcotic / Drug Law Violations,1237
2006,20,Offenses Against Family and Children,12
2006,20,Other Assaults,1526
2006,20,Other Sex Offenses (Not Commercialized),118
2006,20,Prostitution and Commercialized Vice,13
2006,20,Public Drunkenness,12
2006,20,Rape,54
2006,20,Receiving Stolen Property,5
2006,20,Robbery Firearm,332
2006,20,Robbery No Firearm,336
2006,20,Theft from Vehicle,641
2006,20,Thefts,1150
2006,20,Vagrancy/Loitering,72
2006,20,Vandalism/Criminal Mischief,1172
2006,20,Weapon Violations,136
2006,21,Aggravated Assault Firearm,240
2006,21,Aggravated Assault No Firearm,416
2006,21,All Other Offenses,1324
2006,21,Arson,29
2006,21,Burglary Non-Residential,48
2006,21,Burglary Residential,419
2006,21,DRIVING UNDER THE INFLUENCE,268
2006,21,Disorderly Conduct,327
2006,21,Embezzlement,13
2006,21,Forgery and Counterfeiting,18
2006,21,Fraud,263
2006,21,Gambling Violations,6
2006,21,Liquor Law Violations,106
2006,21,Motor Vehicle Theft,323
2006,21,Narcotic / Drug Law Violations,1187
2006,21,Offenses Against Family and Children,7
2006,21,Other Assaults,1448
2006,21,Other Sex Offenses (Not Commercialized),79
2006,21,Public Drunkenness,15
2006,21,Rape,47
2006,21,Receiving Stolen Property,2
2006,21,Robbery Firearm,363
2006,21,Robbery No Firearm,377
2006,21,Theft from Vehicle,608
2006,21,Thefts,921
2006,21,Vagrancy/Loitering,71
2006,21,Vandalism/Criminal Mischief,1138
2006,21,Weapon Violations,137
2006,22,Aggravated Assault Firearm,255
2006,22,Aggravated Assault No Firearm,315
2006,22,All Other Offenses,4971
2006,22,Arson,32
2006,22,Burglary Non-Residential,39
2006,22,Burglary Residential,296
2006,22,DRIVING UNDER THE INFLUENCE,255
2006,22,Disorderly Conduct,297
2006,22,Embezzlement,13
2006,22,Forgery and Counterfeiting,8
2006,22,Fraud,141
2006,22,Gambling Violations,3
2006,22,Liquor Law Violations,77
2006,22,Motor Vehicle Theft,262
2006,22,Narcotic / Drug Law Violations,1050
2006,22,Offenses Against Family and Children,8
2006,22,Other Assaults,1104
2006,22,Other Sex Offenses (Not Commercialized),59
2006,22,Prostitution and Commercialized Vice,7
2006,22,Public Drunkenness,19
2006,22,Rape,40
2006,22,Receiving Stolen Property,4
2006,22,Robbery Firearm,428
2006,22,Robbery No Firearm,298
2006,22,Theft from Vehicle,429
2006,22,Thefts,618
2006,22,Vagrancy/Loitering,57
2006,22,Vandalism/Criminal Mischief,959
2006,22,Weapon Violations,139
2006,23,Aggravated Assault Firearm,214
2006,23,Aggravated Assault No Firearm,279
2006,23,All Other Offenses,7248
2006,23,Arson,29
2006,23,Burglary Non-Residential,57
2006,23,Burglary Residential,291
2006,23,DRIVING UNDER THE INFLUENCE,277
2006,23,Disorderly Conduct,196
2006,23,Embezzlement,4
2006,23,Forgery and Counterfeiting,13
2006,23,Fraud,83
2006,23,Liquor Law Violations,39
2006,23,Motor Vehicle Theft,202
2006,23,Narcotic / Drug Law Violations,716
2006,23,Offenses Against Family and Children,9
2006,23,Other Assaults,948
2006,23,Other Sex Offenses (Not Commercialized),42
2006,23,Prostitution and Commercialized Vice,1
2006,23,Public Drunkenness,16
2006,23,Rape,31
2006,23,Receiving Stolen Property,3
2006,23,Robbery Firearm,427
2006,23,Robbery No Firearm,289
2006,23,Theft from Vehicle,329
2006,23,Thefts,435
2006,23,Vagrancy/Loitering,40
2006,23,Vandalism/Criminal Mischief,784
2006,23,Weapon Violations,129
2007,0,Aggravated Assault Firearm,195
2007,0,Aggravated Assault No Firearm,306
2007,0,All Other Offenses,6202
2007,0,Arson,45
2007,0,Burglary Non-Residential,60
2007,0,Burglary Residential,345
2007,0,DRIVING UNDER THE INFLUENCE,461
2007,0,Disorderly Conduct,212
2007,0,Embezzlement,9
2007,0,Forgery and Counterfeiting,19
2007,0,Fraud,101
2007,0,Gambling Violations,2
2007,0,Homicide - Criminal,370
2007,0,Homicide - Justifiable,3
2007,0,Liquor Law Violations,48
2007,0,Motor Vehicle Theft,209
2007,0,Narcotic / Drug Law Violations,557
2007,0,Offenses Against Family and Children,7
2007,0,Other Assaults,1110
2007,0,Other Sex Offenses (Not Commercialized),44
2007,0,Prostitution and Commercialized Vice,42
2007,0,Public Drunkenness,28
2007,0,Rape,43
2007,0,Receiving Stolen Property,2
2007,0,Robbery Firearm,355
2007,0,Robbery No Firearm,270
2007,0,Theft from Vehicle,355
2007,0,Thefts,396
2007,0,Vagrancy/Loitering,29
2007,0,Vandalism/Criminal Mischief,869
2007,0,Weapon Violations,99
2007,1,Aggravated Assault Firearm,162
2007,1,Aggravated Assault No Firearm,302
2007,1,All Other Offenses,4529
2007,1,Arson,64
2007,1,Burglary Non-Residential,74
2007,1,Burglary Residential,234
2007,1,DRIVING UNDER THE INFLUENCE,682
2007,1,Disorderly Conduct,180
2007,1,Embezzlement,3
2007,1,Forgery and Counterfeiting,8
2007,1,Fraud,56
2007,1,Gambling Violations,2
2007,1,Liquor Law Violations,38
2007,1,Motor Vehicle Theft,156
2007,1,Narcotic / Drug Law Violations,421
2007,1,Offenses Against Family and Children,2
2007,1,Other Assaults,835
2007,1,Other Sex Offenses (Not Commercialized),33
2007,1,Prostitution and Commercialized Vice,96
2007,1,Public Drunkenness,38
2007,1,Rape,36
2007,1,Receiving Stolen Property,6
2007,1,Robbery Firearm,263
2007,1,Robbery No Firearm,220
2007,1,Theft from Vehicle,325
2007,1,Thefts,312
2007,1,Vagrancy/Loitering,22
2007,1,Vandalism/Criminal Mischief,646
2007,1,Weapon Violations,102
2007,2,Aggravated Assault Firearm,154
2007,2,Aggravated Assault No Firearm,313
2007,2,All Other Offenses,2417
2007,2,Arson,41
2007,2,Burglary Non-Residential,102
2007,2,Burglary Residential,150
2007,2,DRIVING UNDER THE INFLUENCE,769
2007,2,Disorderly Conduct,214
2007,2,Forgery and Counterfeiting,7
2007,2,Fraud,38
2007,2,Gambling Violations,1
2007,2,Liquor Law Violations,19
2007,2,Motor Vehicle Theft,149
2007,2,Narcotic / Drug Law Violations,301
2007,2,Offenses Against Family and Children,3
2007,2,Other Assaults,701
2007,2,Other Sex Offenses (Not Commercialized),28
2007,2,Prostitution and Commercialized Vice,1
2007,2,Public Drunkenness,30
2007,2,Rape,26
2007,2,Receiving Stolen Property,2
2007,2,Robbery Firearm,222
2007,2,Robbery No Firearm,170
2007,2,Theft from Vehicle,285
2007,2,Thefts,216
2007,2,Vagrancy/Loitering,24
2007,2,Vandalism/Criminal Mischief,580
2007,2,Weapon Violations,60
2007,3,Aggravated Assault Firearm,116
2007,3,Aggravated Assault No Firearm,232
2007,3,All Other Offenses,1284
2007,3,Arson,50
2007,3,Burglary Non-Residential,93
2007,3,Burglary Residential,143
2007,3,DRIVING UNDER THE INFLUENCE,538
2007,3,Disorderly Conduct,125
2007,3,Embezzlement,1
2007,3,Forgery and Counterfeiting,3
2007,3,Fraud,31
2007,3,Liquor Law Violations,7
2007,3,Motor Vehicle Theft,118
2007,3,Narcotic / Drug Law Violations,194
2007,3,Offenses Against Family and Children,8
2007,3,Other Assaults,523
2007,3,Other Sex Offenses (Not Commercialized),21
2007,3,Public Drunkenness,13
2007,3,Rape,39
2007,3,Robbery Firearm,189
2007,3,Robbery No Firearm,127
2007,3,Theft from Vehicle,260
2007,3,Thefts,153
2007,3,Vagrancy/Loitering,8
2007,3,Vandalism/Criminal Mischief,475
2007,3,Weapon Violations,59
2007,4,Aggravated Assault Firearm,65
2007,4,Aggravated Assault No Firearm,163
2007,4,All Other Offenses,731
2007,4,Arson,43
2007,4,Burglary Non-Residential,86
2007,4,Burglary Residential,120
2007,4,DRIVING UNDER THE INFLUENCE,357
2007,4,Disorderly Conduct,53
2007,4,Embezzlement,2
2007,4,Fraud,18
2007,4,Liquor Law Violations,6
2007,4,Motor Vehicle Theft,111
2007,4,Narcotic / Drug Law Violations,112
2007,4,Offenses Against Family and Children,1
2007,4,Other Assaults,350
2007,4,Other Sex Offenses (Not Commercialized),8
2007,4,Public Drunkenness,10
2007,4,Rape,31
2007,4,Receiving Stolen Property,1
2007,4,Robbery Firearm,129
2007,4,Robbery No Firearm,114
2007,4,Theft from Vehicle,194
2007,4,Thefts,140
2007,4,Vagrancy/Loitering,4
2007,4,Vandalism/Criminal Mischief,332
2007,4,Weapon Violations,25
2007,5,Aggravated Assault Firearm,41
2007,5,Aggravated Assault No Firearm,95
2007,5,All Other Offenses,433
2007,5,Arson,31
2007,5,Burglary Non-Residential,98
2007,5,Burglary Residential,92
2007,5,DRIVING UNDER THE INFLUENCE,147
2007,5,Disorderly Conduct,26
2007,5,Forgery and Counterfeiting,3
2007,5,Fraud,15
2007,5,Liquor Law Violations,3
2007,5,Motor Vehicle Theft,139
2007,5,Narcotic / Drug Law Violations,79
2007,5,Offenses Against Family and Children,4
2007,5,Other Assaults,261
2007,5,Other Sex Offenses (Not Commercialized),23
2007,5,Public Drunkenness,2
2007,5,Rape,23
2007,5,Receiving Stolen Property,1
2007,5,Robbery Firearm,107
2007,5,Robbery No Firearm,97
2007,5,Theft from Vehicle,251
2007,5,Thefts,123
2007,5,Vagrancy/Loitering,5
2007,5,Vandalism/Criminal Mischief,304
2007,5,Weapon Violations,20
2007,6,Aggravated Assault Firearm,39
2007,6,Aggravated Assault No Firearm,79
2007,6,All Other Offenses,193
2007,6,Arson,14
2007,6,Burglary Non-Residential,90
2007,6,Burglary Residential,88
2007,6,DRIVING UNDER THE INFLUENCE,53
2007,6,Disorderly Conduct,16
2007,6,Embezzlement,2
2007,6,Forgery and Counterfeiting,6
2007,6,Fraud,21
2007,6,Motor Vehicle Theft,147
2007,6,Narcotic / Drug Law Violations,56
2007,6,Offenses Against Family and Children,2
2007,6,Other Assaults,219
2007,6,Other Sex Offenses (Not Commercialized),11
2007,6,Public Drunkenness,1
2007,6,Rape,28
2007,6,Robbery Firearm,71
2007,6,Robbery No Firearm,82
2007,6,Theft from Vehicle,448
2007,6,Thefts,133
2007,6,Vagrancy/Loitering,2
2007,6,Vandalism/Criminal Mischief,426
2007,6,Weapon Violations,10
2007,7,Aggravated Assault Firearm,27
2007,7,Aggravated Assault No Firearm,79
2007,7,All Other Offenses,261
2007,7,Arson,15
2007,7,Burglary Non-Residential,140
2007,7,Burglary Residential,131
2007,7,DRIVING UNDER THE INFLUENCE,24
2007,7,Disorderly Conduct,12
2007,7,Embezzlement,5
2007,7,Forgery and Counterfeiting,20
2007,7,Fraud,58
2007,7,Liquor Law Violations,1
2007,7,Motor Vehicle Theft,229
2007,7,Narcotic / Drug Law Violations,67
2007,7,Other Assaults,255
2007,7,Other Sex Offenses (Not Commercialized),20
2007,7,Public Drunkenness,3
2007,7,Rape,21
2007,7,Receiving Stolen Property,2
2007,7,Robbery Firearm,50
2007,7,Robbery No Firearm,86
2007,7,Theft from Vehicle,874
2007,7,Thefts,276
2007,7,Vagrancy/Loitering,2
2007,7,Vandalism/Criminal Mischief,756
2007,7,Weapon Violations,11
2007,8,Aggravated Assault Firearm,40
2007,8,Aggravated Assault No Firearm,150
2007,8,All Other Offenses,527
2007,8,Arson,16
2007,8,Burglary Non-Residential,317
2007,8,Burglary Residential,415
2007,8,DRIVING UNDER THE INFLUENCE,31
2007,8,Disorderly Conduct,45
2007,8,Embezzlement,12
2007,8,Forgery and Counterfeiting,21
2007,8,Fraud,193
2007,8,Gambling Violations,3
2007,8,Liquor Law Violations,1
2007,8,Motor Vehicle Theft,472
2007,8,Narcotic / Drug Law Violations,149
2007,8,Offenses Against Family and Children,5
2007,8,Other Assaults,764
2007,8,Other Sex Offenses (Not Commercialized),67
2007,8,Public Drunkenness,1
2007,8,Rape,43
2007,8,Receiving Stolen Property,8
2007,8,Robbery Firearm,87
2007,8,Robbery No Firearm,153
2007,8,Theft from Vehicle,1329
2007,8,Thefts,622
2007,8,Vagrancy/Loitering,5
2007,8,Vandalism/Criminal Mischief,1399
2007,8,Weapon Violations,83
2007,9,Aggravated Assault Firearm,40
2007,9,Aggravated Assault No Firearm,220
2007,9,All Other Offenses,834
2007,9,Arson,17
2007,9,Burglary Non-Residential,311
2007,9,Burglary Residential,459
2007,9,DRIVING UNDER THE INFLUENCE,35
2007,9,Disorderly Conduct,94
2007,9,Embezzlement,25
2007,9,Forgery and Counterfeiting,38
2007,9,Fraud,481
2007,9,Gambling Violations,2
2007,9,Liquor Law Violations,2
2007,9,Motor Vehicle Theft,481
2007,9,Narcotic / Drug Law Violations,336
2007,9,Offenses Against Family and Children,11
2007,9,Other Assaults,1039
2007,9,Other Sex Offenses (Not Commercialized),119
2007,9,Public Drunkenness,3
2007,9,Rape,38
2007,9,Receiving Stolen Property,5
2007,9,Robbery Firearm,106
2007,9,Robbery No Firearm,183
2007,9,Theft from Vehicle,1300
2007,9,Thefts,905
2007,9,Vagrancy/Loitering,18
2007,9,Vandalism/Criminal Mischief,1419
2007,9,Weapon Violations,141
2007,10,Aggravated Assault Firearm,81
2007,10,Aggravated Assault No Firearm,219
2007,10,All Other Offenses,961
2007,10,Arson,15
2007,10,Burglary Non-Residential,281
2007,10,Burglary Residential,465
2007,10,DRIVING UNDER THE INFLUENCE,28
2007,10,Disorderly Conduct,143
2007,10,Embezzlement,31
2007,10,Forgery and Counterfeiting,47
2007,10,Fraud,711
2007,10,Gambling Violations,2
2007,10,Liquor Law Violations,11
2007,10,Motor Vehicle Theft,429
2007,10,Narcotic / Drug Law Violations,455
2007,10,Offenses Against Family and Children,18
2007,10,Other Assaults,1239
2007,10,Other Sex Offenses (Not Commercialized),101
2007,10,Prostitution and Commercialized Vice,2
2007,10,Public Drunkenness,6
2007,10,Rape,47
2007,10,Receiving Stolen Property,3
2007,10,Robbery Firearm,138
2007,10,Robbery No Firearm,215
2007,10,Theft from Vehicle,1150
2007,10,Thefts,1171
2007,10,Vagrancy/Loitering,16
2007,10,Vandalism/Criminal Mischief,1314
2007,10,Weapon Violations,134
2007,11,Aggravated Assault Firearm,75
2007,11,Aggravated Assault No Firearm,264
2007,11,All Other Offenses,1027
2007,11,Arson,16
2007,11,Burglary Non-Residential,195
2007,11,Burglary Residential,468
2007,11,DRIVING UNDER THE INFLUENCE,46
2007,11,Disorderly Conduct,202
2007,11,Embezzlement,46
2007,11,Forgery and Counterfeiting,65
2007,11,Fraud,800
2007,11,Gambling Violations,7
2007,11,Liquor Law Violations,4
2007,11,Motor Vehicle Theft,438
2007,11,Narcotic / Drug Law Violations,563
2007,11,Offenses Against Family and Children,12
2007,11,Other Assaults,1331
2007,11,Other Sex Offenses (Not Commercialized),70
2007,11,Prostitution and Commercialized Vice,3
2007,11,Public Drunkenness,6
2007,11,Rape,39
2007,11,Receiving Stolen Property,7
2007,11,Robbery Firearm,119
2007,11,Robbery No Firearm,237
2007,11,Theft from Vehicle,1111
2007,11,Thefts,1301
2007,11,Vagrancy/Loitering,6
2007,11,Vandalism/Criminal Mischief,1214
2007,11,Weapon Violations,104
2007,12,Aggravated Assault Firearm,84
2007,12,Aggravated Assault No Firearm,273
2007,12,All Other Offenses,983
2007,12,Arson,10
2007,12,Burglary Non-Residential,121
2007,12,Burglary Residential,485
2007,12,DRIVING UNDER THE INFLUENCE,53
2007,12,Disorderly Conduct,175
2007,12,Embezzlement,50
2007,12,Forgery and Counterfeiting,63
2007,12,Fraud,897
2007,12,Gambling Violations,9
2007,12,Liquor Law Violations,4
2007,12,Motor Vehicle Theft,390
2007,12,Narcotic / Drug Law Violations,570
2007,12,Offenses Against Family and Children,11
2007,12,Other Assaults,1536
2007,12,Other Sex Offenses (Not Commercialized),96
2007,12,Prostitution and Commercialized Vice,19
2007,12,Public Drunkenness,5
2007,12,Rape,49
2007,12,Receiving Stolen Property,6
2007,12,Robbery Firearm,140
2007,12,Robbery No Firearm,238
2007,12,Theft from Vehicle,1087
2007,12,Thefts,1402
2007,12,Vagrancy/Loitering,7
2007,12,Vandalism/Criminal Mischief,1088
2007,12,Weapon Violations,87
2007,13,Aggravated Assault Firearm,94
2007,13,Aggravated Assault No Firearm,289
2007,13,All Other Offenses,914
2007,13,Arson,22
2007,13,Burglary Non-Residential,84
2007,13,Burglary Residential,508
2007,13,DRIVING UNDER THE INFLUENCE,49
2007,13,Disorderly Conduct,175
2007,13,Embezzlement,48
2007,13,Forgery and Counterfeiting,55
2007,13,Fraud,916
2007,13,Gambling Violations,18
2007,13,Liquor Law Violations,3
2007,13,Motor Vehicle Theft,366
2007,13,Narcotic / Drug Law Violations,640
2007,13,Offenses Against Family and Children,6
2007,13,Other Assaults,1490
2007,13,Other Sex Offenses (Not Commercialized),92
2007,13,Prostitution and Commercialized Vice,33
2007,13,Public Drunkenness,2
2007,13,Rape,53
2007,13,Receiving Stolen Property,4
2007,13,Robbery Firearm,135
2007,13,Robbery No Firearm,230
2007,13,Theft from Vehicle,850
2007,13,Thefts,1480
2007,13,Vagrancy/Loitering,14
2007,13,Vandalism/Criminal Mischief,997
2007,13,Weapon Violations,86
2007,14,Aggravated Assault Firearm,89
2007,14,Aggravated Assault No Firearm,276
2007,14,All Other Offenses,866
2007,14,Arson,18
2007,14,Burglary Non-Residential,69
2007,14,Burglary Residential,423
2007,14,DRIVING UNDER THE INFLUENCE,47
2007,14,Disorderly Conduct,165
2007,14,Embezzlement,38
2007,14,Forgery and Counterfeiting,49
2007,14,Fraud,832
2007,14,Gambling Violations,13
2007,14,Liquor Law Violations,2
2007,14,Motor Vehicle Theft,273
2007,14,Narcotic / Drug Law Violations,652
2007,14,Offenses Against Family and Children,6
2007,14,Other Assaults,1323
2007,14,Other Sex Offenses (Not Commercialized),73
2007,14,Prostitution and Commercialized Vice,19
2007,14,Public Drunkenness,2
2007,14,Rape,29
2007,14,Receiving Stolen Property,4
2007,14,Robbery Firearm,123
2007,14,Robbery No Firearm,228
2007,14,Theft from Vehicle,914
2007,14,Thefts,1395
2007,14,Vagrancy/Loitering,12
2007,14,Vandalism/Criminal Mischief,974
2007,14,Weapon Violations,80
2007,15,Aggravated Assault Firearm,104
2007,15,Aggravated Assault No Firearm,276
2007,15,All Other Offenses,675
2007,15,Arson,11
2007,15,Burglary Non-Residential,63
2007,15,Burglary Residential,336
2007,15,DRIVING UNDER THE INFLUENCE,46
2007,15,Disorderly Conduct,208
2007,15,Embezzlement,42
2007,15,Forgery and Counterfeiting,37
2007,15,Fraud,719
2007,15,Gambling Violations,11
2007,15,Liquor Law Violations,5
2007,15,Motor Vehicle Theft,294
2007,15,Narcotic / Drug Law Violations,566
2007,15,Offenses Against Family and Children,9
2007,15,Other Assaults,1345
2007,15,Other Sex Offenses (Not Commercialized),94
2007,15,Prostitution and Commercialized Vice,7
2007,15,Public Drunkenness,2
2007,15,Rape,64
2007,15,Receiving Stolen Property,1
2007,15,Robbery Firearm,115
2007,15,Robbery No Firearm,261
2007,15,Theft from Vehicle,891
2007,15,Thefts,1411
2007,15,Vagrancy/Loitering,9
2007,15,Vandalism/Criminal Mischief,934
2007,15,Weapon Violations,58
2007,16,Aggravated Assault Firearm,150
2007,16,Aggravated Assault No Firearm,363
2007,16,All Other Offenses,1210
2007,16,Arson,14
2007,16,Burglary Non-Residential,90
2007,16,Burglary Residential,692
2007,16,DRIVING UNDER THE INFLUENCE,80
2007,16,Disorderly Conduct,161
2007,16,Embezzlement,57
2007,16,Forgery and Counterfeiting,63
2007,16,Fraud,985
2007,16,Gambling Violations,7
2007,16,Liquor Law Violations,8
2007,16,Motor Vehicle Theft,378
2007,16,Narcotic / Drug Law Violations,626
2007,16,Offenses Against Family and Children,24
2007,16,Other Assaults,1955
2007,16,Other Sex Offenses (Not Commercialized),125
2007,16,Prostitution and Commercialized Vice,3
2007,16,Public Drunkenness,11
2007,16,Rape,58
2007,16,Receiving Stolen Property,3
2007,16,Robbery Firearm,175
2007,16,Robbery No Firearm,341
2007,16,Theft from Vehicle,1012
2007,16,Thefts,1817
2007,16,Vagrancy/Loitering,19
2007,16,Vandalism/Criminal Mischief,1193
2007,16,Weapon Violations,60
2007,17,Aggravated Assault Firearm,127
2007,17,Aggravated Assault No Firearm,350
2007,17,All Other Offenses,1260
2007,17,Arson,12
2007,17,Burglary Non-Residential,47
2007,17,Burglary Residential,642
2007,17,DRIVING UNDER THE INFLUENCE,96
2007,17,Disorderly Conduct,177
2007,17,Embezzlement,43
2007,17,Forgery and Counterfeiting,59
2007,17,Fraud,867
2007,17,Gambling Violations,18
2007,17,Liquor Law Violations,15
2007,17,Motor Vehicle Theft,337
2007,17,Narcotic / Drug Law Violations,722
2007,17,Offenses Against Family and Children,12
2007,17,Other Assaults,1581
2007,17,Other Sex Offenses (Not Commercialized),115
2007,17,Prostitution and Commercialized Vice,2
2007,17,Public Drunkenness,9
2007,17,Rape,52
2007,17,Receiving Stolen Property,3
2007,17,Robbery Firearm,159
2007,17,Robbery No Firearm,298
2007,17,Theft from Vehicle,896
2007,17,Thefts,1579
2007,17,Vagrancy/Loitering,26
2007,17,Vandalism/Criminal Mischief,1109
2007,17,Weapon Violations,58
2007,18,Aggravated Assault Firearm,143
2007,18,Aggravated Assault No Firearm,328
2007,18,All Other Offenses,1311
2007,18,Arson,17
2007,18,Burglary Non-Residential,44
2007,18,Burglary Residential,577
2007,18,DRIVING UNDER THE INFLUENCE,138
2007,18,Disorderly Conduct,194
2007,18,Embezzlement,36
2007,18,Forgery and Counterfeiting,36
2007,18,Fraud,638
2007,18,Gambling Violations,8
2007,18,Liquor Law Violations,24
2007,18,Motor Vehicle Theft,335
2007,18,Narcotic / Drug Law Violations,997
2007,18,Offenses Against Family and Children,20
2007,18,Other Assaults,1510
2007,18,Other Sex Offenses (Not Commercialized),112
2007,18,Prostitution and Commercialized Vice,1
2007,18,Public Drunkenness,11
2007,18,Rape,46
2007,18,Receiving Stolen Property,4
2007,18,Robbery Firearm,201
2007,18,Robbery No Firearm,278
2007,18,Theft from Vehicle,863
2007,18,Thefts,1498
2007,18,Vagrancy/Loitering,37
2007,18,Vandalism/Criminal Mischief,1110
2007,18,Weapon Violations,67
2007,19,Aggravated Assault Firearm,184
2007,19,Aggravated Assault No Firearm,382
2007,19,All Other Offenses,1386
2007,19,Arson,27
2007,19,Burglary Non-Residential,47
2007,19,Burglary Residential,493
2007,19,DRIVING UNDER THE INFLUENCE,205
2007,19,Disorderly Conduct,305
2007,19,Embezzlement,16
2007,19,Forgery and Counterfeiting,29
2007,19,Fraud,563
2007,19,Gambling Violations,6
2007,19,Liquor Law Violations,82
2007,19,Motor Vehicle Theft,298
2007,19,Narcotic / Drug Law Violations,1383
2007,19,Offenses Against Family and Children,21
2007,19,Other Assaults,1498
2007,19,Other Sex Offenses (Not Commercialized),117
2007,19,Prostitution and Commercialized Vice,2
2007,19,Public Drunkenness,12
2007,19,Rape,60
2007,19,Receiving Stolen Property,6
2007,19,Robbery Firearm,239
2007,19,Robbery No Firearm,287
2007,19,Theft from Vehicle,751
2007,19,Thefts,1357
2007,19,Vagrancy/Loitering,50
2007,19,Vandalism/Criminal Mischief,1090
2007,19,Weapon Violations,89
2007,20,Aggravated Assault Firearm,166
2007,20,Aggravated Assault No Firearm,353
2007,20,All Other Offenses,1278
2007,20,Arson,22
2007,20,Burglary Non-Residential,35
2007,20,Burglary Residential,431
2007,20,DRIVING UNDER THE INFLUENCE,291
2007,20,Disorderly Conduct,334
2007,20,Embezzlement,21
2007,20,Forgery and Counterfeiting,31
2007,20,Fraud,420
2007,20,Gambling Violations,19
2007,20,Liquor Law Violations,77
2007,20,Motor Vehicle Theft,256
2007,20,Narcotic / Drug Law Violations,1507
2007,20,Offenses Against Family and Children,9
2007,20,Other Assaults,1516
2007,20,Other Sex Offenses (Not Commercialized),108
2007,20,Prostitution and Commercialized Vice,31
2007,20,Public Drunkenness,21
2007,20,Rape,65
2007,20,Receiving Stolen Property,5
2007,20,Robbery Firearm,290
2007,20,Robbery No Firearm,297
2007,20,Theft from Vehicle,723
2007,20,Thefts,1113
2007,20,Vagrancy/Loitering,73
2007,20,Vandalism/Criminal Mischief,1040
2007,20,Weapon Violations,96
2007,21,Aggravated Assault Firearm,212
2007,21,Aggravated Assault No Firearm,367
2007,21,All Other Offenses,1427
2007,21,Arson,24
2007,21,Burglary Non-Residential,47
2007,21,Burglary Residential,400
2007,21,DRIVING UNDER THE INFLUENCE,287
2007,21,Disorderly Conduct,332
2007,21,Embezzlement,20
2007,21,Forgery and Counterfeiting,19
2007,21,Fraud,284
2007,21,Gambling Violations,7
2007,21,Liquor Law Violations,122
2007,21,Motor Vehicle Theft,244
2007,21,Narcotic / Drug Law Violations,1477
2007,21,Offenses Against Family and Children,13
2007,21,Other Assaults,1419
2007,21,Other Sex Offenses (Not Commercialized),99
2007,21,Prostitution and Commercialized Vice,137
2007,21,Public Drunkenness,20
2007,21,Rape,54
2007,21,Receiving Stolen Property,2
2007,21,Robbery Firearm,320
2007,21,Robbery No Firearm,328
2007,21,Theft from Vehicle,512
2007,21,Thefts,837
2007,21,Vagrancy/Loitering,78
2007,21,Vandalism/Criminal Mischief,932
2007,21,Weapon Violations,129
2007,22,Aggravated Assault Firearm,195
2007,22,Aggravated Assault No Firearm,379
2007,22,All Other Offenses,4759
2007,22,Arson,24
2007,22,Burglary Non-Residential,32
2007,22,Burglary Residential,269
2007,22,DRIVING UNDER THE INFLUENCE,355
2007,22,Disorderly Conduct,297
2007,22,Embezzlement,11
2007,22,Forgery and Counterfeiting,19
2007,22,Fraud,154
2007,22,Gambling Violations,7
2007,22,Liquor Law Violations,77
2007,22,Motor Vehicle Theft,179
2007,22,Narcotic / Drug Law Violations,1354
2007,22,Offenses Against Family and Children,9
2007,22,Other Assaults,1192
2007,22,Other Sex Offenses (Not Commercialized),58
2007,22,Prostitution and Commercialized Vice,616
2007,22,Public Drunkenness,21
2007,22,Rape,37
2007,22,Receiving Stolen Property,6
2007,22,Robbery Firearm,339
2007,22,Robbery No Firearm,291
2007,22,Theft from Vehicle,405
2007,22,Thefts,556
2007,22,Vagrancy/Loitering,48
2007,22,Vandalism/Criminal Mischief,839
2007,22,Weapon Violations,136
2007,23,Aggravated Assault Firearm,205
2007,23,Aggravated Assault No Firearm,312
2007,23,All Other Offenses,5812
2007,23,Arson,31
2007,23,Burglary Non-Residential,52
2007,23,Burglary Residential,219
2007,23,DRIVING UNDER THE INFLUENCE,351
2007,23,Disorderly Conduct,179
2007,23,Embezzlement,3
2007,23,Forgery and Counterfeiting,11
2007,23,Fraud,119
2007,23,Liquor Law Violations,60
2007,23,Motor Vehicle Theft,163
2007,23,Narcotic / Drug Law Violations,895
2007,23,Offenses Against Family and Children,9
2007,23,Other Assaults,869
2007,23,Other Sex Offenses (Not Commercialized),38
2007,23,Prostitution and Commercialized Vice,262
2007,23,Public Drunkenness,17
2007,23,Rape,39
2007,23,Receiving Stolen Property,1
2007,23,Robbery Firearm,313
2007,23,Robbery No Firearm,260
2007,23,Theft from Vehicle,407
2007,23,Thefts,431
2007,23,Vagrancy/Loitering,30
2007,23,Vandalism/Criminal Mischief,774
2007,23,Weapon Violations,100
2008,0,Aggravated Assault Firearm,192
2008,0,Aggravated Assault No Firearm,392
2008,0,All Other Offenses,6710
2008,0,Arson,53
2008,0,Burglary Non-Residential,55
2008,0,Burglary Residential,365
2008,0,DRIVING UNDER THE INFLUENCE,529
2008,0,Disorderly Conduct,258
2008,0,Embezzlement,5
2008,0,Forgery and Counterfeiting,7
2008,0,Fraud,98
2008,0,Gambling Violations,6
2008,0,Homicide - Criminal,314
2008,0,Liquor Law Violations,45
2008,0,Motor Vehicle Theft,118
2008,0,Narcotic / Drug Law Violations,606
2008,0,Offenses Against Family and Children,6
2008,0,Other Assaults,1043
2008,0,Other Sex Offenses (Not Commercialized),49
2008,0,Prostitution and Commercialized Vice,14
2008,0,Public Drunkenness,38
2008,0,Rape,50
2008,0,Receiving Stolen Property,3
2008,0,Robbery Firearm,355
2008,0,Robbery No Firearm,260
2008,0,Theft from Vehicle,411
2008,0,Thefts,398
2008,0,Vagrancy/Loitering,33
2008,0,Vandalism/Criminal Mischief,806
2008,0,Weapon Violations,108
2008,1,Aggravated Assault Firearm,147
2008,1,Aggravated Assault No Firearm,309
2008,1,All Other Offenses,4475
2008,1,Arson,57
2008,1,Burglary Non-Residential,81
2008,1,Burglary Residential,309
2008,1,DRIVING UNDER THE INFLUENCE,757
2008,1,Disorderly Conduct,260
2008,1,Embezzlement,7
2008,1,Forgery and Counterfeiting,8
2008,1,Fraud,62
2008,1,Gambling Violations,1
2008,1,Liquor Law Violations,46
2008,1,Motor Vehicle Theft,80
2008,1,Narcotic / Drug Law Violations,560
2008,1,Offenses Against Family and Children,5
2008,1,Other Assaults,840
2008,1,Other Sex Offenses (Not Commercialized),37
2008,1,Prostitution and Commercialized Vice,28
2008,1,Public Drunkenness,45
2008,1,Rape,36
2008,1,Receiving Stolen Property,3
2008,1,Robbery Firearm,239
2008,1,Robbery No Firearm,178
2008,1,Theft from Vehicle,284
2008,1,Thefts,287
2008,1,Vagrancy/Loitering,28
2008,1,Vandalism/Criminal Mischief,560
2008,1,Weapon Violations,105
2008,2,Aggravated Assault Firearm,127
2008,2,Aggravated Assault No Firearm,312
2008,2,All Other Offenses,2062
2008,2,Arson,59
2008,2,Burglary Non-Residential,69
2008,2,Burglary Residential,171
2008,2,DRIVING UNDER THE INFLUENCE,927
2008,2,Disorderly Conduct,340
2008,2,Embezzlement,2
2008,2,Forgery and Counterfeiting,5
2008,2,Fraud,28
2008,2,Gambling Violations,2
2008,2,Liquor Law Violations,16
2008,2,Motor Vehicle Theft,73
2008,2,Narcotic / Drug Law Violations,366
2008,2,Offenses Against Family and Children,9
2008,2,Other Assaults,712
2008,2,Other Sex Offenses (Not Commercialized),32
2008,2,Prostitution and Commercialized Vice,8
2008,2,Public Drunkenness,64
2008,2,Rape,34
2008,2,Receiving Stolen Property,4
2008,2,Robbery Firearm,183
2008,2,Robbery No Firearm,207
2008,2,Theft from Vehicle,285
2008,2,Thefts,236
2008,2,Vagrancy/Loitering,28
2008,2,Vandalism/Criminal Mischief,562
2008,2,Weapon Violations,80
2008,3,Aggravated Assault Firearm,98
2008,3,Aggravated Assault No Firearm,225
2008,3,All Other Offenses,1115
2008,3,Arson,50
2008,3,Burglary Non-Residential,70
2008,3,Burglary Residential,192
2008,3,DRIVING UNDER THE INFLUENCE,637
2008,3,Disorderly Conduct,151
2008,3,Fraud,44
2008,3,Liquor Law Violations,14
2008,3,Motor Vehicle Theft,61
2008,3,Narcotic / Drug Law Violations,226
2008,3,Offenses Against Family and Children,1
2008,3,Other Assaults,529
2008,3,Other Sex Offenses (Not Commercialized),20
2008,3,Prostitution and Commercialized Vice,5
2008,3,Public Drunkenness,19
2008,3,Rape,31
2008,3,Receiving Stolen Property,2
2008,3,Robbery Firearm,177
2008,3,Robbery No Firearm,137
2008,3,Theft from Vehicle,247
2008,3,Thefts,201
2008,3,Vagrancy/Loitering,12
2008,3,Vandalism/Criminal Mischief,465
2008,3,Weapon Violations,57
2008,4,Aggravated Assault Firearm,59
2008,4,Aggravated Assault No Firearm,161
2008,4,All Other Offenses,620
2008,4,Arson,33
2008,4,Burglary Non-Residential,73
2008,4,Burglary Residential,130
2008,4,DRIVING UNDER THE INFLUENCE,370
2008,4,Disorderly Conduct,91
2008,4,Embezzlement,4
2008,4,Forgery and Counterfeiting,2
2008,4,Fraud,19
2008,4,Liquor Law Violations,12
2008,4,Motor Vehicle Theft,63
2008,4,Narcotic / Drug Law Violations,127
2008,4,Offenses Against Family and Children,6
2008,4,Other Assaults,340
2008,4,Other Sex Offenses (Not Commercialized),13
2008,4,Prostitution and Commercialized Vice,1
2008,4,Public Drunkenness,11
2008,4,Rape,30
2008,4,Robbery Firearm,128
2008,4,Robbery No Firearm,98
2008,4,Theft from Vehicle,188
2008,4,Thefts,128
2008,4,Vagrancy/Loitering,7
2008,4,Vandalism/Criminal Mischief,306
2008,4,Weapon Violations,38
2008,5,Aggravated Assault Firearm,45
2008,5,Aggravated Assault No Firearm,107
2008,5,All Other Offenses,345
2008,5,Arson,40
2008,5,Burglary Non-Residential,77
2008,5,Burglary Residential,105
2008,5,DRIVING UNDER THE INFLUENCE,168
2008,5,Disorderly Conduct,42
2008,5,Embezzlement,2
2008,5,Forgery and Counterfeiting,1
2008,5,Fraud,18
2008,5,Liquor Law Violations,3
2008,5,Motor Vehicle Theft,80
2008,5,Narcotic / Drug Law Violations,86
2008,5,Offenses Against Family and Children,1
2008,5,Other Assaults,227
2008,5,Other Sex Offenses (Not Commercialized),20
2008,5,Public Drunkenness,6
2008,5,Rape,28
2008,5,Receiving Stolen Property,1
2008,5,Robbery Firearm,88
2008,5,Robbery No Firearm,88
2008,5,Theft from Vehicle,206
2008,5,Thefts,82
2008,5,Vagrancy/Loitering,3
2008,5,Vandalism/Criminal Mischief,279
2008,5,Weapon Violations,15
2008,6,Aggravated Assault Firearm,31
2008,6,Aggravated Assault No Firearm,93
2008,6,All Other Offenses,231
2008,6,Arson,19
2008,6,Burglary Non-Residential,95
2008,6,Burglary Residential,101
2008,6,DRIVING UNDER THE INFLUENCE,59
2008,6,Disorderly Conduct,22
2008,6,Embezzlement,3
2008,6,Forgery and Counterfeiting,1
2008,6,Fraud,26
2008,6,Liquor Law Violations,2
2008,6,Motor Vehicle Theft,65
2008,6,Narcotic / Drug Law Violations,54
2008,6,Offenses Against Family and Children,3
2008,6,Other Assaults,218
2008,6,Other Sex Offenses (Not Commercialized),19
2008,6,Prostitution and Commercialized Vice,1
2008,6,Public Drunkenness,3
2008,6,Rape,23
2008,6,Receiving Stolen Property,2
2008,6,Robbery Firearm,61
2008,6,Robbery No Firearm,56
2008,6,Theft from Vehicle,509
2008,6,Thefts,132
2008,6,Vagrancy/Loitering,4
2008,6,Vandalism/Criminal Mischief,411
2008,6,Weapon Violations,12
2008,7,Aggravated Assault Firearm,24
2008,7,Aggravated Assault No Firearm,91
2008,7,All Other Offenses,246
2008,7,Arson,13
2008,7,Burglary Non-Residential,165
2008,7,Burglary Residential,138
2008,7,DRIVING UNDER THE INFLUENCE,18
2008,7,Disorderly Conduct,24
2008,7,Embezzlement,5
2008,7,Forgery and Counterfeiting,9
2008,7,Fraud,57
2008,7,Motor Vehicle Theft,99
2008,7,Narcotic / Drug Law Violations,66
2008,7,Offenses Against Family and Children,3
2008,7,Other Assaults,215
2008,7,Other Sex Offenses (Not Commercialized),20
2008,7,Public Drunkenness,1
2008,7,Rape,16
2008,7,Robbery Firearm,40
2008,7,Robbery No Firearm,75
2008,7,Theft from Vehicle,924
2008,7,Thefts,237
2008,7,Vagrancy/Loitering,15
2008,7,Vandalism/Criminal Mischief,677
2008,7,Weapon Violations,15
2008,8,Aggravated Assault Firearm,45
2008,8,Aggravated Assault No Firearm,168
2008,8,All Other Offenses,528
2008,8,Arson,29
2008,8,Burglary Non-Residential,341
2008,8,Burglary Residential,424
2008,8,DRIVING UNDER THE INFLUENCE,27
2008,8,Disorderly Conduct,54
2008,8,Embezzlement,14
2008,8,Forgery and Counterfeiting,19
2008,8,Fraud,222
2008,8,Gambling Violations,3
2008,8,Liquor Law Violations,1
2008,8,Motor Vehicle Theft,233
2008,8,Narcotic / Drug Law Violations,158
2008,8,Offenses Against Family and Children,6
2008,8,Other Assaults,689
2008,8,Other Sex Offenses (Not Commercialized),48
2008,8,Public Drunkenness,1
2008,8,Rape,27
2008,8,Receiving Stolen Property,2
2008,8,Robbery Firearm,49
2008,8,Robbery No Firearm,121
2008,8,Theft from Vehicle,1323
2008,8,Thefts,631
2008,8,Vagrancy/Loitering,7
2008,8,Vandalism/Criminal Mischief,1309
2008,8,Weapon Violations,97
2008,9,Aggravated Assault Firearm,57
2008,9,Aggravated Assault No Firearm,211
2008,9,All Other Offenses,972
2008,9,Arson,20
2008,9,Burglary Non-Residential,308
2008,9,Burglary Residential,508
2008,9,DRIVING UNDER THE INFLUENCE,51
2008,9,Disorderly Conduct,93
2008,9,Embezzlement,28
2008,9,Forgery and Counterfeiting,30
2008,9,Fraud,494
2008,9,Gambling Violations,3
2008,9,Liquor Law Violations,2
2008,9,Motor Vehicle Theft,232
2008,9,Narcotic / Drug Law Violations,348
2008,9,Offenses Against Family and Children,14
2008,9,Other Assaults,1063
2008,9,Other Sex Offenses (Not Commercialized),68
2008,9,Prostitution and Commercialized Vice,1
2008,9,Public Drunkenness,3
2008,9,Rape,43
2008,9,Receiving Stolen Property,6
2008,9,Robbery Firearm,97
2008,9,Robbery No Firearm,184
2008,9,Theft from Vehicle,1193
2008,9,Thefts,987
2008,9,Vagrancy/Loitering,21
2008,9,Vandalism/Criminal Mischief,1291
2008,9,Weapon Violations,151
2008,10,Aggravated Assault Firearm,78
2008,10,Aggravated Assault No Firearm,216
2008,10,All Other Offenses,1026
2008,10,Arson,21
2008,10,Burglary Non-Residential,246
2008,10,Burglary Residential,525
2008,10,DRIVING UNDER THE INFLUENCE,57
2008,10,Disorderly Conduct,160
2008,10,Embezzlement,37
2008,10,Forgery and Counterfeiting,45
2008,10,Fraud,802
2008,10,Gambling Violations,4
2008,10,Liquor Law Violations,14
2008,10,Motor Vehicle Theft,211
2008,10,Narcotic / Drug Law Violations,470
2008,10,Offenses Against Family and Children,8
2008,10,Other Assaults,1221
2008,10,Other Sex Offenses (Not Commercialized),106
2008,10,Prostitution and Commercialized Vice,11
2008,10,Public Drunkenness,6
2008,10,Rape,59
2008,10,Receiving Stolen Property,3
2008,10,Robbery Firearm,97
2008,10,Robbery No Firearm,209
2008,10,Theft from Vehicle,1116
2008,10,Thefts,1274
2008,10,Vagrancy/Loitering,15
2008,10,Vandalism/Criminal Mischief,1243
2008,10,Weapon Violations,106
2008,11,Aggravated Assault Firearm,73
2008,11,Aggravated Assault No Firearm,281
2008,11,All Other Offenses,1061
2008,11,Arson,17
2008,11,Burglary Non-Residential,191
2008,11,Burglary Residential,557
2008,11,DRIVING UNDER THE INFLUENCE,54
2008,11,Disorderly Conduct,179
2008,11,Embezzlement,43
2008,11,Forgery and Counterfeiting,55
2008,11,Fraud,937
2008,11,Gambling Violations,9
2008,11,Liquor Law Violations,17
2008,11,Motor Vehicle Theft,227
2008,11,Narcotic / Drug Law Violations,588
2008,11,Offenses Against Family and Children,10
2008,11,Other Assaults,1303
2008,11,Other Sex Offenses (Not Commercialized),88
2008,11,Prostitution and Commercialized Vice,24
2008,11,Public Drunkenness,10
2008,11,Rape,39
2008,11,Receiving Stolen Property,7
2008,11,Robbery Firearm,116
2008,11,Robbery No Firearm,197
2008,11,Theft from Vehicle,1126
2008,11,Thefts,1503
2008,11,Vagrancy/Loitering,21
2008,11,Vandalism/Criminal Mischief,1134
2008,11,Weapon Violations,94
2008,12,Aggravated Assault Firearm,92
2008,12,Aggravated Assault No Firearm,306
2008,12,All Other Offenses,1047
2008,12,Arson,14
2008,12,Burglary Non-Residential,141
2008,12,Burglary Residential,577
2008,12,DRIVING UNDER THE INFLUENCE,78
2008,12,Disorderly Conduct,200
2008,12,Embezzlement,45
2008,12,Forgery and Counterfeiting,44
2008,12,Fraud,994
2008,12,Gambling Violations,11
2008,12,Liquor Law Violations,7
2008,12,Motor Vehicle Theft,217
2008,12,Narcotic / Drug Law Violations,674
2008,12,Offenses Against Family and Children,6
2008,12,Other Assaults,1402
2008,12,Other Sex Offenses (Not Commercialized),90
2008,12,Prostitution and Commercialized Vice,40
2008,12,Public Drunkenness,9
2008,12,Rape,54
2008,12,Receiving Stolen Property,11
2008,12,Robbery Firearm,123
2008,12,Robbery No Firearm,240
2008,12,Theft from Vehicle,1031
2008,12,Thefts,1553
2008,12,Vagrancy/Loitering,20
2008,12,Vandalism/Criminal Mischief,1039
2008,12,Weapon Violations,82
2008,13,Aggravated Assault Firearm,94
2008,13,Aggravated Assault No Firearm,343
2008,13,All Other Offenses,1008
2008,13,Arson,17
2008,13,Burglary Non-Residential,112
2008,13,Burglary Residential,559
2008,13,DRIVING UNDER THE INFLUENCE,66
2008,13,Disorderly Conduct,191
2008,13,Embezzlement,41
2008,13,Forgery and Counterfeiting,47
2008,13,Fraud,924
2008,13,Gambling Violations,9
2008,13,Liquor Law Violations,11
2008,13,Motor Vehicle Theft,155
2008,13,Narcotic / Drug Law Violations,686
2008,13,Offenses Against Family and Children,9
2008,13,Other Assaults,1502
2008,13,Other Sex Offenses (Not Commercialized),72
2008,13,Prostitution and Commercialized Vice,48
2008,13,Public Drunkenness,10
2008,13,Rape,48
2008,13,Receiving Stolen Property,7
2008,13,Robbery Firearm,131
2008,13,Robbery No Firearm,282
2008,13,Theft from Vehicle,917
2008,13,Thefts,1623
2008,13,Vagrancy/Loitering,21
2008,13,Vandalism/Criminal Mischief,971
2008,13,Weapon Violations,91
2008,14,Aggravated Assault Firearm,88
2008,14,Aggravated Assault No Firearm,285
2008,14,All Other Offenses,933
2008,14,Arson,18
2008,14,Burglary Non-Residential,56
2008,14,Burglary Residential,469
2008,14,DRIVING UNDER THE INFLUENCE,71
2008,14,Disorderly Conduct,186
2008,14,Embezzlement,35
2008,14,Forgery and Counterfeiting,57
2008,14,Fraud,847
2008,14,Gambling Violations,7
2008,14,Liquor Law Violations,8
2008,14,Motor Vehicle Theft,146
2008,14,Narcotic / Drug Law Violations,643
2008,14,Offenses Against Family and Children,9
2008,14,Other Assaults,1304
2008,14,Other Sex Offenses (Not Commercialized),81
2008,14,Prostitution and Commercialized Vice,37
2008,14,Public Drunkenness,10
2008,14,Rape,37
2008,14,Receiving Stolen Property,6
2008,14,Robbery Firearm,135
2008,14,Robbery No Firearm,270
2008,14,Theft from Vehicle,894
2008,14,Thefts,1598
2008,14,Vagrancy/Loitering,21
2008,14,Vandalism/Criminal Mischief,933
2008,14,Weapon Violations,70
2008,15,Aggravated Assault Firearm,79
2008,15,Aggravated Assault No Firearm,307
2008,15,All Other Offenses,758
2008,15,Arson,16
2008,15,Burglary Non-Residential,99
2008,15,Burglary Residential,435
2008,15,DRIVING UNDER THE INFLUENCE,46
2008,15,Disorderly Conduct,193
2008,15,Embezzlement,24
2008,15,Forgery and Counterfeiting,41
2008,15,Fraud,802
2008,15,Gambling Violations,6
2008,15,Liquor Law Violations,3
2008,15,Motor Vehicle Theft,128
2008,15,Narcotic / Drug Law Violations,494
2008,15,Offenses Against Family and Children,7
2008,15,Other Assaults,1244
2008,15,Other Sex Offenses (Not Commercialized),91
2008,15,Prostitution and Commercialized Vice,12
2008,15,Public Drunkenness,16
2008,15,Rape,53
2008,15,Receiving Stolen Property,1
2008,15,Robbery Firearm,125
2008,15,Robbery No Firearm,256
2008,15,Theft from Vehicle,899
2008,15,Thefts,1612
2008,15,Vagrancy/Loitering,15
2008,15,Vandalism/Criminal Mischief,851
2008,15,Weapon Violations,57
2008,16,Aggravated Assault Firearm,133
2008,16,Aggravated Assault No Firearm,384
2008,16,All Other Offenses,1186
2008,16,Arson,20
2008,16,Burglary Non-Residential,92
2008,16,Burglary Residential,912
2008,16,DRIVING UNDER THE INFLUENCE,92
2008,16,Disorderly Conduct,163
2008,16,Embezzlement,51
2008,16,Forgery and Counterfeiting,53
2008,16,Fraud,990
2008,16,Gambling Violations,4
2008,16,Liquor Law Violations,8
2008,16,Motor Vehicle Theft,219
2008,16,Narcotic / Drug Law Violations,664
2008,16,Offenses Against Family and Children,16
2008,16,Other Assaults,1802
2008,16,Other Sex Offenses (Not Commercialized),111
2008,16,Prostitution and Commercialized Vice,1
2008,16,Public Drunkenness,19
2008,16,Rape,60
2008,16,Receiving Stolen Property,2
2008,16,Robbery Firearm,127
2008,16,Robbery No Firearm,310
2008,16,Theft from Vehicle,987
2008,16,Thefts,2124
2008,16,Vagrancy/Loitering,36
2008,16,Vandalism/Criminal Mischief,1180
2008,16,Weapon Violations,56
2008,17,Aggravated Assault Firearm,140
2008,17,Aggravated Assault No Firearm,364
2008,17,All Other Offenses,1260
2008,17,Arson,19
2008,17,Burglary Non-Residential,90
2008,17,Burglary Residential,776
2008,17,DRIVING UNDER THE INFLUENCE,134
2008,17,Disorderly Conduct,160
2008,17,Embezzlement,38
2008,17,Forgery and Counterfeiting,31
2008,17,Fraud,867
2008,17,Gambling Violations,9
2008,17,Liquor Law Violations,6
2008,17,Motor Vehicle Theft,188
2008,17,Narcotic / Drug Law Violations,871
2008,17,Offenses Against Family and Children,12
2008,17,Other Assaults,1612
2008,17,Other Sex Offenses (Not Commercialized),102
2008,17,Prostitution and Commercialized Vice,4
2008,17,Public Drunkenness,20
2008,17,Rape,52
2008,17,Receiving Stolen Property,10
2008,17,Robbery Firearm,140
2008,17,Robbery No Firearm,290
2008,17,Theft from Vehicle,900
2008,17,Thefts,1795
2008,17,Vagrancy/Loitering,41
2008,17,Vandalism/Criminal Mischief,1044
2008,17,Weapon Violations,48
2008,18,Aggravated Assault Firearm,131
2008,18,Aggravated Assault No Firearm,402
2008,18,All Other Offenses,1383
2008,18,Arson,16
2008,18,Burglary Non-Residential,52
2008,18,Burglary Residential,689
2008,18,DRIVING UNDER THE INFLUENCE,160
2008,18,Disorderly Conduct,207
2008,18,Embezzlement,27
2008,18,Forgery and Counterfeiting,45
2008,18,Fraud,722
2008,18,Gambling Violations,8
2008,18,Liquor Law Violations,42
2008,18,Motor Vehicle Theft,174
2008,18,Narcotic / Drug Law Violations,1160
2008,18,Offenses Against Family and Children,12
2008,18,Other Assaults,1531
2008,18,Other Sex Offenses (Not Commercialized),88
2008,18,Public Drunkenness,16
2008,18,Rape,47
2008,18,Receiving Stolen Property,2
2008,18,Robbery Firearm,159
2008,18,Robbery No Firearm,310
2008,18,Theft from Vehicle,841
2008,18,Thefts,1564
2008,18,Vagrancy/Loitering,41
2008,18,Vandalism/Criminal Mischief,1024
2008,18,Weapon Violations,61
2008,19,Aggravated Assault Firearm,141
2008,19,Aggravated Assault No Firearm,423
2008,19,All Other Offenses,1563
2008,19,Arson,15
2008,19,Burglary Non-Residential,41
2008,19,Burglary Residential,593
2008,19,DRIVING UNDER THE INFLUENCE,250
2008,19,Disorderly Conduct,304
2008,19,Embezzlement,22
2008,19,Forgery and Counterfeiting,36
2008,19,Fraud,563
2008,19,Gambling Violations,14
2008,19,Liquor Law Violations,96
2008,19,Motor Vehicle Theft,158
2008,19,Narcotic / Drug Law Violations,1645
2008,19,Offenses Against Family and Children,15
2008,19,Other Assaults,1511
2008,19,Other Sex Offenses (Not Commercialized),99
2008,19,Public Drunkenness,23
2008,19,Rape,41
2008,19,Receiving Stolen Property,1
2008,19,Robbery Firearm,226
2008,19,Robbery No Firearm,323
2008,19,Theft from Vehicle,746
2008,19,Thefts,1390
2008,19,Vagrancy/Loitering,78
2008,19,Vandalism/Criminal Mischief,968
2008,19,Weapon Violations,96
2008,20,Aggravated Assault Firearm,156
2008,20,Aggravated Assault No Firearm,369
2008,20,All Other Offenses,1364
2008,20,Arson,29
2008,20,Burglary Non-Residential,45
2008,20,Burglary Residential,569
2008,20,DRIVING UNDER THE INFLUENCE,303
2008,20,Disorderly Conduct,313
2008,20,Embezzlement,18
2008,20,Forgery and Counterfeiting,31
2008,20,Fraud,392
2008,20,Gambling Violations,10
2008,20,Liquor Law Violations,115
2008,20,Motor Vehicle Theft,131
2008,20,Narcotic / Drug Law Violations,1681
2008,20,Offenses Against Family and Children,9
2008,20,Other Assaults,1398
2008,20,Other Sex Offenses (Not Commercialized),83
2008,20,Prostitution and Commercialized Vice,13
2008,20,Public Drunkenness,28
2008,20,Rape,70
2008,20,Receiving Stolen Property,4
2008,20,Robbery Firearm,271
2008,20,Robbery No Firearm,296
2008,20,Theft from Vehicle,659
2008,20,Thefts,1241
2008,20,Vagrancy/Loitering,95
2008,20,Vandalism/Criminal Mischief,1028
2008,20,Weapon Violations,104
2008,21,Aggravated Assault Firearm,183
2008,21,Aggravated Assault No Firearm,414
2008,21,All Other Offenses,1341
2008,21,Arson,32
2008,21,Burglary Non-Residential,41
2008,21,Burglary Residential,467
2008,21,DRIVING UNDER THE INFLUENCE,348
2008,21,Disorderly Conduct,282
2008,21,Embezzlement,11
2008,21,Forgery and Counterfeiting,20
2008,21,Fraud,300
2008,21,Gambling Violations,8
2008,21,Liquor Law Violations,108
2008,21,Motor Vehicle Theft,127
2008,21,Narcotic / Drug Law Violations,1592
2008,21,Offenses Against Family and Children,7
2008,21,Other Assaults,1374
2008,21,Other Sex Offenses (Not Commercialized),89
2008,21,Prostitution and Commercialized Vice,194
2008,21,Public Drunkenness,23
2008,21,Rape,52
2008,21,Receiving Stolen Property,8
2008,21,Robbery Firearm,331
2008,21,Robbery No Firearm,305
2008,21,Theft from Vehicle,503
2008,21,Thefts,916
2008,21,Vagrancy/Loitering,100
2008,21,Vandalism/Criminal Mischief,940
2008,21,Weapon Violations,121
2008,22,Aggravated Assault Firearm,187
2008,22,Aggravated Assault No Firearm,395
2008,22,All Other Offenses,4574
2008,22,Arson,28
2008,22,Burglary Non-Residential,45
2008,22,Burglary Residential,352
2008,22,DRIVING UNDER THE INFLUENCE,395
2008,22,Disorderly Conduct,275
2008,22,Embezzlement,8
2008,22,Forgery and Counterfeiting,17
2008,22,Fraud,157
2008,22,Gambling Violations,7
2008,22,Liquor Law Violations,109
2008,22,Motor Vehicle Theft,116
2008,22,Narcotic / Drug Law Violations,1177
2008,22,Offenses Against Family and Children,4
2008,22,Other Assaults,1120
2008,22,Other Sex Offenses (Not Commercialized),53
2008,22,Prostitution and Commercialized Vice,557
2008,22,Public Drunkenness,35
2008,22,Rape,49
2008,22,Receiving Stolen Property,8
2008,22,Robbery Firearm,351
2008,22,Robbery No Firearm,270
2008,22,Theft from Vehicle,426
2008,22,Thefts,573
2008,22,Vagrancy/Loitering,64
2008,22,Vandalism/Criminal Mischief,828
2008,22,Weapon Violations,124
2008,23,Aggravated Assault Firearm,215
2008,23,Aggravated Assault No Firearm,358
2008,23,All Other Offenses,5551
2008,23,Arson,32
2008,23,Burglary Non-Residential,44
2008,23,Burglary Residential,255
2008,23,DRIVING UNDER THE INFLUENCE,402
2008,23,Disorderly Conduct,207
2008,23,Embezzlement,2
2008,23,Forgery and Counterfeiting,4
2008,23,Fraud,109
2008,23,Gambling Violations,1
2008,23,Liquor Law Violations,58
2008,23,Motor Vehicle Theft,86
2008,23,Narcotic / Drug Law Violations,745
2008,23,Offenses Against Family and Children,4
2008,23,Other Assaults,933
2008,23,Other Sex Offenses (Not Commercialized),31
2008,23,Prostitution and Commercialized Vice,317
2008,23,Public Drunkenness,28
2008,23,Rape,45
2008,23,Receiving Stolen Property,2
2008,23,Robbery Firearm,339
2008,23,Robbery No Firearm,262
2008,23,Theft from Vehicle,468
2008,23,Thefts,436
2008,23,Vagrancy/Loitering,23
2008,23,Vandalism/Criminal Mischief,788
2008,23,Weapon Violations,95
2009,0,Aggravated Assault Firearm,191
2009,0,Aggravated Assault No Firearm,358
2009,0,All Other Offenses,6777
2009,0,Arson,31
2009,0,Burglary Non-Residential,63
2009,0,Burglary Residential,410
2009,0,DRIVING UNDER THE INFLUENCE,484
2009,0,Disorderly Conduct,295
2009,0,Embezzlement,3
2009,0,Forgery and Counterfeiting,9
2009,0,Fraud,88
2009,0,Gambling Violations,2
2009,0,Homicide - Criminal,287
2009,0,Homicide - Justifiable,1
2009,0,Liquor Law Violations,18
2009,0,Motor Vehicle Theft,83
2009,0,Narcotic / Drug Law Violations,582
2009,0,Offenses Against Family and Children,7
2009,0,Other Assaults,1100
2009,0,Other Sex Offenses (Not Commercialized),35
2009,0,Prostitution and Commercialized Vice,12
2009,0,Public Drunkenness,50
2009,0,Rape,45
2009,0,Receiving Stolen Property,2
2009,0,Robbery Firearm,314
2009,0,Robbery No Firearm,304
2009,0,Theft from Vehicle,311
2009,0,Thefts,389
2009,0,Vagrancy/Loitering,39
2009,0,Vandalism/Criminal Mischief,773
2009,0,Weapon Violations,92
2009,1,Aggravated Assault Firearm,143
2009,1,Aggravated Assault No Firearm,290
2009,1,All Other Offenses,4674
2009,1,Arson,42
2009,1,Burglary Non-Residential,56
2009,1,Burglary Residential,245
2009,1,DRIVING UNDER THE INFLUENCE,663
2009,1,Disorderly Conduct,314
2009,1,Embezzlement,1
2009,1,Forgery and Counterfeiting,3
2009,1,Fraud,48
2009,1,Gambling Violations,2
2009,1,Liquor Law Violations,18
2009,1,Motor Vehicle Theft,70
2009,1,Narcotic / Drug Law Violations,492
2009,1,Offenses Against Family and Children,2
2009,1,Other Assaults,807
2009,1,Other Sex Offenses (Not Commercialized),26
2009,1,Prostitution and Commercialized Vice,23
2009,1,Public Drunkenness,82
2009,1,Rape,33
2009,1,Receiving Stolen Property,3
2009,1,Robbery Firearm,257
2009,1,Robbery No Firearm,205
2009,1,Theft from Vehicle,263
2009,1,Thefts,306
2009,1,Vagrancy/Loitering,32
2009,1,Vandalism/Criminal Mischief,601
2009,1,Weapon Violations,76
2009,2,Aggravated Assault Firearm,129
2009,2,Aggravated Assault No Firearm,254
2009,2,All Other Offenses,2106
2009,2,Arson,33
2009,2,Burglary Non-Residential,65
2009,2,Burglary Residential,181
2009,2,DRIVING UNDER THE INFLUENCE,778
2009,2,Disorderly Conduct,279
2009,2,Embezzlement,1
2009,2,Forgery and Counterfeiting,2
2009,2,Fraud,40
2009,2,Gambling Violations,1
2009,2,Liquor Law Violations,23
2009,2,Motor Vehicle Theft,60
2009,2,Narcotic / Drug Law Violations,334
2009,2,Offenses Against Family and Children,6
2009,2,Other Assaults,675
2009,2,Other Sex Offenses (Not Commercialized),20
2009,2,Prostitution and Commercialized Vice,52
2009,2,Public Drunkenness,52
2009,2,Rape,33
2009,2,Robbery Firearm,215
2009,2,Robbery No Firearm,182
2009,2,Theft from Vehicle,283
2009,2,Thefts,237
2009,2,Vagrancy/Loitering,25
2009,2,Vandalism/Criminal Mischief,511
2009,2,Weapon Violations,64
2009,3,Aggravated Assault Firearm,87
2009,3,Aggravated Assault No Firearm,218
2009,3,All Other Offenses,1155
2009,3,Arson,30
2009,3,Burglary Non-Residential,71
2009,3,Burglary Residential,154
2009,3,DRIVING UNDER THE INFLUENCE,510
2009,3,Disorderly Conduct,134
2009,3,Embezzlement,1
2009,3,Forgery and Counterfeiting,1
2009,3,Fraud,19
2009,3,Gambling Violations,1
2009,3,Liquor Law Violations,10
2009,3,Motor Vehicle Theft,47
2009,3,Narcotic / Drug Law Violations,194
2009,3,Offenses Against Family and Children,1
2009,3,Other Assaults,471
2009,3,Other Sex Offenses (Not Commercialized),7
2009,3,Prostitution and Commercialized Vice,5
2009,3,Public Drunkenness,32
2009,3,Rape,29
2009,3,Receiving Stolen Property,1
2009,3,Robbery Firearm,151
2009,3,Robbery No Firearm,147
2009,3,Theft from Vehicle,228
2009,3,Thefts,198
2009,3,Vagrancy/Loitering,19
2009,3,Vandalism/Criminal Mischief,390
2009,3,Weapon Violations,31
2009,4,Aggravated Assault Firearm,67
2009,4,Aggravated Assault No Firearm,142
2009,4,All Other Offenses,590
2009,4,Arson,27
2009,4,Burglary Non-Residential,58
2009,4,Burglary Residential,106
2009,4,DRIVING UNDER THE INFLUENCE,306
2009,4,Disorderly Conduct,64
2009,4,Embezzlement,3
2009,4,Forgery and Counterfeiting,1
2009,4,Fraud,11
2009,4,Liquor Law Violations,2
2009,4,Motor Vehicle Theft,45
2009,4,Narcotic / Drug Law Violations,117
2009,4,Offenses Against Family and Children,3
2009,4,Other Assaults,325
2009,4,Other Sex Offenses (Not Commercialized),9
2009,4,Public Drunkenness,11
2009,4,Rape,24
2009,4,Receiving Stolen Property,1
2009,4,Robbery Firearm,112
2009,4,Robbery No Firearm,114
2009,4,Theft from Vehicle,175
2009,4,Thefts,120
2009,4,Vagrancy/Loitering,24
2009,4,Vandalism/Criminal Mischief,302
2009,4,Weapon Violations,29
2009,5,Aggravated Assault Firearm,52
2009,5,Aggravated Assault No Firearm,126
2009,5,All Other Offenses,336
2009,5,Arson,23
2009,5,Burglary Non-Residential,72
2009,5,Burglary Residential,82
2009,5,DRIVING UNDER THE INFLUENCE,150
2009,5,Disorderly Conduct,28
2009,5,Embezzlement,2
2009,5,Forgery and Counterfeiting,2
2009,5,Fraud,14
2009,5,Liquor Law Violations,1
2009,5,Motor Vehicle Theft,50
2009,5,Narcotic / Drug Law Violations,55
2009,5,Offenses Against Family and Children,2
2009,5,Other Assaults,208
2009,5,Other Sex Offenses (Not Commercialized),11
2009,5,Public Drunkenness,6
2009,5,Rape,31
2009,5,Robbery Firearm,85
2009,5,Robbery No Firearm,79
2009,5,Theft from Vehicle,210
2009,5,Thefts,90
2009,5,Vagrancy/Loitering,3
2009,5,Vandalism/Criminal Mischief,213
2009,5,Weapon Violations,18
2009,6,Aggravated Assault Firearm,21
2009,6,Aggravated Assault No Firearm,75
2009,6,All Other Offenses,195
2009,6,Arson,11
2009,6,Burglary Non-Residential,73
2009,6,Burglary Residential,101
2009,6,DRIVING UNDER THE INFLUENCE,53
2009,6,Disorderly Conduct,19
2009,6,Embezzlement,4
2009,6,Forgery and Counterfeiting,3
2009,6,Fraud,24
2009,6,Liquor Law Violations,2
2009,6,Motor Vehicle Theft,61
2009,6,Narcotic / Drug Law Violations,39
2009,6,Offenses Against Family and Children,1
2009,6,Other Assaults,167
2009,6,Other Sex Offenses (Not Commercialized),5
2009,6,Public Drunkenness,1
2009,6,Rape,24
2009,6,Robbery Firearm,56
2009,6,Robbery No Firearm,68
2009,6,Theft from Vehicle,437
2009,6,Thefts,110
2009,6,Vagrancy/Loitering,19
2009,6,Vandalism/Criminal Mischief,325
2009,6,Weapon Violations,12
2009,7,Aggravated Assault Firearm,13
2009,7,Aggravated Assault No Firearm,72
2009,7,All Other Offenses,174
2009,7,Arson,12
2009,7,Burglary Non-Residential,116
2009,7,Burglary Residential,135
2009,7,DRIVING UNDER THE INFLUENCE,24
2009,7,Disorderly Conduct,9
2009,7,Embezzlement,2
2009,7,Forgery and Counterfeiting,4
2009,7,Fraud,54
2009,7,Liquor Law Violations,1
2009,7,Motor Vehicle Theft,75
2009,7,Narcotic / Drug Law Violations,44
2009,7,Offenses Against Family and Children,1
2009,7,Other Assaults,227
2009,7,Other Sex Offenses (Not Commercialized),20
2009,7,Public Drunkenness,1
2009,7,Rape,8
2009,7,Receiving Stolen Property,3
2009,7,Robbery Firearm,42
2009,7,Robbery No Firearm,70
2009,7,Theft from Vehicle,947
2009,7,Thefts,209
2009,7,Vagrancy/Loitering,9
2009,7,Vandalism/Criminal Mischief,583
2009,7,Weapon Violations,10
2009,8,Aggravated Assault Firearm,34
2009,8,Aggravated Assault No Firearm,147
2009,8,All Other Offenses,472
2009,8,Arson,16
2009,8,Burglary Non-Residential,256
2009,8,Burglary Residential,346
2009,8,DRIVING UNDER THE INFLUENCE,39
2009,8,Disorderly Conduct,30
2009,8,Embezzlement,15
2009,8,Forgery and Counterfeiting,8
2009,8,Fraud,214
2009,8,Liquor Law Violations,2
2009,8,Motor Vehicle Theft,190
2009,8,Narcotic / Drug Law Violations,139
2009,8,Offenses Against Family and Children,8
2009,8,Other Assaults,661
2009,8,Other Sex Offenses (Not Commercialized),52
2009,8,Public Drunkenness,3
2009,8,Rape,27
2009,8,Receiving Stolen Property,1
2009,8,Robbery Firearm,68
2009,8,Robbery No Firearm,119
2009,8,Theft from Vehicle,1238
2009,8,Thefts,575
2009,8,Vagrancy/Loitering,8
2009,8,Vandalism/Criminal Mischief,1157
2009,8,Weapon Violations,79
2009,9,Aggravated Assault Firearm,44
2009,9,Aggravated Assault No Firearm,214
2009,9,All Other Offenses,839
2009,9,Arson,13
2009,9,Burglary Non-Residential,265
2009,9,Burglary Residential,404
2009,9,DRIVING UNDER THE INFLUENCE,52
2009,9,Disorderly Conduct,103
2009,9,Embezzlement,15
2009,9,Forgery and Counterfeiting,26
2009,9,Fraud,472
2009,9,Liquor Law Violations,4
2009,9,Motor Vehicle Theft,173
2009,9,Narcotic / Drug Law Violations,331
2009,9,Offenses Against Family and Children,4
2009,9,Other Assaults,993
2009,9,Other Sex Offenses (Not Commercialized),69
2009,9,Prostitution and Commercialized Vice,7
2009,9,Public Drunkenness,1
2009,9,Rape,42
2009,9,Receiving Stolen Property,5
2009,9,Robbery Firearm,79
2009,9,Robbery No Firearm,177
2009,9,Theft from Vehicle,1174
2009,9,Thefts,936
2009,9,Vagrancy/Loitering,25
2009,9,Vandalism/Criminal Mischief,1173
2009,9,Weapon Violations,103
2009,10,Aggravated Assault Firearm,58
2009,10,Aggravated Assault No Firearm,252
2009,10,All Other Offenses,924
2009,10,Arson,12
2009,10,Burglary Non-Residential,189
2009,10,Burglary Residential,399
2009,10,DRIVING UNDER THE INFLUENCE,67
2009,10,Disorderly Conduct,154
2009,10,Embezzlement,31
2009,10,Forgery and Counterfeiting,32
2009,10,Fraud,697
2009,10,Gambling Violations,2
2009,10,Liquor Law Violations,10
2009,10,Motor Vehicle Theft,130
2009,10,Narcotic / Drug Law Violations,434
2009,10,Offenses Against Family and Children,7
2009,10,Other Assaults,1110
2009,10,Other Sex Offenses (Not Commercialized),73
2009,10,Prostitution and Commercialized Vice,21
2009,10,Public Drunkenness,14
2009,10,Rape,23
2009,10,Receiving Stolen Property,2
2009,10,Robbery Firearm,94
2009,10,Robbery No Firearm,172
2009,10,Theft from Vehicle,1099
2009,10,Thefts,1199
2009,10,Vagrancy/Loitering,24
2009,10,Vandalism/Criminal Mischief,1115
2009,10,Weapon Violations,79
2009,11,Aggravated Assault Firearm,78
2009,11,Aggravated Assault No Firearm,249
2009,11,All Other Offenses,1099
2009,11,Arson,14
2009,11,Burglary Non-Residential,155
2009,11,Burglary Residential,452
2009,11,DRIVING UNDER THE INFLUENCE,61
2009,11,Disorderly Conduct,131
2009,11,Embezzlement,41
2009,11,Forgery and Counterfeiting,42
2009,11,Fraud,841
2009,11,Gambling Violations,3
2009,11,Liquor Law Violations,12
2009,11,Motor Vehicle Theft,157
2009,11,Narcotic / Drug Law Violations,618
2009,11,Offenses Against Family and Children,2
2009,11,Other Assaults,1252
2009,11,Other Sex Offenses (Not Commercialized),83
2009,11,Prostitution and Commercialized Vice,26
2009,11,Public Drunkenness,16
2009,11,Rape,45
2009,11,Receiving Stolen Property,2
2009,11,Robbery Firearm,79
2009,11,Robbery No Firearm,229
2009,11,Theft from Vehicle,1002
2009,11,Thefts,1437
2009,11,Vagrancy/Loitering,42
2009,11,Vandalism/Criminal Mischief,988
2009,11,Weapon Violations,61
2009,12,Aggravated Assault Firearm,82
2009,12,Aggravated Assault No Firearm,258
2009,12,All Other Offenses,1017
2009,12,Arson,14
2009,12,Burglary Non-Residential,128
2009,12,Burglary Residential,491
2009,12,DRIVING UNDER THE INFLUENCE,68
2009,12,Disorderly Conduct,207
2009,12,Embezzlement,34
2009,12,Forgery and Counterfeiting,36
2009,12,Fraud,888
2009,12,Gambling Violations,10
2009,12,Liquor Law Violations,13
2009,12,Motor Vehicle Theft,142
2009,12,Narcotic / Drug Law Violations,640
2009,12,Offenses Against Family and Children,9
2009,12,Other Assaults,1370
2009,12,Other Sex Offenses (Not Commercialized),91
2009,12,Prostitution and Commercialized Vice,31
2009,12,Public Drunkenness,14
2009,12,Rape,43
2009,12,Receiving Stolen Property,1
2009,12,Robbery Firearm,114
2009,12,Robbery No Firearm,198
2009,12,Theft from Vehicle,934
2009,12,Thefts,1524
2009,12,Vagrancy/Loitering,40
2009,12,Vandalism/Criminal Mischief,979
2009,12,Weapon Violations,70
2009,13,Aggravated Assault Firearm,85
2009,13,Aggravated Assault No Firearm,256
2009,13,All Other Offenses,1016
2009,13,Arson,19
2009,13,Burglary Non-Residential,214
2009,13,Burglary Residential,470
2009,13,DRIVING UNDER THE INFLUENCE,64
2009,13,Disorderly Conduct,186
2009,13,Embezzlement,35
2009,13,Forgery and Counterfeiting,55
2009,13,Fraud,929
2009,13,Gambling Violations,14
2009,13,Liquor Law Violations,7
2009,13,Motor Vehicle Theft,143
2009,13,Narcotic / Drug Law Violations,748
2009,13,Offenses Against Family and Children,17
2009,13,Other Assaults,1445
2009,13,Other Sex Offenses (Not Commercialized),79
2009,13,Prostitution and Commercialized Vice,28
2009,13,Public Drunkenness,18
2009,13,Rape,48
2009,13,Receiving Stolen Property,2
2009,13,Robbery Firearm,102
2009,13,Robbery No Firearm,231
2009,13,Theft from Vehicle,916
2009,13,Thefts,1667
2009,13,Vagrancy/Loitering,29
2009,13,Vandalism/Criminal Mischief,888
2009,13,Weapon Violations,63
2009,14,Aggravated Assault Firearm,73
2009,14,Aggravated Assault No Firearm,238
2009,14,All Other Offenses,863
2009,14,Arson,15
2009,14,Burglary Non-Residential,58
2009,14,Burglary Residential,364
2009,14,DRIVING UNDER THE INFLUENCE,60
2009,14,Disorderly Conduct,146
2009,14,Embezzlement,28
2009,14,Forgery and Counterfeiting,31
2009,14,Fraud,800
2009,14,Gambling Violations,4
2009,14,Liquor Law Violations,3
2009,14,Motor Vehicle Theft,115
2009,14,Narcotic / Drug Law Violations,740
2009,14,Offenses Against Family and Children,5
2009,14,Other Assaults,1248
2009,14,Other Sex Offenses (Not Commercialized),75
2009,14,Prostitution and Commercialized Vice,12
2009,14,Public Drunkenness,10
2009,14,Rape,37
2009,14,Robbery Firearm,114
2009,14,Robbery No Firearm,199
2009,14,Theft from Vehicle,803
2009,14,Thefts,1478
2009,14,Vagrancy/Loitering,39
2009,14,Vandalism/Criminal Mischief,793
2009,14,Weapon Violations,71
2009,15,Aggravated Assault Firearm,76
2009,15,Aggravated Assault No Firearm,274
2009,15,All Other Offenses,712
2009,15,Arson,9
2009,15,Burglary Non-Residential,51
2009,15,Burglary Residential,362
2009,15,DRIVING UNDER THE INFLUENCE,37
2009,15,Disorderly Conduct,181
2009,15,Embezzlement,44
2009,15,Forgery and Counterfeiting,36
2009,15,Fraud,774
2009,15,Gambling Violations,5
2009,15,Liquor Law Violations,6
2009,15,Motor Vehicle Theft,86
2009,15,Narcotic / Drug Law Violations,568
2009,15,Offenses Against Family and Children,7
2009,15,Other Assaults,1242
2009,15,Other Sex Offenses (Not Commercialized),84
2009,15,Prostitution and Commercialized Vice,5
2009,15,Public Drunkenness,4
2009,15,Rape,35
2009,15,Receiving Stolen Property,3
2009,15,Robbery Firearm,93
2009,15,Robbery No Firearm,241
2009,15,Theft from Vehicle,769
2009,15,Thefts,1538
2009,15,Vagrancy/Loitering,29
2009,15,Vandalism/Criminal Mischief,737
2009,15,Weapon Violations,47
2009,16,Aggravated Assault Firearm,99
2009,16,Aggravated Assault No Firearm,357
2009,16,All Other Offenses,1218
2009,16,Arson,16
2009,16,Burglary Non-Residential,62
2009,16,Burglary Residential,691
2009,16,DRIVING UNDER THE INFLUENCE,94
2009,16,Disorderly Conduct,171
2009,16,Embezzlement,42
2009,16,Forgery and Counterfeiting,56
2009,16,Fraud,947
2009,16,Gambling Violations,8
2009,16,Liquor Law Violations,9
2009,16,Motor Vehicle Theft,143
2009,16,Narcotic / Drug Law Violations,696
2009,16,Offenses Against Family and Children,18
2009,16,Other Assaults,1834
2009,16,Other Sex Offenses (Not Commercialized),115
2009,16,Prostitution and Commercialized Vice,2
2009,16,Public Drunkenness,14
2009,16,Rape,65
2009,16,Receiving Stolen Property,4
2009,16,Robbery Firearm,134
2009,16,Robbery No Firearm,312
2009,16,Theft from Vehicle,831
2009,16,Thefts,1939
2009,16,Vagrancy/Loitering,51
2009,16,Vandalism/Criminal Mischief,966
2009,16,Weapon Violations,52
2009,17,Aggravated Assault Firearm,83
2009,17,Aggravated Assault No Firearm,360
2009,17,All Other Offenses,1294
2009,17,Arson,16
2009,17,Burglary Non-Residential,47
2009,17,Burglary Residential,679
2009,17,DRIVING UNDER THE INFLUENCE,125
2009,17,Disorderly Conduct,192
2009,17,Embezzlement,33
2009,17,Forgery and Counterfeiting,55
2009,17,Fraud,833
2009,17,Gambling Violations,11
2009,17,Liquor Law Violations,6
2009,17,Motor Vehicle Theft,110
2009,17,Narcotic / Drug Law Violations,930
2009,17,Offenses Against Family and Children,12
2009,17,Other Assaults,1576
2009,17,Other Sex Offenses (Not Commercialized),102
2009,17,Prostitution and Commercialized Vice,3
2009,17,Public Drunkenness,20
2009,17,Rape,62
2009,17,Receiving Stolen Property,1
2009,17,Robbery Firearm,131
2009,17,Robbery No Firearm,251
2009,17,Theft from Vehicle,778
2009,17,Thefts,1781
2009,17,Vagrancy/Loitering,59
2009,17,Vandalism/Criminal Mischief,935
2009,17,Weapon Violations,48
2009,18,Aggravated Assault Firearm,119
2009,18,Aggravated Assault No Firearm,328
2009,18,All Other Offenses,1192
2009,18,Arson,16
2009,18,Burglary Non-Residential,46
2009,18,Burglary Residential,561
2009,18,DRIVING UNDER THE INFLUENCE,201
2009,18,Disorderly Conduct,223
2009,18,Embezzlement,18
2009,18,Forgery and Counterfeiting,55
2009,18,Fraud,643
2009,18,Gambling Violations,9
2009,18,Liquor Law Violations,41
2009,18,Motor Vehicle Theft,125
2009,18,Narcotic / Drug Law Violations,1045
2009,18,Offenses Against Family and Children,16
2009,18,Other Assaults,1435
2009,18,Other Sex Offenses (Not Commercialized),89
2009,18,Prostitution and Commercialized Vice,3
2009,18,Public Drunkenness,15
2009,18,Rape,65
2009,18,Receiving Stolen Property,5
2009,18,Robbery Firearm,167
2009,18,Robbery No Firearm,270
2009,18,Theft from Vehicle,694
2009,18,Thefts,1463
2009,18,Vagrancy/Loitering,95
2009,18,Vandalism/Criminal Mischief,869
2009,18,Weapon Violations,63
2009,19,Aggravated Assault Firearm,156
2009,19,Aggravated Assault No Firearm,358
2009,19,All Other Offenses,1329
2009,19,Arson,18
2009,19,Burglary Non-Residential,38
2009,19,Burglary Residential,550
2009,19,DRIVING UNDER THE INFLUENCE,221
2009,19,Disorderly Conduct,309
2009,19,Embezzlement,19
2009,19,Forgery and Counterfeiting,38
2009,19,Fraud,544
2009,19,Gambling Violations,9
2009,19,Liquor Law Violations,80
2009,19,Motor Vehicle Theft,108
2009,19,Narcotic / Drug Law Violations,1473
2009,19,Offenses Against Family and Children,10
2009,19,Other Assaults,1336
2009,19,Other Sex Offenses (Not Commercialized),98
2009,19,Prostitution and Commercialized Vice,6
2009,19,Public Drunkenness,29
2009,19,Rape,50
2009,19,Receiving Stolen Property,8
2009,19,Robbery Firearm,177
2009,19,Robbery No Firearm,270
2009,19,Theft from Vehicle,593
2009,19,Thefts,1324
2009,19,Vagrancy/Loitering,148
2009,19,Vandalism/Criminal Mischief,870
2009,19,Weapon Violations,78
2009,20,Aggravated Assault Firearm,157
2009,20,Aggravated Assault No Firearm,364
2009,20,All Other Offenses,1278
2009,20,Arson,16
2009,20,Burglary Non-Residential,26
2009,20,Burglary Residential,462
2009,20,DRIVING UNDER THE INFLUENCE,307
2009,20,Disorderly Conduct,327
2009,20,Embezzlement,16
2009,20,Forgery and Counterfeiting,23
2009,20,Fraud,363
2009,20,Gambling Violations,6
2009,20,Liquor Law Violations,101
2009,20,Motor Vehicle Theft,91
2009,20,Narcotic / Drug Law Violations,1516
2009,20,Offenses Against Family and Children,19
2009,20,Other Assaults,1371
2009,20,Other Sex Offenses (Not Commercialized),98
2009,20,Prostitution and Commercialized Vice,12
2009,20,Public Drunkenness,19
2009,20,Rape,33
2009,20,Receiving Stolen Property,6
2009,20,Robbery Firearm,227
2009,20,Robbery No Firearm,301
2009,20,Theft from Vehicle,510
2009,20,Thefts,1149
2009,20,Vagrancy/Loitering,123
2009,20,Vandalism/Criminal Mischief,808
2009,20,Weapon Violations,111
2009,21,Aggravated Assault Firearm,155
2009,21,Aggravated Assault No Firearm,380
2009,21,All Other Offenses,1236
2009,21,Arson,17
2009,21,Burglary Non-Residential,19
2009,21,Burglary Residential,490
2009,21,DRIVING UNDER THE INFLUENCE,327
2009,21,Disorderly Conduct,355
2009,21,Embezzlement,8
2009,21,Forgery and Counterfeiting,22
2009,21,Fraud,259
2009,21,Gambling Violations,2
2009,21,Liquor Law Violations,107
2009,21,Motor Vehicle Theft,89
2009,21,Narcotic / Drug Law Violations,1326
2009,21,Offenses Against Family and Children,6
2009,21,Other Assaults,1279
2009,21,Other Sex Offenses (Not Commercialized),87
2009,21,Prostitution and Commercialized Vice,96
2009,21,Public Drunkenness,20
2009,21,Rape,39
2009,21,Receiving Stolen Property,4
2009,21,Robbery Firearm,277
2009,21,Robbery No Firearm,295
2009,21,Theft from Vehicle,437
2009,21,Thefts,838
2009,21,Vagrancy/Loitering,82
2009,21,Vandalism/Criminal Mischief,765
2009,21,Weapon Violations,112
2009,22,Aggravated Assault Firearm,166
2009,22,Aggravated Assault No Firearm,385
2009,22,All Other Offenses,3816
2009,22,Arson,31
2009,22,Burglary Non-Residential,27
2009,22,Burglary Residential,298
2009,22,DRIVING UNDER THE INFLUENCE,390
2009,22,Disorderly Conduct,291
2009,22,Embezzlement,3
2009,22,Forgery and Counterfeiting,17
2009,22,Fraud,155
2009,22,Gambling Violations,1
2009,22,Liquor Law Violations,68
2009,22,Motor Vehicle Theft,74
2009,22,Narcotic / Drug Law Violations,1060
2009,22,Offenses Against Family and Children,4
2009,22,Other Assaults,1013
2009,22,Other Sex Offenses (Not Commercialized),44
2009,22,Prostitution and Commercialized Vice,279
2009,22,Public Drunkenness,22
2009,22,Rape,32
2009,22,Receiving Stolen Property,4
2009,22,Robbery Firearm,341
2009,22,Robbery No Firearm,256
2009,22,Theft from Vehicle,397
2009,22,Thefts,626
2009,22,Vagrancy/Loitering,54
2009,22,Vandalism/Criminal Mischief,757
2009,22,Weapon Violations,110
2009,23,Aggravated Assault Firearm,170
2009,23,Aggravated Assault No Firearm,336
2009,23,All Other Offenses,4542
2009,23,Arson,25
2009,23,Burglary Non-Residential,39
2009,23,Burglary Residential,242
2009,23,DRIVING UNDER THE INFLUENCE,368
2009,23,Disorderly Conduct,236
2009,23,Embezzlement,5
2009,23,Forgery and Counterfeiting,13
2009,23,Fraud,93
2009,23,Gambling Violations,4
2009,23,Liquor Law Violations,38
2009,23,Motor Vehicle Theft,64
2009,23,Narcotic / Drug Law Violations,722
2009,23,Offenses Against Family and Children,3
2009,23,Other Assaults,832
2009,23,Other Sex Offenses (Not Commercialized),49
2009,23,Prostitution and Commercialized Vice,287
2009,23,Public Drunkenness,32
2009,23,Rape,32
2009,23,Receiving Stolen Property,2
2009,23,Robbery Firearm,342
2009,23,Robbery No Firearm,256
2009,23,Theft from Vehicle,363
2009,23,Thefts,431
2009,23,Vagrancy/Loitering,21
2009,23,Vandalism/Criminal Mischief,652
2009,23,Weapon Violations,111
2010,0,Aggravated Assault Firearm,153
2010,0,Aggravated Assault No Firearm,346
2010,0,All Other Offenses,5378
2010,0,Arson,34
2010,0,Burglary Non-Residential,51
2010,0,Burglary Residential,375
2010,0,DRIVING UNDER THE INFLUENCE,451
2010,0,Disorderly Conduct,271
2010,0,Embezzlement,4
2010,0,Forgery and Counterfeiting,9
2010,0,Fraud,87
2010,0,Homicide - Criminal,289
2010,0,Homicide - Justifiable,2
2010,0,Liquor Law Violations,49
2010,0,Motor Vehicle Theft,177
2010,0,Narcotic / Drug Law Violations,436
2010,0,Offenses Against Family and Children,4
2010,0,Other Assaults,964
2010,0,Other Sex Offenses (Not Commercialized),44
2010,0,Prostitution and Commercialized Vice,40
2010,0,Public Drunkenness,43
2010,0,Rape,41
2010,0,Receiving Stolen Property,2
2010,0,Robbery Firearm,292
2010,0,Robbery No Firearm,251
2010,0,Theft from Vehicle,362
2010,0,Thefts,390
2010,0,Vagrancy/Loitering,29
2010,0,Vandalism/Criminal Mischief,676
2010,0,Weapon Violations,83
2010,1,Aggravated Assault Firearm,158
2010,1,Aggravated Assault No Firearm,327
2010,1,All Other Offenses,3697
2010,1,Arson,26
2010,1,Burglary Non-Residential,45
2010,1,Burglary Residential,234
2010,1,DRIVING UNDER THE INFLUENCE,585
2010,1,Disorderly Conduct,248
2010,1,Embezzlement,3
2010,1,Forgery and Counterfeiting,6
2010,1,Fraud,58
2010,1,Liquor Law Violations,52
2010,1,Motor Vehicle Theft,166
2010,1,Narcotic / Drug Law Violations,358
2010,1,Offenses Against Family and Children,8
2010,1,Other Assaults,788
2010,1,Other Sex Offenses (Not Commercialized),34
2010,1,Prostitution and Commercialized Vice,46
2010,1,Public Drunkenness,58
2010,1,Rape,33
2010,1,Receiving Stolen Property,3
2010,1,Robbery Firearm,259
2010,1,Robbery No Firearm,221
2010,1,Theft from Vehicle,320
2010,1,Thefts,293
2010,1,Vagrancy/Loitering,36
2010,1,Vandalism/Criminal Mischief,600
2010,1,Weapon Violations,70
2010,2,Aggravated Assault Firearm,148
2010,2,Aggravated Assault No Firearm,289
2010,2,All Other Offenses,1950
2010,2,Arson,38
2010,2,Burglary Non-Residential,66
2010,2,Burglary Residential,167
2010,2,DRIVING UNDER THE INFLUENCE,687
2010,2,Disorderly Conduct,259
2010,2,Embezzlement,1
2010,2,Forgery and Counterfeiting,2
2010,2,Fraud,38
2010,2,Liquor Law Violations,27
2010,2,Motor Vehicle Theft,116
2010,2,Narcotic / Drug Law Violations,248
2010,2,Offenses Against Family and Children,4
2010,2,Other Assaults,665
2010,2,Other Sex Offenses (Not Commercialized),27
2010,2,Prostitution and Commercialized Vice,15
2010,2,Public Drunkenness,65
2010,2,Rape,37
2010,2,Receiving Stolen Property,1
2010,2,Robbery Firearm,185
2010,2,Robbery No Firearm,189
2010,2,Theft from Vehicle,330
2010,2,Thefts,237
2010,2,Vagrancy/Loitering,26
2010,2,Vandalism/Criminal Mischief,513
2010,2,Weapon Violations,71
2010,3,Aggravated Assault Firearm,125
2010,3,Aggravated Assault No Firearm,217
2010,3,All Other Offenses,1005
2010,3,Arson,28
2010,3,Burglary Non-Residential,70
2010,3,Burglary Residential,145
2010,3,DRIVING UNDER THE INFLUENCE,503
2010,3,Disorderly Conduct,136
2010,3,Forgery and Counterfeiting,2
2010,3,Fraud,30
2010,3,Liquor Law Violations,12
2010,3,Motor Vehicle Theft,101
2010,3,Narcotic / Drug Law Violations,141
2010,3,Offenses Against Family and Children,4
2010,3,Other Assaults,500
2010,3,Other Sex Offenses (Not Commercialized),15
2010,3,Prostitution and Commercialized Vice,10
2010,3,Public Drunkenness,33
2010,3,Rape,39
2010,3,Receiving Stolen Property,2
2010,3,Robbery Firearm,153
2010,3,Robbery No Firearm,152
2010,3,Theft from Vehicle,217
2010,3,Thefts,170
2010,3,Vagrancy/Loitering,30
2010,3,Vandalism/Criminal Mischief,398
2010,3,Weapon Violations,43
2010,4,Aggravated Assault Firearm,62
2010,4,Aggravated Assault No Firearm,146
2010,4,All Other Offenses,482
2010,4,Arson,35
2010,4,Burglary Non-Residential,72
2010,4,Burglary Residential,114
2010,4,DRIVING UNDER THE INFLUENCE,289
2010,4,Disorderly Conduct,60
2010,4,Embezzlement,1
2010,4,Forgery and Counterfeiting,1
2010,4,Fraud,19
2010,4,Liquor Law Violations,3
2010,4,Motor Vehicle Theft,89
2010,4,Narcotic / Drug Law Violations,76
2010,4,Offenses Against Family and Children,3
2010,4,Other Assaults,328
2010,4,Other Sex Offenses (Not Commercialized),12
2010,4,Prostitution and Commercialized Vice,15
2010,4,Public Drunkenness,18
2010,4,Rape,30
2010,4,Robbery Firearm,93
2010,4,Robbery No Firearm,111
2010,4,Theft from Vehicle,178
2010,4,Thefts,123
2010,4,Vagrancy/Loitering,14
2010,4,Vandalism/Criminal Mischief,280
2010,4,Weapon Violations,18
2010,5,Aggravated Assault Firearm,27
2010,5,Aggravated Assault No Firearm,112
2010,5,All Other Offenses,220
2010,5,Arson,22
2010,5,Burglary Non-Residential,82
2010,5,Burglary Residential,103
2010,5,DRIVING UNDER THE INFLUENCE,120
2010,5,Disorderly Conduct,27
2010,5,Embezzlement,3
2010,5,Fraud,14
2010,5,Liquor Law Violations,2
2010,5,Motor Vehicle Theft,135
2010,5,Narcotic / Drug Law Violations,53
2010,5,Offenses Against Family and Children,2
2010,5,Other Assaults,199
2010,5,Other Sex Offenses (Not Commercialized),8
2010,5,Prostitution and Commercialized Vice,18
2010,5,Public Drunkenness,5
2010,5,Rape,39
2010,5,Robbery Firearm,59
2010,5,Robbery No Firearm,78
2010,5,Theft from Vehicle,207
2010,5,Thefts,114
2010,5,Vagrancy/Loitering,10
2010,5,Vandalism/Criminal Mischief,265
2010,5,Weapon Violations,12
2010,6,Aggravated Assault Firearm,27
2010,6,Aggravated Assault No Firearm,80
2010,6,All Other Offenses,146
2010,6,Arson,12
2010,6,Burglary Non-Residential,65
2010,6,Burglary Residential,82
2010,6,DRIVING UNDER THE INFLUENCE,39
2010,6,Disorderly Conduct,12
2010,6,Embezzlement,1
2010,6,Forgery and Counterfeiting,2
2010,6,Fraud,15
2010,6,Motor Vehicle Theft,141
2010,6,Narcotic / Drug Law Violations,44
2010,6,Offenses Against Family and Children,5
2010,6,Other Assaults,169
2010,6,Other Sex Offenses (Not Commercialized),12
2010,6,Prostitution and Commercialized Vice,4
2010,6,Public Drunkenness,4
2010,6,Rape,18
2010,6,Robbery Firearm,33
2010,6,Robbery No Firearm,66
2010,6,Theft from Vehicle,479
2010,6,Thefts,104
2010,6,Vagrancy/Loitering,33
2010,6,Vandalism/Criminal Mischief,374
2010,6,Weapon Violations,10
2010,7,Aggravated Assault Firearm,18
2010,7,Aggravated Assault No Firearm,104
2010,7,All Other Offenses,208
2010,7,Arson,7
2010,7,Burglary Non-Residential,118
2010,7,Burglary Residential,132
2010,7,DRIVING UNDER THE INFLUENCE,24
2010,7,Disorderly Conduct,15
2010,7,Embezzlement,5
2010,7,Forgery and Counterfeiting,4
2010,7,Fraud,48
2010,7,Motor Vehicle Theft,216
2010,7,Narcotic / Drug Law Violations,50
2010,7,Offenses Against Family and Children,4
2010,7,Other Assaults,278
2010,7,Other Sex Offenses (Not Commercialized),25
2010,7,Public Drunkenness,2
2010,7,Rape,12
2010,7,Receiving Stolen Property,1
2010,7,Robbery Firearm,30
2010,7,Robbery No Firearm,60
2010,7,Theft from Vehicle,904
2010,7,Thefts,248
2010,7,Vagrancy/Loitering,9
2010,7,Vandalism/Criminal Mischief,626
2010,7,Weapon Violations,9
2010,8,Aggravated Assault Firearm,36
2010,8,Aggravated Assault No Firearm,142
2010,8,All Other Offenses,465
2010,8,Arson,13
2010,8,Burglary Non-Residential,245
2010,8,Burglary Residential,341
2010,8,DRIVING UNDER THE INFLUENCE,36
2010,8,Disorderly Conduct,54
2010,8,Embezzlement,8
2010,8,Forgery and Counterfeiting,13
2010,8,Fraud,219
2010,8,Gambling Violations,1
2010,8,Motor Vehicle Theft,466
2010,8,Narcotic / Drug Law Violations,143
2010,8,Offenses Against Family and Children,4
2010,8,Other Assaults,665
2010,8,Other Sex Offenses (Not Commercialized),38
2010,8,Public Drunkenness,2
2010,8,Rape,26
2010,8,Receiving Stolen Property,1
2010,8,Robbery Firearm,69
2010,8,Robbery No Firearm,98
2010,8,Theft from Vehicle,1277
2010,8,Thefts,558
2010,8,Vagrancy/Loitering,11
2010,8,Vandalism/Criminal Mischief,978
2010,8,Weapon Violations,95
2010,9,Aggravated Assault Firearm,54
2010,9,Aggravated Assault No Firearm,175
2010,9,All Other Offenses,791
2010,9,Arson,15
2010,9,Burglary Non-Residential,215
2010,9,Burglary Residential,422
2010,9,DRIVING UNDER THE INFLUENCE,41
2010,9,Disorderly Conduct,120
2010,9,Embezzlement,16
2010,9,Forgery and Counterfeiting,26
2010,9,Fraud,473
2010,9,Liquor Law Violations,6
2010,9,Motor Vehicle Theft,519
2010,9,Narcotic / Drug Law Violations,324
2010,9,Offenses Against Family and Children,5
2010,9,Other Assaults,1002
2010,9,Other Sex Offenses (Not Commercialized),70
2010,9,Prostitution and Commercialized Vice,16
2010,9,Public Drunkenness,7
2010,9,Rape,25
2010,9,Receiving Stolen Property,1
2010,9,Robbery Firearm,69
2010,9,Robbery No Firearm,157
2010,9,Theft from Vehicle,1125
2010,9,Thefts,1002
2010,9,Vagrancy/Loitering,22
2010,9,Vandalism/Criminal Mischief,1129
2010,9,Weapon Violations,141
2010,10,Aggravated Assault Firearm,57
2010,10,Aggravated Assault No Firearm,240
2010,10,All Other Offenses,936
2010,10,Arson,10
2010,10,Burglary Non-Residential,207
2010,10,Burglary Residential,448
2010,10,DRIVING UNDER THE INFLUENCE,59
2010,10,Disorderly Conduct,152
2010,10,Embezzlement,27
2010,10,Forgery and Counterfeiting,26
2010,10,Fraud,629
2010,10,Gambling Violations,1
2010,10,Liquor Law Violations,12
2010,10,Motor Vehicle Theft,445
2010,10,Narcotic / Drug Law Violations,469
2010,10,Offenses Against Family and Children,9
2010,10,Other Assaults,1207
2010,10,Other Sex Offenses (Not Commercialized),71
2010,10,Prostitution and Commercialized Vice,39
2010,10,Public Drunkenness,7
2010,10,Rape,37
2010,10,Receiving Stolen Property,5
2010,10,Robbery Firearm,80
2010,10,Robbery No Firearm,163
2010,10,Theft from Vehicle,1171
2010,10,Thefts,1232
2010,10,Vagrancy/Loitering,29
2010,10,Vandalism/Criminal Mischief,1054
2010,10,Weapon Violations,103
2010,11,Aggravated Assault Firearm,60
2010,11,Aggravated Assault No Firearm,234
2010,11,All Other Offenses,1094
2010,11,Arson,16
2010,11,Burglary Non-Residential,145
2010,11,Burglary Residential,473
2010,11,DRIVING UNDER THE INFLUENCE,58
2010,11,Disorderly Conduct,185
2010,11,Embezzlement,32
2010,11,Forgery and Counterfeiting,46
2010,11,Fraud,726
2010,11,Gambling Violations,5
2010,11,Liquor Law Violations,7
2010,11,Motor Vehicle Theft,458
2010,11,Narcotic / Drug Law Violations,580
2010,11,Offenses Against Family and Children,5
2010,11,Other Assaults,1318
2010,11,Other Sex Offenses (Not Commercialized),71
2010,11,Prostitution and Commercialized Vice,65
2010,11,Public Drunkenness,10
2010,11,Rape,43
2010,11,Receiving Stolen Property,1
2010,11,Robbery Firearm,86
2010,11,Robbery No Firearm,186
2010,11,Theft from Vehicle,1089
2010,11,Thefts,1458
2010,11,Vagrancy/Loitering,23
2010,11,Vandalism/Criminal Mischief,998
2010,11,Weapon Violations,77
2010,12,Aggravated Assault Firearm,70
2010,12,Aggravated Assault No Firearm,257
2010,12,All Other Offenses,1091
2010,12,Arson,22
2010,12,Burglary Non-Residential,101
2010,12,Burglary Residential,482
2010,12,DRIVING UNDER THE INFLUENCE,66
2010,12,Disorderly Conduct,202
2010,12,Embezzlement,24
2010,12,Forgery and Counterfeiting,44
2010,12,Fraud,826
2010,12,Gambling Violations,8
2010,12,Liquor Law Violations,10
2010,12,Motor Vehicle Theft,395
2010,12,Narcotic / Drug Law Violations,617
2010,12,Offenses Against Family and Children,4
2010,12,Other Assaults,1343
2010,12,Other Sex Offenses (Not Commercialized),98
2010,12,Prostitution and Commercialized Vice,56
2010,12,Public Drunkenness,16
2010,12,Rape,42
2010,12,Receiving Stolen Property,7
2010,12,Robbery Firearm,121
2010,12,Robbery No Firearm,201
2010,12,Theft from Vehicle,1000
2010,12,Thefts,1562
2010,12,Vagrancy/Loitering,25
2010,12,Vandalism/Criminal Mischief,932
2010,12,Weapon Violations,62
2010,13,Aggravated Assault Firearm,85
2010,13,Aggravated Assault No Firearm,293
2010,13,All Other Offenses,991
2010,13,Arson,14
2010,13,Burglary Non-Residential,102
2010,13,Burglary Residential,501
2010,13,DRIVING UNDER THE INFLUENCE,50
2010,13,Disorderly Conduct,174
2010,13,Embezzlement,31
2010,13,Forgery and Counterfeiting,50
2010,13,Fraud,851
2010,13,Gambling Violations,10
2010,13,Liquor Law Violations,8
2010,13,Motor Vehicle Theft,353
2010,13,Narcotic / Drug Law Violations,657
2010,13,Offenses Against Family and Children,10
2010,13,Other Assaults,1434
2010,13,Other Sex Offenses (Not Commercialized),74
2010,13,Prostitution and Commercialized Vice,29
2010,13,Public Drunkenness,19
2010,13,Rape,28
2010,13,Receiving Stolen Property,1
2010,13,Robbery Firearm,103
2010,13,Robbery No Firearm,217
2010,13,Theft from Vehicle,919
2010,13,Thefts,1658
2010,13,Vagrancy/Loitering,28
2010,13,Vandalism/Criminal Mischief,807
2010,13,Weapon Violations,76
2010,14,Aggravated Assault Firearm,58
2010,14,Aggravated Assault No Firearm,213
2010,14,All Other Offenses,827
2010,14,Arson,9
2010,14,Burglary Non-Residential,54
2010,14,Burglary Residential,366
2010,14,DRIVING UNDER THE INFLUENCE,56
2010,14,Disorderly Conduct,144
2010,14,Embezzlement,28
2010,14,Forgery and Counterfeiting,43
2010,14,Fraud,701
2010,14,Gambling Violations,5
2010,14,Liquor Law Violations,7
2010,14,Motor Vehicle Theft,286
2010,14,Narcotic / Drug Law Violations,645
2010,14,Offenses Against Family and Children,7
2010,14,Other Assaults,1213
2010,14,Other Sex Offenses (Not Commercialized),63
2010,14,Prostitution and Commercialized Vice,8
2010,14,Public Drunkenness,7
2010,14,Rape,38
2010,14,Receiving Stolen Property,3
2010,14,Robbery Firearm,110
2010,14,Robbery No Firearm,202
2010,14,Theft from Vehicle,892
2010,14,Thefts,1529
2010,14,Vagrancy/Loitering,20
2010,14,Vandalism/Criminal Mischief,757
2010,14,Weapon Violations,46
2010,15,Aggravated Assault Firearm,96
2010,15,Aggravated Assault No Firearm,264
2010,15,All Other Offenses,775
2010,15,Arson,15
2010,15,Burglary Non-Residential,46
2010,15,Burglary Residential,427
2010,15,DRIVING UNDER THE INFLUENCE,54
2010,15,Disorderly Conduct,212
2010,15,Embezzlement,30
2010,15,Forgery and Counterfeiting,35
2010,15,Fraud,730
2010,15,Gambling Violations,1
2010,15,Liquor Law Violations,5
2010,15,Motor Vehicle Theft,277
2010,15,Narcotic / Drug Law Violations,573
2010,15,Offenses Against Family and Children,5
2010,15,Other Assaults,1304
2010,15,Other Sex Offenses (Not Commercialized),76
2010,15,Prostitution and Commercialized Vice,2
2010,15,Public Drunkenness,18
2010,15,Rape,47
2010,15,Receiving Stolen Property,2
2010,15,Robbery Firearm,117
2010,15,Robbery No Firearm,222
2010,15,Theft from Vehicle,891
2010,15,Thefts,1593
2010,15,Vagrancy/Loitering,17
2010,15,Vandalism/Criminal Mischief,694
2010,15,Weapon Violations,52
2010,16,Aggravated Assault Firearm,122
2010,16,Aggravated Assault No Firearm,351
2010,16,All Other Offenses,1079
2010,16,Arson,15
2010,16,Burglary Non-Residential,89
2010,16,Burglary Residential,702
2010,16,DRIVING UNDER THE INFLUENCE,80
2010,16,Disorderly Conduct,200
2010,16,Embezzlement,48
2010,16,Forgery and Counterfeiting,55
2010,16,Fraud,812
2010,16,Gambling Violations,3
2010,16,Liquor Law Violations,53
2010,16,Motor Vehicle Theft,346
2010,16,Narcotic / Drug Law Violations,727
2010,16,Offenses Against Family and Children,12
2010,16,Other Assaults,1680
2010,16,Other Sex Offenses (Not Commercialized),108
2010,16,Prostitution and Commercialized Vice,2
2010,16,Public Drunkenness,19
2010,16,Rape,53
2010,16,Receiving Stolen Property,3
2010,16,Robbery Firearm,122
2010,16,Robbery No Firearm,295
2010,16,Theft from Vehicle,915
2010,16,Thefts,1945
2010,16,Vagrancy/Loitering,56
2010,16,Vandalism/Criminal Mischief,932
2010,16,Weapon Violations,42
2010,17,Aggravated Assault Firearm,129
2010,17,Aggravated Assault No Firearm,362
2010,17,All Other Offenses,1194
2010,17,Arson,11
2010,17,Burglary Non-Residential,44
2010,17,Burglary Residential,653
2010,17,DRIVING UNDER THE INFLUENCE,135
2010,17,Disorderly Conduct,181
2010,17,Embezzlement,27
2010,17,Forgery and Counterfeiting,46
2010,17,Fraud,773
2010,17,Gambling Violations,4
2010,17,Liquor Law Violations,5
2010,17,Motor Vehicle Theft,393
2010,17,Narcotic / Drug Law Violations,900
2010,17,Offenses Against Family and Children,13
2010,17,Other Assaults,1586
2010,17,Other Sex Offenses (Not Commercialized),111
2010,17,Prostitution and Commercialized Vice,2
2010,17,Public Drunkenness,12
2010,17,Rape,54
2010,17,Receiving Stolen Property,2
2010,17,Robbery Firearm,107
2010,17,Robbery No Firearm,262
2010,17,Theft from Vehicle,885
2010,17,Thefts,1838
2010,17,Vagrancy/Loitering,60
2010,17,Vandalism/Criminal Mischief,930
2010,17,Weapon Violations,67
2010,18,Aggravated Assault Firearm,112
2010,18,Aggravated Assault No Firearm,347
2010,18,All Other Offenses,1246
2010,18,Arson,18
2010,18,Burglary Non-Residential,40
2010,18,Burglary Residential,564
2010,18,DRIVING UNDER THE INFLUENCE,164
2010,18,Disorderly Conduct,196
2010,18,Embezzlement,21
2010,18,Forgery and Counterfeiting,42
2010,18,Fraud,576
2010,18,Gambling Violations,6
2010,18,Liquor Law Violations,16
2010,18,Motor Vehicle Theft,339
2010,18,Narcotic / Drug Law Violations,1026
2010,18,Offenses Against Family and Children,15
2010,18,Other Assaults,1461
2010,18,Other Sex Offenses (Not Commercialized),90
2010,18,Prostitution and Commercialized Vice,9
2010,18,Public Drunkenness,20
2010,18,Rape,50
2010,18,Receiving Stolen Property,2
2010,18,Robbery Firearm,145
2010,18,Robbery No Firearm,263
2010,18,Theft from Vehicle,790
2010,18,Thefts,1557
2010,18,Vagrancy/Loitering,88
2010,18,Vandalism/Criminal Mischief,923
2010,18,Weapon Violations,75
2010,19,Aggravated Assault Firearm,136
2010,19,Aggravated Assault No Firearm,361
2010,19,All Other Offenses,1482
2010,19,Arson,13
2010,19,Burglary Non-Residential,37
2010,19,Burglary Residential,516
2010,19,DRIVING UNDER THE INFLUENCE,206
2010,19,Disorderly Conduct,288
2010,19,Embezzlement,10
2010,19,Forgery and Counterfeiting,34
2010,19,Fraud,487
2010,19,Gambling Violations,10
2010,19,Liquor Law Violations,44
2010,19,Motor Vehicle Theft,280
2010,19,Narcotic / Drug Law Violations,1384
2010,19,Offenses Against Family and Children,7
2010,19,Other Assaults,1410
2010,19,Other Sex Offenses (Not Commercialized),81
2010,19,Prostitution and Commercialized Vice,14
2010,19,Public Drunkenness,23
2010,19,Rape,47
2010,19,Receiving Stolen Property,5
2010,19,Robbery Firearm,165
2010,19,Robbery No Firearm,251
2010,19,Theft from Vehicle,702
2010,19,Thefts,1438
2010,19,Vagrancy/Loitering,119
2010,19,Vandalism/Criminal Mischief,870
2010,19,Weapon Violations,77
2010,20,Aggravated Assault Firearm,171
2010,20,Aggravated Assault No Firearm,367
2010,20,All Other Offenses,1323
2010,20,Arson,10
2010,20,Burglary Non-Residential,33
2010,20,Burglary Residential,489
2010,20,DRIVING UNDER THE INFLUENCE,262
2010,20,Disorderly Conduct,326
2010,20,Embezzlement,10
2010,20,Forgery and Counterfeiting,39
2010,20,Fraud,352
2010,20,Gambling Violations,9
2010,20,Liquor Law Violations,87
2010,20,Motor Vehicle Theft,223
2010,20,Narcotic / Drug Law Violations,1501
2010,20,Offenses Against Family and Children,7
2010,20,Other Assaults,1342
2010,20,Other Sex Offenses (Not Commercialized),100
2010,20,Prostitution and Commercialized Vice,38
2010,20,Public Drunkenness,23
2010,20,Rape,53
2010,20,Receiving Stolen Property,2
2010,20,Robbery Firearm,223
2010,20,Robbery No Firearm,299
2010,20,Theft from Vehicle,661
2010,20,Thefts,1175
2010,20,Vagrancy/Loitering,98
2010,20,Vandalism/Criminal Mischief,788
2010,20,Weapon Violations,94
2010,21,Aggravated Assault Firearm,187
2010,21,Aggravated Assault No Firearm,355
2010,21,All Other Offenses,1192
2010,21,Arson,17
2010,21,Burglary Non-Residential,26
2010,21,Burglary Residential,424
2010,21,DRIVING UNDER THE INFLUENCE,301
2010,21,Disorderly Conduct,261
2010,21,Embezzlement,6
2010,21,Forgery and Counterfeiting,28
2010,21,Fraud,221
2010,21,Liquor Law Violations,93
2010,21,Motor Vehicle Theft,214
2010,21,Narcotic / Drug Law Violations,1253
2010,21,Offenses Against Family and Children,6
2010,21,Other Assaults,1324
2010,21,Other Sex Offenses (Not Commercialized),98
2010,21,Prostitution and Commercialized Vice,46
2010,21,Public Drunkenness,40
2010,21,Rape,46
2010,21,Receiving Stolen Property,6
2010,21,Robbery Firearm,257
2010,21,Robbery No Firearm,274
2010,21,Theft from Vehicle,551
2010,21,Thefts,903
2010,21,Vagrancy/Loitering,76
2010,21,Vandalism/Criminal Mischief,793
2010,21,Weapon Violations,92
2010,22,Aggravated Assault Firearm,196
2010,22,Aggravated Assault No Firearm,321
2010,22,All Other Offenses,3190
2010,22,Arson,21
2010,22,Burglary Non-Residential,35
2010,22,Burglary Residential,280
2010,22,DRIVING UNDER THE INFLUENCE,398
2010,22,Disorderly Conduct,265
2010,22,Embezzlement,5
2010,22,Forgery and Counterfeiting,9
2010,22,Fraud,106
2010,22,Gambling Violations,4
2010,22,Liquor Law Violations,57
2010,22,Motor Vehicle Theft,140
2010,22,Narcotic / Drug Law Violations,1043
2010,22,Offenses Against Family and Children,2
2010,22,Other Assaults,993
2010,22,Other Sex Offenses (Not Commercialized),43
2010,22,Prostitution and Commercialized Vice,341
2010,22,Public Drunkenness,25
2010,22,Rape,41
2010,22,Receiving Stolen Property,6
2010,22,Robbery Firearm,254
2010,22,Robbery No Firearm,234
2010,22,Theft from Vehicle,489
2010,22,Thefts,596
2010,22,Vagrancy/Loitering,39
2010,22,Vandalism/Criminal Mischief,676
2010,22,Weapon Violations,120
2010,23,Aggravated Assault Firearm,191
2010,23,Aggravated Assault No Firearm,350
2010,23,All Other Offenses,4625
2010,23,Arson,25
2010,23,Burglary Non-Residential,37
2010,23,Burglary Residential,291
2010,23,DRIVING UNDER THE INFLUENCE,389
2010,23,Disorderly Conduct,245
2010,23,Embezzlement,3
2010,23,Forgery and Counterfeiting,2
2010,23,Fraud,88
2010,23,Gambling Violations,1
2010,23,Liquor Law Violations,77
2010,23,Motor Vehicle Theft,163
2010,23,Narcotic / Drug Law Violations,725
2010,23,Offenses Against Family and Children,1
2010,23,Other Assaults,906
2010,23,Other Sex Offenses (Not Commercialized),32
2010,23,Prostitution and Commercialized Vice,218
2010,23,Public Drunkenness,35
2010,23,Rape,29
2010,23,Receiving Stolen Property,2
2010,23,Robbery Firearm,308
2010,23,Robbery No Firearm,231
2010,23,Theft from Vehicle,399
2010,23,Thefts,413
2010,23,Vagrancy/Loitering,26
2010,23,Vandalism/Criminal Mischief,632
2010,23,Weapon Violations,96
2011,0,Aggravated Assault Firearm,153
2011,0,Aggravated Assault No Firearm,353
2011,0,All Other Offenses,3851
2011,0,Arson,41
2011,0,Burglary Non-Residential,44
2011,0,Burglary Residential,383
2011,0,DRIVING UNDER THE INFLUENCE,524
2011,0,Disorderly Conduct,182
2011,0,Embezzlement,3
2011,0,Forgery and Counterfeiting,5
2011,0,Fraud,88
2011,0,Homicide - Criminal,307
2011,0,Homicide - Justifiable,5
2011,0,Liquor Law Violations,56
2011,0,Motor Vehicle Theft,212
2011,0,Narcotic / Drug Law Violations,469
2011,0,Offenses Against Family and Children,4
2011,0,Other Assaults,1128
2011,0,Other Sex Offenses (Not Commercialized),34
2011,0,Prostitution and Commercialized Vice,17
2011,0,Public Drunkenness,36
2011,0,Rape,40
2011,0,Receiving Stolen Property,5
2011,0,Robbery Firearm,248
2011,0,Robbery No Firearm,239
2011,0,Theft from Vehicle,292
2011,0,Thefts,457
2011,0,Vagrancy/Loitering,26
2011,0,Vandalism/Criminal Mischief,657
2011,0,Weapon Violations,93
2011,1,Aggravated Assault Firearm,171
2011,1,Aggravated Assault No Firearm,314
2011,1,All Other Offenses,2728
2011,1,Arson,39
2011,1,Burglary Non-Residential,54
2011,1,Burglary Residential,257
2011,1,DRIVING UNDER THE INFLUENCE,597
2011,1,Disorderly Conduct,189
2011,1,Embezzlement,7
2011,1,Forgery and Counterfeiting,8
2011,1,Fraud,50
2011,1,Liquor Law Violations,52
2011,1,Motor Vehicle Theft,141
2011,1,Narcotic / Drug Law Violations,317
2011,1,Offenses Against Family and Children,3
2011,1,Other Assaults,854
2011,1,Other Sex Offenses (Not Commercialized),31
2011,1,Prostitution and Commercialized Vice,5
2011,1,Public Drunkenness,46
2011,1,Rape,25
2011,1,Receiving Stolen Property,3
2011,1,Robbery Firearm,249
2011,1,Robbery No Firearm,202
2011,1,Theft from Vehicle,253
2011,1,Thefts,303
2011,1,Vagrancy/Loitering,6
2011,1,Vandalism/Criminal Mischief,565
2011,1,Weapon Violations,73
2011,2,Aggravated Assault Firearm,121
2011,2,Aggravated Assault No Firearm,291
2011,2,All Other Offenses,1435
2011,2,Arson,39
2011,2,Burglary Non-Residential,58
2011,2,Burglary Residential,176
2011,2,DRIVING UNDER THE INFLUENCE,596
2011,2,Disorderly Conduct,193
2011,2,Embezzlement,2
2011,2,Fraud,47
2011,2,Liquor Law Violations,27
2011,2,Motor Vehicle Theft,112
2011,2,Narcotic / Drug Law Violations,187
2011,2,Offenses Against Family and Children,10
2011,2,Other Assaults,707
2011,2,Other Sex Offenses (Not Commercialized),29
2011,2,Public Drunkenness,55
2011,2,Rape,36
2011,2,Receiving Stolen Property,1
2011,2,Robbery Firearm,167
2011,2,Robbery No Firearm,142
2011,2,Theft from Vehicle,253
2011,2,Thefts,243
2011,2,Vagrancy/Loitering,11
2011,2,Vandalism/Criminal Mischief,453
2011,2,Weapon Violations,50
2011,3,Aggravated Assault Firearm,76
2011,3,Aggravated Assault No Firearm,225
2011,3,All Other Offenses,865
2011,3,Arson,33
2011,3,Burglary Non-Residential,69
2011,3,Burglary Residential,162
2011,3,DRIVING UNDER THE INFLUENCE,411
2011,3,Disorderly Conduct,91
2011,3,Fraud,39
2011,3,Liquor Law Violations,19
2011,3,Motor Vehicle Theft,128
2011,3,Narcotic / Drug Law Violations,118
2011,3,Offenses Against Family and Children,4
2011,3,Other Assaults,444
2011,3,Other Sex Offenses (Not Commercialized),17
2011,3,Public Drunkenness,18
2011,3,Rape,36
2011,3,Receiving Stolen Property,3
2011,3,Robbery Firearm,146
2011,3,Robbery No Firearm,127
2011,3,Theft from Vehicle,217
2011,3,Thefts,189
2011,3,Vagrancy/Loitering,2
2011,3,Vandalism/Criminal Mischief,375
2011,3,Weapon Violations,44
2011,4,Aggravated Assault Firearm,39
2011,4,Aggravated Assault No Firearm,138
2011,4,All Other Offenses,402
2011,4,Arson,31
2011,4,Burglary Non-Residential,71
2011,4,Burglary Residential,110
2011,4,DRIVING UNDER THE INFLUENCE,183
2011,4,Disorderly Conduct,45
2011,4,Embezzlement,1
2011,4,Fraud,13
2011,4,Liquor Law Violations,19
2011,4,Motor Vehicle Theft,95
2011,4,Narcotic / Drug Law Violations,43
2011,4,Other Assaults,356
2011,4,Other Sex Offenses (Not Commercialized),20
2011,4,Public Drunkenness,13
2011,4,Rape,26
2011,4,Receiving Stolen Property,1
2011,4,Robbery Firearm,115
2011,4,Robbery No Firearm,108
2011,4,Theft from Vehicle,164
2011,4,Thefts,113
2011,4,Vagrancy/Loitering,7
2011,4,Vandalism/Criminal Mischief,276
2011,4,Weapon Violations,11
2011,5,Aggravated Assault Firearm,29
2011,5,Aggravated Assault No Firearm,123
2011,5,All Other Offenses,213
2011,5,Arson,33
2011,5,Burglary Non-Residential,57
2011,5,Burglary Residential,99
2011,5,DRIVING UNDER THE INFLUENCE,82
2011,5,Disorderly Conduct,14
2011,5,Embezzlement,3
2011,5,Forgery and Counterfeiting,1
2011,5,Fraud,21
2011,5,Motor Vehicle Theft,119
2011,5,Narcotic / Drug Law Violations,35
2011,5,Offenses Against Family and Children,6
2011,5,Other Assaults,227
2011,5,Other Sex Offenses (Not Commercialized),13
2011,5,Public Drunkenness,1
2011,5,Rape,26
2011,5,Robbery Firearm,70
2011,5,Robbery No Firearm,67
2011,5,Theft from Vehicle,224
2011,5,Thefts,90
2011,5,Vagrancy/Loitering,1
2011,5,Vandalism/Criminal Mischief,232
2011,5,Weapon Violations,11
2011,6,Aggravated Assault Firearm,16
2011,6,Aggravated Assault No Firearm,78
2011,6,All Other Offenses,158
2011,6,Arson,13
2011,6,Burglary Non-Residential,61
2011,6,Burglary Residential,70
2011,6,DRIVING UNDER THE INFLUENCE,32
2011,6,Disorderly Conduct,10
2011,6,Forgery and Counterfeiting,1
2011,6,Fraud,18
2011,6,Liquor Law Violations,2
2011,6,Motor Vehicle Theft,122
2011,6,Narcotic / Drug Law Violations,25
2011,6,Offenses Against Family and Children,3
2011,6,Other Assaults,179
2011,6,Other Sex Offenses (Not Commercialized),11
2011,6,Public Drunkenness,1
2011,6,Rape,10
2011,6,Receiving Stolen Property,1
2011,6,Robbery Firearm,39
2011,6,Robbery No Firearm,63
2011,6,Theft from Vehicle,480
2011,6,Thefts,126
2011,6,Vagrancy/Loitering,25
2011,6,Vandalism/Criminal Mischief,331
2011,6,Weapon Violations,4
2011,7,Aggravated Assault Firearm,19
2011,7,Aggravated Assault No Firearm,105
2011,7,All Other Offenses,211
2011,7,Arson,13
2011,7,Burglary Non-Residential,131
2011,7,Burglary Residential,206
2011,7,DRIVING UNDER THE INFLUENCE,24
2011,7,Disorderly Conduct,18
2011,7,Embezzlement,10
2011,7,Forgery and Counterfeiting,3
2011,7,Fraud,43
2011,7,Liquor Law Violations,2
2011,7,Motor Vehicle Theft,371
2011,7,Narcotic / Drug Law Violations,52
2011,7,Offenses Against Family and Children,2
2011,7,Other Assaults,318
2011,7,Other Sex Offenses (Not Commercialized),17
2011,7,Public Drunkenness,4
2011,7,Rape,10
2011,7,Robbery Firearm,44
2011,7,Robbery No Firearm,67
2011,7,Theft from Vehicle,1000
2011,7,Thefts,275
2011,7,Vagrancy/Loitering,30
2011,7,Vandalism/Criminal Mischief,624
2011,7,Weapon Violations,13
2011,8,Aggravated Assault Firearm,27
2011,8,Aggravated Assault No Firearm,172
2011,8,All Other Offenses,501
2011,8,Arson,19
2011,8,Burglary Non-Residential,284
2011,8,Burglary Residential,392
2011,8,DRIVING UNDER THE INFLUENCE,34
2011,8,Disorderly Conduct,26
2011,8,Embezzlement,14
2011,8,Forgery and Counterfeiting,9
2011,8,Fraud,185
2011,8,Motor Vehicle Theft,541
2011,8,Narcotic / Drug Law Violations,133
2011,8,Offenses Against Family and Children,2
2011,8,Other Assaults,748
2011,8,Other Sex Offenses (Not Commercialized),43
2011,8,Public Drunkenness,6
2011,8,Rape,24
2011,8,Receiving Stolen Property,1
2011,8,Robbery Firearm,64
2011,8,Robbery No Firearm,118
2011,8,Theft from Vehicle,1366
2011,8,Thefts,723
2011,8,Vagrancy/Loitering,11
2011,8,Vandalism/Criminal Mischief,999
2011,8,Weapon Violations,83
2011,9,Aggravated Assault Firearm,39
2011,9,Aggravated Assault No Firearm,214
2011,9,All Other Offenses,850
2011,9,Arson,10
2011,9,Burglary Non-Residential,224
2011,9,Burglary Residential,477
2011,9,DRIVING UNDER THE INFLUENCE,43
2011,9,Disorderly Conduct,93
2011,9,Embezzlement,18
2011,9,Forgery and Counterfeiting,14
2011,9,Fraud,482
2011,9,Liquor Law Violations,1
2011,9,Motor Vehicle Theft,530
2011,9,Narcotic / Drug Law Violations,264
2011,9,Offenses Against Family and Children,4
2011,9,Other Assaults,1128
2011,9,Other Sex Offenses (Not Commercialized),82
2011,9,Prostitution and Commercialized Vice,19
2011,9,Public Drunkenness,1
2011,9,Rape,33
2011,9,Receiving Stolen Property,10
2011,9,Robbery Firearm,88
2011,9,Robbery No Firearm,151
2011,9,Theft from Vehicle,1242
2011,9,Thefts,1023
2011,9,Vagrancy/Loitering,10
2011,9,Vandalism/Criminal Mischief,1062
2011,9,Weapon Violations,129
2011,10,Aggravated Assault Firearm,66
2011,10,Aggravated Assault No Firearm,209
2011,10,All Other Offenses,1044
2011,10,Arson,17
2011,10,Burglary Non-Residential,178
2011,10,Burglary Residential,540
2011,10,DRIVING UNDER THE INFLUENCE,62
2011,10,Disorderly Conduct,115
2011,10,Embezzlement,24
2011,10,Forgery and Counterfeiting,31
2011,10,Fraud,705
2011,10,Gambling Violations,2
2011,10,Liquor Law Violations,3
2011,10,Motor Vehicle Theft,468
2011,10,Narcotic / Drug Law Violations,392
2011,10,Offenses Against Family and Children,8
2011,10,Other Assaults,1168
2011,10,Other Sex Offenses (Not Commercialized),87
2011,10,Prostitution and Commercialized Vice,54
2011,10,Public Drunkenness,12
2011,10,Rape,37
2011,10,Receiving Stolen Property,2
2011,10,Robbery Firearm,93
2011,10,Robbery No Firearm,191
2011,10,Theft from Vehicle,1110
2011,10,Thefts,1249
2011,10,Vagrancy/Loitering,22
2011,10,Vandalism/Criminal Mischief,1015
2011,10,Weapon Violations,96
2011,11,Aggravated Assault Firearm,66
2011,11,Aggravated Assault No Firearm,232
2011,11,All Other Offenses,1101
2011,11,Arson,14
2011,11,Burglary Non-Residential,177
2011,11,Burglary Residential,580
2011,11,DRIVING UNDER THE INFLUENCE,51
2011,11,Disorderly Conduct,130
2011,11,Embezzlement,36
2011,11,Forgery and Counterfeiting,37
2011,11,Fraud,803
2011,11,Gambling Violations,14
2011,11,Liquor Law Violations,2
2011,11,Motor Vehicle Theft,475
2011,11,Narcotic / Drug Law Violations,482
2011,11,Offenses Against Family and Children,8
2011,11,Other Assaults,1383
2011,11,Other Sex Offenses (Not Commercialized),79
2011,11,Prostitution and Commercialized Vice,51
2011,11,Public Drunkenness,12
2011,11,Rape,32
2011,11,Receiving Stolen Property,3
2011,11,Robbery Firearm,93
2011,11,Robbery No Firearm,204
2011,11,Theft from Vehicle,1032
2011,11,Thefts,1384
2011,11,Vagrancy/Loitering,29
2011,11,Vandalism/Criminal Mischief,964
2011,11,Weapon Violations,85
2011,12,Aggravated Assault Firearm,75
2011,12,Aggravated Assault No Firearm,258
2011,12,All Other Offenses,1117
2011,12,Arson,19
2011,12,Burglary Non-Residential,141
2011,12,Burglary Residential,603
2011,12,DRIVING UNDER THE INFLUENCE,47
2011,12,Disorderly Conduct,125
2011,12,Embezzlement,27
2011,12,Forgery and Counterfeiting,41
2011,12,Fraud,841
2011,12,Gambling Violations,4
2011,12,Liquor Law Violations,3
2011,12,Motor Vehicle Theft,398
2011,12,Narcotic / Drug Law Violations,483
2011,12,Offenses Against Family and Children,2
2011,12,Other Assaults,1420
2011,12,Other Sex Offenses (Not Commercialized),90
2011,12,Prostitution and Commercialized Vice,31
2011,12,Public Drunkenness,13
2011,12,Rape,29
2011,12,Receiving Stolen Property,1
2011,12,Robbery Firearm,110
2011,12,Robbery No Firearm,179
2011,12,Theft from Vehicle,990
2011,12,Thefts,1576
2011,12,Vagrancy/Loitering,23
2011,12,Vandalism/Criminal Mischief,883
2011,12,Weapon Violations,69
2011,13,Aggravated Assault Firearm,90
2011,13,Aggravated Assault No Firearm,243
2011,13,All Other Offenses,1037
2011,13,Arson,21
2011,13,Burglary Non-Residential,92
2011,13,Burglary Residential,582
2011,13,DRIVING UNDER THE INFLUENCE,47
2011,13,Disorderly Conduct,142
2011,13,Embezzlement,35
2011,13,Forgery and Counterfeiting,39
2011,13,Fraud,851
2011,13,Gambling Violations,5
2011,13,Liquor Law Violations,5
2011,13,Motor Vehicle Theft,349
2011,13,Narcotic / Drug Law Violations,521
2011,13,Offenses Against Family and Children,5
2011,13,Other Assaults,1466
2011,13,Other Sex Offenses (Not Commercialized),96
2011,13,Prostitution and Commercialized Vice,14
2011,13,Public Drunkenness,20
2011,13,Rape,32
2011,13,Receiving Stolen Property,3
2011,13,Robbery Firearm,95
2011,13,Robbery No Firearm,173
2011,13,Theft from Vehicle,852
2011,13,Thefts,1760
2011,13,Vagrancy/Loitering,13
2011,13,Vandalism/Criminal Mischief,818
2011,13,Weapon Violations,71
2011,14,Aggravated Assault Firearm,77
2011,14,Aggravated Assault No Firearm,252
2011,14,All Other Offenses,861
2011,14,Arson,13
2011,14,Burglary Non-Residential,52
2011,14,Burglary Residential,334
2011,14,DRIVING UNDER THE INFLUENCE,49
2011,14,Disorderly Conduct,101
2011,14,Embezzlement,26
2011,14,Forgery and Counterfeiting,42
2011,14,Fraud,697
2011,14,Gambling Violations,5
2011,14,Liquor Law Violations,10
2011,14,Motor Vehicle Theft,232
2011,14,Narcotic / Drug Law Violations,513
2011,14,Offenses Against Family and Children,7
2011,14,Other Assaults,1171
2011,14,Other Sex Offenses (Not Commercialized),71
2011,14,Prostitution and Commercialized Vice,3
2011,14,Public Drunkenness,13
2011,14,Rape,28
2011,14,Receiving Stolen Property,5
2011,14,Robbery Firearm,96
2011,14,Robbery No Firearm,188
2011,14,Theft from Vehicle,818
2011,14,Thefts,1511
2011,14,Vagrancy/Loitering,8
2011,14,Vandalism/Criminal Mischief,723
2011,14,Weapon Violations,61
2011,15,Aggravated Assault Firearm,85
2011,15,Aggravated Assault No Firearm,290
2011,15,All Other Offenses,808
2011,15,Arson,11
2011,15,Burglary Non-Residential,62
2011,15,Burglary Residential,524
2011,15,DRIVING UNDER THE INFLUENCE,41
2011,15,Disorderly Conduct,168
2011,15,Embezzlement,32
2011,15,Forgery and Counterfeiting,26
2011,15,Fraud,745
2011,15,Gambling Violations,1
2011,15,Liquor Law Violations,7
2011,15,Motor Vehicle Theft,298
2011,15,Narcotic / Drug Law Violations,544
2011,15,Offenses Against Family and Children,9
2011,15,Other Assaults,1488
2011,15,Other Sex Offenses (Not Commercialized),106
2011,15,Public Drunkenness,10
2011,15,Rape,41
2011,15,Receiving Stolen Property,2
2011,15,Robbery Firearm,120
2011,15,Robbery No Firearm,225
2011,15,Theft from Vehicle,854
2011,15,Thefts,1681
2011,15,Vagrancy/Loitering,14
2011,15,Vandalism/Criminal Mischief,740
2011,15,Weapon Violations,43
2011,16,Aggravated Assault Firearm,119
2011,16,Aggravated Assault No Firearm,374
2011,16,All Other Offenses,1154
2011,16,Arson,18
2011,16,Burglary Non-Residential,68
2011,16,Burglary Residential,838
2011,16,DRIVING UNDER THE INFLUENCE,74
2011,16,Disorderly Conduct,142
2011,16,Embezzlement,31
2011,16,Forgery and Counterfeiting,34
2011,16,Fraud,866
2011,16,Gambling Violations,1
2011,16,Liquor Law Violations,2
2011,16,Motor Vehicle Theft,448
2011,16,Narcotic / Drug Law Violations,612
2011,16,Offenses Against Family and Children,5
2011,16,Other Assaults,1839
2011,16,Other Sex Offenses (Not Commercialized),137
2011,16,Public Drunkenness,17
2011,16,Rape,35
2011,16,Receiving Stolen Property,5
2011,16,Robbery Firearm,115
2011,16,Robbery No Firearm,244
2011,16,Theft from Vehicle,941
2011,16,Thefts,2140
2011,16,Vagrancy/Loitering,44
2011,16,Vandalism/Criminal Mischief,988
2011,16,Weapon Violations,40
2011,17,Aggravated Assault Firearm,110
2011,17,Aggravated Assault No Firearm,344
2011,17,All Other Offenses,1275
2011,17,Arson,18
2011,17,Burglary Non-Residential,63
2011,17,Burglary Residential,705
2011,17,DRIVING UNDER THE INFLUENCE,113
2011,17,Disorderly Conduct,185
2011,17,Embezzlement,27
2011,17,Forgery and Counterfeiting,51
2011,17,Fraud,721
2011,17,Gambling Violations,8
2011,17,Liquor Law Violations,6
2011,17,Motor Vehicle Theft,350
2011,17,Narcotic / Drug Law Violations,702
2011,17,Offenses Against Family and Children,11
2011,17,Other Assaults,1673
2011,17,Other Sex Offenses (Not Commercialized),109
2011,17,Public Drunkenness,23
2011,17,Rape,46
2011,17,Receiving Stolen Property,5
2011,17,Robbery Firearm,119
2011,17,Robbery No Firearm,255
2011,17,Theft from Vehicle,786
2011,17,Thefts,1862
2011,17,Vagrancy/Loitering,37
2011,17,Vandalism/Criminal Mischief,895
2011,17,Weapon Violations,40
2011,18,Aggravated Assault Firearm,130
2011,18,Aggravated Assault No Firearm,308
2011,18,All Other Offenses,1316
2011,18,Arson,8
2011,18,Burglary Non-Residential,40
2011,18,Burglary Residential,646
2011,18,DRIVING UNDER THE INFLUENCE,138
2011,18,Disorderly Conduct,143
2011,18,Embezzlement,12
2011,18,Forgery and Counterfeiting,38
2011,18,Fraud,587
2011,18,Gambling Violations,3
2011,18,Liquor Law Violations,5
2011,18,Motor Vehicle Theft,302
2011,18,Narcotic / Drug Law Violations,942
2011,18,Offenses Against Family and Children,6
2011,18,Other Assaults,1582
2011,18,Other Sex Offenses (Not Commercialized),95
2011,18,Public Drunkenness,25
2011,18,Rape,51
2011,18,Receiving Stolen Property,4
2011,18,Robbery Firearm,145
2011,18,Robbery No Firearm,247
2011,18,Theft from Vehicle,684
2011,18,Thefts,1664
2011,18,Vagrancy/Loitering,44
2011,18,Vandalism/Criminal Mischief,824
2011,18,Weapon Violations,63
2011,19,Aggravated Assault Firearm,152
2011,19,Aggravated Assault No Firearm,360
2011,19,All Other Offenses,1627
2011,19,Arson,17
2011,19,Burglary Non-Residential,38
2011,19,Burglary Residential,611
2011,19,DRIVING UNDER THE INFLUENCE,169
2011,19,Disorderly Conduct,260
2011,19,Embezzlement,12
2011,19,Forgery and Counterfeiting,28
2011,19,Fraud,460
2011,19,Gambling Violations,4
2011,19,Liquor Law Violations,28
2011,19,Motor Vehicle Theft,286
2011,19,Narcotic / Drug Law Violations,1402
2011,19,Offenses Against Family and Children,9
2011,19,Other Assaults,1488
2011,19,Other Sex Offenses (Not Commercialized),72
2011,19,Prostitution and Commercialized Vice,26
2011,19,Public Drunkenness,20
2011,19,Rape,52
2011,19,Receiving Stolen Property,6
2011,19,Robbery Firearm,163
2011,19,Robbery No Firearm,248
2011,19,Theft from Vehicle,641
2011,19,Thefts,1439
2011,19,Vagrancy/Loitering,85
2011,19,Vandalism/Criminal Mischief,761
2011,19,Weapon Violations,89
2011,20,Aggravated Assault Firearm,165
2011,20,Aggravated Assault No Firearm,387
2011,20,All Other Offenses,1385
2011,20,Arson,29
2011,20,Burglary Non-Residential,39
2011,20,Burglary Residential,491
2011,20,DRIVING UNDER THE INFLUENCE,216
2011,20,Disorderly Conduct,211
2011,20,Embezzlement,7
2011,20,Forgery and Counterfeiting,15
2011,20,Fraud,351
2011,20,Gambling Violations,1
2011,20,Liquor Law Violations,61
2011,20,Motor Vehicle Theft,258
2011,20,Narcotic / Drug Law Violations,1341
2011,20,Offenses Against Family and Children,8
2011,20,Other Assaults,1491
2011,20,Other Sex Offenses (Not Commercialized),84
2011,20,Prostitution and Commercialized Vice,83
2011,20,Public Drunkenness,43
2011,20,Rape,43
2011,20,Receiving Stolen Property,4
2011,20,Robbery Firearm,228
2011,20,Robbery No Firearm,252
2011,20,Theft from Vehicle,535
2011,20,Thefts,1284
2011,20,Vagrancy/Loitering,71
2011,20,Vandalism/Criminal Mischief,843
2011,20,Weapon Violations,106
2011,21,Aggravated Assault Firearm,165
2011,21,Aggravated Assault No Firearm,391
2011,21,All Other Offenses,1453
2011,21,Arson,19
2011,21,Burglary Non-Residential,27
2011,21,Burglary Residential,448
2011,21,DRIVING UNDER THE INFLUENCE,375
2011,21,Disorderly Conduct,233
2011,21,Embezzlement,10
2011,21,Forgery and Counterfeiting,17
2011,21,Fraud,240
2011,21,Gambling Violations,1
2011,21,Liquor Law Violations,77
2011,21,Motor Vehicle Theft,197
2011,21,Narcotic / Drug Law Violations,1346
2011,21,Offenses Against Family and Children,3
2011,21,Other Assaults,1319
2011,21,Other Sex Offenses (Not Commercialized),76
2011,21,Prostitution and Commercialized Vice,108
2011,21,Public Drunkenness,32
2011,21,Rape,41
2011,21,Receiving Stolen Property,4
2011,21,Robbery Firearm,293
2011,21,Robbery No Firearm,299
2011,21,Theft from Vehicle,449
2011,21,Thefts,939
2011,21,Vagrancy/Loitering,56
2011,21,Vandalism/Criminal Mischief,740
2011,21,Weapon Violations,119
2011,22,Aggravated Assault Firearm,178
2011,22,Aggravated Assault No Firearm,326
2011,22,All Other Offenses,2686
2011,22,Arson,24
2011,22,Burglary Non-Residential,37
2011,22,Burglary Residential,279
2011,22,DRIVING UNDER THE INFLUENCE,377
2011,22,Disorderly Conduct,211
2011,22,Embezzlement,5
2011,22,Forgery and Counterfeiting,9
2011,22,Fraud,121
2011,22,Gambling Violations,2
2011,22,Liquor Law Violations,48
2011,22,Motor Vehicle Theft,160
2011,22,Narcotic / Drug Law Violations,1116
2011,22,Offenses Against Family and Children,3
2011,22,Other Assaults,984
2011,22,Other Sex Offenses (Not Commercialized),51
2011,22,Prostitution and Commercialized Vice,431
2011,22,Public Drunkenness,36
2011,22,Rape,40
2011,22,Robbery Firearm,296
2011,22,Robbery No Firearm,249
2011,22,Theft from Vehicle,417
2011,22,Thefts,584
2011,22,Vagrancy/Loitering,39
2011,22,Vandalism/Criminal Mischief,607
2011,22,Weapon Violations,132
2011,23,Aggravated Assault Firearm,198
2011,23,Aggravated Assault No Firearm,335
2011,23,All Other Offenses,3812
2011,23,Arson,27
2011,23,Burglary Non-Residential,38
2011,23,Burglary Residential,383
2011,23,DRIVING UNDER THE INFLUENCE,539
2011,23,Disorderly Conduct,167
2011,23,Embezzlement,4
2011,23,Forgery and Counterfeiting,7
2011,23,Fraud,84
2011,23,Gambling Violations,2
2011,23,Liquor Law Violations,51
2011,23,Motor Vehicle Theft,187
2011,23,Narcotic / Drug Law Violations,729
2011,23,Offenses Against Family and Children,6
2011,23,Other Assaults,985
2011,23,Other Sex Offenses (Not Commercialized),44
2011,23,Prostitution and Commercialized Vice,233
2011,23,Public Drunkenness,32
2011,23,Rape,46
2011,23,Receiving Stolen Property,4
2011,23,Robbery Firearm,311
2011,23,Robbery No Firearm,277
2011,23,Theft from Vehicle,344
2011,23,Thefts,530
2011,23,Vagrancy/Loitering,22
2011,23,Vandalism/Criminal Mischief,652
2011,23,Weapon Violations,100
2012,0,Aggravated Assault Firearm,177
2012,0,Aggravated Assault No Firearm,309
2012,0,All Other Offenses,4120
2012,0,Arson,55
2012,0,Burglary Non-Residential,29
2012,0,Burglary Residential,368
2012,0,DRIVING UNDER THE INFLUENCE,506
2012,0,Disorderly Conduct,166
2012,0,Embezzlement,3
2012,0,Forgery and Counterfeiting,3
2012,0,Fraud,82
2012,0,Homicide - Criminal,319
2012,0,Homicide - Justifiable,3
2012,0,Liquor Law Violations,36
2012,0,Motor Vehicle Theft,82
2012,0,Narcotic / Drug Law Violations,360
2012,0,Offenses Against Family and Children,10
2012,0,Other Assaults,939
2012,0,Other Sex Offenses (Not Commercialized),45
2012,0,Prostitution and Commercialized Vice,10
2012,0,Public Drunkenness,37
2012,0,Rape,39
2012,0,Receiving Stolen Property,1
2012,0,Robbery Firearm,254
2012,0,Robbery No Firearm,230
2012,0,Theft from Vehicle,254
2012,0,Thefts,454
2012,0,Vagrancy/Loitering,13
2012,0,Vandalism/Criminal Mischief,588
2012,0,Weapon Violations,86
2012,1,Aggravated Assault Firearm,147
2012,1,Aggravated Assault No Firearm,327
2012,1,All Other Offenses,2796
2012,1,Arson,49
2012,1,Burglary Non-Residential,61
2012,1,Burglary Residential,232
2012,1,DRIVING UNDER THE INFLUENCE,574
2012,1,Disorderly Conduct,187
2012,1,Embezzlement,2
2012,1,Forgery and Counterfeiting,4
2012,1,Fraud,66
2012,1,Liquor Law Violations,27
2012,1,Motor Vehicle Theft,70
2012,1,Narcotic / Drug Law Violations,253
2012,1,Offenses Against Family and Children,13
2012,1,Other Assaults,789
2012,1,Other Sex Offenses (Not Commercialized),23
2012,1,Prostitution and Commercialized Vice,2
2012,1,Public Drunkenness,58
2012,1,Rape,31
2012,1,Receiving Stolen Property,1
2012,1,Robbery Firearm,195
2012,1,Robbery No Firearm,176
2012,1,Theft from Vehicle,222
2012,1,Thefts,326
2012,1,Vagrancy/Loitering,9
2012,1,Vandalism/Criminal Mischief,479
2012,1,Weapon Violations,80
2012,2,Aggravated Assault Firearm,111
2012,2,Aggravated Assault No Firearm,263
2012,2,All Other Offenses,1589
2012,2,Arson,49
2012,2,Burglary Non-Residential,60
2012,2,Burglary Residential,168
2012,2,DRIVING UNDER THE INFLUENCE,538
2012,2,Disorderly Conduct,173
2012,2,Embezzlement,1
2012,2,Forgery and Counterfeiting,2
2012,2,Fraud,34
2012,2,Gambling Violations,1
2012,2,Liquor Law Violations,35
2012,2,Motor Vehicle Theft,59
2012,2,Narcotic / Drug Law Violations,155
2012,2,Offenses Against Family and Children,5
2012,2,Other Assaults,645
2012,2,Other Sex Offenses (Not Commercialized),22
2012,2,Public Drunkenness,36
2012,2,Rape,27
2012,2,Receiving Stolen Property,2
2012,2,Robbery Firearm,164
2012,2,Robbery No Firearm,163
2012,2,Theft from Vehicle,207
2012,2,Thefts,288
2012,2,Vagrancy/Loitering,2
2012,2,Vandalism/Criminal Mischief,455
2012,2,Weapon Violations,60
2012,3,Aggravated Assault Firearm,103
2012,3,Aggravated Assault No Firearm,181
2012,3,All Other Offenses,750
2012,3,Arson,45
2012,3,Burglary Non-Residential,63
2012,3,Burglary Residential,142
2012,3,DRIVING UNDER THE INFLUENCE,370
2012,3,Disorderly Conduct,90
2012,3,Forgery and Counterfeiting,1
2012,3,Fraud,31
2012,3,Liquor Law Violations,9
2012,3,Motor Vehicle Theft,44
2012,3,Narcotic / Drug Law Violations,112
2012,3,Offenses Against Family and Children,5
2012,3,Other Assaults,484
2012,3,Other Sex Offenses (Not Commercialized),14
2012,3,Prostitution and Commercialized Vice,1
2012,3,Public Drunkenness,19
2012,3,Rape,35
2012,3,Robbery Firearm,127
2012,3,Robbery No Firearm,166
2012,3,Theft from Vehicle,167
2012,3,Thefts,191
2012,3,Vagrancy/Loitering,13
2012,3,Vandalism/Criminal Mischief,389
2012,3,Weapon Violations,28
2012,4,Aggravated Assault Firearm,82
2012,4,Aggravated Assault No Firearm,150
2012,4,All Other Offenses,410
2012,4,Arson,44
2012,4,Burglary Non-Residential,68
2012,4,Burglary Residential,130
2012,4,DRIVING UNDER THE INFLUENCE,211
2012,4,Disorderly Conduct,33
2012,4,Embezzlement,2
2012,4,Fraud,19
2012,4,Liquor Law Violations,4
2012,4,Motor Vehicle Theft,43
2012,4,Narcotic / Drug Law Violations,51
2012,4,Offenses Against Family and Children,3
2012,4,Other Assaults,335
2012,4,Other Sex Offenses (Not Commercialized),14
2012,4,Public Drunkenness,13
2012,4,Rape,22
2012,4,Receiving Stolen Property,1
2012,4,Robbery Firearm,109
2012,4,Robbery No Firearm,109
2012,4,Theft from Vehicle,136
2012,4,Thefts,151
2012,4,Vagrancy/Loitering,14
2012,4,Vandalism/Criminal Mischief,243
2012,4,Weapon Violations,21
2012,5,Aggravated Assault Firearm,37
2012,5,Aggravated Assault No Firearm,89
2012,5,All Other Offenses,221
2012,5,Arson,36
2012,5,Burglary Non-Residential,102
2012,5,Burglary Residential,127
2012,5,DRIVING UNDER THE INFLUENCE,93
2012,5,Disorderly Conduct,22
2012,5,Embezzlement,1
2012,5,Fraud,17
2012,5,Liquor Law Violations,1
2012,5,Motor Vehicle Theft,54
2012,5,Narcotic / Drug Law Violations,28
2012,5,Offenses Against Family and Children,4
2012,5,Other Assaults,226
2012,5,Other Sex Offenses (Not Commercialized),13
2012,5,Public Drunkenness,7
2012,5,Rape,16
2012,5,Robbery Firearm,88
2012,5,Robbery No Firearm,84
2012,5,Theft from Vehicle,193
2012,5,Thefts,108
2012,5,Vagrancy/Loitering,8
2012,5,Vandalism/Criminal Mischief,305
2012,5,Weapon Violations,6
2012,6,Aggravated Assault Firearm,20
2012,6,Aggravated Assault No Firearm,78
2012,6,All Other Offenses,120
2012,6,Arson,11
2012,6,Burglary Non-Residential,62
2012,6,Burglary Residential,73
2012,6,DRIVING UNDER THE INFLUENCE,27
2012,6,Disorderly Conduct,9
2012,6,Embezzlement,1
2012,6,Fraud,20
2012,6,Motor Vehicle Theft,45
2012,6,Narcotic / Drug Law Violations,17
2012,6,Offenses Against Family and Children,3
2012,6,Other Assaults,185
2012,6,Other Sex Offenses (Not Commercialized),19
2012,6,Public Drunkenness,3
2012,6,Rape,17
2012,6,Robbery Firearm,54
2012,6,Robbery No Firearm,51
2012,6,Theft from Vehicle,394
2012,6,Thefts,122
2012,6,Vagrancy/Loitering,37
2012,6,Vandalism/Criminal Mischief,272
2012,6,Weapon Violations,8
2012,7,Aggravated Assault Firearm,13
2012,7,Aggravated Assault No Firearm,83
2012,7,All Other Offenses,224
2012,7,Arson,9
2012,7,Burglary Non-Residential,130
2012,7,Burglary Residential,175
2012,7,DRIVING UNDER THE INFLUENCE,18
2012,7,Disorderly Conduct,39
2012,7,Embezzlement,6
2012,7,Forgery and Counterfeiting,4
2012,7,Fraud,61
2012,7,Motor Vehicle Theft,133
2012,7,Narcotic / Drug Law Violations,37
2012,7,Offenses Against Family and Children,1
2012,7,Other Assaults,313
2012,7,Other Sex Offenses (Not Commercialized),23
2012,7,Public Drunkenness,3
2012,7,Rape,31
2012,7,Robbery Firearm,52
2012,7,Robbery No Firearm,67
2012,7,Theft from Vehicle,864
2012,7,Thefts,300
2012,7,Vagrancy/Loitering,19
2012,7,Vandalism/Criminal Mischief,579
2012,7,Weapon Violations,7
2012,8,Aggravated Assault Firearm,31
2012,8,Aggravated Assault No Firearm,185
2012,8,All Other Offenses,576
2012,8,Arson,13
2012,8,Burglary Non-Residential,243
2012,8,Burglary Residential,401
2012,8,DRIVING UNDER THE INFLUENCE,27
2012,8,Disorderly Conduct,85
2012,8,Embezzlement,11
2012,8,Forgery and Counterfeiting,6
2012,8,Fraud,205
2012,8,Gambling Violations,2
2012,8,Liquor Law Violations,2
2012,8,Motor Vehicle Theft,251
2012,8,Narcotic / Drug Law Violations,117
2012,8,Offenses Against Family and Children,3
2012,8,Other Assaults,753
2012,8,Other Sex Offenses (Not Commercialized),48
2012,8,Public Drunkenness,1
2012,8,Rape,30
2012,8,Receiving Stolen Property,4
2012,8,Robbery Firearm,57
2012,8,Robbery No Firearm,123
2012,8,Theft from Vehicle,1164
2012,8,Thefts,676
2012,8,Vagrancy/Loitering,10
2012,8,Vandalism/Criminal Mischief,1093
2012,8,Weapon Violations,61
2012,9,Aggravated Assault Firearm,66
2012,9,Aggravated Assault No Firearm,195
2012,9,All Other Offenses,965
2012,9,Arson,20
2012,9,Burglary Non-Residential,251
2012,9,Burglary Residential,499
2012,9,DRIVING UNDER THE INFLUENCE,58
2012,9,Disorderly Conduct,126
2012,9,Embezzlement,14
2012,9,Forgery and Counterfeiting,12
2012,9,Fraud,462
2012,9,Liquor Law Violations,14
2012,9,Motor Vehicle Theft,241
2012,9,Narcotic / Drug Law Violations,260
2012,9,Offenses Against Family and Children,5
2012,9,Other Assaults,1101
2012,9,Other Sex Offenses (Not Commercialized),76
2012,9,Prostitution and Commercialized Vice,26
2012,9,Public Drunkenness,1
2012,9,Rape,37
2012,9,Receiving Stolen Property,3
2012,9,Robbery Firearm,66
2012,9,Robbery No Firearm,170
2012,9,Theft from Vehicle,1131
2012,9,Thefts,1016
2012,9,Vagrancy/Loitering,7
2012,9,Vandalism/Criminal Mischief,1027
2012,9,Weapon Violations,103
2012,10,Aggravated Assault Firearm,50
2012,10,Aggravated Assault No Firearm,252
2012,10,All Other Offenses,1215
2012,10,Arson,10
2012,10,Burglary Non-Residential,191
2012,10,Burglary Residential,544
2012,10,DRIVING UNDER THE INFLUENCE,31
2012,10,Disorderly Conduct,154
2012,10,Embezzlement,19
2012,10,Forgery and Counterfeiting,17
2012,10,Fraud,658
2012,10,Gambling Violations,1
2012,10,Liquor Law Violations,16
2012,10,Motor Vehicle Theft,225
2012,10,Narcotic / Drug Law Violations,344
2012,10,Offenses Against Family and Children,8
2012,10,Other Assaults,1282
2012,10,Other Sex Offenses (Not Commercialized),81
2012,10,Prostitution and Commercialized Vice,60
2012,10,Public Drunkenness,1
2012,10,Rape,38
2012,10,Receiving Stolen Property,5
2012,10,Robbery Firearm,77
2012,10,Robbery No Firearm,163
2012,10,Theft from Vehicle,1093
2012,10,Thefts,1304
2012,10,Vagrancy/Loitering,16
2012,10,Vandalism/Criminal Mischief,991
2012,10,Weapon Violations,79
2012,11,Aggravated Assault Firearm,67
2012,11,Aggravated Assault No Firearm,257
2012,11,All Other Offenses,1431
2012,11,Arson,21
2012,11,Burglary Non-Residential,184
2012,11,Burglary Residential,572
2012,11,DRIVING UNDER THE INFLUENCE,55
2012,11,Disorderly Conduct,199
2012,11,Embezzlement,46
2012,11,Forgery and Counterfeiting,16
2012,11,Fraud,829
2012,11,Gambling Violations,6
2012,11,Liquor Law Violations,23
2012,11,Motor Vehicle Theft,214
2012,11,Narcotic / Drug Law Violations,448
2012,11,Offenses Against Family and Children,10
2012,11,Other Assaults,1311
2012,11,Other Sex Offenses (Not Commercialized),99
2012,11,Prostitution and Commercialized Vice,65
2012,11,Public Drunkenness,5
2012,11,Rape,34
2012,11,Receiving Stolen Property,2
2012,11,Robbery Firearm,108
2012,11,Robbery No Firearm,184
2012,11,Theft from Vehicle,916
2012,11,Thefts,1541
2012,11,Vagrancy/Loitering,20
2012,11,Vandalism/Criminal Mischief,953
2012,11,Weapon Violations,75
2012,12,Aggravated Assault Firearm,82
2012,12,Aggravated Assault No Firearm,287
2012,12,All Other Offenses,1253
2012,12,Arson,21
2012,12,Burglary Non-Residential,162
2012,12,Burglary Residential,568
2012,12,DRIVING UNDER THE INFLUENCE,48
2012,12,Disorderly Conduct,192
2012,12,Embezzlement,29
2012,12,Forgery and Counterfeiting,25
2012,12,Fraud,820
2012,12,Gambling Violations,16
2012,12,Liquor Law Violations,7
2012,12,Motor Vehicle Theft,189
2012,12,Narcotic / Drug Law Violations,464
2012,12,Offenses Against Family and Children,3
2012,12,Other Assaults,1303
2012,12,Other Sex Offenses (Not Commercialized),82
2012,12,Prostitution and Commercialized Vice,29
2012,12,Public Drunkenness,7
2012,12,Rape,34
2012,12,Receiving Stolen Property,3
2012,12,Robbery Firearm,103
2012,12,Robbery No Firearm,207
2012,12,Theft from Vehicle,833
2012,12,Thefts,1726
2012,12,Vagrancy/Loitering,7
2012,12,Vandalism/Criminal Mischief,881
2012,12,Weapon Violations,65
2012,13,Aggravated Assault Firearm,84
2012,13,Aggravated Assault No Firearm,266
2012,13,All Other Offenses,1327
2012,13,Arson,26
2012,13,Burglary Non-Residential,80
2012,13,Burglary Residential,526
2012,13,DRIVING UNDER THE INFLUENCE,44
2012,13,Disorderly Conduct,191
2012,13,Embezzlement,29
2012,13,Forgery and Counterfeiting,31
2012,13,Fraud,790
2012,13,Gambling Violations,7
2012,13,Liquor Law Violations,17
2012,13,Motor Vehicle Theft,186
2012,13,Narcotic / Drug Law Violations,470
2012,13,Offenses Against Family and Children,9
2012,13,Other Assaults,1399
2012,13,Other Sex Offenses (Not Commercialized),94
2012,13,Prostitution and Commercialized Vice,4
2012,13,Public Drunkenness,10
2012,13,Rape,56
2012,13,Receiving Stolen Property,4
2012,13,Robbery Firearm,102
2012,13,Robbery No Firearm,218
2012,13,Theft from Vehicle,775
2012,13,Thefts,1794
2012,13,Vagrancy/Loitering,19
2012,13,Vandalism/Criminal Mischief,794
2012,13,Weapon Violations,51
2012,14,Aggravated Assault Firearm,71
2012,14,Aggravated Assault No Firearm,220
2012,14,All Other Offenses,1032
2012,14,Arson,15
2012,14,Burglary Non-Residential,66
2012,14,Burglary Residential,348
2012,14,DRIVING UNDER THE INFLUENCE,35
2012,14,Disorderly Conduct,153
2012,14,Embezzlement,25
2012,14,Forgery and Counterfeiting,13
2012,14,Fraud,726
2012,14,Gambling Violations,8
2012,14,Liquor Law Violations,18
2012,14,Motor Vehicle Theft,126
2012,14,Narcotic / Drug Law Violations,484
2012,14,Offenses Against Family and Children,6
2012,14,Other Assaults,1121
2012,14,Other Sex Offenses (Not Commercialized),94
2012,14,Prostitution and Commercialized Vice,2
2012,14,Public Drunkenness,6
2012,14,Rape,27
2012,14,Receiving Stolen Property,6
2012,14,Robbery Firearm,98
2012,14,Robbery No Firearm,184
2012,14,Theft from Vehicle,712
2012,14,Thefts,1582
2012,14,Vagrancy/Loitering,12
2012,14,Vandalism/Criminal Mischief,650
2012,14,Weapon Violations,54
2012,15,Aggravated Assault Firearm,108
2012,15,Aggravated Assault No Firearm,285
2012,15,All Other Offenses,999
2012,15,Arson,15
2012,15,Burglary Non-Residential,84
2012,15,Burglary Residential,536
2012,15,DRIVING UNDER THE INFLUENCE,42
2012,15,Disorderly Conduct,199
2012,15,Embezzlement,34
2012,15,Forgery and Counterfeiting,24
2012,15,Fraud,801
2012,15,Gambling Violations,4
2012,15,Liquor Law Violations,1
2012,15,Motor Vehicle Theft,149
2012,15,Narcotic / Drug Law Violations,530
2012,15,Offenses Against Family and Children,8
2012,15,Other Assaults,1391
2012,15,Other Sex Offenses (Not Commercialized),113
2012,15,Public Drunkenness,7
2012,15,Rape,54
2012,15,Receiving Stolen Property,1
2012,15,Robbery Firearm,109
2012,15,Robbery No Firearm,215
2012,15,Theft from Vehicle,700
2012,15,Thefts,1848
2012,15,Vagrancy/Loitering,8
2012,15,Vandalism/Criminal Mischief,745
2012,15,Weapon Violations,45
2012,16,Aggravated Assault Firearm,118
2012,16,Aggravated Assault No Firearm,345
2012,16,All Other Offenses,1386
2012,16,Arson,18
2012,16,Burglary Non-Residential,88
2012,16,Burglary Residential,825
2012,16,DRIVING UNDER THE INFLUENCE,63
2012,16,Disorderly Conduct,253
2012,16,Embezzlement,33
2012,16,Forgery and Counterfeiting,22
2012,16,Fraud,834
2012,16,Gambling Violations,1
2012,16,Liquor Law Violations,4
2012,16,Motor Vehicle Theft,181
2012,16,Narcotic / Drug Law Violations,625
2012,16,Offenses Against Family and Children,8
2012,16,Other Assaults,1788
2012,16,Other Sex Offenses (Not Commercialized),118
2012,16,Public Drunkenness,11
2012,16,Rape,66
2012,16,Receiving Stolen Property,4
2012,16,Robbery Firearm,127
2012,16,Robbery No Firearm,261
2012,16,Theft from Vehicle,795
2012,16,Thefts,2213
2012,16,Vagrancy/Loitering,11
2012,16,Vandalism/Criminal Mischief,993
2012,16,Weapon Violations,37
2012,17,Aggravated Assault Firearm,116
2012,17,Aggravated Assault No Firearm,317
2012,17,All Other Offenses,1452
2012,17,Arson,11
2012,17,Burglary Non-Residential,81
2012,17,Burglary Residential,698
2012,17,DRIVING UNDER THE INFLUENCE,94
2012,17,Disorderly Conduct,200
2012,17,Embezzlement,22
2012,17,Forgery and Counterfeiting,20
2012,17,Fraud,757
2012,17,Gambling Violations,6
2012,17,Liquor Law Violations,3
2012,17,Motor Vehicle Theft,187
2012,17,Narcotic / Drug Law Violations,692
2012,17,Offenses Against Family and Children,16
2012,17,Other Assaults,1608
2012,17,Other Sex Offenses (Not Commercialized),124
2012,17,Public Drunkenness,17
2012,17,Rape,51
2012,17,Receiving Stolen Property,2
2012,17,Robbery Firearm,116
2012,17,Robbery No Firearm,255
2012,17,Theft from Vehicle,667
2012,17,Thefts,1938
2012,17,Vagrancy/Loitering,11
2012,17,Vandalism/Criminal Mischief,901
2012,17,Weapon Violations,53
2012,18,Aggravated Assault Firearm,136
2012,18,Aggravated Assault No Firearm,354
2012,18,All Other Offenses,1572
2012,18,Arson,13
2012,18,Burglary Non-Residential,51
2012,18,Burglary Residential,628
2012,18,DRIVING UNDER THE INFLUENCE,140
2012,18,Disorderly Conduct,217
2012,18,Embezzlement,19
2012,18,Forgery and Counterfeiting,16
2012,18,Fraud,554
2012,18,Gambling Violations,3
2012,18,Liquor Law Violations,20
2012,18,Motor Vehicle Theft,153
2012,18,Narcotic / Drug Law Violations,886
2012,18,Offenses Against Family and Children,5
2012,18,Other Assaults,1610
2012,18,Other Sex Offenses (Not Commercialized),111
2012,18,Public Drunkenness,16
2012,18,Rape,39
2012,18,Receiving Stolen Property,4
2012,18,Robbery Firearm,143
2012,18,Robbery No Firearm,262
2012,18,Theft from Vehicle,625
2012,18,Thefts,1745
2012,18,Vagrancy/Loitering,24
2012,18,Vandalism/Criminal Mischief,811
2012,18,Weapon Violations,64
2012,19,Aggravated Assault Firearm,130
2012,19,Aggravated Assault No Firearm,329
2012,19,All Other Offenses,1894
2012,19,Arson,16
2012,19,Burglary Non-Residential,34
2012,19,Burglary Residential,571
2012,19,DRIVING UNDER THE INFLUENCE,181
2012,19,Disorderly Conduct,304
2012,19,Embezzlement,12
2012,19,Forgery and Counterfeiting,12
2012,19,Fraud,452
2012,19,Gambling Violations,5
2012,19,Liquor Law Violations,78
2012,19,Motor Vehicle Theft,126
2012,19,Narcotic / Drug Law Violations,1379
2012,19,Offenses Against Family and Children,8
2012,19,Other Assaults,1430
2012,19,Other Sex Offenses (Not Commercialized),94
2012,19,Prostitution and Commercialized Vice,3
2012,19,Public Drunkenness,21
2012,19,Rape,47
2012,19,Receiving Stolen Property,3
2012,19,Robbery Firearm,180
2012,19,Robbery No Firearm,268
2012,19,Theft from Vehicle,510
2012,19,Thefts,1536
2012,19,Vagrancy/Loitering,43
2012,19,Vandalism/Criminal Mischief,774
2012,19,Weapon Violations,90
2012,20,Aggravated Assault Firearm,142
2012,20,Aggravated Assault No Firearm,360
2012,20,All Other Offenses,1847
2012,20,Arson,22
2012,20,Burglary Non-Residential,32
2012,20,Burglary Residential,514
2012,20,DRIVING UNDER THE INFLUENCE,202
2012,20,Disorderly Conduct,284
2012,20,Embezzlement,10
2012,20,Forgery and Counterfeiting,14
2012,20,Fraud,361
2012,20,Gambling Violations,2
2012,20,Liquor Law Violations,116
2012,20,Motor Vehicle Theft,109
2012,20,Narcotic / Drug Law Violations,1277
2012,20,Offenses Against Family and Children,6
2012,20,Other Assaults,1416
2012,20,Other Sex Offenses (Not Commercialized),93
2012,20,Prostitution and Commercialized Vice,9
2012,20,Public Drunkenness,23
2012,20,Rape,33
2012,20,Receiving Stolen Property,7
2012,20,Robbery Firearm,190
2012,20,Robbery No Firearm,257
2012,20,Theft from Vehicle,420
2012,20,Thefts,1273
2012,20,Vagrancy/Loitering,49
2012,20,Vandalism/Criminal Mischief,712
2012,20,Weapon Violations,112
2012,21,Aggravated Assault Firearm,167
2012,21,Aggravated Assault No Firearm,342
2012,21,All Other Offenses,2753
2012,21,Arson,21
2012,21,Burglary Non-Residential,31
2012,21,Burglary Residential,455
2012,21,DRIVING UNDER THE INFLUENCE,329
2012,21,Disorderly Conduct,260
2012,21,Embezzlement,5
2012,21,Forgery and Counterfeiting,8
2012,21,Fraud,247
2012,21,Liquor Law Violations,67
2012,21,Motor Vehicle Theft,113
2012,21,Narcotic / Drug Law Violations,1185
2012,21,Offenses Against Family and Children,9
2012,21,Other Assaults,1316
2012,21,Other Sex Offenses (Not Commercialized),91
2012,21,Prostitution and Commercialized Vice,57
2012,21,Public Drunkenness,22
2012,21,Rape,52
2012,21,Receiving Stolen Property,3
2012,21,Robbery Firearm,258
2012,21,Robbery No Firearm,218
2012,21,Theft from Vehicle,360
2012,21,Thefts,930
2012,21,Vagrancy/Loitering,35
2012,21,Vandalism/Criminal Mischief,683
2012,21,Weapon Violations,114
2012,22,Aggravated Assault Firearm,156
2012,22,Aggravated Assault No Firearm,313
2012,22,All Other Offenses,4589
2012,22,Arson,17
2012,22,Burglary Non-Residential,36
2012,22,Burglary Residential,270
2012,22,DRIVING UNDER THE INFLUENCE,386
2012,22,Disorderly Conduct,172
2012,22,Embezzlement,4
2012,22,Forgery and Counterfeiting,4
2012,22,Fraud,114
2012,22,Liquor Law Violations,31
2012,22,Motor Vehicle Theft,75
2012,22,Narcotic / Drug Law Violations,920
2012,22,Offenses Against Family and Children,7
2012,22,Other Assaults,954
2012,22,Other Sex Offenses (Not Commercialized),72
2012,22,Prostitution and Commercialized Vice,314
2012,22,Public Drunkenness,22
2012,22,Rape,26
2012,22,Receiving Stolen Property,3
2012,22,Robbery Firearm,281
2012,22,Robbery No Firearm,255
2012,22,Theft from Vehicle,287
2012,22,Thefts,647
2012,22,Vagrancy/Loitering,22
2012,22,Vandalism/Criminal Mischief,617
2012,22,Weapon Violations,101
2012,23,Aggravated Assault Firearm,165
2012,23,Aggravated Assault No Firearm,352
2012,23,All Other Offenses,4255
2012,23,Arson,26
2012,23,Burglary Non-Residential,38
2012,23,Burglary Residential,357
2012,23,DRIVING UNDER THE INFLUENCE,457
2012,23,Disorderly Conduct,149
2012,23,Embezzlement,4
2012,23,Forgery and Counterfeiting,7
2012,23,Fraud,90
2012,23,Gambling Violations,1
2012,23,Liquor Law Violations,40
2012,23,Motor Vehicle Theft,74
2012,23,Narcotic / Drug Law Violations,619
2012,23,Offenses Against Family and Children,5
2012,23,Other Assaults,1010
2012,23,Other Sex Offenses (Not Commercialized),47
2012,23,Prostitution and Commercialized Vice,652
2012,23,Public Drunkenness,22
2012,23,Rape,31
2012,23,Receiving Stolen Property,2
2012,23,Robbery Firearm,262
2012,23,Robbery No Firearm,217
2012,23,Theft from Vehicle,263
2012,23,Thefts,515
2012,23,Vagrancy/Loitering,22
2012,23,Vandalism/Criminal Mischief,685
2012,23,Weapon Violations,90
2013,0,Aggravated Assault Firearm,134
2013,0,Aggravated Assault No Firearm,317
2013,0,All Other Offenses,4108
2013,0,Arson,31
2013,0,Burglary Non-Residential,36
2013,0,Burglary Residential,301
2013,0,DRIVING UNDER THE INFLUENCE,410
2013,0,Disorderly Conduct,143
2013,0,Embezzlement,3
2013,0,Forgery and Counterfeiting,3
2013,0,Fraud,80
2013,0,Homicide - Criminal,239
2013,0,Homicide - Justifiable,3
2013,0,Liquor Law Violations,40
2013,0,Motor Vehicle Theft,73
2013,0,Narcotic / Drug Law Violations,352
2013,0,Offenses Against Family and Children,9
2013,0,Other Assaults,861
2013,0,Other Sex Offenses (Not Commercialized),26
2013,0,Prostitution and Commercialized Vice,9
2013,0,Public Drunkenness,38
2013,0,Rape,51
2013,0,Receiving Stolen Property,3
2013,0,Robbery Firearm,242
2013,0,Robbery No Firearm,203
2013,0,Theft from Vehicle,239
2013,0,Thefts,444
2013,0,Vagrancy/Loitering,7
2013,0,Vandalism/Criminal Mischief,533
2013,0,Weapon Violations,73
2013,1,Aggravated Assault Firearm,128
2013,1,Aggravated Assault No Firearm,263
2013,1,All Other Offenses,2659
2013,1,Arson,32
2013,1,Burglary Non-Residential,38
2013,1,Burglary Residential,200
2013,1,DRIVING UNDER THE INFLUENCE,501
2013,1,Disorderly Conduct,167
2013,1,Embezzlement,3
2013,1,Forgery and Counterfeiting,2
2013,1,Fraud,50
2013,1,Gambling Violations,1
2013,1,Liquor Law Violations,31
2013,1,Motor Vehicle Theft,54
2013,1,Narcotic / Drug Law Violations,233
2013,1,Offenses Against Family and Children,4
2013,1,Other Assaults,663
2013,1,Other Sex Offenses (Not Commercialized),15
2013,1,Prostitution and Commercialized Vice,4
2013,1,Public Drunkenness,39
2013,1,Rape,43
2013,1,Receiving Stolen Property,3
2013,1,Robbery Firearm,187
2013,1,Robbery No Firearm,188
2013,1,Theft from Vehicle,187
2013,1,Thefts,352
2013,1,Vagrancy/Loitering,8
2013,1,Vandalism/Criminal Mischief,442
2013,1,Weapon Violations,50
2013,2,Aggravated Assault Firearm,116
2013,2,Aggravated Assault No Firearm,253
2013,2,All Other Offenses,1290
2013,2,Arson,40
2013,2,Burglary Non-Residential,49
2013,2,Burglary Residential,160
2013,2,DRIVING UNDER THE INFLUENCE,486
2013,2,Disorderly Conduct,141
2013,2,Forgery and Counterfeiting,1
2013,2,Fraud,30
2013,2,Liquor Law Violations,24
2013,2,Motor Vehicle Theft,59
2013,2,Narcotic / Drug Law Violations,149
2013,2,Offenses Against Family and Children,6
2013,2,Other Assaults,566
2013,2,Other Sex Offenses (Not Commercialized),11
2013,2,Prostitution and Commercialized Vice,9
2013,2,Public Drunkenness,50
2013,2,Rape,45
2013,2,Robbery Firearm,165
2013,2,Robbery No Firearm,173
2013,2,Theft from Vehicle,219
2013,2,Thefts,236
2013,2,Vagrancy/Loitering,5
2013,2,Vandalism/Criminal Mischief,396
2013,2,Weapon Violations,51
2013,3,Aggravated Assault Firearm,82
2013,3,Aggravated Assault No Firearm,180
2013,3,All Other Offenses,777
2013,3,Arson,32
2013,3,Burglary Non-Residential,56
2013,3,Burglary Residential,137
2013,3,DRIVING UNDER THE INFLUENCE,335
2013,3,Disorderly Conduct,67
2013,3,Embezzlement,1
2013,3,Forgery and Counterfeiting,1
2013,3,Fraud,27
2013,3,Liquor Law Violations,23
2013,3,Motor Vehicle Theft,38
2013,3,Narcotic / Drug Law Violations,83
2013,3,Offenses Against Family and Children,1
2013,3,Other Assaults,424
2013,3,Other Sex Offenses (Not Commercialized),11
2013,3,Prostitution and Commercialized Vice,24
2013,3,Public Drunkenness,25
2013,3,Rape,33
2013,3,Receiving Stolen Property,3
2013,3,Robbery Firearm,133
2013,3,Robbery No Firearm,125
2013,3,Theft from Vehicle,156
2013,3,Thefts,216
2013,3,Vagrancy/Loitering,2
2013,3,Vandalism/Criminal Mischief,331
2013,3,Weapon Violations,36
2013,4,Aggravated Assault Firearm,47
2013,4,Aggravated Assault No Firearm,127
2013,4,All Other Offenses,370
2013,4,Arson,20
2013,4,Burglary Non-Residential,60
2013,4,Burglary Residential,103
2013,4,DRIVING UNDER THE INFLUENCE,175
2013,4,Disorderly Conduct,38
2013,4,Fraud,13
2013,4,Liquor Law Violations,9
2013,4,Motor Vehicle Theft,27
2013,4,Narcotic / Drug Law Violations,39
2013,4,Offenses Against Family and Children,2
2013,4,Other Assaults,311
2013,4,Other Sex Offenses (Not Commercialized),4
2013,4,Prostitution and Commercialized Vice,8
2013,4,Public Drunkenness,6
2013,4,Rape,40
2013,4,Robbery Firearm,93
2013,4,Robbery No Firearm,105
2013,4,Theft from Vehicle,145
2013,4,Thefts,132
2013,4,Vagrancy/Loitering,7
2013,4,Vandalism/Criminal Mischief,234
2013,4,Weapon Violations,14
2013,5,Aggravated Assault Firearm,28
2013,5,Aggravated Assault No Firearm,84
2013,5,All Other Offenses,196
2013,5,Arson,22
2013,5,Burglary Non-Residential,56
2013,5,Burglary Residential,101
2013,5,DRIVING UNDER THE INFLUENCE,76
2013,5,Disorderly Conduct,16
2013,5,Embezzlement,1
2013,5,Fraud,16
2013,5,Motor Vehicle Theft,28
2013,5,Narcotic / Drug Law Violations,35
2013,5,Offenses Against Family and Children,1
2013,5,Other Assaults,209
2013,5,Other Sex Offenses (Not Commercialized),8
2013,5,Prostitution and Commercialized Vice,1
2013,5,Public Drunkenness,3
2013,5,Rape,18
2013,5,Receiving Stolen Property,1
2013,5,Robbery Firearm,64
2013,5,Robbery No Firearm,65
2013,5,Theft from Vehicle,187
2013,5,Thefts,129
2013,5,Vagrancy/Loitering,12
2013,5,Vandalism/Criminal Mischief,187
2013,5,Weapon Violations,4
2013,6,Aggravated Assault Firearm,22
2013,6,Aggravated Assault No Firearm,60
2013,6,All Other Offenses,118
2013,6,Arson,6
2013,6,Burglary Non-Residential,46
2013,6,Burglary Residential,67
2013,6,DRIVING UNDER THE INFLUENCE,25
2013,6,Disorderly Conduct,23
2013,6,Embezzlement,5
2013,6,Fraud,20
2013,6,Motor Vehicle Theft,30
2013,6,Narcotic / Drug Law Violations,20
2013,6,Offenses Against Family and Children,3
2013,6,Other Assaults,145
2013,6,Other Sex Offenses (Not Commercialized),6
2013,6,Rape,19
2013,6,Robbery Firearm,51
2013,6,Robbery No Firearm,62
2013,6,Theft from Vehicle,335
2013,6,Thefts,100
2013,6,Vagrancy/Loitering,9
2013,6,Vandalism/Criminal Mischief,260
2013,6,Weapon Violations,7
2013,7,Aggravated Assault Firearm,30
2013,7,Aggravated Assault No Firearm,99
2013,7,All Other Offenses,237
2013,7,Arson,11
2013,7,Burglary Non-Residential,98
2013,7,Burglary Residential,136
2013,7,DRIVING UNDER THE INFLUENCE,24
2013,7,Disorderly Conduct,16
2013,7,Embezzlement,8
2013,7,Fraud,61
2013,7,Motor Vehicle Theft,83
2013,7,Narcotic / Drug Law Violations,37
2013,7,Offenses Against Family and Children,2
2013,7,Other Assaults,288
2013,7,Other Sex Offenses (Not Commercialized),11
2013,7,Prostitution and Commercialized Vice,3
2013,7,Public Drunkenness,2
2013,7,Rape,23
2013,7,Robbery Firearm,43
2013,7,Robbery No Firearm,71
2013,7,Theft from Vehicle,751
2013,7,Thefts,296
2013,7,Vagrancy/Loitering,10
2013,7,Vandalism/Criminal Mischief,540
2013,7,Weapon Violations,10
2013,8,Aggravated Assault Firearm,56
2013,8,Aggravated Assault No Firearm,130
2013,8,All Other Offenses,603
2013,8,Arson,12
2013,8,Burglary Non-Residential,185
2013,8,Burglary Residential,368
2013,8,DRIVING UNDER THE INFLUENCE,26
2013,8,Disorderly Conduct,63
2013,8,Embezzlement,8
2013,8,Forgery and Counterfeiting,4
2013,8,Fraud,200
2013,8,Motor Vehicle Theft,171
2013,8,Narcotic / Drug Law Violations,143
2013,8,Offenses Against Family and Children,3
2013,8,Other Assaults,712
2013,8,Other Sex Offenses (Not Commercialized),38
2013,8,Prostitution and Commercialized Vice,2
2013,8,Public Drunkenness,3
2013,8,Rape,35
2013,8,Receiving Stolen Property,1
2013,8,Robbery Firearm,43
2013,8,Robbery No Firearm,97
2013,8,Theft from Vehicle,1083
2013,8,Thefts,651
2013,8,Vagrancy/Loitering,1
2013,8,Vandalism/Criminal Mischief,872
2013,8,Weapon Violations,92
2013,9,Aggravated Assault Firearm,42
2013,9,Aggravated Assault No Firearm,177
2013,9,All Other Offenses,1064
2013,9,Arson,10
2013,9,Burglary Non-Residential,184
2013,9,Burglary Residential,453
2013,9,DRIVING UNDER THE INFLUENCE,42
2013,9,Disorderly Conduct,108
2013,9,Embezzlement,22
2013,9,Forgery and Counterfeiting,13
2013,9,Fraud,433
2013,9,Liquor Law Violations,3
2013,9,Motor Vehicle Theft,168
2013,9,Narcotic / Drug Law Violations,319
2013,9,Offenses Against Family and Children,9
2013,9,Other Assaults,1067
2013,9,Other Sex Offenses (Not Commercialized),63
2013,9,Prostitution and Commercialized Vice,30
2013,9,Public Drunkenness,4
2013,9,Rape,45
2013,9,Receiving Stolen Property,1
2013,9,Robbery Firearm,50
2013,9,Robbery No Firearm,120
2013,9,Theft from Vehicle,1041
2013,9,Thefts,920
2013,9,Vagrancy/Loitering,4
2013,9,Vandalism/Criminal Mischief,867
2013,9,Weapon Violations,96
2013,10,Aggravated Assault Firearm,64
2013,10,Aggravated Assault No Firearm,217
2013,10,All Other Offenses,1333
2013,10,Arson,22
2013,10,Burglary Non-Residential,174
2013,10,Burglary Residential,505
2013,10,DRIVING UNDER THE INFLUENCE,55
2013,10,Disorderly Conduct,140
2013,10,Embezzlement,29
2013,10,Forgery and Counterfeiting,18
2013,10,Fraud,615
2013,10,Gambling Violations,1
2013,10,Liquor Law Violations,4
2013,10,Motor Vehicle Theft,170
2013,10,Narcotic / Drug Law Violations,407
2013,10,Offenses Against Family and Children,5
2013,10,Other Assaults,1131
2013,10,Other Sex Offenses (Not Commercialized),60
2013,10,Prostitution and Commercialized Vice,91
2013,10,Public Drunkenness,10
2013,10,Rape,64
2013,10,Receiving Stolen Property,1
2013,10,Robbery Firearm,72
2013,10,Robbery No Firearm,157
2013,10,Theft from Vehicle,930
2013,10,Thefts,1198
2013,10,Vagrancy/Loitering,2
2013,10,Vandalism/Criminal Mischief,862
2013,10,Weapon Violations,75
2013,11,Aggravated Assault Firearm,77
2013,11,Aggravated Assault No Firearm,252
2013,11,All Other Offenses,1529
2013,11,Arson,23
2013,11,Burglary Non-Residential,139
2013,11,Burglary Residential,554
2013,11,DRIVING UNDER THE INFLUENCE,38
2013,11,Disorderly Conduct,185
2013,11,Embezzlement,31
2013,11,Forgery and Counterfeiting,23
2013,11,Fraud,727
2013,11,Gambling Violations,4
2013,11,Liquor Law Violations,6
2013,11,Motor Vehicle Theft,162
2013,11,Narcotic / Drug Law Violations,525
2013,11,Offenses Against Family and Children,7
2013,11,Other Assaults,1216
2013,11,Other Sex Offenses (Not Commercialized),70
2013,11,Prostitution and Commercialized Vice,68
2013,11,Public Drunkenness,16
2013,11,Rape,66
2013,11,Receiving Stolen Property,3
2013,11,Robbery Firearm,85
2013,11,Robbery No Firearm,158
2013,11,Theft from Vehicle,891
2013,11,Thefts,1407
2013,11,Vagrancy/Loitering,5
2013,11,Vandalism/Criminal Mischief,854
2013,11,Weapon Violations,79
2013,12,Aggravated Assault Firearm,78
2013,12,Aggravated Assault No Firearm,230
2013,12,All Other Offenses,1434
2013,12,Arson,14
2013,12,Burglary Non-Residential,95
2013,12,Burglary Residential,544
2013,12,DRIVING UNDER THE INFLUENCE,45
2013,12,Disorderly Conduct,151
2013,12,Embezzlement,33
2013,12,Forgery and Counterfeiting,21
2013,12,Fraud,785
2013,12,Gambling Violations,5
2013,12,Liquor Law Violations,6
2013,12,Motor Vehicle Theft,141
2013,12,Narcotic / Drug Law Violations,448
2013,12,Offenses Against Family and Children,8
2013,12,Other Assaults,1304
2013,12,Other Sex Offenses (Not Commercialized),77
2013,12,Prostitution and Commercialized Vice,67
2013,12,Public Drunkenness,5
2013,12,Rape,61
2013,12,Receiving Stolen Property,3
2013,12,Robbery Firearm,70
2013,12,Robbery No Firearm,187
2013,12,Theft from Vehicle,777
2013,12,Thefts,1587
2013,12,Vagrancy/Loitering,7
2013,12,Vandalism/Criminal Mischief,791
2013,12,Weapon Violations,66
2013,13,Aggravated Assault Firearm,73
2013,13,Aggravated Assault No Firearm,255
2013,13,All Other Offenses,1273
2013,13,Arson,21
2013,13,Burglary Non-Residential,107
2013,13,Burglary Residential,531
2013,13,DRIVING UNDER THE INFLUENCE,45
2013,13,Disorderly Conduct,167
2013,13,Embezzlement,55
2013,13,Forgery and Counterfeiting,30
2013,13,Fraud,839
2013,13,Gambling Violations,3
2013,13,Liquor Law Violations,5
2013,13,Motor Vehicle Theft,134
2013,13,Narcotic / Drug Law Violations,463
2013,13,Offenses Against Family and Children,3
2013,13,Other Assaults,1343
2013,13,Other Sex Offenses (Not Commercialized),75
2013,13,Prostitution and Commercialized Vice,23
2013,13,Public Drunkenness,12
2013,13,Rape,83
2013,13,Receiving Stolen Property,3
2013,13,Robbery Firearm,91
2013,13,Robbery No Firearm,185
2013,13,Theft from Vehicle,797
2013,13,Thefts,1759
2013,13,Vagrancy/Loitering,8
2013,13,Vandalism/Criminal Mischief,785
2013,13,Weapon Violations,63
2013,14,Aggravated Assault Firearm,76
2013,14,Aggravated Assault No Firearm,228
2013,14,All Other Offenses,1002
2013,14,Arson,15
2013,14,Burglary Non-Residential,48
2013,14,Burglary Residential,327
2013,14,DRIVING UNDER THE INFLUENCE,35
2013,14,Disorderly Conduct,128
2013,14,Embezzlement,20
2013,14,Forgery and Counterfeiting,17
2013,14,Fraud,669
2013,14,Gambling Violations,4
2013,14,Liquor Law Violations,3
2013,14,Motor Vehicle Theft,92
2013,14,Narcotic / Drug Law Violations,530
2013,14,Offenses Against Family and Children,5
2013,14,Other Assaults,1129
2013,14,Other Sex Offenses (Not Commercialized),53
2013,14,Prostitution and Commercialized Vice,15
2013,14,Public Drunkenness,8
2013,14,Rape,63
2013,14,Receiving Stolen Property,1
2013,14,Robbery Firearm,82
2013,14,Robbery No Firearm,177
2013,14,Theft from Vehicle,695
2013,14,Thefts,1529
2013,14,Vagrancy/Loitering,1
2013,14,Vandalism/Criminal Mischief,544
2013,14,Weapon Violations,49
2013,15,Aggravated Assault Firearm,74
2013,15,Aggravated Assault No Firearm,217
2013,15,All Other Offenses,968
2013,15,Arson,4
2013,15,Burglary Non-Residential,52
2013,15,Burglary Residential,392
2013,15,DRIVING UNDER THE INFLUENCE,38
2013,15,Disorderly Conduct,172
2013,15,Embezzlement,36
2013,15,Forgery and Counterfeiting,17
2013,15,Fraud,713
2013,15,Gambling Violations,2
2013,15,Liquor Law Violations,6
2013,15,Motor Vehicle Theft,118
2013,15,Narcotic / Drug Law Violations,575
2013,15,Offenses Against Family and Children,11
2013,15,Other Assaults,1272
2013,15,Other Sex Offenses (Not Commercialized),89
2013,15,Prostitution and Commercialized Vice,10
2013,15,Public Drunkenness,5
2013,15,Rape,64
2013,15,Receiving Stolen Property,4
2013,15,Robbery Firearm,88
2013,15,Robbery No Firearm,241
2013,15,Theft from Vehicle,681
2013,15,Thefts,1719
2013,15,Vagrancy/Loitering,8
2013,15,Vandalism/Criminal Mischief,702
2013,15,Weapon Violations,37
2013,16,Aggravated Assault Firearm,96
2013,16,Aggravated Assault No Firearm,334
2013,16,All Other Offenses,1473
2013,16,Arson,12
2013,16,Burglary Non-Residential,76
2013,16,Burglary Residential,730
2013,16,DRIVING UNDER THE INFLUENCE,70
2013,16,Disorderly Conduct,187
2013,16,Embezzlement,32
2013,16,Forgery and Counterfeiting,17
2013,16,Fraud,908
2013,16,Gambling Violations,4
2013,16,Liquor Law Violations,7
2013,16,Motor Vehicle Theft,157
2013,16,Narcotic / Drug Law Violations,581
2013,16,Offenses Against Family and Children,10
2013,16,Other Assaults,1678
2013,16,Other Sex Offenses (Not Commercialized),75
2013,16,Prostitution and Commercialized Vice,6
2013,16,Public Drunkenness,11
2013,16,Rape,82
2013,16,Receiving Stolen Property,5
2013,16,Robbery Firearm,115
2013,16,Robbery No Firearm,260
2013,16,Theft from Vehicle,729
2013,16,Thefts,2183
2013,16,Vagrancy/Loitering,8
2013,16,Vandalism/Criminal Mischief,852
2013,16,Weapon Violations,42
2013,17,Aggravated Assault Firearm,107
2013,17,Aggravated Assault No Firearm,290
2013,17,All Other Offenses,1565
2013,17,Arson,13
2013,17,Burglary Non-Residential,56
2013,17,Burglary Residential,643
2013,17,DRIVING UNDER THE INFLUENCE,96
2013,17,Disorderly Conduct,169
2013,17,Embezzlement,20
2013,17,Forgery and Counterfeiting,19
2013,17,Fraud,640
2013,17,Gambling Violations,7
2013,17,Liquor Law Violations,2
2013,17,Motor Vehicle Theft,153
2013,17,Narcotic / Drug Law Violations,640
2013,17,Offenses Against Family and Children,6
2013,17,Other Assaults,1546
2013,17,Other Sex Offenses (Not Commercialized),86
2013,17,Public Drunkenness,9
2013,17,Rape,72
2013,17,Receiving Stolen Property,2
2013,17,Robbery Firearm,142
2013,17,Robbery No Firearm,258
2013,17,Theft from Vehicle,650
2013,17,Thefts,1889
2013,17,Vagrancy/Loitering,9
2013,17,Vandalism/Criminal Mischief,779
2013,17,Weapon Violations,45
2013,18,Aggravated Assault Firearm,120
2013,18,Aggravated Assault No Firearm,320
2013,18,All Other Offenses,1547
2013,18,Arson,12
2013,18,Burglary Non-Residential,35
2013,18,Burglary Residential,573
2013,18,DRIVING UNDER THE INFLUENCE,124
2013,18,Disorderly Conduct,144
2013,18,Embezzlement,20
2013,18,Forgery and Counterfeiting,11
2013,18,Fraud,626
2013,18,Gambling Violations,5
2013,18,Liquor Law Violations,3
2013,18,Motor Vehicle Theft,117
2013,18,Narcotic / Drug Law Violations,856
2013,18,Offenses Against Family and Children,10
2013,18,Other Assaults,1443
2013,18,Other Sex Offenses (Not Commercialized),77
2013,18,Prostitution and Commercialized Vice,1
2013,18,Public Drunkenness,14
2013,18,Rape,74
2013,18,Receiving Stolen Property,4
2013,18,Robbery Firearm,146
2013,18,Robbery No Firearm,260
2013,18,Theft from Vehicle,615
2013,18,Thefts,1720
2013,18,Vagrancy/Loitering,8
2013,18,Vandalism/Criminal Mischief,736
2013,18,Weapon Violations,56
2013,19,Aggravated Assault Firearm,135
2013,19,Aggravated Assault No Firearm,319
2013,19,All Other Offenses,1813
2013,19,Arson,10
2013,19,Burglary Non-Residential,27
2013,19,Burglary Residential,481
2013,19,DRIVING UNDER THE INFLUENCE,179
2013,19,Disorderly Conduct,180
2013,19,Embezzlement,9
2013,19,Forgery and Counterfeiting,8
2013,19,Fraud,465
2013,19,Gambling Violations,5
2013,19,Liquor Law Violations,22
2013,19,Motor Vehicle Theft,109
2013,19,Narcotic / Drug Law Violations,1358
2013,19,Offenses Against Family and Children,6
2013,19,Other Assaults,1389
2013,19,Other Sex Offenses (Not Commercialized),70
2013,19,Prostitution and Commercialized Vice,49
2013,19,Public Drunkenness,18
2013,19,Rape,72
2013,19,Receiving Stolen Property,2
2013,19,Robbery Firearm,157
2013,19,Robbery No Firearm,248
2013,19,Theft from Vehicle,506
2013,19,Thefts,1525
2013,19,Vagrancy/Loitering,25
2013,19,Vandalism/Criminal Mischief,739
2013,19,Weapon Violations,77
2013,20,Aggravated Assault Firearm,149
2013,20,Aggravated Assault No Firearm,337
2013,20,All Other Offenses,2172
2013,20,Arson,26
2013,20,Burglary Non-Residential,32
2013,20,Burglary Residential,463
2013,20,DRIVING UNDER THE INFLUENCE,217
2013,20,Disorderly Conduct,188
2013,20,Embezzlement,8
2013,20,Forgery and Counterfeiting,13
2013,20,Fraud,394
2013,20,Gambling Violations,1
2013,20,Liquor Law Violations,62
2013,20,Motor Vehicle Theft,116
2013,20,Narcotic / Drug Law Violations,1311
2013,20,Offenses Against Family and Children,7
2013,20,Other Assaults,1328
2013,20,Other Sex Offenses (Not Commercialized),76
2013,20,Prostitution and Commercialized Vice,89
2013,20,Public Drunkenness,20
2013,20,Rape,60
2013,20,Receiving Stolen Property,5
2013,20,Robbery Firearm,175
2013,20,Robbery No Firearm,252
2013,20,Theft from Vehicle,451
2013,20,Thefts,1306
2013,20,Vagrancy/Loitering,31
2013,20,Vandalism/Criminal Mischief,686
2013,20,Weapon Violations,89
2013,21,Aggravated Assault Firearm,163
2013,21,Aggravated Assault No Firearm,321
2013,21,All Other Offenses,3076
2013,21,Arson,20
2013,21,Burglary Non-Residential,17
2013,21,Burglary Residential,364
2013,21,DRIVING UNDER THE INFLUENCE,324
2013,21,Disorderly Conduct,186
2013,21,Embezzlement,7
2013,21,Forgery and Counterfeiting,11
2013,21,Fraud,257
2013,21,Gambling Violations,4
2013,21,Liquor Law Violations,46
2013,21,Motor Vehicle Theft,82
2013,21,Narcotic / Drug Law Violations,1125
2013,21,Offenses Against Family and Children,7
2013,21,Other Assaults,1136
2013,21,Other Sex Offenses (Not Commercialized),66
2013,21,Prostitution and Commercialized Vice,259
2013,21,Public Drunkenness,17
2013,21,Rape,61
2013,21,Receiving Stolen Property,3
2013,21,Robbery Firearm,225
2013,21,Robbery No Firearm,239
2013,21,Theft from Vehicle,411
2013,21,Thefts,986
2013,21,Vagrancy/Loitering,10
2013,21,Vandalism/Criminal Mischief,675
2013,21,Weapon Violations,99
2013,22,Aggravated Assault Firearm,154
2013,22,Aggravated Assault No Firearm,262
2013,22,All Other Offenses,4860
2013,22,Arson,17
2013,22,Burglary Non-Residential,21
2013,22,Burglary Residential,248
2013,22,DRIVING UNDER THE INFLUENCE,372
2013,22,Disorderly Conduct,156
2013,22,Embezzlement,3
2013,22,Forgery and Counterfeiting,7
2013,22,Fraud,120
2013,22,Gambling Violations,4
2013,22,Liquor Law Violations,49
2013,22,Motor Vehicle Theft,65
2013,22,Narcotic / Drug Law Violations,887
2013,22,Offenses Against Family and Children,10
2013,22,Other Assaults,919
2013,22,Other Sex Offenses (Not Commercialized),32
2013,22,Prostitution and Commercialized Vice,232
2013,22,Public Drunkenness,24
2013,22,Rape,41
2013,22,Receiving Stolen Property,7
2013,22,Robbery Firearm,243
2013,22,Robbery No Firearm,248
2013,22,Theft from Vehicle,317
2013,22,Thefts,589
2013,22,Vagrancy/Loitering,10
2013,22,Vandalism/Criminal Mischief,552
2013,22,Weapon Violations,99
2013,23,Aggravated Assault Firearm,151
2013,23,Aggravated Assault No Firearm,333
2013,23,All Other Offenses,4195
2013,23,Arson,37
2013,23,Burglary Non-Residential,31
2013,23,Burglary Residential,249
2013,23,DRIVING UNDER THE INFLUENCE,377
2013,23,Disorderly Conduct,108
2013,23,Embezzlement,5
2013,23,Forgery and Counterfeiting,2
2013,23,Fraud,97
2013,23,Gambling Violations,2
2013,23,Liquor Law Violations,59
2013,23,Motor Vehicle Theft,66
2013,23,Narcotic / Drug Law Violations,495
2013,23,Offenses Against Family and Children,7
2013,23,Other Assaults,912
2013,23,Other Sex Offenses (Not Commercialized),22
2013,23,Prostitution and Commercialized Vice,140
2013,23,Public Drunkenness,13
2013,23,Rape,59
2013,23,Receiving Stolen Property,4
2013,23,Robbery Firearm,246
2013,23,Robbery No Firearm,236
2013,23,Theft from Vehicle,247
2013,23,Thefts,484
2013,23,Vagrancy/Loitering,10
2013,23,Vandalism/Criminal Mischief,540
2013,23,Weapon Violations,97
2014,0,Aggravated Assault Firearm,142
2014,0,Aggravated Assault No Firearm,301
2014,0,All Other Offenses,3498
2014,0,Arson,23
2014,0,Burglary Non-Residential,35
2014,0,Burglary Residential,271
2014,0,DRIVING UNDER THE INFLUENCE,382
2014,0,Disorderly Conduct,114
2014,0,Embezzlement,2
2014,0,Forgery and Counterfeiting,3
2014,0,Fraud,111
2014,0,Gambling Violations,4
2014,0,Homicide - Criminal,240
2014,0,Liquor Law Violations,11
2014,0,Motor Vehicle Theft,71
2014,0,Narcotic / Drug Law Violations,244
2014,0,Offenses Against Family and Children,4
2014,0,Other Assaults,856
2014,0,Other Sex Offenses (Not Commercialized),25
2014,0,Prostitution and Commercialized Vice,11
2014,0,Public Drunkenness,30
2014,0,Rape,56
2014,0,Receiving Stolen Property,2
2014,0,Robbery Firearm,216
2014,0,Robbery No Firearm,195
2014,0,Theft from Vehicle,242
2014,0,Thefts,436
2014,0,Vagrancy/Loitering,4
2014,0,Vandalism/Criminal Mischief,541
2014,0,Weapon Violations,59
2014,1,Aggravated Assault Firearm,102
2014,1,Aggravated Assault No Firearm,279
2014,1,All Other Offenses,2519
2014,1,Arson,23
2014,1,Burglary Non-Residential,33
2014,1,Burglary Residential,189
2014,1,DRIVING UNDER THE INFLUENCE,421
2014,1,Disorderly Conduct,111
2014,1,Embezzlement,3
2014,1,Forgery and Counterfeiting,4
2014,1,Fraud,71
2014,1,Liquor Law Violations,10
2014,1,Motor Vehicle Theft,53
2014,1,Narcotic / Drug Law Violations,178
2014,1,Offenses Against Family and Children,3
2014,1,Other Assaults,697
2014,1,Other Sex Offenses (Not Commercialized),18
2014,1,Prostitution and Commercialized Vice,2
2014,1,Public Drunkenness,27
2014,1,Rape,34
2014,1,Receiving Stolen Property,4
2014,1,Robbery Firearm,182
2014,1,Robbery No Firearm,181
2014,1,Theft from Vehicle,186
2014,1,Thefts,278
2014,1,Vandalism/Criminal Mischief,456
2014,1,Weapon Violations,68
2014,2,Aggravated Assault Firearm,85
2014,2,Aggravated Assault No Firearm,242
2014,2,All Other Offenses,1305
2014,2,Arson,26
2014,2,Burglary Non-Residential,36
2014,2,Burglary Residential,143
2014,2,DRIVING UNDER THE INFLUENCE,479
2014,2,Disorderly Conduct,112
2014,2,Forgery and Counterfeiting,3
2014,2,Fraud,55
2014,2,Liquor Law Violations,17
2014,2,Motor Vehicle Theft,42
2014,2,Narcotic / Drug Law Violations,113
2014,2,Offenses Against Family and Children,3
2014,2,Other Assaults,543
2014,2,Other Sex Offenses (Not Commercialized),15
2014,2,Prostitution and Commercialized Vice,20
2014,2,Public Drunkenness,28
2014,2,Rape,43
2014,2,Receiving Stolen Property,1
2014,2,Robbery Firearm,135
2014,2,Robbery No Firearm,140
2014,2,Theft from Vehicle,189
2014,2,Thefts,239
2014,2,Vagrancy/Loitering,3
2014,2,Vandalism/Criminal Mischief,371
2014,2,Weapon Violations,37
2014,3,Aggravated Assault Firearm,69
2014,3,Aggravated Assault No Firearm,176
2014,3,All Other Offenses,697
2014,3,Arson,29
2014,3,Burglary Non-Residential,47
2014,3,Burglary Residential,135
2014,3,DRIVING UNDER THE INFLUENCE,334
2014,3,Disorderly Conduct,70
2014,3,Embezzlement,2
2014,3,Forgery and Counterfeiting,4
2014,3,Fraud,52
2014,3,Liquor Law Violations,10
2014,3,Motor Vehicle Theft,36
2014,3,Narcotic / Drug Law Violations,79
2014,3,Offenses Against Family and Children,5
2014,3,Other Assaults,412
2014,3,Other Sex Offenses (Not Commercialized),12
2014,3,Prostitution and Commercialized Vice,57
2014,3,Public Drunkenness,23
2014,3,Rape,30
2014,3,Robbery Firearm,108
2014,3,Robbery No Firearm,118
2014,3,Theft from Vehicle,162
2014,3,Thefts,202
2014,3,Vandalism/Criminal Mischief,281
2014,3,Weapon Violations,16
2014,4,Aggravated Assault Firearm,36
2014,4,Aggravated Assault No Firearm,125
2014,4,All Other Offenses,368
2014,4,Arson,28
2014,4,Burglary Non-Residential,43
2014,4,Burglary Residential,97
2014,4,DRIVING UNDER THE INFLUENCE,161
2014,4,Disorderly Conduct,31
2014,4,Embezzlement,1
2014,4,Forgery and Counterfeiting,1
2014,4,Fraud,42
2014,4,Liquor Law Violations,5
2014,4,Motor Vehicle Theft,36
2014,4,Narcotic / Drug Law Violations,43
2014,4,Offenses Against Family and Children,2
2014,4,Other Assaults,282
2014,4,Other Sex Offenses (Not Commercialized),7
2014,4,Prostitution and Commercialized Vice,46
2014,4,Public Drunkenness,10
2014,4,Rape,29
2014,4,Robbery Firearm,72
2014,4,Robbery No Firearm,83
2014,4,Theft from Vehicle,121
2014,4,Thefts,134
2014,4,Vagrancy/Loitering,22
2014,4,Vandalism/Criminal Mischief,241
2014,4,Weapon Violations,13
2014,5,Aggravated Assault Firearm,30
2014,5,Aggravated Assault No Firearm,78
2014,5,All Other Offenses,196
2014,5,Arson,18
2014,5,Burglary Non-Residential,39
2014,5,Burglary Residential,85
2014,5,DRIVING UNDER THE INFLUENCE,70
2014,5,Disorderly Conduct,29
2014,5,Embezzlement,2
2014,5,Fraud,30
2014,5,Motor Vehicle Theft,38
2014,5,Narcotic / Drug Law Violations,16
2014,5,Offenses Against Family and Children,3
2014,5,Other Assaults,199
2014,5,Other Sex Offenses (Not Commercialized),10
2014,5,Prostitution and Commercialized Vice,21
2014,5,Public Drunkenness,9
2014,5,Rape,20
2014,5,Receiving Stolen Property,1
2014,5,Robbery Firearm,59
2014,5,Robbery No Firearm,59
2014,5,Theft from Vehicle,207
2014,5,Thefts,112
2014,5,Vagrancy/Loitering,41
2014,5,Vandalism/Criminal Mischief,207
2014,5,Weapon Violations,6
2014,6,Aggravated Assault Firearm,15
2014,6,Aggravated Assault No Firearm,59
2014,6,All Other Offenses,132
2014,6,Arson,18
2014,6,Burglary Non-Residential,48
2014,6,Burglary Residential,78
2014,6,DRIVING UNDER THE INFLUENCE,24
2014,6,Disorderly Conduct,13
2014,6,Embezzlement,1
2014,6,Forgery and Counterfeiting,1
2014,6,Fraud,33
2014,6,Motor Vehicle Theft,34
2014,6,Narcotic / Drug Law Violations,14
2014,6,Offenses Against Family and Children,2
2014,6,Other Assaults,168
2014,6,Other Sex Offenses (Not Commercialized),6
2014,6,Prostitution and Commercialized Vice,6
2014,6,Public Drunkenness,2
2014,6,Rape,19
2014,6,Receiving Stolen Property,1
2014,6,Robbery Firearm,42
2014,6,Robbery No Firearm,46
2014,6,Theft from Vehicle,326
2014,6,Thefts,112
2014,6,Vagrancy/Loitering,12
2014,6,Vandalism/Criminal Mischief,240
2014,6,Weapon Violations,9
2014,7,Aggravated Assault Firearm,21
2014,7,Aggravated Assault No Firearm,85
2014,7,All Other Offenses,222
2014,7,Arson,4
2014,7,Burglary Non-Residential,80
2014,7,Burglary Residential,128
2014,7,DRIVING UNDER THE INFLUENCE,24
2014,7,Disorderly Conduct,29
2014,7,Embezzlement,8
2014,7,Forgery and Counterfeiting,1
2014,7,Fraud,86
2014,7,Motor Vehicle Theft,77
2014,7,Narcotic / Drug Law Violations,40
2014,7,Offenses Against Family and Children,1
2014,7,Other Assaults,292
2014,7,Other Sex Offenses (Not Commercialized),14
2014,7,Prostitution and Commercialized Vice,2
2014,7,Public Drunkenness,1
2014,7,Rape,23
2014,7,Receiving Stolen Property,1
2014,7,Robbery Firearm,36
2014,7,Robbery No Firearm,74
2014,7,Theft from Vehicle,767
2014,7,Thefts,265
2014,7,Vagrancy/Loitering,14
2014,7,Vandalism/Criminal Mischief,513
2014,7,Weapon Violations,30
2014,8,Aggravated Assault Firearm,30
2014,8,Aggravated Assault No Firearm,162
2014,8,All Other Offenses,671
2014,8,Arson,12
2014,8,Burglary Non-Residential,316
2014,8,Burglary Residential,338
2014,8,DRIVING UNDER THE INFLUENCE,37
2014,8,Disorderly Conduct,80
2014,8,Embezzlement,8
2014,8,Forgery and Counterfeiting,6
2014,8,Fraud,235
2014,8,Gambling Violations,1
2014,8,Liquor Law Violations,1
2014,8,Motor Vehicle Theft,146
2014,8,Narcotic / Drug Law Violations,119
2014,8,Offenses Against Family and Children,6
2014,8,Other Assaults,693
2014,8,Other Sex Offenses (Not Commercialized),38
2014,8,Public Drunkenness,3
2014,8,Rape,38
2014,8,Robbery Firearm,62
2014,8,Robbery No Firearm,82
2014,8,Theft from Vehicle,1129
2014,8,Thefts,653
2014,8,Vagrancy/Loitering,11
2014,8,Vandalism/Criminal Mischief,841
2014,8,Weapon Violations,87
2014,9,Aggravated Assault Firearm,58
2014,9,Aggravated Assault No Firearm,177
2014,9,All Other Offenses,1084
2014,9,Arson,16
2014,9,Burglary Non-Residential,176
2014,9,Burglary Residential,371
2014,9,DRIVING UNDER THE INFLUENCE,36
2014,9,Disorderly Conduct,94
2014,9,Embezzlement,25
2014,9,Forgery and Counterfeiting,13
2014,9,Fraud,478
2014,9,Liquor Law Violations,3
2014,9,Motor Vehicle Theft,161
2014,9,Narcotic / Drug Law Violations,287
2014,9,Offenses Against Family and Children,10
2014,9,Other Assaults,1027
2014,9,Other Sex Offenses (Not Commercialized),55
2014,9,Prostitution and Commercialized Vice,32
2014,9,Public Drunkenness,5
2014,9,Rape,50
2014,9,Receiving Stolen Property,2
2014,9,Robbery Firearm,61
2014,9,Robbery No Firearm,135
2014,9,Theft from Vehicle,963
2014,9,Thefts,976
2014,9,Vagrancy/Loitering,12
2014,9,Vandalism/Criminal Mischief,873
2014,9,Weapon Violations,80
2014,10,Aggravated Assault Firearm,56
2014,10,Aggravated Assault No Firearm,216
2014,10,All Other Offenses,1469
2014,10,Arson,10
2014,10,Burglary Non-Residential,110
2014,10,Burglary Residential,371
2014,10,DRIVING UNDER THE INFLUENCE,45
2014,10,Disorderly Conduct,108
2014,10,Embezzlement,23
2014,10,Forgery and Counterfeiting,19
2014,10,Fraud,699
2014,10,Liquor Law Violations,1
2014,10,Motor Vehicle Theft,140
2014,10,Narcotic / Drug Law Violations,350
2014,10,Offenses Against Family and Children,11
2014,10,Other Assaults,1179
2014,10,Other Sex Offenses (Not Commercialized),63
2014,10,Prostitution and Commercialized Vice,138
2014,10,Public Drunkenness,5
2014,10,Rape,64
2014,10,Receiving Stolen Property,4
2014,10,Robbery Firearm,69
2014,10,Robbery No Firearm,146
2014,10,Theft from Vehicle,973
2014,10,Thefts,1258
2014,10,Vagrancy/Loitering,9
2014,10,Vandalism/Criminal Mischief,910
2014,10,Weapon Violations,81
2014,11,Aggravated Assault Firearm,63
2014,11,Aggravated Assault No Firearm,240
2014,11,All Other Offenses,1685
2014,11,Arson,14
2014,11,Burglary Non-Residential,199
2014,11,Burglary Residential,467
2014,11,DRIVING UNDER THE INFLUENCE,46
2014,11,Disorderly Conduct,173
2014,11,Embezzlement,46
2014,11,Forgery and Counterfeiting,24
2014,11,Fraud,831
2014,11,Gambling Violations,4
2014,11,Liquor Law Violations,4
2014,11,Motor Vehicle Theft,152
2014,11,Narcotic / Drug Law Violations,397
2014,11,Offenses Against Family and Children,3
2014,11,Other Assaults,1325
2014,11,Other Sex Offenses (Not Commercialized),58
2014,11,Prostitution and Commercialized Vice,124
2014,11,Public Drunkenness,17
2014,11,Rape,58
2014,11,Receiving Stolen Property,5
2014,11,Robbery Firearm,63
2014,11,Robbery No Firearm,136
2014,11,Theft from Vehicle,883
2014,11,Thefts,1505
2014,11,Vagrancy/Loitering,9
2014,11,Vandalism/Criminal Mischief,835
2014,11,Weapon Violations,76
2014,12,Aggravated Assault Firearm,67
2014,12,Aggravated Assault No Firearm,244
2014,12,All Other Offenses,1545
2014,12,Arson,22
2014,12,Burglary Non-Residential,123
2014,12,Burglary Residential,447
2014,12,DRIVING UNDER THE INFLUENCE,42
2014,12,Disorderly Conduct,157
2014,12,Embezzlement,33
2014,12,Forgery and Counterfeiting,23
2014,12,Fraud,915
2014,12,Gambling Violations,3
2014,12,Liquor Law Violations,3
2014,12,Motor Vehicle Theft,146
2014,12,Narcotic / Drug Law Violations,400
2014,12,Offenses Against Family and Children,13
2014,12,Other Assaults,1301
2014,12,Other Sex Offenses (Not Commercialized),53
2014,12,Prostitution and Commercialized Vice,81
2014,12,Public Drunkenness,12
2014,12,Rape,69
2014,12,Receiving Stolen Property,3
2014,12,Robbery Firearm,91
2014,12,Robbery No Firearm,163
2014,12,Theft from Vehicle,828
2014,12,Thefts,1636
2014,12,Vagrancy/Loitering,7
2014,12,Vandalism/Criminal Mischief,825
2014,12,Weapon Violations,68
2014,13,Aggravated Assault Firearm,82
2014,13,Aggravated Assault No Firearm,234
2014,13,All Other Offenses,1431
2014,13,Arson,10
2014,13,Burglary Non-Residential,98
2014,13,Burglary Residential,454
2014,13,DRIVING UNDER THE INFLUENCE,50
2014,13,Disorderly Conduct,154
2014,13,Embezzlement,39
2014,13,Forgery and Counterfeiting,21
2014,13,Fraud,923
2014,13,Gambling Violations,5
2014,13,Liquor Law Violations,6
2014,13,Motor Vehicle Theft,139
2014,13,Narcotic / Drug Law Violations,432
2014,13,Offenses Against Family and Children,6
2014,13,Other Assaults,1313
2014,13,Other Sex Offenses (Not Commercialized),72
2014,13,Prostitution and Commercialized Vice,12
2014,13,Public Drunkenness,12
2014,13,Rape,74
2014,13,Receiving Stolen Property,7
2014,13,Robbery Firearm,85
2014,13,Robbery No Firearm,197
2014,13,Theft from Vehicle,826
2014,13,Thefts,1713
2014,13,Vagrancy/Loitering,15
2014,13,Vandalism/Criminal Mischief,802
2014,13,Weapon Violations,57
2014,14,Aggravated Assault Firearm,77
2014,14,Aggravated Assault No Firearm,194
2014,14,All Other Offenses,1216
2014,14,Arson,9
2014,14,Burglary Non-Residential,114
2014,14,Burglary Residential,313
2014,14,DRIVING UNDER THE INFLUENCE,36
2014,14,Disorderly Conduct,104
2014,14,Embezzlement,27
2014,14,Forgery and Counterfeiting,19
2014,14,Fraud,837
2014,14,Gambling Violations,5
2014,14,Liquor Law Violations,3
2014,14,Motor Vehicle Theft,82
2014,14,Narcotic / Drug Law Violations,473
2014,14,Offenses Against Family and Children,6
2014,14,Other Assaults,1082
2014,14,Other Sex Offenses (Not Commercialized),50
2014,14,Prostitution and Commercialized Vice,4
2014,14,Public Drunkenness,7
2014,14,Rape,55
2014,14,Robbery Firearm,99
2014,14,Robbery No Firearm,173
2014,14,Theft from Vehicle,677
2014,14,Thefts,1554
2014,14,Vagrancy/Loitering,18
2014,14,Vandalism/Criminal Mischief,604
2014,14,Weapon Violations,48
2014,15,Aggravated Assault Firearm,98
2014,15,Aggravated Assault No Firearm,235
2014,15,All Other Offenses,1359
2014,15,Arson,8
2014,15,Burglary Non-Residential,61
2014,15,Burglary Residential,411
2014,15,DRIVING UNDER THE INFLUENCE,37
2014,15,Disorderly Conduct,210
2014,15,Embezzlement,36
2014,15,Forgery and Counterfeiting,19
2014,15,Fraud,955
2014,15,Gambling Violations,2
2014,15,Liquor Law Violations,3
2014,15,Motor Vehicle Theft,129
2014,15,Narcotic / Drug Law Violations,485
2014,15,Offenses Against Family and Children,4
2014,15,Other Assaults,1340
2014,15,Other Sex Offenses (Not Commercialized),67
2014,15,Prostitution and Commercialized Vice,1
2014,15,Public Drunkenness,15
2014,15,Rape,70
2014,15,Receiving Stolen Property,4
2014,15,Robbery Firearm,102
2014,15,Robbery No Firearm,185
2014,15,Theft from Vehicle,667
2014,15,Thefts,1801
2014,15,Vagrancy/Loitering,45
2014,15,Vandalism/Criminal Mischief,695
2014,15,Weapon Violations,36
2014,16,Aggravated Assault Firearm,101
2014,16,Aggravated Assault No Firearm,280
2014,16,All Other Offenses,1848
2014,16,Arson,13
2014,16,Burglary Non-Residential,51
2014,16,Burglary Residential,736
2014,16,DRIVING UNDER THE INFLUENCE,79
2014,16,Disorderly Conduct,196
2014,16,Embezzlement,53
2014,16,Forgery and Counterfeiting,23
2014,16,Fraud,1107
2014,16,Gambling Violations,4
2014,16,Liquor Law Violations,4
2014,16,Motor Vehicle Theft,131
2014,16,Narcotic / Drug Law Violations,499
2014,16,Offenses Against Family and Children,4
2014,16,Other Assaults,1713
2014,16,Other Sex Offenses (Not Commercialized),75
2014,16,Prostitution and Commercialized Vice,1
2014,16,Public Drunkenness,18
2014,16,Rape,70
2014,16,Receiving Stolen Property,2
2014,16,Robbery Firearm,110
2014,16,Robbery No Firearm,238
2014,16,Theft from Vehicle,772
2014,16,Thefts,2227
2014,16,Vagrancy/Loitering,57
2014,16,Vandalism/Criminal Mischief,896
2014,16,Weapon Violations,39
2014,17,Aggravated Assault Firearm,106
2014,17,Aggravated Assault No Firearm,314
2014,17,All Other Offenses,1929
2014,17,Arson,9
2014,17,Burglary Non-Residential,47
2014,17,Burglary Residential,615
2014,17,DRIVING UNDER THE INFLUENCE,98
2014,17,Disorderly Conduct,187
2014,17,Embezzlement,27
2014,17,Forgery and Counterfeiting,20
2014,17,Fraud,977
2014,17,Gambling Violations,1
2014,17,Liquor Law Violations,12
2014,17,Motor Vehicle Theft,164
2014,17,Narcotic / Drug Law Violations,592
2014,17,Offenses Against Family and Children,13
2014,17,Other Assaults,1527
2014,17,Other Sex Offenses (Not Commercialized),67
2014,17,Public Drunkenness,22
2014,17,Rape,77
2014,17,Receiving Stolen Property,2
2014,17,Robbery Firearm,124
2014,17,Robbery No Firearm,206
2014,17,Theft from Vehicle,698
2014,17,Thefts,1926
2014,17,Vagrancy/Loitering,43
2014,17,Vandalism/Criminal Mischief,799
2014,17,Weapon Violations,51
2014,18,Aggravated Assault Firearm,126
2014,18,Aggravated Assault No Firearm,287
2014,18,All Other Offenses,1750
2014,18,Arson,8
2014,18,Burglary Non-Residential,34
2014,18,Burglary Residential,489
2014,18,DRIVING UNDER THE INFLUENCE,127
2014,18,Disorderly Conduct,185
2014,18,Embezzlement,15
2014,18,Forgery and Counterfeiting,10
2014,18,Fraud,754
2014,18,Gambling Violations,6
2014,18,Liquor Law Violations,18
2014,18,Motor Vehicle Theft,129
2014,18,Narcotic / Drug Law Violations,712
2014,18,Offenses Against Family and Children,8
2014,18,Other Assaults,1401
2014,18,Other Sex Offenses (Not Commercialized),73
2014,18,Prostitution and Commercialized Vice,3
2014,18,Public Drunkenness,38
2014,18,Rape,67
2014,18,Receiving Stolen Property,3
2014,18,Robbery Firearm,127
2014,18,Robbery No Firearm,219
2014,18,Theft from Vehicle,583
2014,18,Thefts,1699
2014,18,Vagrancy/Loitering,32
2014,18,Vandalism/Criminal Mischief,749
2014,18,Weapon Violations,48
2014,19,Aggravated Assault Firearm,114
2014,19,Aggravated Assault No Firearm,258
2014,19,All Other Offenses,1982
2014,19,Arson,17
2014,19,Burglary Non-Residential,36
2014,19,Burglary Residential,440
2014,19,DRIVING UNDER THE INFLUENCE,167
2014,19,Disorderly Conduct,190
2014,19,Embezzlement,11
2014,19,Forgery and Counterfeiting,16
2014,19,Fraud,608
2014,19,Gambling Violations,3
2014,19,Liquor Law Violations,26
2014,19,Motor Vehicle Theft,105
2014,19,Narcotic / Drug Law Violations,1045
2014,19,Offenses Against Family and Children,13
2014,19,Other Assaults,1364
2014,19,Other Sex Offenses (Not Commercialized),76
2014,19,Prostitution and Commercialized Vice,22
2014,19,Public Drunkenness,44
2014,19,Rape,67
2014,19,Receiving Stolen Property,1
2014,19,Robbery Firearm,174
2014,19,Robbery No Firearm,227
2014,19,Theft from Vehicle,510
2014,19,Thefts,1478
2014,19,Vagrancy/Loitering,20
2014,19,Vandalism/Criminal Mischief,735
2014,19,Weapon Violations,105
2014,20,Aggravated Assault Firearm,148
2014,20,Aggravated Assault No Firearm,312
2014,20,All Other Offenses,2417
2014,20,Arson,14
2014,20,Burglary Non-Residential,33
2014,20,Burglary Residential,396
2014,20,DRIVING UNDER THE INFLUENCE,204
2014,20,Disorderly Conduct,206
2014,20,Embezzlement,10
2014,20,Forgery and Counterfeiting,15
2014,20,Fraud,525
2014,20,Gambling Violations,2
2014,20,Liquor Law Violations,48
2014,20,Motor Vehicle Theft,93
2014,20,Narcotic / Drug Law Violations,1093
2014,20,Offenses Against Family and Children,6
2014,20,Other Assaults,1320
2014,20,Other Sex Offenses (Not Commercialized),64
2014,20,Prostitution and Commercialized Vice,58
2014,20,Public Drunkenness,35
2014,20,Rape,69
2014,20,Receiving Stolen Property,1
2014,20,Robbery Firearm,210
2014,20,Robbery No Firearm,217
2014,20,Theft from Vehicle,412
2014,20,Thefts,1290
2014,20,Vagrancy/Loitering,26
2014,20,Vandalism/Criminal Mischief,689
2014,20,Weapon Violations,111
2014,21,Aggravated Assault Firearm,116
2014,21,Aggravated Assault No Firearm,297
2014,21,All Other Offenses,3609
2014,21,Arson,19
2014,21,Burglary Non-Residential,47
2014,21,Burglary Residential,343
2014,21,DRIVING UNDER THE INFLUENCE,277
2014,21,Disorderly Conduct,195
2014,21,Embezzlement,10
2014,21,Forgery and Counterfeiting,9
2014,21,Fraud,349
2014,21,Liquor Law Violations,48
2014,21,Motor Vehicle Theft,93
2014,21,Narcotic / Drug Law Violations,869
2014,21,Offenses Against Family and Children,11
2014,21,Other Assaults,1158
2014,21,Other Sex Offenses (Not Commercialized),59
2014,21,Prostitution and Commercialized Vice,270
2014,21,Public Drunkenness,32
2014,21,Rape,48
2014,21,Receiving Stolen Property,2
2014,21,Robbery Firearm,247
2014,21,Robbery No Firearm,206
2014,21,Theft from Vehicle,391
2014,21,Thefts,996
2014,21,Vagrancy/Loitering,24
2014,21,Vandalism/Criminal Mischief,669
2014,21,Weapon Violations,92
2014,22,Aggravated Assault Firearm,147
2014,22,Aggravated Assault No Firearm,274
2014,22,All Other Offenses,4545
2014,22,Arson,20
2014,22,Burglary Non-Residential,21
2014,22,Burglary Residential,212
2014,22,DRIVING UNDER THE INFLUENCE,275
2014,22,Disorderly Conduct,154
2014,22,Embezzlement,3
2014,22,Forgery and Counterfeiting,6
2014,22,Fraud,245
2014,22,Gambling Violations,3
2014,22,Liquor Law Violations,34
2014,22,Motor Vehicle Theft,49
2014,22,Narcotic / Drug Law Violations,684
2014,22,Offenses Against Family and Children,6
2014,22,Other Assaults,854
2014,22,Other Sex Offenses (Not Commercialized),28
2014,22,Prostitution and Commercialized Vice,302
2014,22,Public Drunkenness,32
2014,22,Rape,41
2014,22,Robbery Firearm,269
2014,22,Robbery No Firearm,194
2014,22,Theft from Vehicle,270
2014,22,Thefts,570
2014,22,Vagrancy/Loitering,13
2014,22,Vandalism/Criminal Mischief,524
2014,22,Weapon Violations,106
2014,23,Aggravated Assault Firearm,137
2014,23,Aggravated Assault No Firearm,279
2014,23,All Other Offenses,3392
2014,23,Arson,27
2014,23,Burglary Non-Residential,26
2014,23,Burglary Residential,263
2014,23,DRIVING UNDER THE INFLUENCE,343
2014,23,Disorderly Conduct,118
2014,23,Embezzlement,1
2014,23,Forgery and Counterfeiting,8
2014,23,Fraud,137
2014,23,Gambling Violations,2
2014,23,Liquor Law Violations,25
2014,23,Motor Vehicle Theft,63
2014,23,Narcotic / Drug Law Violations,365
2014,23,Offenses Against Family and Children,6
2014,23,Other Assaults,819
2014,23,Other Sex Offenses (Not Commercialized),15
2014,23,Prostitution and Commercialized Vice,162
2014,23,Public Drunkenness,17
2014,23,Rape,41
2014,23,Receiving Stolen Property,2
2014,23,Robbery Firearm,228
2014,23,Robbery No Firearm,193
2014,23,Theft from Vehicle,251
2014,23,Thefts,484
2014,23,Vagrancy/Loitering,4
2014,23,Vandalism/Criminal Mischief,544
2014,23,Weapon Violations,102
2015,0,Aggravated Assault Firearm,140
2015,0,Aggravated Assault No Firearm,271
2015,0,All Other Offenses,3248
2015,0,Arson,23
2015,0,Burglary Non-Residential,28
2015,0,Burglary Residential,263
2015,0,DRIVING UNDER THE INFLUENCE,367
2015,0,Disorderly Conduct,82
2015,0,Embezzlement,2
2015,0,Forgery and Counterfeiting,4
2015,0,Fraud,135
2015,0,Homicide - Criminal,269
2015,0,Homicide - Justifiable,4
2015,0,Liquor Law Violations,19
2015,0,Motor Vehicle Theft,48
2015,0,Narcotic / Drug Law Violations,185
2015,0,Offenses Against Family and Children,6
2015,0,Other Assaults,903
2015,0,Other Sex Offenses (Not Commercialized),26
2015,0,Prostitution and Commercialized Vice,24
2015,0,Public Drunkenness,16
2015,0,Rape,45
2015,0,Robbery Firearm,216
2015,0,Robbery No Firearm,187
2015,0,Theft from Vehicle,220
2015,0,Thefts,416
2015,0,Vagrancy/Loitering,13
2015,0,Vandalism/Criminal Mischief,547
2015,0,Weapon Violations,69
2015,1,Aggravated Assault Firearm,146
2015,1,Aggravated Assault No Firearm,250
2015,1,All Other Offenses,2398
2015,1,Arson,16
2015,1,Burglary Non-Residential,25
2015,1,Burglary Residential,176
2015,1,DRIVING UNDER THE INFLUENCE,442
2015,1,Disorderly Conduct,95
2015,1,Embezzlement,1
2015,1,Forgery and Counterfeiting,3
2015,1,Fraud,83
2015,1,Liquor Law Violations,10
2015,1,Motor Vehicle Theft,52
2015,1,Narcotic / Drug Law Violations,119
2015,1,Offenses Against Family and Children,8
2015,1,Other Assaults,750
2015,1,Other Sex Offenses (Not Commercialized),13
2015,1,Prostitution and Commercialized Vice,11
2015,1,Public Drunkenness,23
2015,1,Rape,60
2015,1,Receiving Stolen Property,1
2015,1,Robbery Firearm,176
2015,1,Robbery No Firearm,152
2015,1,Theft from Vehicle,162
2015,1,Thefts,343
2015,1,Vagrancy/Loitering,5
2015,1,Vandalism/Criminal Mischief,459
2015,1,Weapon Violations,55
2015,2,Aggravated Assault Firearm,99
2015,2,Aggravated Assault No Firearm,247
2015,2,All Other Offenses,1215
2015,2,Arson,19
2015,2,Burglary Non-Residential,38
2015,2,Burglary Residential,119
2015,2,DRIVING UNDER THE INFLUENCE,497
2015,2,Disorderly Conduct,103
2015,2,Embezzlement,2
2015,2,Forgery and Counterfeiting,2
2015,2,Fraud,87
2015,2,Liquor Law Violations,8
2015,2,Motor Vehicle Theft,34
2015,2,Narcotic / Drug Law Violations,92
2015,2,Offenses Against Family and Children,14
2015,2,Other Assaults,537
2015,2,Other Sex Offenses (Not Commercialized),9
2015,2,Prostitution and Commercialized Vice,55
2015,2,Public Drunkenness,24
2015,2,Rape,39
2015,2,Receiving Stolen Property,1
2015,2,Robbery Firearm,146
2015,2,Robbery No Firearm,174
2015,2,Theft from Vehicle,184
2015,2,Thefts,273
2015,2,Vagrancy/Loitering,7
2015,2,Vandalism/Criminal Mischief,432
2015,2,Weapon Violations,46
2015,3,Aggravated Assault Firearm,84
2015,3,Aggravated Assault No Firearm,173
2015,3,All Other Offenses,682
2015,3,Arson,20
2015,3,Burglary Non-Residential,58
2015,3,Burglary Residential,99
2015,3,DRIVING UNDER THE INFLUENCE,347
2015,3,Disorderly Conduct,43
2015,3,Embezzlement,1
2015,3,Fraud,57
2015,3,Liquor Law Violations,7
2015,3,Motor Vehicle Theft,27
2015,3,Narcotic / Drug Law Violations,50
2015,3,Offenses Against Family and Children,9
2015,3,Other Assaults,416
2015,3,Other Sex Offenses (Not Commercialized),16
2015,3,Prostitution and Commercialized Vice,62
2015,3,Public Drunkenness,14
2015,3,Rape,34
2015,3,Receiving Stolen Property,1
2015,3,Robbery Firearm,97
2015,3,Robbery No Firearm,106
2015,3,Theft from Vehicle,160
2015,3,Thefts,175
2015,3,Vagrancy/Loitering,2
2015,3,Vandalism/Criminal Mischief,313
2015,3,Weapon Violations,28
2015,4,Aggravated Assault Firearm,30
2015,4,Aggravated Assault No Firearm,124
2015,4,All Other Offenses,312
2015,4,Arson,16
2015,4,Burglary Non-Residential,43
2015,4,Burglary Residential,82
2015,4,DRIVING UNDER THE INFLUENCE,152
2015,4,Disorderly Conduct,28
2015,4,Forgery and Counterfeiting,1
2015,4,Fraud,27
2015,4,Liquor Law Violations,3
2015,4,Motor Vehicle Theft,28
2015,4,Narcotic / Drug Law Violations,25
2015,4,Offenses Against Family and Children,1
2015,4,Other Assaults,287
2015,4,Other Sex Offenses (Not Commercialized),8
2015,4,Prostitution and Commercialized Vice,23
2015,4,Public Drunkenness,11
2015,4,Rape,34
2015,4,Robbery Firearm,86
2015,4,Robbery No Firearm,81
2015,4,Theft from Vehicle,131
2015,4,Thefts,155
2015,4,Vagrancy/Loitering,8
2015,4,Vandalism/Criminal Mischief,217
2015,4,Weapon Violations,17
2015,5,Aggravated Assault Firearm,31
2015,5,Aggravated Assault No Firearm,74
2015,5,All Other Offenses,210
2015,5,Arson,17
2015,5,Burglary Non-Residential,39
2015,5,Burglary Residential,69
2015,5,DRIVING UNDER THE INFLUENCE,91
2015,5,Disorderly Conduct,12
2015,5,Fraud,45
2015,5,Motor Vehicle Theft,34
2015,5,Narcotic / Drug Law Violations,20
2015,5,Offenses Against Family and Children,1
2015,5,Other Assaults,205
2015,5,Other Sex Offenses (Not Commercialized),7
2015,5,Prostitution and Commercialized Vice,5
2015,5,Public Drunkenness,3
2015,5,Rape,13
2015,5,Robbery Firearm,77
2015,5,Robbery No Firearm,47
2015,5,Theft from Vehicle,197
2015,5,Thefts,124
2015,5,Vagrancy/Loitering,18
2015,5,Vandalism/Criminal Mischief,195
2015,5,Weapon Violations,8
2015,6,Aggravated Assault Firearm,21
2015,6,Aggravated Assault No Firearm,56
2015,6,All Other Offenses,180
2015,6,Arson,10
2015,6,Burglary Non-Residential,35
2015,6,Burglary Residential,52
2015,6,DRIVING UNDER THE INFLUENCE,41
2015,6,Disorderly Conduct,13
2015,6,Embezzlement,1
2015,6,Fraud,63
2015,6,Motor Vehicle Theft,30
2015,6,Narcotic / Drug Law Violations,18
2015,6,Offenses Against Family and Children,1
2015,6,Other Assaults,148
2015,6,Other Sex Offenses (Not Commercialized),5
2015,6,Prostitution and Commercialized Vice,2
2015,6,Public Drunkenness,2
2015,6,Rape,11
2015,6,Receiving Stolen Property,1
2015,6,Robbery Firearm,41
2015,6,Robbery No Firearm,55
2015,6,Theft from Vehicle,291
2015,6,Thefts,123
2015,6,Vagrancy/Loitering,45
2015,6,Vandalism/Criminal Mischief,218
2015,6,Weapon Violations,5
2015,7,Aggravated Assault Firearm,25
2015,7,Aggravated Assault No Firearm,87
2015,7,All Other Offenses,299
2015,7,Arson,14
2015,7,Burglary Non-Residential,68
2015,7,Burglary Residential,108
2015,7,DRIVING UNDER THE INFLUENCE,34
2015,7,Disorderly Conduct,34
2015,7,Embezzlement,2
2015,7,Forgery and Counterfeiting,2
2015,7,Fraud,115
2015,7,Liquor Law Violations,1
2015,7,Motor Vehicle Theft,56
2015,7,Narcotic / Drug Law Violations,21
2015,7,Offenses Against Family and Children,1
2015,7,Other Assaults,324
2015,7,Other Sex Offenses (Not Commercialized),10
2015,7,Public Drunkenness,2
2015,7,Rape,27
2015,7,Robbery Firearm,27
2015,7,Robbery No Firearm,62
2015,7,Theft from Vehicle,725
2015,7,Thefts,271
2015,7,Vagrancy/Loitering,86
2015,7,Vandalism/Criminal Mischief,465
2015,7,Weapon Violations,13
2015,8,Aggravated Assault Firearm,27
2015,8,Aggravated Assault No Firearm,118
2015,8,All Other Offenses,789
2015,8,Arson,13
2015,8,Burglary Non-Residential,178
2015,8,Burglary Residential,247
2015,8,DRIVING UNDER THE INFLUENCE,29
2015,8,Disorderly Conduct,72
2015,8,Embezzlement,6
2015,8,Forgery and Counterfeiting,7
2015,8,Fraud,310
2015,8,Liquor Law Violations,2
2015,8,Motor Vehicle Theft,116
2015,8,Narcotic / Drug Law Violations,81
2015,8,Offenses Against Family and Children,8
2015,8,Other Assaults,720
2015,8,Other Sex Offenses (Not Commercialized),31
2015,8,Public Drunkenness,6
2015,8,Rape,43
2015,8,Receiving Stolen Property,2
2015,8,Robbery Firearm,37
2015,8,Robbery No Firearm,93
2015,8,Theft from Vehicle,1058
2015,8,Thefts,640
2015,8,Vagrancy/Loitering,48
2015,8,Vandalism/Criminal Mischief,938
2015,8,Weapon Violations,49
2015,9,Aggravated Assault Firearm,40
2015,9,Aggravated Assault No Firearm,179
2015,9,All Other Offenses,1307
2015,9,Arson,7
2015,9,Burglary Non-Residential,184
2015,9,Burglary Residential,315
2015,9,DRIVING UNDER THE INFLUENCE,40
2015,9,Disorderly Conduct,121
2015,9,Embezzlement,22
2015,9,Forgery and Counterfeiting,4
2015,9,Fraud,560
2015,9,Liquor Law Violations,3
2015,9,Motor Vehicle Theft,93
2015,9,Narcotic / Drug Law Violations,208
2015,9,Offenses Against Family and Children,10
2015,9,Other Assaults,1041
2015,9,Other Sex Offenses (Not Commercialized),60
2015,9,Prostitution and Commercialized Vice,17
2015,9,Public Drunkenness,9
2015,9,Rape,50
2015,9,Receiving Stolen Property,2
2015,9,Robbery Firearm,49
2015,9,Robbery No Firearm,146
2015,9,Theft from Vehicle,1080
2015,9,Thefts,966
2015,9,Vagrancy/Loitering,41
2015,9,Vandalism/Criminal Mischief,935
2015,9,Weapon Violations,90
2015,10,Aggravated Assault Firearm,60
2015,10,Aggravated Assault No Firearm,241
2015,10,All Other Offenses,1585
2015,10,Arson,11
2015,10,Burglary Non-Residential,143
2015,10,Burglary Residential,406
2015,10,DRIVING UNDER THE INFLUENCE,43
2015,10,Disorderly Conduct,140
2015,10,Embezzlement,36
2015,10,Forgery and Counterfeiting,12
2015,10,Fraud,785
2015,10,Gambling Violations,2
2015,10,Liquor Law Violations,4
2015,10,Motor Vehicle Theft,109
2015,10,Narcotic / Drug Law Violations,285
2015,10,Offenses Against Family and Children,7
2015,10,Other Assaults,1190
2015,10,Other Sex Offenses (Not Commercialized),78
2015,10,Prostitution and Commercialized Vice,75
2015,10,Public Drunkenness,12
2015,10,Rape,63
2015,10,Receiving Stolen Property,2
2015,10,Robbery Firearm,85
2015,10,Robbery No Firearm,155
2015,10,Theft from Vehicle,912
2015,10,Thefts,1267
2015,10,Vagrancy/Loitering,22
2015,10,Vandalism/Criminal Mischief,903
2015,10,Weapon Violations,67
2015,11,Aggravated Assault Firearm,71
2015,11,Aggravated Assault No Firearm,227
2015,11,All Other Offenses,1779
2015,11,Arson,10
2015,11,Burglary Non-Residential,124
2015,11,Burglary Residential,400
2015,11,DRIVING UNDER THE INFLUENCE,42
2015,11,Disorderly Conduct,137
2015,11,Embezzlement,39
2015,11,Forgery and Counterfeiting,16
2015,11,Fraud,986
2015,11,Gambling Violations,11
2015,11,Liquor Law Violations,7
2015,11,Motor Vehicle Theft,86
2015,11,Narcotic / Drug Law Violations,336
2015,11,Offenses Against Family and Children,7
2015,11,Other Assaults,1284
2015,11,Other Sex Offenses (Not Commercialized),75
2015,11,Prostitution and Commercialized Vice,86
2015,11,Public Drunkenness,23
2015,11,Rape,66
2015,11,Receiving Stolen Property,2
2015,11,Robbery Firearm,80
2015,11,Robbery No Firearm,144
2015,11,Theft from Vehicle,923
2015,11,Thefts,1468
2015,11,Vagrancy/Loitering,43
2015,11,Vandalism/Criminal Mischief,852
2015,11,Weapon Violations,75
2015,12,Aggravated Assault Firearm,81
2015,12,Aggravated Assault No Firearm,276
2015,12,All Other Offenses,1653
2015,12,Arson,16
2015,12,Burglary Non-Residential,105
2015,12,Burglary Residential,394
2015,12,DRIVING UNDER THE INFLUENCE,55
2015,12,Disorderly Conduct,138
2015,12,Embezzlement,44
2015,12,Forgery and Counterfeiting,13
2015,12,Fraud,984
2015,12,Gambling Violations,9
2015,12,Liquor Law Violations,6
2015,12,Motor Vehicle Theft,107
2015,12,Narcotic / Drug Law Violations,314
2015,12,Offenses Against Family and Children,4
2015,12,Other Assaults,1348
2015,12,Other Sex Offenses (Not Commercialized),64
2015,12,Prostitution and Commercialized Vice,68
2015,12,Public Drunkenness,13
2015,12,Rape,63
2015,12,Receiving Stolen Property,2
2015,12,Robbery Firearm,89
2015,12,Robbery No Firearm,189
2015,12,Theft from Vehicle,841
2015,12,Thefts,1619
2015,12,Vagrancy/Loitering,21
2015,12,Vandalism/Criminal Mischief,834
2015,12,Weapon Violations,63
2015,13,Aggravated Assault Firearm,96
2015,13,Aggravated Assault No Firearm,227
2015,13,All Other Offenses,1625
2015,13,Arson,9
2015,13,Burglary Non-Residential,64
2015,13,Burglary Residential,356
2015,13,DRIVING UNDER THE INFLUENCE,60
2015,13,Disorderly Conduct,129
2015,13,Embezzlement,35
2015,13,Forgery and Counterfeiting,20
2015,13,Fraud,1116
2015,13,Gambling Violations,2
2015,13,Liquor Law Violations,3
2015,13,Motor Vehicle Theft,94
2015,13,Narcotic / Drug Law Violations,381
2015,13,Offenses Against Family and Children,7
2015,13,Other Assaults,1372
2015,13,Other Sex Offenses (Not Commercialized),58
2015,13,Prostitution and Commercialized Vice,23
2015,13,Public Drunkenness,20
2015,13,Rape,72
2015,13,Receiving Stolen Property,2
2015,13,Robbery Firearm,93
2015,13,Robbery No Firearm,172
2015,13,Theft from Vehicle,729
2015,13,Thefts,1629
2015,13,Vagrancy/Loitering,36
2015,13,Vandalism/Criminal Mischief,771
2015,13,Weapon Violations,65
2015,14,Aggravated Assault Firearm,86
2015,14,Aggravated Assault No Firearm,208
2015,14,All Other Offenses,1594
2015,14,Arson,13
2015,14,Burglary Non-Residential,48
2015,14,Burglary Residential,244
2015,14,DRIVING UNDER THE INFLUENCE,50
2015,14,Disorderly Conduct,129
2015,14,Embezzlement,35
2015,14,Forgery and Counterfeiting,13
2015,14,Fraud,871
2015,14,Gambling Violations,1
2015,14,Liquor Law Violations,13
2015,14,Motor Vehicle Theft,55
2015,14,Narcotic / Drug Law Violations,403
2015,14,Offenses Against Family and Children,12
2015,14,Other Assaults,1044
2015,14,Other Sex Offenses (Not Commercialized),62
2015,14,Prostitution and Commercialized Vice,7
2015,14,Public Drunkenness,29
2015,14,Rape,55
2015,14,Receiving Stolen Property,1
2015,14,Robbery Firearm,75
2015,14,Robbery No Firearm,154
2015,14,Theft from Vehicle,634
2015,14,Thefts,1514
2015,14,Vagrancy/Loitering,63
2015,14,Vandalism/Criminal Mischief,628
2015,14,Weapon Violations,50
2015,15,Aggravated Assault Firearm,84
2015,15,Aggravated Assault No Firearm,280
2015,15,All Other Offenses,1601
2015,15,Arson,14
2015,15,Burglary Non-Residential,46
2015,15,Burglary Residential,309
2015,15,DRIVING UNDER THE INFLUENCE,49
2015,15,Disorderly Conduct,176
2015,15,Embezzlement,39
2015,15,Forgery and Counterfeiting,20
2015,15,Fraud,1095
2015,15,Gambling Violations,3
2015,15,Liquor Law Violations,9
2015,15,Motor Vehicle Theft,83
2015,15,Narcotic / Drug Law Violations,402
2015,15,Offenses Against Family and Children,7
2015,15,Other Assaults,1436
2015,15,Other Sex Offenses (Not Commercialized),79
2015,15,Prostitution and Commercialized Vice,4
2015,15,Public Drunkenness,21
2015,15,Rape,74
2015,15,Receiving Stolen Property,3
2015,15,Robbery Firearm,99
2015,15,Robbery No Firearm,194
2015,15,Theft from Vehicle,648
2015,15,Thefts,1716
2015,15,Vagrancy/Loitering,87
2015,15,Vandalism/Criminal Mischief,715
2015,15,Weapon Violations,35
2015,16,Aggravated Assault Firearm,101
2015,16,Aggravated Assault No Firearm,314
2015,16,All Other Offenses,2265
2015,16,Arson,11
2015,16,Burglary Non-Residential,66
2015,16,Burglary Residential,613
2015,16,DRIVING UNDER THE INFLUENCE,87
2015,16,Disorderly Conduct,222
2015,16,Embezzlement,43
2015,16,Forgery and Counterfeiting,24
2015,16,Fraud,1199
2015,16,Gambling Violations,1
2015,16,Liquor Law Violations,17
2015,16,Motor Vehicle Theft,110
2015,16,Narcotic / Drug Law Violations,433
2015,16,Offenses Against Family and Children,9
2015,16,Other Assaults,1852
2015,16,Other Sex Offenses (Not Commercialized),81
2015,16,Prostitution and Commercialized Vice,3
2015,16,Public Drunkenness,40
2015,16,Rape,92
2015,16,Receiving Stolen Property,3
2015,16,Robbery Firearm,73
2015,16,Robbery No Firearm,224
2015,16,Theft from Vehicle,806
2015,16,Thefts,2143
2015,16,Vagrancy/Loitering,105
2015,16,Vandalism/Criminal Mischief,960
2015,16,Weapon Violations,47
2015,17,Aggravated Assault Firearm,114
2015,17,Aggravated Assault No Firearm,318
2015,17,All Other Offenses,2425
2015,17,Arson,12
2015,17,Burglary Non-Residential,38
2015,17,Burglary Residential,492
2015,17,DRIVING UNDER THE INFLUENCE,105
2015,17,Disorderly Conduct,212
2015,17,Embezzlement,23
2015,17,Forgery and Counterfeiting,18
2015,17,Fraud,998
2015,17,Gambling Violations,7
2015,17,Liquor Law Violations,19
2015,17,Motor Vehicle Theft,92
2015,17,Narcotic / Drug Law Violations,514
2015,17,Offenses Against Family and Children,7
2015,17,Other Assaults,1580
2015,17,Other Sex Offenses (Not Commercialized),74
2015,17,Prostitution and Commercialized Vice,2
2015,17,Public Drunkenness,26
2015,17,Rape,93
2015,17,Receiving Stolen Property,1
2015,17,Robbery Firearm,111
2015,17,Robbery No Firearm,211
2015,17,Theft from Vehicle,703
2015,17,Thefts,1908
2015,17,Vagrancy/Loitering,87
2015,17,Vandalism/Criminal Mischief,870
2015,17,Weapon Violations,62
2015,18,Aggravated Assault Firearm,127
2015,18,Aggravated Assault No Firearm,309
2015,18,All Other Offenses,1887
2015,18,Arson,10
2015,18,Burglary Non-Residential,26
2015,18,Burglary Residential,459
2015,18,DRIVING UNDER THE INFLUENCE,130
2015,18,Disorderly Conduct,183
2015,18,Embezzlement,19
2015,18,Forgery and Counterfeiting,16
2015,18,Fraud,784
2015,18,Gambling Violations,3
2015,18,Liquor Law Violations,11
2015,18,Motor Vehicle Theft,97
2015,18,Narcotic / Drug Law Violations,592
2015,18,Offenses Against Family and Children,7
2015,18,Other Assaults,1537
2015,18,Other Sex Offenses (Not Commercialized),67
2015,18,Prostitution and Commercialized Vice,3
2015,18,Public Drunkenness,37
2015,18,Rape,70
2015,18,Receiving Stolen Property,1
2015,18,Robbery Firearm,138
2015,18,Robbery No Firearm,217
2015,18,Theft from Vehicle,559
2015,18,Thefts,1674
2015,18,Vagrancy/Loitering,60
2015,18,Vandalism/Criminal Mischief,763
2015,18,Weapon Violations,49
2015,19,Aggravated Assault Firearm,139
2015,19,Aggravated Assault No Firearm,285
2015,19,All Other Offenses,2066
2015,19,Arson,13
2015,19,Burglary Non-Residential,16
2015,19,Burglary Residential,373
2015,19,DRIVING UNDER THE INFLUENCE,163
2015,19,Disorderly Conduct,225
2015,19,Embezzlement,20
2015,19,Forgery and Counterfeiting,11
2015,19,Fraud,690
2015,19,Gambling Violations,5
2015,19,Liquor Law Violations,24
2015,19,Motor Vehicle Theft,83
2015,19,Narcotic / Drug Law Violations,780
2015,19,Offenses Against Family and Children,6
2015,19,Other Assaults,1453
2015,19,Other Sex Offenses (Not Commercialized),70
2015,19,Prostitution and Commercialized Vice,5
2015,19,Public Drunkenness,39
2015,19,Rape,81
2015,19,Receiving Stolen Property,3
2015,19,Robbery Firearm,158
2015,19,Robbery No Firearm,219
2015,19,Theft from Vehicle,538
2015,19,Thefts,1384
2015,19,Vagrancy/Loitering,49
2015,19,Vandalism/Criminal Mischief,795
2015,19,Weapon Violations,73
2015,20,Aggravated Assault Firearm,148
2015,20,Aggravated Assault No Firearm,271
2015,20,All Other Offenses,2083
2015,20,Arson,14
2015,20,Burglary Non-Residential,21
2015,20,Burglary Residential,338
2015,20,DRIVING UNDER THE INFLUENCE,178
2015,20,Disorderly Conduct,226
2015,20,Embezzlement,6
2015,20,Forgery and Counterfeiting,7
2015,20,Fraud,573
2015,20,Liquor Law Violations,27
2015,20,Motor Vehicle Theft,61
2015,20,Narcotic / Drug Law Violations,828
2015,20,Offenses Against Family and Children,4
2015,20,Other Assaults,1359
2015,20,Other Sex Offenses (Not Commercialized),80
2015,20,Prostitution and Commercialized Vice,26
2015,20,Public Drunkenness,49
2015,20,Rape,85
2015,20,Receiving Stolen Property,1
2015,20,Robbery Firearm,183
2015,20,Robbery No Firearm,221
2015,20,Theft from Vehicle,466
2015,20,Thefts,1250
2015,20,Vagrancy/Loitering,67
2015,20,Vandalism/Criminal Mischief,741
2015,20,Weapon Violations,88
2015,21,Aggravated Assault Firearm,149
2015,21,Aggravated Assault No Firearm,328
2015,21,All Other Offenses,2732
2015,21,Arson,13
2015,21,Burglary Non-Residential,21
2015,21,Burglary Residential,301
2015,21,DRIVING UNDER THE INFLUENCE,255
2015,21,Disorderly Conduct,196
2015,21,Embezzlement,5
2015,21,Forgery and Counterfeiting,7
2015,21,Fraud,454
2015,21,Liquor Law Violations,32
2015,21,Motor Vehicle Theft,82
2015,21,Narcotic / Drug Law Violations,702
2015,21,Offenses Against Family and Children,10
2015,21,Other Assaults,1216
2015,21,Other Sex Offenses (Not Commercialized),47
2015,21,Prostitution and Commercialized Vice,213
2015,21,Public Drunkenness,39
2015,21,Rape,66
2015,21,Receiving Stolen Property,5
2015,21,Robbery Firearm,194
2015,21,Robbery No Firearm,221
2015,21,Theft from Vehicle,323
2015,21,Thefts,830
2015,21,Vagrancy/Loitering,69
2015,21,Vandalism/Criminal Mischief,662
2015,21,Weapon Violations,96
2015,22,Aggravated Assault Firearm,186
2015,22,Aggravated Assault No Firearm,259
2015,22,All Other Offenses,3869
2015,22,Arson,10
2015,22,Burglary Non-Residential,11
2015,22,Burglary Residential,190
2015,22,DRIVING UNDER THE INFLUENCE,350
2015,22,Disorderly Conduct,144
2015,22,Embezzlement,3
2015,22,Forgery and Counterfeiting,5
2015,22,Fraud,245
2015,22,Liquor Law Violations,30
2015,22,Motor Vehicle Theft,42
2015,22,Narcotic / Drug Law Violations,512
2015,22,Offenses Against Family and Children,6
2015,22,Other Assaults,850
2015,22,Other Sex Offenses (Not Commercialized),32
2015,22,Prostitution and Commercialized Vice,237
2015,22,Public Drunkenness,31
2015,22,Rape,37
2015,22,Robbery Firearm,277
2015,22,Robbery No Firearm,177
2015,22,Theft from Vehicle,249
2015,22,Thefts,544
2015,22,Vagrancy/Loitering,37
2015,22,Vandalism/Criminal Mischief,510
2015,22,Weapon Violations,95
2015,23,Aggravated Assault Firearm,175
2015,23,Aggravated Assault No Firearm,270
2015,23,All Other Offenses,3375
2015,23,Arson,14
2015,23,Burglary Non-Residential,26
2015,23,Burglary Residential,223
2015,23,DRIVING UNDER THE INFLUENCE,256
2015,23,Disorderly Conduct,94
2015,23,Embezzlement,6
2015,23,Forgery and Counterfeiting,4
2015,23,Fraud,197
2015,23,Liquor Law Violations,19
2015,23,Motor Vehicle Theft,50
2015,23,Narcotic / Drug Law Violations,266
2015,23,Offenses Against Family and Children,4
2015,23,Other Assaults,800
2015,23,Other Sex Offenses (Not Commercialized),26
2015,23,Prostitution and Commercialized Vice,98
2015,23,Public Drunkenness,30
2015,23,Rape,51
2015,23,Robbery Firearm,247
2015,23,Robbery No Firearm,179
2015,23,Theft from Vehicle,221
2015,23,Thefts,447
2015,23,Vagrancy/Loitering,21
2015,23,Vandalism/Criminal Mischief,567
2015,23,Weapon Violations,79
2016,0,Aggravated Assault Firearm,146
2016,0,Aggravated Assault No Firearm,275
2016,0,All Other Offenses,2267
2016,0,Arson,30
2016,0,Burglary Non-Residential,26
2016,0,Burglary Residential,211
2016,0,DRIVING UNDER THE INFLUENCE,336
2016,0,Disorderly Conduct,42
2016,0,Embezzlement,2
2016,0,Forgery and Counterfeiting,3
2016,0,Fraud,109
2016,0,Homicide - Criminal,268
2016,0,Homicide - Justifiable,1
2016,0,Liquor Law Violations,11
2016,0,Motor Vehicle Theft,36
2016,0,Narcotic / Drug Law Violations,194
2016,0,Offenses Against Family and Children,6
2016,0,Other Assaults,773
2016,0,Other Sex Offenses (Not Commercialized),20
2016,0,Prostitution and Commercialized Vice,16
2016,0,Public Drunkenness,9
2016,0,Rape,43
2016,0,Receiving Stolen Property,4
2016,0,Robbery Firearm,212
2016,0,Robbery No Firearm,129
2016,0,Theft from Vehicle,245
2016,0,Thefts,440
2016,0,Vagrancy/Loitering,1
2016,0,Vandalism/Criminal Mischief,576
2016,0,Weapon Violations,76
2016,1,Aggravated Assault Firearm,108
2016,1,Aggravated Assault No Firearm,233
2016,1,All Other Offenses,1739
2016,1,Arson,32
2016,1,Burglary Non-Residential,34
2016,1,Burglary Residential,165
2016,1,DRIVING UNDER THE INFLUENCE,436
2016,1,Disorderly Conduct,53
2016,1,Forgery and Counterfeiting,3
2016,1,Fraud,55
2016,1,Liquor Law Violations,9
2016,1,Motor Vehicle Theft,41
2016,1,Narcotic / Drug Law Violations,159
2016,1,Offenses Against Family and Children,3
2016,1,Other Assaults,654
2016,1,Other Sex Offenses (Not Commercialized),10
2016,1,Prostitution and Commercialized Vice,11
2016,1,Public Drunkenness,10
2016,1,Rape,32
2016,1,Receiving Stolen Property,2
2016,1,Robbery Firearm,176
2016,1,Robbery No Firearm,116
2016,1,Theft from Vehicle,159
2016,1,Thefts,282
2016,1,Vandalism/Criminal Mischief,459
2016,1,Weapon Violations,74
2016,2,Aggravated Assault Firearm,93
2016,2,Aggravated Assault No Firearm,174
2016,2,All Other Offenses,942
2016,2,Arson,26
2016,2,Burglary Non-Residential,48
2016,2,Burglary Residential,124
2016,2,DRIVING UNDER THE INFLUENCE,443
2016,2,Disorderly Conduct,58
2016,2,Fraud,68
2016,2,Liquor Law Violations,3
2016,2,Motor Vehicle Theft,31
2016,2,Narcotic / Drug Law Violations,110
2016,2,Offenses Against Family and Children,4
2016,2,Other Assaults,471
2016,2,Other Sex Offenses (Not Commercialized),12
2016,2,Prostitution and Commercialized Vice,24
2016,2,Public Drunkenness,17
2016,2,Rape,36
2016,2,Receiving Stolen Property,1
2016,2,Robbery Firearm,148
2016,2,Robbery No Firearm,124
2016,2,Theft from Vehicle,162
2016,2,Thefts,228
2016,2,Vandalism/Criminal Mischief,338
2016,2,Weapon Violations,52
2016,3,Aggravated Assault Firearm,80
2016,3,Aggravated Assault No Firearm,152
2016,3,All Other Offenses,537
2016,3,Arson,23
2016,3,Burglary Non-Residential,52
2016,3,Burglary Residential,94
2016,3,DRIVING UNDER THE INFLUENCE,333
2016,3,Disorderly Conduct,27
2016,3,Forgery and Counterfeiting,1
2016,3,Fraud,34
2016,3,Liquor Law Violations,3
2016,3,Motor Vehicle Theft,24
2016,3,Narcotic / Drug Law Violations,56
2016,3,Offenses Against Family and Children,2
2016,3,Other Assaults,350
2016,3,Other Sex Offenses (Not Commercialized),9
2016,3,Prostitution and Commercialized Vice,12
2016,3,Public Drunkenness,10
2016,3,Rape,35
2016,3,Robbery Firearm,99
2016,3,Robbery No Firearm,115
2016,3,Theft from Vehicle,183
2016,3,Thefts,191
2016,3,Vagrancy/Loitering,1
2016,3,Vandalism/Criminal Mischief,295
2016,3,Weapon Violations,41
2016,4,Aggravated Assault Firearm,42
2016,4,Aggravated Assault No Firearm,102
2016,4,All Other Offenses,282
2016,4,Arson,31
2016,4,Burglary Non-Residential,59
2016,4,Burglary Residential,73
2016,4,DRIVING UNDER THE INFLUENCE,148
2016,4,Disorderly Conduct,19
2016,4,Forgery and Counterfeiting,1
2016,4,Fraud,25
2016,4,Liquor Law Violations,1
2016,4,Motor Vehicle Theft,23
2016,4,Narcotic / Drug Law Violations,29
2016,4,Offenses Against Family and Children,1
2016,4,Other Assaults,254
2016,4,Other Sex Offenses (Not Commercialized),8
2016,4,Prostitution and Commercialized Vice,4
2016,4,Public Drunkenness,6
2016,4,Rape,25
2016,4,Robbery Firearm,94
2016,4,Robbery No Firearm,84
2016,4,Theft from Vehicle,122
2016,4,Thefts,118
2016,4,Vandalism/Criminal Mischief,249
2016,4,Weapon Violations,15
2016,5,Aggravated Assault Firearm,20
2016,5,Aggravated Assault No Firearm,65
2016,5,All Other Offenses,202
2016,5,Arson,21
2016,5,Burglary Non-Residential,56
2016,5,Burglary Residential,73
2016,5,DRIVING UNDER THE INFLUENCE,79
2016,5,Disorderly Conduct,6
2016,5,Embezzlement,1
2016,5,Fraud,21
2016,5,Liquor Law Violations,1
2016,5,Motor Vehicle Theft,22
2016,5,Narcotic / Drug Law Violations,19
2016,5,Offenses Against Family and Children,1
2016,5,Other Assaults,196
2016,5,Other Sex Offenses (Not Commercialized),9
2016,5,Prostitution and Commercialized Vice,5
2016,5,Public Drunkenness,1
2016,5,Rape,19
2016,5,Receiving Stolen Property,2
2016,5,Robbery Firearm,70
2016,5,Robbery No Firearm,55
2016,5,Theft from Vehicle,193
2016,5,Thefts,118
2016,5,Vandalism/Criminal Mischief,185
2016,5,Weapon Violations,15
2016,6,Aggravated Assault Firearm,17
2016,6,Aggravated Assault No Firearm,61
2016,6,All Other Offenses,171
2016,6,Arson,12
2016,6,Burglary Non-Residential,34
2016,6,Burglary Residential,64
2016,6,DRIVING UNDER THE INFLUENCE,21
2016,6,Disorderly Conduct,11
2016,6,Embezzlement,1
2016,6,Forgery and Counterfeiting,2
2016,6,Fraud,35
2016,6,Motor Vehicle Theft,28
2016,6,Narcotic / Drug Law Violations,11
2016,6,Other Assaults,169
2016,6,Other Sex Offenses (Not Commercialized),3
2016,6,Prostitution and Commercialized Vice,4
2016,6,Public Drunkenness,1
2016,6,Rape,25
2016,6,Robbery Firearm,38
2016,6,Robbery No Firearm,40
2016,6,Theft from Vehicle,301
2016,6,Thefts,134
2016,6,Vandalism/Criminal Mischief,205
2016,6,Weapon Violations,13
2016,7,Aggravated Assault Firearm,29
2016,7,Aggravated Assault No Firearm,109
2016,7,All Other Offenses,339
2016,7,Arson,15
2016,7,Burglary Non-Residential,82
2016,7,Burglary Residential,118
2016,7,DRIVING UNDER THE INFLUENCE,26
2016,7,Disorderly Conduct,28
2016,7,Embezzlement,2
2016,7,Forgery and Counterfeiting,3
2016,7,Fraud,166
2016,7,Motor Vehicle Theft,69
2016,7,Narcotic / Drug Law Violations,34
2016,7,Offenses Against Family and Children,3
2016,7,Other Assaults,361
2016,7,Other Sex Offenses (Not Commercialized),17
2016,7,Prostitution and Commercialized Vice,2
2016,7,Rape,18
2016,7,Receiving Stolen Property,1
2016,7,Robbery Firearm,29
2016,7,Robbery No Firearm,59
2016,7,Theft from Vehicle,731
2016,7,Thefts,306
2016,7,Vagrancy/Loitering,1
2016,7,Vandalism/Criminal Mischief,560
2016,7,Weapon Violations,17
2016,8,Aggravated Assault Firearm,29
2016,8,Aggravated Assault No Firearm,149
2016,8,All Other Offenses,731
2016,8,Arson,11
2016,8,Burglary Non-Residential,174
2016,8,Burglary Residential,252
2016,8,DRIVING UNDER THE INFLUENCE,23
2016,8,Disorderly Conduct,28
2016,8,Embezzlement,17
2016,8,Forgery and Counterfeiting,7
2016,8,Fraud,299
2016,8,Liquor Law Violations,1
2016,8,Motor Vehicle Theft,110
2016,8,Narcotic / Drug Law Violations,87
2016,8,Offenses Against Family and Children,4
2016,8,Other Assaults,778
2016,8,Other Sex Offenses (Not Commercialized),30
2016,8,Prostitution and Commercialized Vice,6
2016,8,Public Drunkenness,2
2016,8,Rape,31
2016,8,Robbery Firearm,47
2016,8,Robbery No Firearm,75
2016,8,Theft from Vehicle,1205
2016,8,Thefts,630
2016,8,Vagrancy/Loitering,1
2016,8,Vandalism/Criminal Mischief,934
2016,8,Weapon Violations,75
2016,9,Aggravated Assault Firearm,56
2016,9,Aggravated Assault No Firearm,196
2016,9,All Other Offenses,1006
2016,9,Arson,16
2016,9,Burglary Non-Residential,146
2016,9,Burglary Residential,283
2016,9,DRIVING UNDER THE INFLUENCE,42
2016,9,Disorderly Conduct,59
2016,9,Embezzlement,19
2016,9,Forgery and Counterfeiting,9
2016,9,Fraud,592
2016,9,Motor Vehicle Theft,99
2016,9,Narcotic / Drug Law Violations,198
2016,9,Offenses Against Family and Children,7
2016,9,Other Assaults,1082
2016,9,Other Sex Offenses (Not Commercialized),47
2016,9,Prostitution and Commercialized Vice,21
2016,9,Public Drunkenness,1
2016,9,Rape,37
2016,9,Receiving Stolen Property,2
2016,9,Robbery Firearm,60
2016,9,Robbery No Firearm,100
2016,9,Theft from Vehicle,1218
2016,9,Thefts,1000
2016,9,Vandalism/Criminal Mischief,996
2016,9,Weapon Violations,110
2016,10,Aggravated Assault Firearm,51
2016,10,Aggravated Assault No Firearm,232
2016,10,All Other Offenses,1306
2016,10,Arson,16
2016,10,Burglary Non-Residential,128
2016,10,Burglary Residential,319
2016,10,DRIVING UNDER THE INFLUENCE,38
2016,10,Disorderly Conduct,60
2016,10,Embezzlement,25
2016,10,Forgery and Counterfeiting,9
2016,10,Fraud,837
2016,10,Liquor Law Violations,1
2016,10,Motor Vehicle Theft,103
2016,10,Narcotic / Drug Law Violations,266
2016,10,Offenses Against Family and Children,7
2016,10,Other Assaults,1218
2016,10,Other Sex Offenses (Not Commercialized),64
2016,10,Prostitution and Commercialized Vice,73
2016,10,Public Drunkenness,7
2016,10,Rape,61
2016,10,Receiving Stolen Property,1
2016,10,Robbery Firearm,58
2016,10,Robbery No Firearm,132
2016,10,Theft from Vehicle,1033
2016,10,Thefts,1220
2016,10,Vagrancy/Loitering,1
2016,10,Vandalism/Criminal Mischief,964
2016,10,Weapon Violations,90
2016,11,Aggravated Assault Firearm,70
2016,11,Aggravated Assault No Firearm,222
2016,11,All Other Offenses,1602
2016,11,Arson,15
2016,11,Burglary Non-Residential,82
2016,11,Burglary Residential,313
2016,11,DRIVING UNDER THE INFLUENCE,56
2016,11,Disorderly Conduct,74
2016,11,Embezzlement,40
2016,11,Forgery and Counterfeiting,18
2016,11,Fraud,917
2016,11,Gambling Violations,4
2016,11,Liquor Law Violations,3
2016,11,Motor Vehicle Theft,94
2016,11,Narcotic / Drug Law Violations,334
2016,11,Offenses Against Family and Children,4
2016,11,Other Assaults,1357
2016,11,Other Sex Offenses (Not Commercialized),49
2016,11,Prostitution and Commercialized Vice,96
2016,11,Public Drunkenness,12
2016,11,Rape,57
2016,11,Receiving Stolen Property,6
2016,11,Robbery Firearm,67
2016,11,Robbery No Firearm,173
2016,11,Theft from Vehicle,949
2016,11,Thefts,1426
2016,11,Vagrancy/Loitering,1
2016,11,Vandalism/Criminal Mischief,910
2016,11,Weapon Violations,83
2016,12,Aggravated Assault Firearm,81
2016,12,Aggravated Assault No Firearm,252
2016,12,All Other Offenses,1404
2016,12,Arson,14
2016,12,Burglary Non-Residential,89
2016,12,Burglary Residential,316
2016,12,DRIVING UNDER THE INFLUENCE,38
2016,12,Disorderly Conduct,79
2016,12,Embezzlement,30
2016,12,Forgery and Counterfeiting,26
2016,12,Fraud,1039
2016,12,Gambling Violations,6
2016,12,Liquor Law Violations,1
2016,12,Motor Vehicle Theft,104
2016,12,Narcotic / Drug Law Violations,408
2016,12,Offenses Against Family and Children,4
2016,12,Other Assaults,1443
2016,12,Other Sex Offenses (Not Commercialized),75
2016,12,Prostitution and Commercialized Vice,68
2016,12,Public Drunkenness,9
2016,12,Rape,57
2016,12,Receiving Stolen Property,4
2016,12,Robbery Firearm,68
2016,12,Robbery No Firearm,159
2016,12,Theft from Vehicle,939
2016,12,Thefts,1633
2016,12,Vandalism/Criminal Mischief,823
2016,12,Weapon Violations,83
2016,13,Aggravated Assault Firearm,105
2016,13,Aggravated Assault No Firearm,239
2016,13,All Other Offenses,1257
2016,13,Arson,9
2016,13,Burglary Non-Residential,48
2016,13,Burglary Residential,304
2016,13,DRIVING UNDER THE INFLUENCE,48
2016,13,Disorderly Conduct,75
2016,13,Embezzlement,40
2016,13,Forgery and Counterfeiting,18
2016,13,Fraud,943
2016,13,Gambling Violations,10
2016,13,Liquor Law Violations,2
2016,13,Motor Vehicle Theft,82
2016,13,Narcotic / Drug Law Violations,451
2016,13,Offenses Against Family and Children,5
2016,13,Other Assaults,1454
2016,13,Other Sex Offenses (Not Commercialized),71
2016,13,Prostitution and Commercialized Vice,32
2016,13,Public Drunkenness,12
2016,13,Rape,79
2016,13,Robbery Firearm,68
2016,13,Robbery No Firearm,148
2016,13,Theft from Vehicle,762
2016,13,Thefts,1741
2016,13,Vagrancy/Loitering,3
2016,13,Vandalism/Criminal Mischief,788
2016,13,Weapon Violations,92
2016,14,Aggravated Assault Firearm,98
2016,14,Aggravated Assault No Firearm,201
2016,14,All Other Offenses,1074
2016,14,Arson,12
2016,14,Burglary Non-Residential,26
2016,14,Burglary Residential,209
2016,14,DRIVING UNDER THE INFLUENCE,51
2016,14,Disorderly Conduct,77
2016,14,Embezzlement,21
2016,14,Forgery and Counterfeiting,18
2016,14,Fraud,910
2016,14,Gambling Violations,4
2016,14,Motor Vehicle Theft,56
2016,14,Narcotic / Drug Law Violations,397
2016,14,Offenses Against Family and Children,9
2016,14,Other Assaults,1201
2016,14,Other Sex Offenses (Not Commercialized),56
2016,14,Prostitution and Commercialized Vice,20
2016,14,Public Drunkenness,15
2016,14,Rape,55
2016,14,Robbery Firearm,76
2016,14,Robbery No Firearm,169
2016,14,Theft from Vehicle,632
2016,14,Thefts,1322
2016,14,Vagrancy/Loitering,1
2016,14,Vandalism/Criminal Mischief,625
2016,14,Weapon Violations,81
2016,15,Aggravated Assault Firearm,81
2016,15,Aggravated Assault No Firearm,275
2016,15,All Other Offenses,1161
2016,15,Arson,10
2016,15,Burglary Non-Residential,65
2016,15,Burglary Residential,268
2016,15,DRIVING UNDER THE INFLUENCE,47
2016,15,Disorderly Conduct,130
2016,15,Embezzlement,47
2016,15,Forgery and Counterfeiting,16
2016,15,Fraud,964
2016,15,Gambling Violations,1
2016,15,Liquor Law Violations,7
2016,15,Motor Vehicle Theft,77
2016,15,Narcotic / Drug Law Violations,432
2016,15,Offenses Against Family and Children,3
2016,15,Other Assaults,1444
2016,15,Other Sex Offenses (Not Commercialized),65
2016,15,Prostitution and Commercialized Vice,24
2016,15,Public Drunkenness,14
2016,15,Rape,75
2016,15,Robbery Firearm,90
2016,15,Robbery No Firearm,200
2016,15,Theft from Vehicle,716
2016,15,Thefts,1687
2016,15,Vandalism/Criminal Mischief,719
2016,15,Weapon Violations,70
2016,16,Aggravated Assault Firearm,92
2016,16,Aggravated Assault No Firearm,319
2016,16,All Other Offenses,1492
2016,16,Arson,11
2016,16,Burglary Non-Residential,62
2016,16,Burglary Residential,467
2016,16,DRIVING UNDER THE INFLUENCE,80
2016,16,Disorderly Conduct,119
2016,16,Embezzlement,43
2016,16,Forgery and Counterfeiting,18
2016,16,Fraud,1059
2016,16,Gambling Violations,1
2016,16,Liquor Law Violations,1
2016,16,Motor Vehicle Theft,96
2016,16,Narcotic / Drug Law Violations,426
2016,16,Offenses Against Family and Children,7
2016,16,Other Assaults,1861
2016,16,Other Sex Offenses (Not Commercialized),88
2016,16,Prostitution and Commercialized Vice,20
2016,16,Public Drunkenness,32
2016,16,Rape,102
2016,16,Receiving Stolen Property,2
2016,16,Robbery Firearm,89
2016,16,Robbery No Firearm,222
2016,16,Theft from Vehicle,844
2016,16,Thefts,2103
2016,16,Vagrancy/Loitering,4
2016,16,Vandalism/Criminal Mischief,974
2016,16,Weapon Violations,71
2016,17,Aggravated Assault Firearm,143
2016,17,Aggravated Assault No Firearm,315
2016,17,All Other Offenses,1601
2016,17,Arson,13
2016,17,Burglary Non-Residential,40
2016,17,Burglary Residential,394
2016,17,DRIVING UNDER THE INFLUENCE,113
2016,17,Disorderly Conduct,100
2016,17,Embezzlement,31
2016,17,Forgery and Counterfeiting,14
2016,17,Fraud,983
2016,17,Gambling Violations,2
2016,17,Motor Vehicle Theft,103
2016,17,Narcotic / Drug Law Violations,597
2016,17,Offenses Against Family and Children,5
2016,17,Other Assaults,1615
2016,17,Other Sex Offenses (Not Commercialized),61
2016,17,Prostitution and Commercialized Vice,27
2016,17,Public Drunkenness,36
2016,17,Rape,82
2016,17,Receiving Stolen Property,2
2016,17,Robbery Firearm,107
2016,17,Robbery No Firearm,191
2016,17,Theft from Vehicle,722
2016,17,Thefts,1816
2016,17,Vandalism/Criminal Mischief,891
2016,17,Weapon Violations,81
2016,18,Aggravated Assault Firearm,145
2016,18,Aggravated Assault No Firearm,306
2016,18,All Other Offenses,1328
2016,18,Arson,9
2016,18,Burglary Non-Residential,37
2016,18,Burglary Residential,360
2016,18,DRIVING UNDER THE INFLUENCE,121
2016,18,Disorderly Conduct,98
2016,18,Embezzlement,16
2016,18,Forgery and Counterfeiting,13
2016,18,Fraud,702
2016,18,Gambling Violations,1
2016,18,Motor Vehicle Theft,67
2016,18,Narcotic / Drug Law Violations,611
2016,18,Offenses Against Family and Children,6
2016,18,Other Assaults,1496
2016,18,Other Sex Offenses (Not Commercialized),54
2016,18,Prostitution and Commercialized Vice,25
2016,18,Public Drunkenness,31
2016,18,Rape,67
2016,18,Receiving Stolen Property,5
2016,18,Robbery Firearm,108
2016,18,Robbery No Firearm,201
2016,18,Theft from Vehicle,699
2016,18,Thefts,1673
2016,18,Vandalism/Criminal Mischief,838
2016,18,Weapon Violations,74
2016,19,Aggravated Assault Firearm,126
2016,19,Aggravated Assault No Firearm,332
2016,19,All Other Offenses,1453
2016,19,Arson,13
2016,19,Burglary Non-Residential,22
2016,19,Burglary Residential,340
2016,19,DRIVING UNDER THE INFLUENCE,170
2016,19,Disorderly Conduct,101
2016,19,Embezzlement,9
2016,19,Forgery and Counterfeiting,14
2016,19,Fraud,628
2016,19,Gambling Violations,3
2016,19,Liquor Law Violations,11
2016,19,Motor Vehicle Theft,83
2016,19,Narcotic / Drug Law Violations,771
2016,19,Offenses Against Family and Children,9
2016,19,Other Assaults,1466
2016,19,Other Sex Offenses (Not Commercialized),50
2016,19,Prostitution and Commercialized Vice,22
2016,19,Public Drunkenness,38
2016,19,Rape,83
2016,19,Receiving Stolen Property,3
2016,19,Robbery Firearm,147
2016,19,Robbery No Firearm,222
2016,19,Theft from Vehicle,564
2016,19,Thefts,1386
2016,19,Vandalism/Criminal Mischief,795
2016,19,Weapon Violations,132
2016,20,Aggravated Assault Firearm,128
2016,20,Aggravated Assault No Firearm,318
2016,20,All Other Offenses,1391
2016,20,Arson,19
2016,20,Burglary Non-Residential,28
2016,20,Burglary Residential,284
2016,20,DRIVING UNDER THE INFLUENCE,208
2016,20,Disorderly Conduct,106
2016,20,Embezzlement,13
2016,20,Forgery and Counterfeiting,14
2016,20,Fraud,546
2016,20,Gambling Violations,6
2016,20,Liquor Law Violations,25
2016,20,Motor Vehicle Theft,74
2016,20,Narcotic / Drug Law Violations,851
2016,20,Offenses Against Family and Children,5
2016,20,Other Assaults,1341
2016,20,Other Sex Offenses (Not Commercialized),53
2016,20,Prostitution and Commercialized Vice,38
2016,20,Public Drunkenness,41
2016,20,Rape,73
2016,20,Receiving Stolen Property,4
2016,20,Robbery Firearm,194
2016,20,Robbery No Firearm,213
2016,20,Theft from Vehicle,500
2016,20,Thefts,1186
2016,20,Vagrancy/Loitering,1
2016,20,Vandalism/Criminal Mischief,721
2016,20,Weapon Violations,143
2016,21,Aggravated Assault Firearm,160
2016,21,Aggravated Assault No Firearm,311
2016,21,All Other Offenses,1593
2016,21,Arson,12
2016,21,Burglary Non-Residential,11
2016,21,Burglary Residential,262
2016,21,DRIVING UNDER THE INFLUENCE,255
2016,21,Disorderly Conduct,101
2016,21,Embezzlement,3
2016,21,Forgery and Counterfeiting,9
2016,21,Fraud,421
2016,21,Gambling Violations,4
2016,21,Liquor Law Violations,14
2016,21,Motor Vehicle Theft,59
2016,21,Narcotic / Drug Law Violations,729
2016,21,Offenses Against Family and Children,5
2016,21,Other Assaults,1208
2016,21,Other Sex Offenses (Not Commercialized),31
2016,21,Prostitution and Commercialized Vice,140
2016,21,Public Drunkenness,38
2016,21,Rape,62
2016,21,Receiving Stolen Property,2
2016,21,Robbery Firearm,206
2016,21,Robbery No Firearm,198
2016,21,Theft from Vehicle,372
2016,21,Thefts,849
2016,21,Vagrancy/Loitering,1
2016,21,Vandalism/Criminal Mischief,695
2016,21,Weapon Violations,152
2016,22,Aggravated Assault Firearm,162
2016,22,Aggravated Assault No Firearm,255
2016,22,All Other Offenses,2350
2016,22,Arson,19
2016,22,Burglary Non-Residential,14
2016,22,Burglary Residential,134
2016,22,DRIVING UNDER THE INFLUENCE,339
2016,22,Disorderly Conduct,62
2016,22,Embezzlement,4
2016,22,Forgery and Counterfeiting,1
2016,22,Fraud,259
2016,22,Liquor Law Violations,15
2016,22,Motor Vehicle Theft,33
2016,22,Narcotic / Drug Law Violations,500
2016,22,Offenses Against Family and Children,5
2016,22,Other Assaults,796
2016,22,Other Sex Offenses (Not Commercialized),19
2016,22,Prostitution and Commercialized Vice,171
2016,22,Public Drunkenness,21
2016,22,Rape,36
2016,22,Receiving Stolen Property,3
2016,22,Robbery Firearm,185
2016,22,Robbery No Firearm,187
2016,22,Theft from Vehicle,269
2016,22,Thefts,486
2016,22,Vandalism/Criminal Mischief,569
2016,22,Weapon Violations,142
2016,23,Aggravated Assault Firearm,179
2016,23,Aggravated Assault No Firearm,255
2016,23,All Other Offenses,2343
2016,23,Arson,24
2016,23,Burglary Non-Residential,30
2016,23,Burglary Residential,174
2016,23,DRIVING UNDER THE INFLUENCE,250
2016,23,Disorderly Conduct,68
2016,23,Embezzlement,5
2016,23,Forgery and Counterfeiting,7
2016,23,Fraud,162
2016,23,Liquor Law Violations,14
2016,23,Motor Vehicle Theft,36
2016,23,Narcotic / Drug Law Violations,323
2016,23,Offenses Against Family and Children,5
2016,23,Other Assaults,832
2016,23,Other Sex Offenses (Not Commercialized),26
2016,23,Prostitution and Commercialized Vice,63
2016,23,Public Drunkenness,14
2016,23,Rape,44
2016,23,Receiving Stolen Property,3
2016,23,Robbery Firearm,215
2016,23,Robbery No Firearm,161
2016,23,Theft from Vehicle,232
2016,23,Thefts,472
2016,23,Vandalism/Criminal Mischief,571
2016,23,Weapon Violations,117
2017,0,Aggravated Assault Firearm,125
2017,0,Aggravated Assault No Firearm,241
2017,0,All Other Offenses,2355
2017,0,Arson,26
2017,0,Burglary Non-Residential,22
2017,0,Burglary Residential,157
2017,0,DRIVING UNDER THE INFLUENCE,250
2017,0,Disorderly Conduct,28
2017,0,Embezzlement,3
2017,0,Forgery and Counterfeiting,2
2017,0,Fraud,127
2017,0,Homicide - Criminal,311
2017,0,Liquor Law Violations,12
2017,0,Motor Vehicle Theft,45
2017,0,Narcotic / Drug Law Violations,198
2017,0,Offenses Against Family and Children,4
2017,0,Other Assaults,779
2017,0,Other Sex Offenses (Not Commercialized),15
2017,0,Prostitution and Commercialized Vice,14
2017,0,Public Drunkenness,11
2017,0,Rape,44
2017,0,Receiving Stolen Property,1
2017,0,Robbery Firearm,177
2017,0,Robbery No Firearm,184
2017,0,Theft from Vehicle,264
2017,0,Thefts,395
2017,0,Vagrancy/Loitering,1
2017,0,Vandalism/Criminal Mischief,539
2017,0,Weapon Violations,81
2017,1,Aggravated Assault Firearm,106
2017,1,Aggravated Assault No Firearm,201
2017,1,All Other Offenses,1760
2017,1,Arson,26
2017,1,Burglary Non-Residential,31
2017,1,Burglary Residential,135
2017,1,DRIVING UNDER THE INFLUENCE,421
2017,1,Disorderly Conduct,22
2017,1,Embezzlement,1
2017,1,Forgery and Counterfeiting,3
2017,1,Fraud,77
2017,1,Liquor Law Violations,8
2017,1,Motor Vehicle Theft,38
2017,1,Narcotic / Drug Law Violations,173
2017,1,Offenses Against Family and Children,6
2017,1,Other Assaults,577
2017,1,Other Sex Offenses (Not Commercialized),15
2017,1,Prostitution and Commercialized Vice,7
2017,1,Public Drunkenness,8
2017,1,Rape,39
2017,1,Receiving Stolen Property,1
2017,1,Robbery Firearm,135
2017,1,Robbery No Firearm,123
2017,1,Theft from Vehicle,185
2017,1,Thefts,303
2017,1,Vandalism/Criminal Mischief,423
2017,1,Weapon Violations,78
2017,2,Aggravated Assault Firearm,94
2017,2,Aggravated Assault No Firearm,190
2017,2,All Other Offenses,1010
2017,2,Arson,34
2017,2,Burglary Non-Residential,31
2017,2,Burglary Residential,97
2017,2,DRIVING UNDER THE INFLUENCE,384
2017,2,Disorderly Conduct,39
2017,2,Forgery and Counterfeiting,2
2017,2,Fraud,84
2017,2,Liquor Law Violations,8
2017,2,Motor Vehicle Theft,32
2017,2,Narcotic / Drug Law Violations,89
2017,2,Offenses Against Family and Children,8
2017,2,Other Assaults,465
2017,2,Other Sex Offenses (Not Commercialized),17
2017,2,Prostitution and Commercialized Vice,7
2017,2,Public Drunkenness,8
2017,2,Rape,30
2017,2,Robbery Firearm,107
2017,2,Robbery No Firearm,128
2017,2,Theft from Vehicle,165
2017,2,Thefts,255
2017,2,Vandalism/Criminal Mischief,351
2017,2,Weapon Violations,64
2017,3,Aggravated Assault Firearm,67
2017,3,Aggravated Assault No Firearm,135
2017,3,All Other Offenses,528
2017,3,Arson,26
2017,3,Burglary Non-Residential,44
2017,3,Burglary Residential,87
2017,3,DRIVING UNDER THE INFLUENCE,328
2017,3,Disorderly Conduct,31
2017,3,Forgery and Counterfeiting,1
2017,3,Fraud,58
2017,3,Liquor Law Violations,5
2017,3,Motor Vehicle Theft,18
2017,3,Narcotic / Drug Law Violations,87
2017,3,Offenses Against Family and Children,1
2017,3,Other Assaults,363
2017,3,Other Sex Offenses (Not Commercialized),7
2017,3,Prostitution and Commercialized Vice,3
2017,3,Public Drunkenness,7
2017,3,Rape,21
2017,3,Robbery Firearm,98
2017,3,Robbery No Firearm,88
2017,3,Theft from Vehicle,138
2017,3,Thefts,178
2017,3,Vagrancy/Loitering,2
2017,3,Vandalism/Criminal Mischief,292
2017,3,Weapon Violations,44
2017,4,Aggravated Assault Firearm,37
2017,4,Aggravated Assault No Firearm,99
2017,4,All Other Offenses,279
2017,4,Arson,20
2017,4,Burglary Non-Residential,38
2017,4,Burglary Residential,67
2017,4,DRIVING UNDER THE INFLUENCE,140
2017,4,Disorderly Conduct,15
2017,4,Embezzlement,4
2017,4,Fraud,34
2017,4,Liquor Law Violations,1
2017,4,Motor Vehicle Theft,26
2017,4,Narcotic / Drug Law Violations,39
2017,4,Offenses Against Family and Children,1
2017,4,Other Assaults,270
2017,4,Other Sex Offenses (Not Commercialized),12
2017,4,Prostitution and Commercialized Vice,5
2017,4,Public Drunkenness,5
2017,4,Rape,21
2017,4,Receiving Stolen Property,1
2017,4,Robbery Firearm,76
2017,4,Robbery No Firearm,75
2017,4,Theft from Vehicle,135
2017,4,Thefts,143
2017,4,Vagrancy/Loitering,1
2017,4,Vandalism/Criminal Mischief,216
2017,4,Weapon Violations,34
2017,5,Aggravated Assault Firearm,29
2017,5,Aggravated Assault No Firearm,69
2017,5,All Other Offenses,171
2017,5,Arson,23
2017,5,Burglary Non-Residential,41
2017,5,Burglary Residential,74
2017,5,DRIVING UNDER THE INFLUENCE,65
2017,5,Disorderly Conduct,7
2017,5,Fraud,37
2017,5,Motor Vehicle Theft,16
2017,5,Narcotic / Drug Law Violations,20
2017,5,Offenses Against Family and Children,1
2017,5,Other Assaults,207
2017,5,Other Sex Offenses (Not Commercialized),11
2017,5,Prostitution and Commercialized Vice,8
2017,5,Rape,25
2017,5,Robbery Firearm,54
2017,5,Robbery No Firearm,58
2017,5,Theft from Vehicle,173
2017,5,Thefts,137
2017,5,Vandalism/Criminal Mischief,191
2017,5,Weapon Violations,20
2017,6,Aggravated Assault Firearm,19
2017,6,Aggravated Assault No Firearm,60
2017,6,All Other Offenses,125
2017,6,Arson,5
2017,6,Burglary Non-Residential,41
2017,6,Burglary Residential,47
2017,6,DRIVING UNDER THE INFLUENCE,37
2017,6,Disorderly Conduct,7
2017,6,Embezzlement,3
2017,6,Fraud,44
2017,6,Motor Vehicle Theft,17
2017,6,Narcotic / Drug Law Violations,16
2017,6,Offenses Against Family and Children,2
2017,6,Other Assaults,174
2017,6,Other Sex Offenses (Not Commercialized),8
2017,6,Prostitution and Commercialized Vice,6
2017,6,Public Drunkenness,2
2017,6,Rape,9
2017,6,Robbery Firearm,47
2017,6,Robbery No Firearm,47
2017,6,Theft from Vehicle,268
2017,6,Thefts,123
2017,6,Vandalism/Criminal Mischief,221
2017,6,Weapon Violations,13
2017,7,Aggravated Assault Firearm,22
2017,7,Aggravated Assault No Firearm,97
2017,7,All Other Offenses,307
2017,7,Arson,5
2017,7,Burglary Non-Residential,77
2017,7,Burglary Residential,115
2017,7,DRIVING UNDER THE INFLUENCE,16
2017,7,Disorderly Conduct,8
2017,7,Embezzlement,7
2017,7,Forgery and Counterfeiting,2
2017,7,Fraud,181
2017,7,Motor Vehicle Theft,56
2017,7,Narcotic / Drug Law Violations,25
2017,7,Offenses Against Family and Children,2
2017,7,Other Assaults,327
2017,7,Other Sex Offenses (Not Commercialized),9
2017,7,Prostitution and Commercialized Vice,14
2017,7,Public Drunkenness,1
2017,7,Rape,14
2017,7,Receiving Stolen Property,1
2017,7,Robbery Firearm,25
2017,7,Robbery No Firearm,78
2017,7,Theft from Vehicle,692
2017,7,Thefts,285
2017,7,Vandalism/Criminal Mischief,518
2017,7,Weapon Violations,17
2017,8,Aggravated Assault Firearm,29
2017,8,Aggravated Assault No Firearm,156
2017,8,All Other Offenses,543
2017,8,Arson,19
2017,8,Burglary Non-Residential,187
2017,8,Burglary Residential,245
2017,8,DRIVING UNDER THE INFLUENCE,26
2017,8,Disorderly Conduct,17
2017,8,Embezzlement,22
2017,8,Forgery and Counterfeiting,8
2017,8,Fraud,330
2017,8,Motor Vehicle Theft,95
2017,8,Narcotic / Drug Law Violations,97
2017,8,Offenses Against Family and Children,5
2017,8,Other Assaults,827
2017,8,Other Sex Offenses (Not Commercialized),23
2017,8,Prostitution and Commercialized Vice,41
2017,8,Rape,31
2017,8,Robbery Firearm,45
2017,8,Robbery No Firearm,97
2017,8,Theft from Vehicle,1122
2017,8,Thefts,676
2017,8,Vandalism/Criminal Mischief,893
2017,8,Weapon Violations,67
2017,9,Aggravated Assault Firearm,44
2017,9,Aggravated Assault No Firearm,192
2017,9,All Other Offenses,1041
2017,9,Arson,8
2017,9,Burglary Non-Residential,148
2017,9,Burglary Residential,290
2017,9,DRIVING UNDER THE INFLUENCE,63
2017,9,Disorderly Conduct,22
2017,9,Embezzlement,23
2017,9,Forgery and Counterfeiting,9
2017,9,Fraud,617
2017,9,Motor Vehicle Theft,106
2017,9,Narcotic / Drug Law Violations,242
2017,9,Offenses Against Family and Children,8
2017,9,Other Assaults,1135
2017,9,Other Sex Offenses (Not Commercialized),52
2017,9,Prostitution and Commercialized Vice,63
2017,9,Public Drunkenness,2
2017,9,Rape,43
2017,9,Receiving Stolen Property,1
2017,9,Robbery Firearm,63
2017,9,Robbery No Firearm,116
2017,9,Theft from Vehicle,1061
2017,9,Thefts,1001
2017,9,Vandalism/Criminal Mischief,926
2017,9,Weapon Violations,121
2017,10,Aggravated Assault Firearm,65
2017,10,Aggravated Assault No Firearm,214
2017,10,All Other Offenses,1387
2017,10,Arson,18
2017,10,Burglary Non-Residential,161
2017,10,Burglary Residential,303
2017,10,DRIVING UNDER THE INFLUENCE,65
2017,10,Disorderly Conduct,28
2017,10,Embezzlement,42
2017,10,Forgery and Counterfeiting,8
2017,10,Fraud,881
2017,10,Gambling Violations,3
2017,10,Liquor Law Violations,2
2017,10,Motor Vehicle Theft,96
2017,10,Narcotic / Drug Law Violations,368
2017,10,Offenses Against Family and Children,6
2017,10,Other Assaults,1250
2017,10,Other Sex Offenses (Not Commercialized),50
2017,10,Prostitution and Commercialized Vice,152
2017,10,Public Drunkenness,7
2017,10,Rape,43
2017,10,Receiving Stolen Property,2
2017,10,Robbery Firearm,53
2017,10,Robbery No Firearm,123
2017,10,Theft from Vehicle,995
2017,10,Thefts,1296
2017,10,Vagrancy/Loitering,1
2017,10,Vandalism/Criminal Mischief,910
2017,10,Weapon Violations,90
2017,11,Aggravated Assault Firearm,91
2017,11,Aggravated Assault No Firearm,262
2017,11,All Other Offenses,1516
2017,11,Arson,9
2017,11,Burglary Non-Residential,116
2017,11,Burglary Residential,297
2017,11,DRIVING UNDER THE INFLUENCE,59
2017,11,Disorderly Conduct,23
2017,11,Embezzlement,33
2017,11,Forgery and Counterfeiting,17
2017,11,Fraud,990
2017,11,Gambling Violations,3
2017,11,Liquor Law Violations,1
2017,11,Motor Vehicle Theft,95
2017,11,Narcotic / Drug Law Violations,478
2017,11,Offenses Against Family and Children,5
2017,11,Other Assaults,1337
2017,11,Other Sex Offenses (Not Commercialized),49
2017,11,Prostitution and Commercialized Vice,127
2017,11,Public Drunkenness,2
2017,11,Rape,61
2017,11,Receiving Stolen Property,2
2017,11,Robbery Firearm,68
2017,11,Robbery No Firearm,152
2017,11,Theft from Vehicle,981
2017,11,Thefts,1418
2017,11,Vandalism/Criminal Mischief,860
2017,11,Weapon Violations,89
2017,12,Aggravated Assault Firearm,95
2017,12,Aggravated Assault No Firearm,270
2017,12,All Other Offenses,1476
2017,12,Arson,12
2017,12,Burglary Non-Residential,83
2017,12,Burglary Residential,326
2017,12,DRIVING UNDER THE INFLUENCE,56
2017,12,Disorderly Conduct,50
2017,12,Embezzlement,57
2017,12,Forgery and Counterfeiting,11
2017,12,Fraud,977
2017,12,Gambling Violations,4
2017,12,Liquor Law Violations,5
2017,12,Motor Vehicle Theft,82
2017,12,Narcotic / Drug Law Violations,479
2017,12,Offenses Against Family and Children,6
2017,12,Other Assaults,1431
2017,12,Other Sex Offenses (Not Commercialized),62
2017,12,Prostitution and Commercialized Vice,70
2017,12,Public Drunkenness,5
2017,12,Rape,69
2017,12,Receiving Stolen Property,2
2017,12,Robbery Firearm,62
2017,12,Robbery No Firearm,162
2017,12,Theft from Vehicle,850
2017,12,Thefts,1616
2017,12,Vagrancy/Loitering,3
2017,12,Vandalism/Criminal Mischief,836
2017,12,Weapon Violations,98
2017,13,Aggravated Assault Firearm,106
2017,13,Aggravated Assault No Firearm,278
2017,13,All Other Offenses,1177
2017,13,Arson,15
2017,13,Burglary Non-Residential,65
2017,13,Burglary Residential,265
2017,13,DRIVING UNDER THE INFLUENCE,55
2017,13,Disorderly Conduct,40
2017,13,Embezzlement,42
2017,13,Forgery and Counterfeiting,11
2017,13,Fraud,1062
2017,13,Liquor Law Violations,3
2017,13,Motor Vehicle Theft,87
2017,13,Narcotic / Drug Law Violations,467
2017,13,Offenses Against Family and Children,3
2017,13,Other Assaults,1406
2017,13,Other Sex Offenses (Not Commercialized),75
2017,13,Prostitution and Commercialized Vice,21
2017,13,Public Drunkenness,5
2017,13,Rape,56
2017,13,Receiving Stolen Property,3
2017,13,Robbery Firearm,77
2017,13,Robbery No Firearm,150
2017,13,Theft from Vehicle,788
2017,13,Thefts,1636
2017,13,Vagrancy/Loitering,1
2017,13,Vandalism/Criminal Mischief,762
2017,13,Weapon Violations,99
2017,14,Aggravated Assault Firearm,95
2017,14,Aggravated Assault No Firearm,252
2017,14,All Other Offenses,1051
2017,14,Arson,9
2017,14,Burglary Non-Residential,36
2017,14,Burglary Residential,167
2017,14,DRIVING UNDER THE INFLUENCE,43
2017,14,Disorderly Conduct,43
2017,14,Embezzlement,33
2017,14,Forgery and Counterfeiting,18
2017,14,Fraud,814
2017,14,Gambling Violations,1
2017,14,Liquor Law Violations,6
2017,14,Motor Vehicle Theft,44
2017,14,Narcotic / Drug Law Violations,466
2017,14,Offenses Against Family and Children,7
2017,14,Other Assaults,1133
2017,14,Other Sex Offenses (Not Commercialized),40
2017,14,Prostitution and Commercialized Vice,10
2017,14,Public Drunkenness,4
2017,14,Rape,52
2017,14,Receiving Stolen Property,2
2017,14,Robbery Firearm,76
2017,14,Robbery No Firearm,144
2017,14,Theft from Vehicle,589
2017,14,Thefts,1347
2017,14,Vagrancy/Loitering,1
2017,14,Vandalism/Criminal Mischief,576
2017,14,Weapon Violations,75
2017,15,Aggravated Assault Firearm,88
2017,15,Aggravated Assault No Firearm,288
2017,15,All Other Offenses,1061
2017,15,Arson,7
2017,15,Burglary Non-Residential,42
2017,15,Burglary Residential,291
2017,15,DRIVING UNDER THE INFLUENCE,48
2017,15,Disorderly Conduct,57
2017,15,Embezzlement,45
2017,15,Forgery and Counterfeiting,17
2017,15,Fraud,870
2017,15,Gambling Violations,4
2017,15,Liquor Law Violations,5
2017,15,Motor Vehicle Theft,84
2017,15,Narcotic / Drug Law Violations,443
2017,15,Offenses Against Family and Children,4
2017,15,Other Assaults,1435
2017,15,Other Sex Offenses (Not Commercialized),63
2017,15,Prostitution and Commercialized Vice,1
2017,15,Public Drunkenness,9
2017,15,Rape,73
2017,15,Receiving Stolen Property,2
2017,15,Robbery Firearm,72
2017,15,Robbery No Firearm,169
2017,15,Theft from Vehicle,684
2017,15,Thefts,1636
2017,15,Vandalism/Criminal Mischief,663
2017,15,Weapon Violations,59
2017,16,Aggravated Assault Firearm,107
2017,16,Aggravated Assault No Firearm,320
2017,16,All Other Offenses,1560
2017,16,Arson,10
2017,16,Burglary Non-Residential,54
2017,16,Burglary Residential,465
2017,16,DRIVING UNDER THE INFLUENCE,76
2017,16,Disorderly Conduct,83
2017,16,Embezzlement,45
2017,16,Forgery and Counterfeiting,19
2017,16,Fraud,1026
2017,16,Gambling Violations,2
2017,16,Liquor Law Violations,5
2017,16,Motor Vehicle Theft,77
2017,16,Narcotic / Drug Law Violations,569
2017,16,Offenses Against Family and Children,9
2017,16,Other Assaults,1787
2017,16,Other Sex Offenses (Not Commercialized),76
2017,16,Prostitution and Commercialized Vice,4
2017,16,Public Drunkenness,13
2017,16,Rape,72
2017,16,Receiving Stolen Property,3
2017,16,Robbery Firearm,86
2017,16,Robbery No Firearm,217
2017,16,Theft from Vehicle,798
2017,16,Thefts,2108
2017,16,Vagrancy/Loitering,2
2017,16,Vandalism/Criminal Mischief,923
2017,16,Weapon Violations,83
2017,17,Aggravated Assault Firearm,91
2017,17,Aggravated Assault No Firearm,313
2017,17,All Other Offenses,1675
2017,17,Arson,15
2017,17,Burglary Non-Residential,42
2017,17,Burglary Residential,384
2017,17,DRIVING UNDER THE INFLUENCE,117
2017,17,Disorderly Conduct,76
2017,17,Embezzlement,33
2017,17,Forgery and Counterfeiting,21
2017,17,Fraud,953
2017,17,Gambling Violations,4
2017,17,Liquor Law Violations,3
2017,17,Motor Vehicle Theft,95
2017,17,Narcotic / Drug Law Violations,741
2017,17,Offenses Against Family and Children,5
2017,17,Other Assaults,1617
2017,17,Other Sex Offenses (Not Commercialized),79
2017,17,Prostitution and Commercialized Vice,6
2017,17,Public Drunkenness,15
2017,17,Rape,70
2017,17,Receiving Stolen Property,2
2017,17,Robbery Firearm,95
2017,17,Robbery No Firearm,214
2017,17,Theft from Vehicle,757
2017,17,Thefts,1808
2017,17,Vagrancy/Loitering,2
2017,17,Vandalism/Criminal Mischief,855
2017,17,Weapon Violations,114
2017,18,Aggravated Assault Firearm,118
2017,18,Aggravated Assault No Firearm,318
2017,18,All Other Offenses,1485
2017,18,Arson,14
2017,18,Burglary Non-Residential,38
2017,18,Burglary Residential,352
2017,18,DRIVING UNDER THE INFLUENCE,128
2017,18,Disorderly Conduct,42
2017,18,Embezzlement,27
2017,18,Forgery and Counterfeiting,13
2017,18,Fraud,722
2017,18,Gambling Violations,4
2017,18,Liquor Law Violations,8
2017,18,Motor Vehicle Theft,78
2017,18,Narcotic / Drug Law Violations,827
2017,18,Offenses Against Family and Children,3
2017,18,Other Assaults,1500
2017,18,Other Sex Offenses (Not Commercialized),70
2017,18,Prostitution and Commercialized Vice,9
2017,18,Public Drunkenness,9
2017,18,Rape,75
2017,18,Robbery Firearm,123
2017,18,Robbery No Firearm,215
2017,18,Theft from Vehicle,646
2017,18,Thefts,1625
2017,18,Vagrancy/Loitering,1
2017,18,Vandalism/Criminal Mischief,781
2017,18,Weapon Violations,93
2017,19,Aggravated Assault Firearm,139
2017,19,Aggravated Assault No Firearm,304
2017,19,All Other Offenses,1546
2017,19,Arson,22
2017,19,Burglary Non-Residential,17
2017,19,Burglary Residential,274
2017,19,DRIVING UNDER THE INFLUENCE,174
2017,19,Disorderly Conduct,45
2017,19,Embezzlement,7
2017,19,Forgery and Counterfeiting,9
2017,19,Fraud,621
2017,19,Gambling Violations,4
2017,19,Liquor Law Violations,14
2017,19,Motor Vehicle Theft,64
2017,19,Narcotic / Drug Law Violations,1025
2017,19,Offenses Against Family and Children,10
2017,19,Other Assaults,1346
2017,19,Other Sex Offenses (Not Commercialized),64
2017,19,Prostitution and Commercialized Vice,29
2017,19,Public Drunkenness,9
2017,19,Rape,66
2017,19,Receiving Stolen Property,2
2017,19,Robbery Firearm,142
2017,19,Robbery No Firearm,215
2017,19,Theft from Vehicle,569
2017,19,Thefts,1481
2017,19,Vagrancy/Loitering,2
2017,19,Vandalism/Criminal Mischief,779
2017,19,Weapon Violations,176
2017,20,Aggravated Assault Firearm,167
2017,20,Aggravated Assault No Firearm,327
2017,20,All Other Offenses,1426
2017,20,Arson,19
2017,20,Burglary Non-Residential,21
2017,20,Burglary Residential,247
2017,20,DRIVING UNDER THE INFLUENCE,191
2017,20,Disorderly Conduct,36
2017,20,Embezzlement,15
2017,20,Forgery and Counterfeiting,8
2017,20,Fraud,485
2017,20,Gambling Violations,11
2017,20,Liquor Law Violations,11
2017,20,Motor Vehicle Theft,66
2017,20,Narcotic / Drug Law Violations,975
2017,20,Offenses Against Family and Children,6
2017,20,Other Assaults,1238
2017,20,Other Sex Offenses (Not Commercialized),58
2017,20,Prostitution and Commercialized Vice,61
2017,20,Public Drunkenness,13
2017,20,Rape,77
2017,20,Receiving Stolen Property,1
2017,20,Robbery Firearm,175
2017,20,Robbery No Firearm,205
2017,20,Theft from Vehicle,459
2017,20,Thefts,1244
2017,20,Vandalism/Criminal Mischief,728
2017,20,Weapon Violations,143
2017,21,Aggravated Assault Firearm,165
2017,21,Aggravated Assault No Firearm,247
2017,21,All Other Offenses,1444
2017,21,Arson,20
2017,21,Burglary Non-Residential,21
2017,21,Burglary Residential,194
2017,21,DRIVING UNDER THE INFLUENCE,189
2017,21,Disorderly Conduct,51
2017,21,Embezzlement,9
2017,21,Forgery and Counterfeiting,12
2017,21,Fraud,337
2017,21,Gambling Violations,2
2017,21,Liquor Law Violations,16
2017,21,Motor Vehicle Theft,51
2017,21,Narcotic / Drug Law Violations,835
2017,21,Offenses Against Family and Children,5
2017,21,Other Assaults,1051
2017,21,Other Sex Offenses (Not Commercialized),46
2017,21,Prostitution and Commercialized Vice,184
2017,21,Public Drunkenness,17
2017,21,Rape,51
2017,21,Receiving Stolen Property,2
2017,21,Robbery Firearm,190
2017,21,Robbery No Firearm,205
2017,21,Theft from Vehicle,354
2017,21,Thefts,807
2017,21,Vandalism/Criminal Mischief,634
2017,21,Weapon Violations,188
2017,22,Aggravated Assault Firearm,143
2017,22,Aggravated Assault No Firearm,256
2017,22,All Other Offenses,2176
2017,22,Arson,17
2017,22,Burglary Non-Residential,13
2017,22,Burglary Residential,127
2017,22,DRIVING UNDER THE INFLUENCE,305
2017,22,Disorderly Conduct,28
2017,22,Embezzlement,2
2017,22,Forgery and Counterfeiting,4
2017,22,Fraud,237
2017,22,Liquor Law Violations,8
2017,22,Motor Vehicle Theft,41
2017,22,Narcotic / Drug Law Violations,614
2017,22,Offenses Against Family and Children,4
2017,22,Other Assaults,744
2017,22,Other Sex Offenses (Not Commercialized),20
2017,22,Prostitution and Commercialized Vice,146
2017,22,Public Drunkenness,7
2017,22,Rape,31
2017,22,Robbery Firearm,178
2017,22,Robbery No Firearm,156
2017,22,Theft from Vehicle,252
2017,22,Thefts,496
2017,22,Vagrancy/Loitering,1
2017,22,Vandalism/Criminal Mischief,495
2017,22,Weapon Violations,157
2017,23,Aggravated Assault Firearm,139
2017,23,Aggravated Assault No Firearm,240
2017,23,All Other Offenses,2232
2017,23,Arson,31
2017,23,Burglary Non-Residential,19
2017,23,Burglary Residential,167
2017,23,DRIVING UNDER THE INFLUENCE,220
2017,23,Disorderly Conduct,26
2017,23,Forgery and Counterfeiting,3
2017,23,Fraud,153
2017,23,Liquor Law Violations,4
2017,23,Motor Vehicle Theft,50
2017,23,Narcotic / Drug Law Violations,371
2017,23,Offenses Against Family and Children,9
2017,23,Other Assaults,792
2017,23,Other Sex Offenses (Not Commercialized),26
2017,23,Prostitution and Commercialized Vice,55
2017,23,Public Drunkenness,12
2017,23,Rape,59
2017,23,Receiving Stolen Property,1
2017,23,Robbery Firearm,185
2017,23,Robbery No Firearm,175
2017,23,Theft from Vehicle,269
2017,23,Thefts,434
2017,23,Vagrancy/Loitering,1
2017,23,Vandalism/Criminal Mischief,539
2017,23,Weapon Violations,109
2018,0,Aggravated Assault Firearm,124
2018,0,Aggravated Assault No Firearm,239
2018,0,All Other Offenses,1802
2018,0,Arson,33
2018,0,Burglary Non-Residential,20
2018,0,Burglary Residential,196
2018,0,DRIVING UNDER THE INFLUENCE,193
2018,0,Disorderly Conduct,23
2018,0,Embezzlement,3
2018,0,Forgery and Counterfeiting,6
2018,0,Fraud,104
2018,0,Homicide - Criminal,349
2018,0,Homicide - Justifiable,1
2018,0,Liquor Law Violations,11
2018,0,Motor Vehicle Theft,50
2018,0,Narcotic / Drug Law Violations,217
2018,0,Offenses Against Family and Children,4
2018,0,Other Assaults,796
2018,0,Other Sex Offenses (Not Commercialized),27
2018,0,Prostitution and Commercialized Vice,5
2018,0,Public Drunkenness,3
2018,0,Rape,45
2018,0,Receiving Stolen Property,1
2018,0,Robbery Firearm,134
2018,0,Robbery No Firearm,126
2018,0,Theft from Vehicle,228
2018,0,Thefts,444
2018,0,Vandalism/Criminal Mischief,545
2018,0,Weapon Violations,98
2018,1,Aggravated Assault Firearm,115
2018,1,Aggravated Assault No Firearm,217
2018,1,All Other Offenses,1299
2018,1,Arson,22
2018,1,Burglary Non-Residential,35
2018,1,Burglary Residential,113
2018,1,DRIVING UNDER THE INFLUENCE,287
2018,1,Disorderly Conduct,25
2018,1,Embezzlement,3
2018,1,Forgery and Counterfeiting,1
2018,1,Fraud,70
2018,1,Liquor Law Violations,13
2018,1,Motor Vehicle Theft,33
2018,1,Narcotic / Drug Law Violations,156
2018,1,Offenses Against Family and Children,4
2018,1,Other Assaults,631
2018,1,Other Sex Offenses (Not Commercialized),11
2018,1,Prostitution and Commercialized Vice,4
2018,1,Public Drunkenness,8
2018,1,Rape,22
2018,1,Receiving Stolen Property,1
2018,1,Robbery Firearm,152
2018,1,Robbery No Firearm,123
2018,1,Theft from Vehicle,185
2018,1,Thefts,325
2018,1,Vagrancy/Loitering,1
2018,1,Vandalism/Criminal Mischief,434
2018,1,Weapon Violations,84
2018,2,Aggravated Assault Firearm,92
2018,2,Aggravated Assault No Firearm,174
2018,2,All Other Offenses,817
2018,2,Arson,27
2018,2,Burglary Non-Residential,40
2018,2,Burglary Residential,81
2018,2,DRIVING UNDER THE INFLUENCE,337
2018,2,Disorderly Conduct,25
2018,2,Embezzlement,3
2018,2,Forgery and Counterfeiting,2
2018,2,Fraud,73
2018,2,Liquor Law Violations,9
2018,2,Motor Vehicle Theft,29
2018,2,Narcotic / Drug Law Violations,100
2018,2,Offenses Against Family and Children,4
2018,2,Other Assaults,503
2018,2,Other Sex Offenses (Not Commercialized),13
2018,2,Prostitution and Commercialized Vice,4
2018,2,Public Drunkenness,6
2018,2,Rape,36
2018,2,Receiving Stolen Property,1
2018,2,Robbery Firearm,115
2018,2,Robbery No Firearm,107
2018,2,Theft from Vehicle,144
2018,2,Thefts,222
2018,2,Vandalism/Criminal Mischief,353
2018,2,Weapon Violations,61
2018,3,Aggravated Assault Firearm,63
2018,3,Aggravated Assault No Firearm,139
2018,3,All Other Offenses,436
2018,3,Arson,19
2018,3,Burglary Non-Residential,49
2018,3,Burglary Residential,80
2018,3,DRIVING UNDER THE INFLUENCE,219
2018,3,Disorderly Conduct,11
2018,3,Embezzlement,3
2018,3,Fraud,49
2018,3,Liquor Law Violations,9
2018,3,Motor Vehicle Theft,18
2018,3,Narcotic / Drug Law Violations,60
2018,3,Offenses Against Family and Children,1
2018,3,Other Assaults,371
2018,3,Other Sex Offenses (Not Commercialized),10
2018,3,Prostitution and Commercialized Vice,1
2018,3,Public Drunkenness,2
2018,3,Rape,25
2018,3,Robbery Firearm,84
2018,3,Robbery No Firearm,65
2018,3,Theft from Vehicle,130
2018,3,Thefts,179
2018,3,Vandalism/Criminal Mischief,252
2018,3,Weapon Violations,39
2018,4,Aggravated Assault Firearm,45
2018,4,Aggravated Assault No Firearm,92
2018,4,All Other Offenses,236
2018,4,Arson,22
2018,4,Burglary Non-Residential,48
2018,4,Burglary Residential,68
2018,4,DRIVING UNDER THE INFLUENCE,129
2018,4,Disorderly Conduct,7
2018,4,Embezzlement,1
2018,4,Forgery and Counterfeiting,1
2018,4,Fraud,28
2018,4,Liquor Law Violations,6
2018,4,Motor Vehicle Theft,26
2018,4,Narcotic / Drug Law Violations,28
2018,4,Offenses Against Family and Children,2
2018,4,Other Assaults,265
2018,4,Other Sex Offenses (Not Commercialized),3
2018,4,Public Drunkenness,1
2018,4,Rape,22
2018,4,Robbery Firearm,65
2018,4,Robbery No Firearm,49
2018,4,Theft from Vehicle,130
2018,4,Thefts,143
2018,4,Vandalism/Criminal Mischief,210
2018,4,Weapon Violations,26
2018,5,Aggravated Assault Firearm,29
2018,5,Aggravated Assault No Firearm,80
2018,5,All Other Offenses,158
2018,5,Arson,22
2018,5,Burglary Non-Residential,73
2018,5,Burglary Residential,67
2018,5,DRIVING UNDER THE INFLUENCE,58
2018,5,Disorderly Conduct,6
2018,5,Embezzlement,1
2018,5,Fraud,26
2018,5,Liquor Law Violations,1
2018,5,Motor Vehicle Theft,21
2018,5,Narcotic / Drug Law Violations,13
2018,5,Other Assaults,188
2018,5,Other Sex Offenses (Not Commercialized),3
2018,5,Public Drunkenness,3
2018,5,Rape,22
2018,5,Robbery Firearm,66
2018,5,Robbery No Firearm,59
2018,5,Theft from Vehicle,216
2018,5,Thefts,129
2018,5,Vagrancy/Loitering,1
2018,5,Vandalism/Criminal Mischief,198
2018,5,Weapon Violations,16
2018,6,Aggravated Assault Firearm,24
2018,6,Aggravated Assault No Firearm,63
2018,6,All Other Offenses,181
2018,6,Arson,15
2018,6,Burglary Non-Residential,34
2018,6,Burglary Residential,43
2018,6,DRIVING UNDER THE INFLUENCE,25
2018,6,Disorderly Conduct,11
2018,6,Embezzlement,1
2018,6,Fraud,43
2018,6,Motor Vehicle Theft,23
2018,6,Narcotic / Drug Law Violations,6
2018,6,Offenses Against Family and Children,1
2018,6,Other Assaults,169
2018,6,Other Sex Offenses (Not Commercialized),4
2018,6,Prostitution and Commercialized Vice,1
2018,6,Rape,13
2018,6,Robbery Firearm,36
2018,6,Robbery No Firearm,33
2018,6,Theft from Vehicle,240
2018,6,Thefts,108
2018,6,Vandalism/Criminal Mischief,181
2018,6,Weapon Violations,17
2018,7,Aggravated Assault Firearm,27
2018,7,Aggravated Assault No Firearm,75
2018,7,All Other Offenses,299
2018,7,Arson,15
2018,7,Burglary Non-Residential,67
2018,7,Burglary Residential,83
2018,7,DRIVING UNDER THE INFLUENCE,25
2018,7,Disorderly Conduct,8
2018,7,Embezzlement,3
2018,7,Fraud,164
2018,7,Motor Vehicle Theft,59
2018,7,Narcotic / Drug Law Violations,30
2018,7,Offenses Against Family and Children,2
2018,7,Other Assaults,360
2018,7,Other Sex Offenses (Not Commercialized),10
2018,7,Prostitution and Commercialized Vice,4
2018,7,Public Drunkenness,1
2018,7,Rape,14
2018,7,Receiving Stolen Property,1
2018,7,Robbery Firearm,33
2018,7,Robbery No Firearm,56
2018,7,Theft from Vehicle,697
2018,7,Thefts,317
2018,7,Vandalism/Criminal Mischief,457
2018,7,Weapon Violations,24
2018,8,Aggravated Assault Firearm,40
2018,8,Aggravated Assault No Firearm,168
2018,8,All Other Offenses,570
2018,8,Arson,17
2018,8,Burglary Non-Residential,164
2018,8,Burglary Residential,233
2018,8,DRIVING UNDER THE INFLUENCE,29
2018,8,Disorderly Conduct,15
2018,8,Embezzlement,11
2018,8,Forgery and Counterfeiting,5
2018,8,Fraud,424
2018,8,Gambling Violations,1
2018,8,Motor Vehicle Theft,101
2018,8,Narcotic / Drug Law Violations,86
2018,8,Offenses Against Family and Children,7
2018,8,Other Assaults,848
2018,8,Other Sex Offenses (Not Commercialized),24
2018,8,Prostitution and Commercialized Vice,30
2018,8,Public Drunkenness,1
2018,8,Rape,36
2018,8,Receiving Stolen Property,1
2018,8,Robbery Firearm,33
2018,8,Robbery No Firearm,88
2018,8,Theft from Vehicle,1225
2018,8,Thefts,716
2018,8,Vagrancy/Loitering,2
2018,8,Vandalism/Criminal Mischief,952
2018,8,Weapon Violations,88
2018,9,Aggravated Assault Firearm,63
2018,9,Aggravated Assault No Firearm,206
2018,9,All Other Offenses,960
2018,9,Arson,5
2018,9,Burglary Non-Residential,150
2018,9,Burglary Residential,280
2018,9,DRIVING UNDER THE INFLUENCE,36
2018,9,Disorderly Conduct,10
2018,9,Embezzlement,17
2018,9,Forgery and Counterfeiting,7
2018,9,Fraud,633
2018,9,Motor Vehicle Theft,113
2018,9,Narcotic / Drug Law Violations,255
2018,9,Offenses Against Family and Children,6
2018,9,Other Assaults,1185
2018,9,Other Sex Offenses (Not Commercialized),53
2018,9,Prostitution and Commercialized Vice,48
2018,9,Public Drunkenness,4
2018,9,Rape,47
2018,9,Receiving Stolen Property,1
2018,9,Robbery Firearm,50
2018,9,Robbery No Firearm,112
2018,9,Theft from Vehicle,1201
2018,9,Thefts,1050
2018,9,Vandalism/Criminal Mischief,1024
2018,9,Weapon Violations,92
2018,10,Aggravated Assault Firearm,63
2018,10,Aggravated Assault No Firearm,232
2018,10,All Other Offenses,1262
2018,10,Arson,23
2018,10,Burglary Non-Residential,120
2018,10,Burglary Residential,294
2018,10,DRIVING UNDER THE INFLUENCE,45
2018,10,Disorderly Conduct,17
2018,10,Embezzlement,31
2018,10,Forgery and Counterfeiting,14
2018,10,Fraud,891
2018,10,Motor Vehicle Theft,121
2018,10,Narcotic / Drug Law Violations,308
2018,10,Offenses Against Family and Children,19
2018,10,Other Assaults,1239
2018,10,Other Sex Offenses (Not Commercialized),50
2018,10,Prostitution and Commercialized Vice,109
2018,10,Rape,42
2018,10,Receiving Stolen Property,3
2018,10,Robbery Firearm,42
2018,10,Robbery No Firearm,133
2018,10,Theft from Vehicle,1044
2018,10,Thefts,1333
2018,10,Vagrancy/Loitering,1
2018,10,Vandalism/Criminal Mischief,928
2018,10,Weapon Violations,98
2018,11,Aggravated Assault Firearm,90
2018,11,Aggravated Assault No Firearm,258
2018,11,All Other Offenses,1282
2018,11,Arson,10
2018,11,Burglary Non-Residential,115
2018,11,Burglary Residential,333
2018,11,DRIVING UNDER THE INFLUENCE,55
2018,11,Disorderly Conduct,18
2018,11,Embezzlement,33
2018,11,Forgery and Counterfeiting,13
2018,11,Fraud,1027
2018,11,Gambling Violations,2
2018,11,Liquor Law Violations,2
2018,11,Motor Vehicle Theft,118
2018,11,Narcotic / Drug Law Violations,376
2018,11,Offenses Against Family and Children,9
2018,11,Other Assaults,1414
2018,11,Other Sex Offenses (Not Commercialized),55
2018,11,Prostitution and Commercialized Vice,98
2018,11,Rape,50
2018,11,Robbery Firearm,54
2018,11,Robbery No Firearm,150
2018,11,Theft from Vehicle,953
2018,11,Thefts,1544
2018,11,Vandalism/Criminal Mischief,857
2018,11,Weapon Violations,102
2018,12,Aggravated Assault Firearm,87
2018,12,Aggravated Assault No Firearm,268
2018,12,All Other Offenses,1241
2018,12,Arson,15
2018,12,Burglary Non-Residential,87
2018,12,Burglary Residential,311
2018,12,DRIVING UNDER THE INFLUENCE,38
2018,12,Disorderly Conduct,33
2018,12,Embezzlement,42
2018,12,Forgery and Counterfeiting,20
2018,12,Fraud,1059
2018,12,Gambling Violations,12
2018,12,Liquor Law Violations,1
2018,12,Motor Vehicle Theft,93
2018,12,Narcotic / Drug Law Violations,443
2018,12,Offenses Against Family and Children,5
2018,12,Other Assaults,1411
2018,12,Other Sex Offenses (Not Commercialized),52
2018,12,Prostitution and Commercialized Vice,58
2018,12,Public Drunkenness,5
2018,12,Rape,68
2018,12,Receiving Stolen Property,2
2018,12,Robbery Firearm,57
2018,12,Robbery No Firearm,125
2018,12,Theft from Vehicle,849
2018,12,Thefts,1664
2018,12,Vagrancy/Loitering,1
2018,12,Vandalism/Criminal Mischief,790
2018,12,Weapon Violations,99
2018,13,Aggravated Assault Firearm,88
2018,13,Aggravated Assault No Firearm,253
2018,13,All Other Offenses,1174
2018,13,Arson,19
2018,13,Burglary Non-Residential,61
2018,13,Burglary Residential,292
2018,13,DRIVING UNDER THE INFLUENCE,48
2018,13,Disorderly Conduct,26
2018,13,Embezzlement,24
2018,13,Forgery and Counterfeiting,20
2018,13,Fraud,996
2018,13,Gambling Violations,6
2018,13,Liquor Law Violations,2
2018,13,Motor Vehicle Theft,109
2018,13,Narcotic / Drug Law Violations,465
2018,13,Offenses Against Family and Children,17
2018,13,Other Assaults,1387
2018,13,Other Sex Offenses (Not Commercialized),67
2018,13,Prostitution and Commercialized Vice,33
2018,13,Public Drunkenness,3
2018,13,Rape,67
2018,13,Receiving Stolen Property,2
2018,13,Robbery Firearm,82
2018,13,Robbery No Firearm,129
2018,13,Theft from Vehicle,801
2018,13,Thefts,1697
2018,13,Vandalism/Criminal Mischief,738
2018,13,Weapon Violations,118
2018,14,Aggravated Assault Firearm,95
2018,14,Aggravated Assault No Firearm,221
2018,14,All Other Offenses,923
2018,14,Arson,10
2018,14,Burglary Non-Residential,28
2018,14,Burglary Residential,197
2018,14,DRIVING UNDER THE INFLUENCE,39
2018,14,Disorderly Conduct,30
2018,14,Embezzlement,21
2018,14,Forgery and Counterfeiting,13
2018,14,Fraud,836
2018,14,Liquor Law Violations,4
2018,14,Motor Vehicle Theft,68
2018,14,Narcotic / Drug Law Violations,415
2018,14,Offenses Against Family and Children,6
2018,14,Other Assaults,1145
2018,14,Other Sex Offenses (Not Commercialized),57
2018,14,Prostitution and Commercialized Vice,6
2018,14,Public Drunkenness,2
2018,14,Rape,54
2018,14,Receiving Stolen Property,2
2018,14,Robbery Firearm,63
2018,14,Robbery No Firearm,138
2018,14,Theft from Vehicle,552
2018,14,Thefts,1381
2018,14,Vandalism/Criminal Mischief,495
2018,14,Weapon Violations,66
2018,15,Aggravated Assault Firearm,106
2018,15,Aggravated Assault No Firearm,269
2018,15,All Other Offenses,869
2018,15,Arson,14
2018,15,Burglary Non-Residential,46
2018,15,Burglary Residential,235
2018,15,DRIVING UNDER THE INFLUENCE,44
2018,15,Disorderly Conduct,37
2018,15,Embezzlement,35
2018,15,Forgery and Counterfeiting,18
2018,15,Fraud,906
2018,15,Gambling Violations,5
2018,15,Liquor Law Violations,5
2018,15,Motor Vehicle Theft,107
2018,15,Narcotic / Drug Law Violations,397
2018,15,Offenses Against Family and Children,15
2018,15,Other Assaults,1369
2018,15,Other Sex Offenses (Not Commercialized),75
2018,15,Prostitution and Commercialized Vice,3
2018,15,Public Drunkenness,2
2018,15,Rape,48
2018,15,Robbery Firearm,66
2018,15,Robbery No Firearm,165
2018,15,Theft from Vehicle,637
2018,15,Thefts,1599
2018,15,Vandalism/Criminal Mischief,610
2018,15,Weapon Violations,81
2018,16,Aggravated Assault Firearm,119
2018,16,Aggravated Assault No Firearm,335
2018,16,All Other Offenses,1279
2018,16,Arson,16
2018,16,Burglary Non-Residential,66
2018,16,Burglary Residential,448
2018,16,DRIVING UNDER THE INFLUENCE,71
2018,16,Disorderly Conduct,56
2018,16,Embezzlement,45
2018,16,Forgery and Counterfeiting,23
2018,16,Fraud,1052
2018,16,Liquor Law Violations,3
2018,16,Motor Vehicle Theft,122
2018,16,Narcotic / Drug Law Violations,517
2018,16,Offenses Against Family and Children,20
2018,16,Other Assaults,1813
2018,16,Other Sex Offenses (Not Commercialized),81
2018,16,Public Drunkenness,3
2018,16,Rape,74
2018,16,Receiving Stolen Property,1
2018,16,Robbery Firearm,74
2018,16,Robbery No Firearm,170
2018,16,Theft from Vehicle,915
2018,16,Thefts,2035
2018,16,Vandalism/Criminal Mischief,969
2018,16,Weapon Violations,94
2018,17,Aggravated Assault Firearm,102
2018,17,Aggravated Assault No Firearm,335
2018,17,All Other Offenses,1605
2018,17,Arson,15
2018,17,Burglary Non-Residential,46
2018,17,Burglary Residential,358
2018,17,DRIVING UNDER THE INFLUENCE,109
2018,17,Disorderly Conduct,56
2018,17,Embezzlement,27
2018,17,Forgery and Counterfeiting,14
2018,17,Fraud,964
2018,17,Liquor Law Violations,4
2018,17,Motor Vehicle Theft,96
2018,17,Narcotic / Drug Law Violations,863
2018,17,Offenses Against Family and Children,12
2018,17,Other Assaults,1533
2018,17,Other Sex Offenses (Not Commercialized),62
2018,17,Prostitution and Commercialized Vice,1
2018,17,Public Drunkenness,7
2018,17,Rape,65
2018,17,Receiving Stolen Property,2
2018,17,Robbery Firearm,94
2018,17,Robbery No Firearm,188
2018,17,Theft from Vehicle,769
2018,17,Thefts,1953
2018,17,Vandalism/Criminal Mischief,849
2018,17,Weapon Violations,119
2018,18,Aggravated Assault Firearm,125
2018,18,Aggravated Assault No Firearm,285
2018,18,All Other Offenses,1450
2018,18,Arson,11
2018,18,Burglary Non-Residential,33
2018,18,Burglary Residential,317
2018,18,DRIVING UNDER THE INFLUENCE,126
2018,18,Disorderly Conduct,36
2018,18,Embezzlement,23
2018,18,Forgery and Counterfeiting,12
2018,18,Fraud,824
2018,18,Gambling Violations,2
2018,18,Liquor Law Violations,7
2018,18,Motor Vehicle Theft,91
2018,18,Narcotic / Drug Law Violations,928
2018,18,Offenses Against Family and Children,14
2018,18,Other Assaults,1460
2018,18,Other Sex Offenses (Not Commercialized),53
2018,18,Prostitution and Commercialized Vice,2
2018,18,Public Drunkenness,5
2018,18,Rape,76
2018,18,Receiving Stolen Property,1
2018,18,Robbery Firearm,102
2018,18,Robbery No Firearm,189
2018,18,Theft from Vehicle,630
2018,18,Thefts,1652
2018,18,Vagrancy/Loitering,1
2018,18,Vandalism/Criminal Mischief,773
2018,18,Weapon Violations,114
2018,19,Aggravated Assault Firearm,143
2018,19,Aggravated Assault No Firearm,336
2018,19,All Other Offenses,1528
2018,19,Arson,13
2018,19,Burglary Non-Residential,26
2018,19,Burglary Residential,296
2018,19,DRIVING UNDER THE INFLUENCE,140
2018,19,Disorderly Conduct,25
2018,19,Embezzlement,11
2018,19,Forgery and Counterfeiting,14
2018,19,Fraud,676
2018,19,Gambling Violations,2
2018,19,Liquor Law Violations,9
2018,19,Motor Vehicle Theft,89
2018,19,Narcotic / Drug Law Violations,1049
2018,19,Offenses Against Family and Children,18
2018,19,Other Assaults,1334
2018,19,Other Sex Offenses (Not Commercialized),49
2018,19,Prostitution and Commercialized Vice,13
2018,19,Public Drunkenness,10
2018,19,Rape,58
2018,19,Robbery Firearm,101
2018,19,Robbery No Firearm,168
2018,19,Theft from Vehicle,588
2018,19,Thefts,1416
2018,19,Vagrancy/Loitering,1
2018,19,Vandalism/Criminal Mischief,687
2018,19,Weapon Violations,170
2018,20,Aggravated Assault Firearm,162
2018,20,Aggravated Assault No Firearm,311
2018,20,All Other Offenses,1329
2018,20,Arson,17
2018,20,Burglary Non-Residential,28
2018,20,Burglary Residential,273
2018,20,DRIVING UNDER THE INFLUENCE,166
2018,20,Disorderly Conduct,37
2018,20,Embezzlement,6
2018,20,Forgery and Counterfeiting,19
2018,20,Fraud,633
2018,20,Liquor Law Violations,9
2018,20,Motor Vehicle Theft,83
2018,20,Narcotic / Drug Law Violations,909
2018,20,Offenses Against Family and Children,10
2018,20,Other Assaults,1301
2018,20,Other Sex Offenses (Not Commercialized),55
2018,20,Prostitution and Commercialized Vice,43
2018,20,Public Drunkenness,3
2018,20,Rape,67
2018,20,Receiving Stolen Property,3
2018,20,Robbery Firearm,170
2018,20,Robbery No Firearm,188
2018,20,Theft from Vehicle,467
2018,20,Thefts,1188
2018,20,Vandalism/Criminal Mischief,689
2018,20,Weapon Violations,160
2018,21,Aggravated Assault Firearm,150
2018,21,Aggravated Assault No Firearm,264
2018,21,All Other Offenses,1340
2018,21,Arson,25
2018,21,Burglary Non-Residential,24
2018,21,Burglary Residential,205
2018,21,DRIVING UNDER THE INFLUENCE,197
2018,21,Disorderly Conduct,41
2018,21,Embezzlement,4
2018,21,Forgery and Counterfeiting,7
2018,21,Fraud,390
2018,21,Liquor Law Violations,1
2018,21,Motor Vehicle Theft,66
2018,21,Narcotic / Drug Law Violations,788
2018,21,Offenses Against Family and Children,6
2018,21,Other Assaults,1136
2018,21,Other Sex Offenses (Not Commercialized),41
2018,21,Prostitution and Commercialized Vice,117
2018,21,Public Drunkenness,8
2018,21,Rape,43
2018,21,Receiving Stolen Property,2
2018,21,Robbery Firearm,160
2018,21,Robbery No Firearm,187
2018,21,Theft from Vehicle,399
2018,21,Thefts,878
2018,21,Vagrancy/Loitering,1
2018,21,Vandalism/Criminal Mischief,611
2018,21,Weapon Violations,178
2018,22,Aggravated Assault Firearm,162
2018,22,Aggravated Assault No Firearm,235
2018,22,All Other Offenses,1859
2018,22,Arson,20
2018,22,Burglary Non-Residential,22
2018,22,Burglary Residential,112
2018,22,DRIVING UNDER THE INFLUENCE,350
2018,22,Disorderly Conduct,30
2018,22,Embezzlement,4
2018,22,Forgery and Counterfeiting,3
2018,22,Fraud,270
2018,22,Liquor Law Violations,4
2018,22,Motor Vehicle Theft,45
2018,22,Narcotic / Drug Law Violations,582
2018,22,Offenses Against Family and Children,9
2018,22,Other Assaults,829
2018,22,Other Sex Offenses (Not Commercialized),22
2018,22,Prostitution and Commercialized Vice,95
2018,22,Public Drunkenness,8
2018,22,Rape,24
2018,22,Receiving Stolen Property,2
2018,22,Robbery Firearm,147
2018,22,Robbery No Firearm,142
2018,22,Theft from Vehicle,191
2018,22,Thefts,474
2018,22,Vandalism/Criminal Mischief,418
2018,22,Weapon Violations,144
2018,23,Aggravated Assault Firearm,182
2018,23,Aggravated Assault No Firearm,252
2018,23,All Other Offenses,1561
2018,23,Arson,19
2018,23,Burglary Non-Residential,18
2018,23,Burglary Residential,150
2018,23,DRIVING UNDER THE INFLUENCE,163
2018,23,Disorderly Conduct,21
2018,23,Embezzlement,4
2018,23,Forgery and Counterfeiting,5
2018,23,Fraud,147
2018,23,Liquor Law Violations,10
2018,23,Motor Vehicle Theft,54
2018,23,Narcotic / Drug Law Violations,367
2018,23,Offenses Against Family and Children,9
2018,23,Other Assaults,815
2018,23,Other Sex Offenses (Not Commercialized),23
2018,23,Prostitution and Commercialized Vice,26
2018,23,Public Drunkenness,1
2018,23,Rape,43
2018,23,Robbery Firearm,162
2018,23,Robbery No Firearm,141
2018,23,Theft from Vehicle,222
2018,23,Thefts,442
2018,23,Vagrancy/Loitering,1
2018,23,Vandalism/Criminal Mischief,547
2018,23,Weapon Violations,108
2019,0,Aggravated Assault Firearm,168
2019,0,Aggravated Assault No Firearm,308
2019,0,All Other Offenses,2015
2019,0,Arson,34
2019,0,Burglary Non-Residential,22
2019,0,Burglary Residential,178
2019,0,DRIVING UNDER THE INFLUENCE,172
2019,0,Disorderly Conduct,21
2019,0,Embezzlement,3
2019,0,Forgery and Counterfeiting,5
2019,0,Fraud,86
2019,0,Homicide - Criminal,350
2019,0,Liquor Law Violations,6
2019,0,Motor Vehicle Theft,58
2019,0,Narcotic / Drug Law Violations,203
2019,0,Offenses Against Family and Children,6
2019,0,Other Assaults,854
2019,0,Other Sex Offenses (Not Commercialized),34
2019,0,Prostitution and Commercialized Vice,2
2019,0,Public Drunkenness,3
2019,0,Rape,35
2019,0,Robbery Firearm,170
2019,0,Robbery No Firearm,155
2019,0,Theft from Vehicle,252
2019,0,Thefts,440
2019,0,Vagrancy/Loitering,1
2019,0,Vandalism/Criminal Mischief,596
2019,0,Weapon Violations,125
2019,1,Aggravated Assault Firearm,107
2019,1,Aggravated Assault No Firearm,238
2019,1,All Other Offenses,1530
2019,1,Arson,23
2019,1,Burglary Non-Residential,34
2019,1,Burglary Residential,119
2019,1,DRIVING UNDER THE INFLUENCE,233
2019,1,Disorderly Conduct,28
2019,1,Embezzlement,1
2019,1,Forgery and Counterfeiting,2
2019,1,Fraud,59
2019,1,Gambling Violations,2
2019,1,Liquor Law Violations,4
2019,1,Motor Vehicle Theft,46
2019,1,Narcotic / Drug Law Violations,174
2019,1,Offenses Against Family and Children,5
2019,1,Other Assaults,612
2019,1,Other Sex Offenses (Not Commercialized),19
2019,1,Prostitution and Commercialized Vice,5
2019,1,Public Drunkenness,3
2019,1,Rape,31
2019,1,Receiving Stolen Property,1
2019,1,Robbery Firearm,134
2019,1,Robbery No Firearm,108
2019,1,Theft from Vehicle,178
2019,1,Thefts,323
2019,1,Vagrancy/Loitering,3
2019,1,Vandalism/Criminal Mischief,459
2019,1,Weapon Violations,103
2019,2,Aggravated Assault Firearm,113
2019,2,Aggravated Assault No Firearm,183
2019,2,All Other Offenses,920
2019,2,Arson,29
2019,2,Burglary Non-Residential,31
2019,2,Burglary Residential,96
2019,2,DRIVING UNDER THE INFLUENCE,252
2019,2,Disorderly Conduct,24
2019,2,Embezzlement,1
2019,2,Forgery and Counterfeiting,2
2019,2,Fraud,35
2019,2,Liquor Law Violations,7
2019,2,Motor Vehicle Theft,40
2019,2,Narcotic / Drug Law Violations,106
2019,2,Offenses Against Family and Children,2
2019,2,Other Assaults,507
2019,2,Other Sex Offenses (Not Commercialized),12
2019,2,Public Drunkenness,3
2019,2,Rape,29
2019,2,Receiving Stolen Property,1
2019,2,Robbery Firearm,91
2019,2,Robbery No Firearm,139
2019,2,Theft from Vehicle,166
2019,2,Thefts,235
2019,2,Vandalism/Criminal Mischief,331
2019,2,Weapon Violations,70
2019,3,Aggravated Assault Firearm,72
2019,3,Aggravated Assault No Firearm,126
2019,3,All Other Offenses,569
2019,3,Arson,28
2019,3,Burglary Non-Residential,32
2019,3,Burglary Residential,77
2019,3,DRIVING UNDER THE INFLUENCE,218
2019,3,Disorderly Conduct,11
2019,3,Forgery and Counterfeiting,3
2019,3,Fraud,19
2019,3,Liquor Law Violations,16
2019,3,Motor Vehicle Theft,25
2019,3,Narcotic / Drug Law Violations,60
2019,3,Offenses Against Family and Children,3
2019,3,Other Assaults,403
2019,3,Other Sex Offenses (Not Commercialized),14
2019,3,Prostitution and Commercialized Vice,6
2019,3,Rape,21
2019,3,Receiving Stolen Property,1
2019,3,Robbery Firearm,70
2019,3,Robbery No Firearm,90
2019,3,Theft from Vehicle,136
2019,3,Thefts,179
2019,3,Vandalism/Criminal Mischief,284
2019,3,Weapon Violations,41
2019,4,Aggravated Assault Firearm,65
2019,4,Aggravated Assault No Firearm,113
2019,4,All Other Offenses,273
2019,4,Arson,24
2019,4,Burglary Non-Residential,47
2019,4,Burglary Residential,63
2019,4,DRIVING UNDER THE INFLUENCE,108
2019,4,Disorderly Conduct,8
2019,4,Fraud,17
2019,4,Liquor Law Violations,6
2019,4,Motor Vehicle Theft,34
2019,4,Narcotic / Drug Law Violations,28
2019,4,Offenses Against Family and Children,3
2019,4,Other Assaults,275
2019,4,Other Sex Offenses (Not Commercialized),6
2019,4,Prostitution and Commercialized Vice,5
2019,4,Rape,21
2019,4,Robbery Firearm,61
2019,4,Robbery No Firearm,78
2019,4,Theft from Vehicle,127
2019,4,Thefts,142
2019,4,Vagrancy/Loitering,1
2019,4,Vandalism/Criminal Mischief,231
2019,4,Weapon Violations,36
2019,5,Aggravated Assault Firearm,31
2019,5,Aggravated Assault No Firearm,85
2019,5,All Other Offenses,189
2019,5,Arson,18
2019,5,Burglary Non-Residential,43
2019,5,Burglary Residential,52
2019,5,DRIVING UNDER THE INFLUENCE,62
2019,5,Disorderly Conduct,4
2019,5,Embezzlement,1
2019,5,Fraud,15
2019,5,Liquor Law Violations,1
2019,5,Motor Vehicle Theft,24
2019,5,Narcotic / Drug Law Violations,22
2019,5,Offenses Against Family and Children,2
2019,5,Other Assaults,201
2019,5,Other Sex Offenses (Not Commercialized),8
2019,5,Prostitution and Commercialized Vice,9
2019,5,Rape,17
2019,5,Robbery Firearm,45
2019,5,Robbery No Firearm,59
2019,5,Theft from Vehicle,199
2019,5,Thefts,145
2019,5,Vandalism/Criminal Mischief,204
2019,5,Weapon Violations,19
2019,6,Aggravated Assault Firearm,22
2019,6,Aggravated Assault No Firearm,64
2019,6,All Other Offenses,207
2019,6,Arson,7
2019,6,Burglary Non-Residential,49
2019,6,Burglary Residential,49
2019,6,DRIVING UNDER THE INFLUENCE,26
2019,6,Disorderly Conduct,4
2019,6,Embezzlement,3
2019,6,Forgery and Counterfeiting,1
2019,6,Fraud,28
2019,6,Motor Vehicle Theft,27
2019,6,Narcotic / Drug Law Violations,18
2019,6,Other Assaults,186
2019,6,Other Sex Offenses (Not Commercialized),6
2019,6,Prostitution and Commercialized Vice,3
2019,6,Rape,14
2019,6,Robbery Firearm,32
2019,6,Robbery No Firearm,40
2019,6,Theft from Vehicle,192
2019,6,Thefts,138
2019,6,Vagrancy/Loitering,1
2019,6,Vandalism/Criminal Mischief,185
2019,6,Weapon Violations,12
2019,7,Aggravated Assault Firearm,31
2019,7,Aggravated Assault No Firearm,113
2019,7,All Other Offenses,327
2019,7,Arson,4
2019,7,Burglary Non-Residential,89
2019,7,Burglary Residential,109
2019,7,DRIVING UNDER THE INFLUENCE,17
2019,7,Disorderly Conduct,3
2019,7,Embezzlement,4
2019,7,Forgery and Counterfeiting,5
2019,7,Fraud,97
2019,7,Motor Vehicle Theft,52
2019,7,Narcotic / Drug Law Violations,39
2019,7,Offenses Against Family and Children,5
2019,7,Other Assaults,366
2019,7,Other Sex Offenses (Not Commercialized),10
2019,7,Prostitution and Commercialized Vice,9
2019,7,Rape,10
2019,7,Receiving Stolen Property,2
2019,7,Robbery Firearm,32
2019,7,Robbery No Firearm,58
2019,7,Theft from Vehicle,577
2019,7,Thefts,410
2019,7,Vagrancy/Loitering,1
2019,7,Vandalism/Criminal Mischief,444
2019,7,Weapon Violations,25
2019,8,Aggravated Assault Firearm,47
2019,8,Aggravated Assault No Firearm,191
2019,8,All Other Offenses,656
2019,8,Arson,12
2019,8,Burglary Non-Residential,157
2019,8,Burglary Residential,258
2019,8,DRIVING UNDER THE INFLUENCE,26
2019,8,Disorderly Conduct,11
2019,8,Embezzlement,14
2019,8,Forgery and Counterfeiting,10
2019,8,Fraud,265
2019,8,Motor Vehicle Theft,102
2019,8,Narcotic / Drug Law Violations,192
2019,8,Offenses Against Family and Children,20
2019,8,Other Assaults,883
2019,8,Other Sex Offenses (Not Commercialized),27
2019,8,Prostitution and Commercialized Vice,49
2019,8,Public Drunkenness,1
2019,8,Rape,37
2019,8,Robbery Firearm,35
2019,8,Robbery No Firearm,109
2019,8,Theft from Vehicle,1141
2019,8,Thefts,868
2019,8,Vandalism/Criminal Mischief,949
2019,8,Weapon Violations,113
2019,9,Aggravated Assault Firearm,62
2019,9,Aggravated Assault No Firearm,216
2019,9,All Other Offenses,1152
2019,9,Arson,15
2019,9,Burglary Non-Residential,151
2019,9,Burglary Residential,287
2019,9,DRIVING UNDER THE INFLUENCE,25
2019,9,Disorderly Conduct,60
2019,9,Embezzlement,26
2019,9,Forgery and Counterfeiting,11
2019,9,Fraud,528
2019,9,Motor Vehicle Theft,119
2019,9,Narcotic / Drug Law Violations,286
2019,9,Offenses Against Family and Children,33
2019,9,Other Assaults,1215
2019,9,Other Sex Offenses (Not Commercialized),67
2019,9,Prostitution and Commercialized Vice,75
2019,9,Public Drunkenness,8
2019,9,Rape,44
2019,9,Receiving Stolen Property,2
2019,9,Robbery Firearm,54
2019,9,Robbery No Firearm,114
2019,9,Theft from Vehicle,1171
2019,9,Thefts,1161
2019,9,Vagrancy/Loitering,2
2019,9,Vandalism/Criminal Mischief,1011
2019,9,Weapon Violations,118
2019,10,Aggravated Assault Firearm,139
2019,10,Aggravated Assault No Firearm,242
2019,10,All Other Offenses,1498
2019,10,Arson,14
2019,10,Burglary Non-Residential,136
2019,10,Burglary Residential,301
2019,10,DRIVING UNDER THE INFLUENCE,41
2019,10,Disorderly Conduct,39
2019,10,Embezzlement,40
2019,10,Forgery and Counterfeiting,17
2019,10,Fraud,736
2019,10,Motor Vehicle Theft,108
2019,10,Narcotic / Drug Law Violations,385
2019,10,Offenses Against Family and Children,39
2019,10,Other Assaults,1373
2019,10,Other Sex Offenses (Not Commercialized),58
2019,10,Prostitution and Commercialized Vice,112
2019,10,Public Drunkenness,13
2019,10,Rape,38
2019,10,Receiving Stolen Property,2
2019,10,Robbery Firearm,57
2019,10,Robbery No Firearm,134
2019,10,Theft from Vehicle,1034
2019,10,Thefts,1414
2019,10,Vagrancy/Loitering,1
2019,10,Vandalism/Criminal Mischief,901
2019,10,Weapon Violations,120
2019,11,Aggravated Assault Firearm,82
2019,11,Aggravated Assault No Firearm,284
2019,11,All Other Offenses,1439
2019,11,Arson,14
2019,11,Burglary Non-Residential,101
2019,11,Burglary Residential,291
2019,11,DRIVING UNDER THE INFLUENCE,40
2019,11,Disorderly Conduct,73
2019,11,Embezzlement,39
2019,11,Forgery and Counterfeiting,23
2019,11,Fraud,796
2019,11,Gambling Violations,1
2019,11,Motor Vehicle Theft,106
2019,11,Narcotic / Drug Law Violations,462
2019,11,Offenses Against Family and Children,23
2019,11,Other Assaults,1476
2019,11,Other Sex Offenses (Not Commercialized),67
2019,11,Prostitution and Commercialized Vice,105
2019,11,Public Drunkenness,15
2019,11,Rape,60
2019,11,Receiving Stolen Property,1
2019,11,Robbery Firearm,59
2019,11,Robbery No Firearm,168
2019,11,Theft from Vehicle,989
2019,11,Thefts,1684
2019,11,Vandalism/Criminal Mischief,880
2019,11,Weapon Violations,119
2019,12,Aggravated Assault Firearm,119
2019,12,Aggravated Assault No Firearm,257
2019,12,All Other Offenses,1396
2019,12,Arson,15
2019,12,Burglary Non-Residential,77
2019,12,Burglary Residential,283
2019,12,DRIVING UNDER THE INFLUENCE,49
2019,12,Disorderly Conduct,27
2019,12,Embezzlement,34
2019,12,Forgery and Counterfeiting,22
2019,12,Fraud,833
2019,12,Liquor Law Violations,2
2019,12,Motor Vehicle Theft,122
2019,12,Narcotic / Drug Law Violations,446
2019,12,Offenses Against Family and Children,29
2019,12,Other Assaults,1478
2019,12,Other Sex Offenses (Not Commercialized),69
2019,12,Prostitution and Commercialized Vice,91
2019,12,Public Drunkenness,7
2019,12,Rape,62
2019,12,Robbery Firearm,67
2019,12,Robbery No Firearm,185
2019,12,Theft from Vehicle,882
2019,12,Thefts,1786
2019,12,Vandalism/Criminal Mischief,820
2019,12,Weapon Violations,122
2019,13,Aggravated Assault Firearm,106
2019,13,Aggravated Assault No Firearm,267
2019,13,All Other Offenses,1296
2019,13,Arson,13
2019,13,Burglary Non-Residential,71
2019,13,Burglary Residential,284
2019,13,DRIVING UNDER THE INFLUENCE,35
2019,13,Disorderly Conduct,45
2019,13,Embezzlement,36
2019,13,Forgery and Counterfeiting,17
2019,13,Fraud,833
2019,13,Gambling Violations,9
2019,13,Liquor Law Violations,6
2019,13,Motor Vehicle Theft,104
2019,13,Narcotic / Drug Law Violations,529
2019,13,Offenses Against Family and Children,25
2019,13,Other Assaults,1493
2019,13,Other Sex Offenses (Not Commercialized),62
2019,13,Prostitution and Commercialized Vice,33
2019,13,Public Drunkenness,10
2019,13,Rape,70
2019,13,Receiving Stolen Property,1
2019,13,Robbery Firearm,70
2019,13,Robbery No Firearm,171
2019,13,Theft from Vehicle,766
2019,13,Thefts,1830
2019,13,Vagrancy/Loitering,1
2019,13,Vandalism/Criminal Mischief,741
2019,13,Weapon Violations,114
2019,14,Aggravated Assault Firearm,96
2019,14,Aggravated Assault No Firearm,226
2019,14,All Other Offenses,1090
2019,14,Arson,13
2019,14,Burglary Non-Residential,37
2019,14,Burglary Residential,188
2019,14,DRIVING UNDER THE INFLUENCE,37
2019,14,Disorderly Conduct,56
2019,14,Embezzlement,32
2019,14,Forgery and Counterfeiting,8
2019,14,Fraud,670
2019,14,Gambling Violations,7
2019,14,Liquor Law Violations,7
2019,14,Motor Vehicle Theft,52
2019,14,Narcotic / Drug Law Violations,501
2019,14,Offenses Against Family and Children,16
2019,14,Other Assaults,1204
2019,14,Other Sex Offenses (Not Commercialized),48
2019,14,Prostitution and Commercialized Vice,14
2019,14,Public Drunkenness,10
2019,14,Rape,46
2019,14,Robbery Firearm,61
2019,14,Robbery No Firearm,127
2019,14,Theft from Vehicle,487
2019,14,Thefts,1539
2019,14,Vandalism/Criminal Mischief,503
2019,14,Weapon Violations,98
2019,15,Aggravated Assault Firearm,111
2019,15,Aggravated Assault No Firearm,268
2019,15,All Other Offenses,949
2019,15,Arson,19
2019,15,Burglary Non-Residential,46
2019,15,Burglary Residential,222
2019,15,DRIVING UNDER THE INFLUENCE,32
2019,15,Disorderly Conduct,65
2019,15,Embezzlement,34
2019,15,Forgery and Counterfeiting,15
2019,15,Fraud,827
2019,15,Gambling Violations,4
2019,15,Liquor Law Violations,10
2019,15,Motor Vehicle Theft,88
2019,15,Narcotic / Drug Law Violations,477
2019,15,Offenses Against Family and Children,23
2019,15,Other Assaults,1473
2019,15,Other Sex Offenses (Not Commercialized),53
2019,15,Prostitution and Commercialized Vice,4
2019,15,Public Drunkenness,5
2019,15,Rape,70
2019,15,Receiving Stolen Property,1
2019,15,Robbery Firearm,65
2019,15,Robbery No Firearm,197
2019,15,Theft from Vehicle,693
2019,15,Thefts,1763
2019,15,Vagrancy/Loitering,1
2019,15,Vandalism/Criminal Mischief,634
2019,15,Weapon Violations,77
2019,16,Aggravated Assault Firearm,125
2019,16,Aggravated Assault No Firearm,312
2019,16,All Other Offenses,1650
2019,16,Arson,15
2019,16,Burglary Non-Residential,64
2019,16,Burglary Residential,397
2019,16,DRIVING UNDER THE INFLUENCE,57
2019,16,Disorderly Conduct,46
2019,16,Embezzlement,46
2019,16,Forgery and Counterfeiting,23
2019,16,Fraud,978
2019,16,Gambling Violations,4
2019,16,Liquor Law Violations,2
2019,16,Motor Vehicle Theft,112
2019,16,Narcotic / Drug Law Violations,648
2019,16,Offenses Against Family and Children,40
2019,16,Other Assaults,1801
2019,16,Other Sex Offenses (Not Commercialized),89
2019,16,Prostitution and Commercialized Vice,3
2019,16,Public Drunkenness,5
2019,16,Rape,56
2019,16,Robbery Firearm,78
2019,16,Robbery No Firearm,224
2019,16,Theft from Vehicle,911
2019,16,Thefts,2223
2019,16,Vagrancy/Loitering,1
2019,16,Vandalism/Criminal Mischief,1002
2019,16,Weapon Violations,84
2019,17,Aggravated Assault Firearm,132
2019,17,Aggravated Assault No Firearm,328
2019,17,All Other Offenses,2199
2019,17,Arson,17
2019,17,Burglary Non-Residential,46
2019,17,Burglary Residential,311
2019,17,DRIVING UNDER THE INFLUENCE,87
2019,17,Disorderly Conduct,75
2019,17,Embezzlement,34
2019,17,Forgery and Counterfeiting,21
2019,17,Fraud,771
2019,17,Gambling Violations,5
2019,17,Liquor Law Violations,2
2019,17,Motor Vehicle Theft,107
2019,17,Narcotic / Drug Law Violations,1022
2019,17,Offenses Against Family and Children,70
2019,17,Other Assaults,1714
2019,17,Other Sex Offenses (Not Commercialized),84
2019,17,Prostitution and Commercialized Vice,2
2019,17,Public Drunkenness,11
2019,17,Rape,63
2019,17,Receiving Stolen Property,2
2019,17,Robbery Firearm,88
2019,17,Robbery No Firearm,209
2019,17,Theft from Vehicle,796
2019,17,Thefts,1937
2019,17,Vagrancy/Loitering,1
2019,17,Vandalism/Criminal Mischief,886
2019,17,Weapon Violations,131
2019,18,Aggravated Assault Firearm,138
2019,18,Aggravated Assault No Firearm,314
2019,18,All Other Offenses,2117
2019,18,Arson,17
2019,18,Burglary Non-Residential,33
2019,18,Burglary Residential,306
2019,18,DRIVING UNDER THE INFLUENCE,103
2019,18,Disorderly Conduct,96
2019,18,Embezzlement,22
2019,18,Forgery and Counterfeiting,17
2019,18,Fraud,683
2019,18,Gambling Violations,5
2019,18,Liquor Law Violations,3
2019,18,Motor Vehicle Theft,101
2019,18,Narcotic / Drug Law Violations,1008
2019,18,Offenses Against Family and Children,68
2019,18,Other Assaults,1585
2019,18,Other Sex Offenses (Not Commercialized),73
2019,18,Prostitution and Commercialized Vice,1
2019,18,Public Drunkenness,16
2019,18,Rape,65
2019,18,Receiving Stolen Property,4
2019,18,Robbery Firearm,97
2019,18,Robbery No Firearm,183
2019,18,Theft from Vehicle,700
2019,18,Thefts,1898
2019,18,Vandalism/Criminal Mischief,766
2019,18,Weapon Violations,150
2019,19,Aggravated Assault Firearm,148
2019,19,Aggravated Assault No Firearm,348
2019,19,All Other Offenses,2151
2019,19,Arson,13
2019,19,Burglary Non-Residential,21
2019,19,Burglary Residential,282
2019,19,DRIVING UNDER THE INFLUENCE,115
2019,19,Disorderly Conduct,61
2019,19,Embezzlement,14
2019,19,Forgery and Counterfeiting,15
2019,19,Fraud,531
2019,19,Gambling Violations,24
2019,19,Liquor Law Violations,3
2019,19,Motor Vehicle Theft,82
2019,19,Narcotic / Drug Law Violations,1172
2019,19,Offenses Against Family and Children,46
2019,19,Other Assaults,1431
2019,19,Other Sex Offenses (Not Commercialized),50
2019,19,Prostitution and Commercialized Vice,6
2019,19,Public Drunkenness,6
2019,19,Rape,68
2019,19,Receiving Stolen Property,2
2019,19,Robbery Firearm,107
2019,19,Robbery No Firearm,223
2019,19,Theft from Vehicle,575
2019,19,Thefts,1615
2019,19,Vagrancy/Loitering,1
2019,19,Vandalism/Criminal Mischief,647
2019,19,Weapon Violations,184
2019,20,Aggravated Assault Firearm,170
2019,20,Aggravated Assault No Firearm,324
2019,20,All Other Offenses,1845
2019,20,Arson,25
2019,20,Burglary Non-Residential,19
2019,20,Burglary Residential,214
2019,20,DRIVING UNDER THE INFLUENCE,155
2019,20,Disorderly Conduct,68
2019,20,Embezzlement,9
2019,20,Forgery and Counterfeiting,8
2019,20,Fraud,421
2019,20,Gambling Violations,10
2019,20,Liquor Law Violations,17
2019,20,Motor Vehicle Theft,88
2019,20,Narcotic / Drug Law Violations,974
2019,20,Offenses Against Family and Children,35
2019,20,Other Assaults,1339
2019,20,Other Sex Offenses (Not Commercialized),64
2019,20,Prostitution and Commercialized Vice,27
2019,20,Public Drunkenness,9
2019,20,Rape,49
2019,20,Receiving Stolen Property,1
2019,20,Robbery Firearm,143
2019,20,Robbery No Firearm,197
2019,20,Theft from Vehicle,449
2019,20,Thefts,1353
2019,20,Vandalism/Criminal Mischief,689
2019,20,Weapon Violations,199
2019,21,Aggravated Assault Firearm,185
2019,21,Aggravated Assault No Firearm,279
2019,21,All Other Offenses,1825
2019,21,Arson,24
2019,21,Burglary Non-Residential,24
2019,21,Burglary Residential,165
2019,21,DRIVING UNDER THE INFLUENCE,186
2019,21,Disorderly Conduct,40
2019,21,Embezzlement,7
2019,21,Forgery and Counterfeiting,6
2019,21,Fraud,276
2019,21,Gambling Violations,4
2019,21,Liquor Law Violations,18
2019,21,Motor Vehicle Theft,83
2019,21,Narcotic / Drug Law Violations,740
2019,21,Offenses Against Family and Children,27
2019,21,Other Assaults,1086
2019,21,Other Sex Offenses (Not Commercialized),39
2019,21,Prostitution and Commercialized Vice,95
2019,21,Public Drunkenness,5
2019,21,Rape,50
2019,21,Receiving Stolen Property,2
2019,21,Robbery Firearm,198
2019,21,Robbery No Firearm,210
2019,21,Theft from Vehicle,354
2019,21,Thefts,987
2019,21,Vagrancy/Loitering,1
2019,21,Vandalism/Criminal Mischief,615
2019,21,Weapon Violations,194
2019,22,Aggravated Assault Firearm,190
2019,22,Aggravated Assault No Firearm,250
2019,22,All Other Offenses,1862
2019,22,Arson,18
2019,22,Burglary Non-Residential,13
2019,22,Burglary Residential,111
2019,22,DRIVING UNDER THE INFLUENCE,148
2019,22,Disorderly Conduct,56
2019,22,Embezzlement,2
2019,22,Forgery and Counterfeiting,3
2019,22,Fraud,155
2019,22,Liquor Law Violations,7
2019,22,Motor Vehicle Theft,58
2019,22,Narcotic / Drug Law Violations,553
2019,22,Offenses Against Family and Children,11
2019,22,Other Assaults,812
2019,22,Other Sex Offenses (Not Commercialized),20
2019,22,Prostitution and Commercialized Vice,70
2019,22,Public Drunkenness,4
2019,22,Rape,22
2019,22,Receiving Stolen Property,3
2019,22,Robbery Firearm,185
2019,22,Robbery No Firearm,156
2019,22,Theft from Vehicle,193
2019,22,Thefts,516
2019,22,Vandalism/Criminal Mischief,435
2019,22,Weapon Violations,171
2019,23,Aggravated Assault Firearm,165
2019,23,Aggravated Assault No Firearm,279
2019,23,All Other Offenses,1673
2019,23,Arson,27
2019,23,Burglary Non-Residential,12
2019,23,Burglary Residential,137
2019,23,DRIVING UNDER THE INFLUENCE,127
2019,23,Disorderly Conduct,20
2019,23,Embezzlement,4
2019,23,Forgery and Counterfeiting,4
2019,23,Fraud,117
2019,23,Liquor Law Violations,4
2019,23,Motor Vehicle Theft,57
2019,23,Narcotic / Drug Law Violations,338
2019,23,Offenses Against Family and Children,5
2019,23,Other Assaults,825
2019,23,Other Sex Offenses (Not Commercialized),30
2019,23,Prostitution and Commercialized Vice,14
2019,23,Public Drunkenness,7
2019,23,Rape,34
2019,23,Receiving Stolen Property,2
2019,23,Robbery Firearm,188
2019,23,Robbery No Firearm,164
2019,23,Theft from Vehicle,217
2019,23,Thefts,487
2019,23,Vagrancy/Loitering,1
2019,23,Vandalism/Criminal Mischief,502
2019,23,Weapon Violations,142
2020,0,Aggravated Assault Firearm,239
2020,0,Aggravated Assault No Firearm,260
2020,0,All Other Offenses,623
2020,0,Arson,39
2020,0,Burglary Non-Residential,145
2020,0,Burglary Residential,112
2020,0,DRIVING UNDER THE INFLUENCE,114
2020,0,Disorderly Conduct,15
2020,0,Embezzlement,1
2020,0,Forgery and Counterfeiting,1
2020,0,Fraud,69
2020,0,Homicide - Criminal,494
2020,0,Homicide - Justifiable,1
2020,0,Liquor Law Violations,4
2020,0,Motor Vehicle Theft,61
2020,0,Narcotic / Drug Law Violations,83
2020,0,Offenses Against Family and Children,8
2020,0,Other Assaults,769
2020,0,Other Sex Offenses (Not Commercialized),18
2020,0,Prostitution and Commercialized Vice,2
2020,0,Public Drunkenness,2
2020,0,Rape,35
2020,0,Receiving Stolen Property,2
2020,0,Robbery Firearm,113
2020,0,Robbery No Firearm,111
2020,0,Theft from Vehicle,184
2020,0,Thefts,298
2020,0,Vandalism/Criminal Mischief,592
2020,0,Weapon Violations,146
2020,1,Aggravated Assault Firearm,202
2020,1,Aggravated Assault No Firearm,204
2020,1,All Other Offenses,529
2020,1,Arson,34
2020,1,Burglary Non-Residential,124
2020,1,Burglary Residential,89
2020,1,DRIVING UNDER THE INFLUENCE,122
2020,1,Disorderly Conduct,12
2020,1,Embezzlement,1
2020,1,Fraud,37
2020,1,Liquor Law Violations,8
2020,1,Motor Vehicle Theft,68
2020,1,Narcotic / Drug Law Violations,74
2020,1,Offenses Against Family and Children,8
2020,1,Other Assaults,541
2020,1,Other Sex Offenses (Not Commercialized),6
2020,1,Rape,21
2020,1,Receiving Stolen Property,1
2020,1,Robbery Firearm,92
2020,1,Robbery No Firearm,90
2020,1,Theft from Vehicle,137
2020,1,Thefts,221
2020,1,Vandalism/Criminal Mischief,443
2020,1,Weapon Violations,105
2020,2,Aggravated Assault Firearm,152
2020,2,Aggravated Assault No Firearm,197
2020,2,All Other Offenses,342
2020,2,Arson,41
2020,2,Burglary Non-Residential,134
2020,2,Burglary Residential,70
2020,2,DRIVING UNDER THE INFLUENCE,101
2020,2,Disorderly Conduct,19
2020,2,Forgery and Counterfeiting,1
2020,2,Fraud,21
2020,2,Liquor Law Violations,3
2020,2,Motor Vehicle Theft,40
2020,2,Narcotic / Drug Law Violations,51
2020,2,Offenses Against Family and Children,5
2020,2,Other Assaults,400
2020,2,Other Sex Offenses (Not Commercialized),8
2020,2,Public Drunkenness,2
2020,2,Rape,21
2020,2,Robbery Firearm,77
2020,2,Robbery No Firearm,82
2020,2,Theft from Vehicle,121
2020,2,Thefts,165
2020,2,Vandalism/Criminal Mischief,347
2020,2,Weapon Violations,75
2020,3,Aggravated Assault Firearm,108
2020,3,Aggravated Assault No Firearm,155
2020,3,All Other Offenses,305
2020,3,Arson,35
2020,3,Burglary Non-Residential,144
2020,3,Burglary Residential,70
2020,3,DRIVING UNDER THE INFLUENCE,127
2020,3,Disorderly Conduct,5
2020,3,Forgery and Counterfeiting,1
2020,3,Fraud,15
2020,3,Liquor Law Violations,3
2020,3,Motor Vehicle Theft,23
2020,3,Narcotic / Drug Law Violations,36
2020,3,Offenses Against Family and Children,2
2020,3,Other Assaults,317
2020,3,Other Sex Offenses (Not Commercialized),7
2020,3,Public Drunkenness,1
2020,3,Rape,17
2020,3,Robbery Firearm,68
2020,3,Robbery No Firearm,69
2020,3,Theft from Vehicle,92
2020,3,Thefts,145
2020,3,Vandalism/Criminal Mischief,335
2020,3,Weapon Violations,52
2020,4,Aggravated Assault Firearm,90
2020,4,Aggravated Assault No Firearm,94
2020,4,All Other Offenses,185
2020,4,Arson,34
2020,4,Burglary Non-Residential,124
2020,4,Burglary Residential,58
2020,4,DRIVING UNDER THE INFLUENCE,66
2020,4,Disorderly Conduct,11
2020,4,Fraud,13
2020,4,Liquor Law Violations,2
2020,4,Motor Vehicle Theft,39
2020,4,Narcotic / Drug Law Violations,26
2020,4,Offenses Against Family and Children,3
2020,4,Other Assaults,243
2020,4,Other Sex Offenses (Not Commercialized),5
2020,4,Rape,20
2020,4,Robbery Firearm,54
2020,4,Robbery No Firearm,60
2020,4,Theft from Vehicle,119
2020,4,Thefts,111
2020,4,Vagrancy/Loitering,1
2020,4,Vandalism/Criminal Mischief,241
2020,4,Weapon Violations,50
2020,5,Aggravated Assault Firearm,61
2020,5,Aggravated Assault No Firearm,103
2020,5,All Other Offenses,161
2020,5,Arson,24
2020,5,Burglary Non-Residential,114
2020,5,Burglary Residential,42
2020,5,DRIVING UNDER THE INFLUENCE,45
2020,5,Disorderly Conduct,2
2020,5,Embezzlement,1
2020,5,Forgery and Counterfeiting,1
2020,5,Fraud,20
2020,5,Motor Vehicle Theft,23
2020,5,Narcotic / Drug Law Violations,15
2020,5,Offenses Against Family and Children,2
2020,5,Other Assaults,193
2020,5,Other Sex Offenses (Not Commercialized),6
2020,5,Rape,19
2020,5,Robbery Firearm,41
2020,5,Robbery No Firearm,44
2020,5,Theft from Vehicle,140
2020,5,Thefts,117
2020,5,Vandalism/Criminal Mischief,214
2020,5,Weapon Violations,35
2020,6,Aggravated Assault Firearm,33
2020,6,Aggravated Assault No Firearm,68
2020,6,All Other Offenses,181
2020,6,Arson,20
2020,6,Burglary Non-Residential,74
2020,6,Burglary Residential,40
2020,6,DRIVING UNDER THE INFLUENCE,20
2020,6,Disorderly Conduct,4
2020,6,Embezzlement,1
2020,6,Fraud,22
2020,6,Liquor Law Violations,1
2020,6,Motor Vehicle Theft,26
2020,6,Narcotic / Drug Law Violations,13
2020,6,Offenses Against Family and Children,1
2020,6,Other Assaults,177
2020,6,Other Sex Offenses (Not Commercialized),6
2020,6,Rape,7
2020,6,Robbery Firearm,40
2020,6,Robbery No Firearm,37
2020,6,Theft from Vehicle,197
2020,6,Thefts,129
2020,6,Vandalism/Criminal Mischief,232
2020,6,Weapon Violations,22
2020,7,Aggravated Assault Firearm,39
2020,7,Aggravated Assault No Firearm,107
2020,7,All Other Offenses,222
2020,7,Arson,13
2020,7,Burglary Non-Residential,136
2020,7,Burglary Residential,69
2020,7,DRIVING UNDER THE INFLUENCE,20
2020,7,Disorderly Conduct,3
2020,7,Embezzlement,2
2020,7,Forgery and Counterfeiting,1
2020,7,Fraud,101
2020,7,Motor Vehicle Theft,80
2020,7,Narcotic / Drug Law Violations,50
2020,7,Offenses Against Family and Children,8
2020,7,Other Assaults,364
2020,7,Other Sex Offenses (Not Commercialized),9
2020,7,Rape,18
2020,7,Receiving Stolen Property,1
2020,7,Robbery Firearm,32
2020,7,Robbery No Firearm,47
2020,7,Theft from Vehicle,507
2020,7,Thefts,374
2020,7,Vagrancy/Loitering,1
2020,7,Vandalism/Criminal Mischief,378
2020,7,Weapon Violations,49
2020,8,Aggravated Assault Firearm,55
2020,8,Aggravated Assault No Firearm,170
2020,8,All Other Offenses,556
2020,8,Arson,24
2020,8,Burglary Non-Residential,258
2020,8,Burglary Residential,174
2020,8,DRIVING UNDER THE INFLUENCE,10
2020,8,Disorderly Conduct,10
2020,8,Embezzlement,12
2020,8,Forgery and Counterfeiting,2
2020,8,Fraud,270
2020,8,Motor Vehicle Theft,141
2020,8,Narcotic / Drug Law Violations,112
2020,8,Offenses Against Family and Children,12
2020,8,Other Assaults,727
2020,8,Other Sex Offenses (Not Commercialized),32
2020,8,Prostitution and Commercialized Vice,4
2020,8,Rape,28
2020,8,Receiving Stolen Property,1
2020,8,Robbery Firearm,32
2020,8,Robbery No Firearm,86
2020,8,Theft from Vehicle,940
2020,8,Thefts,836
2020,8,Vagrancy/Loitering,1
2020,8,Vandalism/Criminal Mischief,854
2020,8,Weapon Violations,110
2020,9,Aggravated Assault Firearm,73
2020,9,Aggravated Assault No Firearm,214
2020,9,All Other Offenses,879
2020,9,Arson,25
2020,9,Burglary Non-Residential,283
2020,9,Burglary Residential,248
2020,9,DRIVING UNDER THE INFLUENCE,25
2020,9,Disorderly Conduct,34
2020,9,Embezzlement,14
2020,9,Forgery and Counterfeiting,7
2020,9,Fraud,470
2020,9,Liquor Law Violations,1
2020,9,Motor Vehicle Theft,153
2020,9,Narcotic / Drug Law Violations,246
2020,9,Offenses Against Family and Children,37
2020,9,Other Assaults,974
2020,9,Other Sex Offenses (Not Commercialized),41
2020,9,Prostitution and Commercialized Vice,13
2020,9,Public Drunkenness,4
2020,9,Rape,34
2020,9,Robbery Firearm,40
2020,9,Robbery No Firearm,119
2020,9,Theft from Vehicle,1051
2020,9,Thefts,1104
2020,9,Vandalism/Criminal Mischief,864
2020,9,Weapon Violations,115
2020,10,Aggravated Assault Firearm,105
2020,10,Aggravated Assault No Firearm,231
2020,10,All Other Offenses,1028
2020,10,Arson,15
2020,10,Burglary Non-Residential,281
2020,10,Burglary Residential,267
2020,10,DRIVING UNDER THE INFLUENCE,21
2020,10,Disorderly Conduct,55
2020,10,Embezzlement,18
2020,10,Forgery and Counterfeiting,5
2020,10,Fraud,650
2020,10,Liquor Law Violations,1
2020,10,Motor Vehicle Theft,165
2020,10,Narcotic / Drug Law Violations,327
2020,10,Offenses Against Family and Children,30
2020,10,Other Assaults,1199
2020,10,Other Sex Offenses (Not Commercialized),44
2020,10,Prostitution and Commercialized Vice,30
2020,10,Public Drunkenness,1
2020,10,Rape,35
2020,10,Receiving Stolen Property,2
2020,10,Robbery Firearm,51
2020,10,Robbery No Firearm,130
2020,10,Theft from Vehicle,1039
2020,10,Thefts,1317
2020,10,Vandalism/Criminal Mischief,895
2020,10,Weapon Violations,135
2020,11,Aggravated Assault Firearm,140
2020,11,Aggravated Assault No Firearm,272
2020,11,All Other Offenses,1051
2020,11,Arson,24
2020,11,Burglary Non-Residential,222
2020,11,Burglary Residential,243
2020,11,DRIVING UNDER THE INFLUENCE,26
2020,11,Disorderly Conduct,57
2020,11,Embezzlement,19
2020,11,Forgery and Counterfeiting,12
2020,11,Fraud,782
2020,11,Gambling Violations,2
2020,11,Motor Vehicle Theft,179
2020,11,Narcotic / Drug Law Violations,391
2020,11,Offenses Against Family and Children,15
2020,11,Other Assaults,1242
2020,11,Other Sex Offenses (Not Commercialized),47
2020,11,Prostitution and Commercialized Vice,22
2020,11,Public Drunkenness,2
2020,11,Rape,51
2020,11,Robbery Firearm,59
2020,11,Robbery No Firearm,120
2020,11,Theft from Vehicle,999
2020,11,Thefts,1535
2020,11,Vandalism/Criminal Mischief,933
2020,11,Weapon Violations,166
2020,12,Aggravated Assault Firearm,158
2020,12,Aggravated Assault No Firearm,257
2020,12,All Other Offenses,1005
2020,12,Arson,15
2020,12,Burglary Non-Residential,186
2020,12,Burglary Residential,229
2020,12,DRIVING UNDER THE INFLUENCE,28
2020,12,Disorderly Conduct,32
2020,12,Embezzlement,19
2020,12,Forgery and Counterfeiting,10
2020,12,Fraud,847
2020,12,Gambling Violations,2
2020,12,Liquor Law Violations,1
2020,12,Motor Vehicle Theft,203
2020,12,Narcotic / Drug Law Violations,380
2020,12,Offenses Against Family and Children,19
2020,12,Other Assaults,1393
2020,12,Other Sex Offenses (Not Commercialized),44
2020,12,Prostitution and Commercialized Vice,15
2020,12,Public Drunkenness,3
2020,12,Rape,44
2020,12,Robbery Firearm,63
2020,12,Robbery No Firearm,135
2020,12,Theft from Vehicle,1000
2020,12,Thefts,1593
2020,12,Vagrancy/Loitering,2
2020,12,Vandalism/Criminal Mischief,872
2020,12,Weapon Violations,171
2020,13,Aggravated Assault Firearm,166
2020,13,Aggravated Assault No Firearm,293
2020,13,All Other Offenses,959
2020,13,Arson,13
2020,13,Burglary Non-Residential,167
2020,13,Burglary Residential,210
2020,13,DRIVING UNDER THE INFLUENCE,32
2020,13,Disorderly Conduct,44
2020,13,Embezzlement,21
2020,13,Forgery and Counterfeiting,13
2020,13,Fraud,798
2020,13,Gambling Violations,2
2020,13,Liquor Law Violations,2
2020,13,Motor Vehicle Theft,150
2020,13,Narcotic / Drug Law Violations,359
2020,13,Offenses Against Family and Children,14
2020,13,Other Assaults,1335
2020,13,Other Sex Offenses (Not Commercialized),52
2020,13,Prostitution and Commercialized Vice,14
2020,13,Public Drunkenness,3
2020,13,Rape,38
2020,13,Receiving Stolen Property,3
2020,13,Robbery Firearm,68
2020,13,Robbery No Firearm,143
2020,13,Theft from Vehicle,907
2020,13,Thefts,1570
2020,13,Vagrancy/Loitering,2
2020,13,Vandalism/Criminal Mischief,811
2020,13,Weapon Violations,182
2020,14,Aggravated Assault Firearm,170
2020,14,Aggravated Assault No Firearm,218
2020,14,All Other Offenses,711
2020,14,Arson,15
2020,14,Burglary Non-Residential,122
2020,14,Burglary Residential,139
2020,14,DRIVING UNDER THE INFLUENCE,26
2020,14,Disorderly Conduct,28
2020,14,Embezzlement,18
2020,14,Forgery and Counterfeiting,9
2020,14,Fraud,663
2020,14,Liquor Law Violations,4
2020,14,Motor Vehicle Theft,110
2020,14,Narcotic / Drug Law Violations,304
2020,14,Offenses Against Family and Children,18
2020,14,Other Assaults,1126
2020,14,Other Sex Offenses (Not Commercialized),38
2020,14,Prostitution and Commercialized Vice,8
2020,14,Public Drunkenness,2
2020,14,Rape,41
2020,14,Robbery Firearm,53
2020,14,Robbery No Firearm,126
2020,14,Theft from Vehicle,686
2020,14,Thefts,1408
2020,14,Vandalism/Criminal Mischief,619
2020,14,Weapon Violations,153
2020,15,Aggravated Assault Firearm,169
2020,15,Aggravated Assault No Firearm,294
2020,15,All Other Offenses,686
2020,15,Arson,15
2020,15,Burglary Non-Residential,104
2020,15,Burglary Residential,198
2020,15,DRIVING UNDER THE INFLUENCE,29
2020,15,Disorderly Conduct,15
2020,15,Embezzlement,17
2020,15,Forgery and Counterfeiting,19
2020,15,Fraud,751
2020,15,Liquor Law Violations,4
2020,15,Motor Vehicle Theft,118
2020,15,Narcotic / Drug Law Violations,258
2020,15,Offenses Against Family and Children,18
2020,15,Other Assaults,1278
2020,15,Other Sex Offenses (Not Commercialized),51
2020,15,Prostitution and Commercialized Vice,4
2020,15,Public Drunkenness,2
2020,15,Rape,49
2020,15,Robbery Firearm,71
2020,15,Robbery No Firearm,155
2020,15,Theft from Vehicle,805
2020,15,Thefts,1571
2020,15,Vandalism/Criminal Mischief,671
2020,15,Weapon Violations,120
2020,16,Aggravated Assault Firearm,202
2020,16,Aggravated Assault No Firearm,303
2020,16,All Other Offenses,963
2020,16,Arson,16
2020,16,Burglary Non-Residential,111
2020,16,Burglary Residential,279
2020,16,DRIVING UNDER THE INFLUENCE,42
2020,16,Disorderly Conduct,30
2020,16,Embezzlement,23
2020,16,Forgery and Counterfeiting,12
2020,16,Fraud,884
2020,16,Gambling Violations,1
2020,16,Liquor Law Violations,2
2020,16,Motor Vehicle Theft,170
2020,16,Narcotic / Drug Law Violations,330
2020,16,Offenses Against Family and Children,23
2020,16,Other Assaults,1579
2020,16,Other Sex Offenses (Not Commercialized),50
2020,16,Prostitution and Commercialized Vice,1
2020,16,Rape,65
2020,16,Receiving Stolen Property,2
2020,16,Robbery Firearm,68
2020,16,Robbery No Firearm,193
2020,16,Theft from Vehicle,942
2020,16,Thefts,1857
2020,16,Vandalism/Criminal Mischief,947
2020,16,Weapon Violations,161
2020,17,Aggravated Assault Firearm,189
2020,17,Aggravated Assault No Firearm,349
2020,17,All Other Offenses,977
2020,17,Arson,20
2020,17,Burglary Non-Residential,96
2020,17,Burglary Residential,249
2020,17,DRIVING UNDER THE INFLUENCE,54
2020,17,Disorderly Conduct,100
2020,17,Embezzlement,8
2020,17,Forgery and Counterfeiting,15
2020,17,Fraud,735
2020,17,Gambling Violations,2
2020,17,Liquor Law Violations,2
2020,17,Motor Vehicle Theft,150
2020,17,Narcotic / Drug Law Violations,577
2020,17,Offenses Against Family and Children,33
2020,17,Other Assaults,1540
2020,17,Other Sex Offenses (Not Commercialized),58
2020,17,Prostitution and Commercialized Vice,2
2020,17,Public Drunkenness,2
2020,17,Rape,56
2020,17,Receiving Stolen Property,3
2020,17,Robbery Firearm,91
2020,17,Robbery No Firearm,174
2020,17,Theft from Vehicle,805
2020,17,Thefts,1597
2020,17,Vandalism/Criminal Mischief,756
2020,17,Weapon Violations,203
2020,18,Aggravated Assault Firearm,198
2020,18,Aggravated Assault No Firearm,330
2020,18,All Other Offenses,952
2020,18,Arson,14
2020,18,Burglary Non-Residential,65
2020,18,Burglary Residential,188
2020,18,DRIVING UNDER THE INFLUENCE,64
2020,18,Disorderly Conduct,62
2020,18,Embezzlement,14
2020,18,Forgery and Counterfeiting,15
2020,18,Fraud,554
2020,18,Liquor Law Violations,11
2020,18,Motor Vehicle Theft,137
2020,18,Narcotic / Drug Law Violations,620
2020,18,Offenses Against Family and Children,37
2020,18,Other Assaults,1420
2020,18,Other Sex Offenses (Not Commercialized),51
2020,18,Prostitution and Commercialized Vice,4
2020,18,Public Drunkenness,3
2020,18,Rape,64
2020,18,Robbery Firearm,103
2020,18,Robbery No Firearm,166
2020,18,Theft from Vehicle,626
2020,18,Thefts,1455
2020,18,Vagrancy/Loitering,1
2020,18,Vandalism/Criminal Mischief,710
2020,18,Weapon Violations,218
2020,19,Aggravated Assault Firearm,220
2020,19,Aggravated Assault No Firearm,284
2020,19,All Other Offenses,882
2020,19,Arson,16
2020,19,Burglary Non-Residential,50
2020,19,Burglary Residential,181
2020,19,DRIVING UNDER THE INFLUENCE,88
2020,19,Disorderly Conduct,60
2020,19,Embezzlement,9
2020,19,Forgery and Counterfeiting,5
2020,19,Fraud,380
2020,19,Liquor Law Violations,4
2020,19,Motor Vehicle Theft,113
2020,19,Narcotic / Drug Law Violations,716
2020,19,Offenses Against Family and Children,47
2020,19,Other Assaults,1287
2020,19,Other Sex Offenses (Not Commercialized),45
2020,19,Prostitution and Commercialized Vice,8
2020,19,Public Drunkenness,2
2020,19,Rape,42
2020,19,Receiving Stolen Property,2
2020,19,Robbery Firearm,111
2020,19,Robbery No Firearm,162
2020,19,Theft from Vehicle,522
2020,19,Thefts,1199
2020,19,Vandalism/Criminal Mischief,662
2020,19,Weapon Violations,290
2020,20,Aggravated Assault Firearm,269
2020,20,Aggravated Assault No Firearm,295
2020,20,All Other Offenses,821
2020,20,Arson,22
2020,20,Burglary Non-Residential,61
2020,20,Burglary Residential,145
2020,20,DRIVING UNDER THE INFLUENCE,117
2020,20,Disorderly Conduct,50
2020,20,Embezzlement,4
2020,20,Forgery and Counterfeiting,11
2020,20,Fraud,290
2020,20,Liquor Law Violations,2
2020,20,Motor Vehicle Theft,126
2020,20,Narcotic / Drug Law Violations,601
2020,20,Offenses Against Family and Children,25
2020,20,Other Assaults,1272
2020,20,Other Sex Offenses (Not Commercialized),30
2020,20,Prostitution and Commercialized Vice,17
2020,20,Public Drunkenness,6
2020,20,Rape,53
2020,20,Receiving Stolen Property,3
2020,20,Robbery Firearm,135
2020,20,Robbery No Firearm,148
2020,20,Theft from Vehicle,456
2020,20,Thefts,994
2020,20,Vandalism/Criminal Mischief,662
2020,20,Weapon Violations,268
2020,21,Aggravated Assault Firearm,276
2020,21,Aggravated Assault No Firearm,288
2020,21,All Other Offenses,730
2020,21,Arson,30
2020,21,Burglary Non-Residential,77
2020,21,Burglary Residential,126
2020,21,DRIVING UNDER THE INFLUENCE,97
2020,21,Disorderly Conduct,37
2020,21,Embezzlement,4
2020,21,Forgery and Counterfeiting,5
2020,21,Fraud,200
2020,21,Liquor Law Violations,3
2020,21,Motor Vehicle Theft,114
2020,21,Narcotic / Drug Law Violations,445
2020,21,Offenses Against Family and Children,12
2020,21,Other Assaults,1042
2020,21,Other Sex Offenses (Not Commercialized),28
2020,21,Prostitution and Commercialized Vice,31
2020,21,Public Drunkenness,4
2020,21,Rape,36
2020,21,Receiving Stolen Property,1
2020,21,Robbery Firearm,144
2020,21,Robbery No Firearm,165
2020,21,Theft from Vehicle,255
2020,21,Thefts,661
2020,21,Vandalism/Criminal Mischief,561
2020,21,Weapon Violations,285
2020,22,Aggravated Assault Firearm,267
2020,22,Aggravated Assault No Firearm,229
2020,22,All Other Offenses,630
2020,22,Arson,19
2020,22,Burglary Non-Residential,105
2020,22,Burglary Residential,89
2020,22,DRIVING UNDER THE INFLUENCE,245
2020,22,Disorderly Conduct,21
2020,22,Embezzlement,2
2020,22,Forgery and Counterfeiting,4
2020,22,Fraud,70
2020,22,Gambling Violations,1
2020,22,Liquor Law Violations,6
2020,22,Motor Vehicle Theft,80
2020,22,Narcotic / Drug Law Violations,305
2020,22,Offenses Against Family and Children,13
2020,22,Other Assaults,768
2020,22,Other Sex Offenses (Not Commercialized),27
2020,22,Prostitution and Commercialized Vice,13
2020,22,Public Drunkenness,1
2020,22,Rape,29
2020,22,Receiving Stolen Property,2
2020,22,Robbery Firearm,140
2020,22,Robbery No Firearm,129
2020,22,Theft from Vehicle,142
2020,22,Thefts,356
2020,22,Vandalism/Criminal Mischief,430
2020,22,Weapon Violations,246
2020,23,Aggravated Assault Firearm,268
2020,23,Aggravated Assault No Firearm,268
2020,23,All Other Offenses,600
2020,23,Arson,32
2020,23,Burglary Non-Residential,95
2020,23,Burglary Residential,124
2020,23,DRIVING UNDER THE INFLUENCE,100
2020,23,Disorderly Conduct,23
2020,23,Embezzlement,3
2020,23,Fraud,69
2020,23,Liquor Law Violations,8
2020,23,Motor Vehicle Theft,69
2020,23,Narcotic / Drug Law Violations,128
2020,23,Offenses Against Family and Children,13
2020,23,Other Assaults,730
2020,23,Other Sex Offenses (Not Commercialized),15
2020,23,Prostitution and Commercialized Vice,2
2020,23,Rape,31
2020,23,Receiving Stolen Property,1
2020,23,Robbery Firearm,126
2020,23,Robbery No Firearm,118
2020,23,Theft from Vehicle,147
2020,23,Thefts,293
2020,23,Vandalism/Criminal Mischief,498
2020,23,Weapon Violations,188
2021,0,Aggravated Assault Firearm,191
2021,0,Aggravated Assault No Firearm,235
2021,0,All Other Offenses,430
2021,0,Arson,37
2021,0,Burglary Non-Residential,37
2021,0,Burglary Residential,150
2021,0,DRIVING UNDER THE INFLUENCE,142
2021,0,Disorderly Conduct,14
2021,0,Forgery and Counterfeiting,1
2021,0,Fraud,45
2021,0,Homicide - Criminal,555
2021,0,Homicide - Gross Negligence,1
2021,0,Homicide - Justifiable,1
2021,0,Liquor Law Violations,5
2021,0,Motor Vehicle Theft,233
2021,0,Narcotic / Drug Law Violations,22
2021,0,Offenses Against Family and Children,6
2021,0,Other Assaults,826
2021,0,Other Sex Offenses (Not Commercialized),26
2021,0,Rape,46
2021,0,Receiving Stolen Property,12
2021,0,Robbery Firearm,168
2021,0,Robbery No Firearm,113
2021,0,Theft from Vehicle,200
2021,0,Thefts,345
2021,0,Vandalism/Criminal Mischief,530
2021,0,Weapon Violations,140
2021,1,Aggravated Assault Firearm,163
2021,1,Aggravated Assault No Firearm,201
2021,1,All Other Offenses,297
2021,1,Arson,46
2021,1,Burglary Non-Residential,40
2021,1,Burglary Residential,95
2021,1,DRIVING UNDER THE INFLUENCE,146
2021,1,Disorderly Conduct,13
2021,1,Embezzlement,1
2021,1,Forgery and Counterfeiting,2
2021,1,Fraud,26
2021,1,Liquor Law Violations,7
2021,1,Motor Vehicle Theft,146
2021,1,Narcotic / Drug Law Violations,22
2021,1,Offenses Against Family and Children,3
2021,1,Other Assaults,660
2021,1,Other Sex Offenses (Not Commercialized),19
2021,1,Public Drunkenness,1
2021,1,Rape,32
2021,1,Receiving Stolen Property,19
2021,1,Robbery Firearm,133
2021,1,Robbery No Firearm,99
2021,1,Theft from Vehicle,139
2021,1,Thefts,243
2021,1,Vandalism/Criminal Mischief,404
2021,1,Weapon Violations,123
2021,2,Aggravated Assault Firearm,134
2021,2,Aggravated Assault No Firearm,164
2021,2,All Other Offenses,220
2021,2,Arson,41
2021,2,Burglary Non-Residential,39
2021,2,Burglary Residential,69
2021,2,DRIVING UNDER THE INFLUENCE,106
2021,2,Disorderly Conduct,7
2021,2,Embezzlement,1
2021,2,Forgery and Counterfeiting,1
2021,2,Fraud,19
2021,2,Liquor Law Violations,3
2021,2,Motor Vehicle Theft,97
2021,2,Narcotic / Drug Law Violations,25
2021,2,Offenses Against Family and Children,2
2021,2,Other Assaults,434
2021,2,Other Sex Offenses (Not Commercialized),15
2021,2,Public Drunkenness,1
2021,2,Rape,22
2021,2,Receiving Stolen Property,15
2021,2,Robbery Firearm,103
2021,2,Robbery No Firearm,70
2021,2,Theft from Vehicle,92
2021,2,Thefts,178
2021,2,Vandalism/Criminal Mischief,314
2021,2,Weapon Violations,87
2021,3,Aggravated Assault Firearm,96
2021,3,Aggravated Assault No Firearm,127
2021,3,All Other Offenses,140
2021,3,Arson,46
2021,3,Burglary Non-Residential,45
2021,3,Burglary Residential,61
2021,3,DRIVING UNDER THE INFLUENCE,95
2021,3,Disorderly Conduct,6
2021,3,Embezzlement,1
2021,3,Forgery and Counterfeiting,1
2021,3,Fraud,11
2021,3,Liquor Law Violations,1
2021,3,Motor Vehicle Theft,77
2021,3,Narcotic / Drug Law Violations,10
2021,3,Offenses Against Family and Children,2
2021,3,Other Assaults,319
2021,3,Other Sex Offenses (Not Commercialized),6
2021,3,Rape,24
2021,3,Receiving Stolen Property,10
2021,3,Robbery Firearm,88
2021,3,Robbery No Firearm,64
2021,3,Theft from Vehicle,110
2021,3,Thefts,141
2021,3,Vandalism/Criminal Mischief,258
2021,3,Weapon Violations,65
2021,4,Aggravated Assault Firearm,67
2021,4,Aggravated Assault No Firearm,103
2021,4,All Other Offenses,106
2021,4,Arson,32
2021,4,Burglary Non-Residential,63
2021,4,Burglary Residential,43
2021,4,DRIVING UNDER THE INFLUENCE,51
2021,4,Disorderly Conduct,4
2021,4,Forgery and Counterfeiting,2
2021,4,Fraud,11
2021,4,Motor Vehicle Theft,79
2021,4,Narcotic / Drug Law Violations,2
2021,4,Offenses Against Family and Children,1
2021,4,Other Assaults,285
2021,4,Other Sex Offenses (Not Commercialized),5
2021,4,Rape,13
2021,4,Receiving Stolen Property,13
2021,4,Robbery Firearm,79
2021,4,Robbery No Firearm,52
2021,4,Theft from Vehicle,133
2021,4,Thefts,117
2021,4,Vandalism/Criminal Mischief,224
2021,4,Weapon Violations,47
2021,5,Aggravated Assault Firearm,54
2021,5,Aggravated Assault No Firearm,75
2021,5,All Other Offenses,110
2021,5,Arson,21
2021,5,Burglary Non-Residential,56
2021,5,Burglary Residential,65
2021,5,DRIVING UNDER THE INFLUENCE,30
2021,5,Disorderly Conduct,6
2021,5,Forgery and Counterfeiting,1
2021,5,Fraud,10
2021,5,Motor Vehicle Theft,82
2021,5,Narcotic / Drug Law Violations,5
2021,5,Offenses Against Family and Children,3
2021,5,Other Assaults,225
2021,5,Other Sex Offenses (Not Commercialized),5
2021,5,Public Drunkenness,1
2021,5,Rape,18
2021,5,Receiving Stolen Property,8
2021,5,Robbery Firearm,67
2021,5,Robbery No Firearm,50
2021,5,Theft from Vehicle,149
2021,5,Thefts,124
2021,5,Vandalism/Criminal Mischief,199
2021,5,Weapon Violations,32
2021,6,Aggravated Assault Firearm,31
2021,6,Aggravated Assault No Firearm,74
2021,6,All Other Offenses,222
2021,6,Arson,14
2021,6,Burglary Non-Residential,36
2021,6,Burglary Residential,39
2021,6,DRIVING UNDER THE INFLUENCE,12
2021,6,Disorderly Conduct,12
2021,6,Fraud,18
2021,6,Motor Vehicle Theft,86
2021,6,Narcotic / Drug Law Violations,12
2021,6,Other Assaults,190
2021,6,Other Sex Offenses (Not Commercialized),7
2021,6,Rape,7
2021,6,Receiving Stolen Property,2
2021,6,Robbery Firearm,45
2021,6,Robbery No Firearm,40
2021,6,Theft from Vehicle,131
2021,6,Thefts,180
2021,6,Vandalism/Criminal Mischief,169
2021,6,Weapon Violations,36
2021,7,Aggravated Assault Firearm,42
2021,7,Aggravated Assault No Firearm,120
2021,7,All Other Offenses,178
2021,7,Arson,15
2021,7,Burglary Non-Residential,91
2021,7,Burglary Residential,76
2021,7,DRIVING UNDER THE INFLUENCE,14
2021,7,Disorderly Conduct,11
2021,7,Embezzlement,3
2021,7,Forgery and Counterfeiting,2
2021,7,Fraud,79
2021,7,Motor Vehicle Theft,249
2021,7,Narcotic / Drug Law Violations,37
2021,7,Offenses Against Family and Children,6
2021,7,Other Assaults,419
2021,7,Other Sex Offenses (Not Commercialized),16
2021,7,Rape,11
2021,7,Receiving Stolen Property,9
2021,7,Robbery Firearm,44
2021,7,Robbery No Firearm,56
2021,7,Theft from Vehicle,491
2021,7,Thefts,470
2021,7,Vandalism/Criminal Mischief,400
2021,7,Weapon Violations,59
2021,8,Aggravated Assault Firearm,83
2021,8,Aggravated Assault No Firearm,159
2021,8,All Other Offenses,404
2021,8,Arson,25
2021,8,Burglary Non-Residential,185
2021,8,Burglary Residential,203
2021,8,DRIVING UNDER THE INFLUENCE,24
2021,8,Disorderly Conduct,19
2021,8,Embezzlement,11
2021,8,Forgery and Counterfeiting,7
2021,8,Fraud,240
2021,8,Liquor Law Violations,1
2021,8,Motor Vehicle Theft,388
2021,8,Narcotic / Drug Law Violations,95
2021,8,Offenses Against Family and Children,5
2021,8,Other Assaults,784
2021,8,Other Sex Offenses (Not Commercialized),27
2021,8,Public Drunkenness,1
2021,8,Rape,23
2021,8,Receiving Stolen Property,27
2021,8,Robbery Firearm,38
2021,8,Robbery No Firearm,72
2021,8,Theft from Vehicle,955
2021,8,Thefts,956
2021,8,Vandalism/Criminal Mischief,787
2021,8,Weapon Violations,75
2021,9,Aggravated Assault Firearm,93
2021,9,Aggravated Assault No Firearm,175
2021,9,All Other Offenses,520
2021,9,Arson,18
2021,9,Burglary Non-Residential,141
2021,9,Burglary Residential,220
2021,9,DRIVING UNDER THE INFLUENCE,22
2021,9,Disorderly Conduct,23
2021,9,Embezzlement,9
2021,9,Forgery and Counterfeiting,9
2021,9,Fraud,526
2021,9,Motor Vehicle Theft,452
2021,9,Narcotic / Drug Law Violations,132
2021,9,Offenses Against Family and Children,7
2021,9,Other Assaults,1099
2021,9,Other Sex Offenses (Not Commercialized),43
2021,9,Prostitution and Commercialized Vice,1
2021,9,Public Drunkenness,2
2021,9,Rape,29
2021,9,Receiving Stolen Property,44
2021,9,Robbery Firearm,42
2021,9,Robbery No Firearm,92
2021,9,Theft from Vehicle,983
2021,9,Thefts,1309
2021,9,Vagrancy/Loitering,1
2021,9,Vandalism/Criminal Mischief,885
2021,9,Weapon Violations,100
2021,10,Aggravated Assault Firearm,108
2021,10,Aggravated Assault No Firearm,223
2021,10,All Other Offenses,699
2021,10,Arson,21
2021,10,Burglary Non-Residential,164
2021,10,Burglary Residential,221
2021,10,DRIVING UNDER THE INFLUENCE,28
2021,10,Disorderly Conduct,26
2021,10,Embezzlement,10
2021,10,Forgery and Counterfeiting,14
2021,10,Fraud,715
2021,10,Motor Vehicle Theft,499
2021,10,Narcotic / Drug Law Violations,182
2021,10,Offenses Against Family and Children,13
2021,10,Other Assaults,1291
2021,10,Other Sex Offenses (Not Commercialized),36
2021,10,Prostitution and Commercialized Vice,7
2021,10,Public Drunkenness,8
2021,10,Rape,30
2021,10,Receiving Stolen Property,43
2021,10,Robbery Firearm,59
2021,10,Robbery No Firearm,89
2021,10,Theft from Vehicle,1003
2021,10,Thefts,1626
2021,10,Vagrancy/Loitering,2
2021,10,Vandalism/Criminal Mischief,835
2021,10,Weapon Violations,141
2021,11,Aggravated Assault Firearm,146
2021,11,Aggravated Assault No Firearm,242
2021,11,All Other Offenses,777
2021,11,Arson,27
2021,11,Burglary Non-Residential,121
2021,11,Burglary Residential,225
2021,11,DRIVING UNDER THE INFLUENCE,30
2021,11,Disorderly Conduct,18
2021,11,Embezzlement,11
2021,11,Forgery and Counterfeiting,14
2021,11,Fraud,857
2021,11,Gambling Violations,1
2021,11,Motor Vehicle Theft,490
2021,11,Narcotic / Drug Law Violations,210
2021,11,Offenses Against Family and Children,19
2021,11,Other Assaults,1402
2021,11,Other Sex Offenses (Not Commercialized),55
2021,11,Prostitution and Commercialized Vice,14
2021,11,Public Drunkenness,9
2021,11,Rape,34
2021,11,Receiving Stolen Property,44
2021,11,Robbery Firearm,80
2021,11,Robbery No Firearm,131
2021,11,Theft from Vehicle,976
2021,11,Thefts,1738
2021,11,Vandalism/Criminal Mischief,908
2021,11,Weapon Violations,125
2021,12,Aggravated Assault Firearm,172
2021,12,Aggravated Assault No Firearm,277
2021,12,All Other Offenses,646
2021,12,Arson,18
2021,12,Burglary Non-Residential,114
2021,12,Burglary Residential,225
2021,12,DRIVING UNDER THE INFLUENCE,28
2021,12,Disorderly Conduct,32
2021,12,Embezzlement,16
2021,12,Forgery and Counterfeiting,16
2021,12,Fraud,896
2021,12,Liquor Law Violations,5
2021,12,Motor Vehicle Theft,464
2021,12,Narcotic / Drug Law Violations,177
2021,12,Offenses Against Family and Children,6
2021,12,Other Assaults,1545
2021,12,Other Sex Offenses (Not Commercialized),56
2021,12,Prostitution and Commercialized Vice,5
2021,12,Public Drunkenness,6
2021,12,Rape,42
2021,12,Receiving Stolen Property,46
2021,12,Robbery Firearm,79
2021,12,Robbery No Firearm,123
2021,12,Theft from Vehicle,938
2021,12,Thefts,1897
2021,12,Vandalism/Criminal Mischief,776
2021,12,Weapon Violations,141
2021,13,Aggravated Assault Firearm,160
2021,13,Aggravated Assault No Firearm,282
2021,13,All Other Offenses,624
2021,13,Arson,19
2021,13,Burglary Non-Residential,63
2021,13,Burglary Residential,215
2021,13,DRIVING UNDER THE INFLUENCE,34
2021,13,Disorderly Conduct,20
2021,13,Embezzlement,15
2021,13,Forgery and Counterfeiting,15
2021,13,Fraud,776
2021,13,Gambling Violations,1
2021,13,Liquor Law Violations,6
2021,13,Motor Vehicle Theft,458
2021,13,Narcotic / Drug Law Violations,207
2021,13,Offenses Against Family and Children,4
2021,13,Other Assaults,1539
2021,13,Other Sex Offenses (Not Commercialized),55
2021,13,Public Drunkenness,2
2021,13,Rape,34
2021,13,Receiving Stolen Property,40
2021,13,Robbery Firearm,83
2021,13,Robbery No Firearm,131
2021,13,Theft from Vehicle,789
2021,13,Thefts,1903
2021,13,Vandalism/Criminal Mischief,821
2021,13,Weapon Violations,137
2021,14,Aggravated Assault Firearm,173
2021,14,Aggravated Assault No Firearm,210
2021,14,All Other Offenses,486
2021,14,Arson,19
2021,14,Burglary Non-Residential,23
2021,14,Burglary Residential,153
2021,14,DRIVING UNDER THE INFLUENCE,20
2021,14,Disorderly Conduct,29
2021,14,Embezzlement,6
2021,14,Forgery and Counterfeiting,21
2021,14,Fraud,714
2021,14,Liquor Law Violations,3
2021,14,Motor Vehicle Theft,287
2021,14,Narcotic / Drug Law Violations,174
2021,14,Offenses Against Family and Children,9
2021,14,Other Assaults,1210
2021,14,Other Sex Offenses (Not Commercialized),45
2021,14,Public Drunkenness,8
2021,14,Rape,26
2021,14,Receiving Stolen Property,33
2021,14,Robbery Firearm,72
2021,14,Robbery No Firearm,110
2021,14,Theft from Vehicle,511
2021,14,Thefts,1551
2021,14,Vagrancy/Loitering,4
2021,14,Vandalism/Criminal Mischief,501
2021,14,Weapon Violations,148
2021,15,Aggravated Assault Firearm,194
2021,15,Aggravated Assault No Firearm,264
2021,15,All Other Offenses,492
2021,15,Arson,25
2021,15,Burglary Non-Residential,78
2021,15,Burglary Residential,203
2021,15,DRIVING UNDER THE INFLUENCE,19
2021,15,Disorderly Conduct,18
2021,15,Embezzlement,13
2021,15,Forgery and Counterfeiting,18
2021,15,Fraud,802
2021,15,Liquor Law Violations,5
2021,15,Motor Vehicle Theft,405
2021,15,Narcotic / Drug Law Violations,180
2021,15,Offenses Against Family and Children,11
2021,15,Other Assaults,1405
2021,15,Other Sex Offenses (Not Commercialized),54
2021,15,Public Drunkenness,11
2021,15,Rape,51
2021,15,Receiving Stolen Property,28
2021,15,Robbery Firearm,92
2021,15,Robbery No Firearm,132
2021,15,Theft from Vehicle,783
2021,15,Thefts,1813
2021,15,Vagrancy/Loitering,1
2021,15,Vandalism/Criminal Mischief,661
2021,15,Weapon Violations,134
2021,16,Aggravated Assault Firearm,223
2021,16,Aggravated Assault No Firearm,332
2021,16,All Other Offenses,650
2021,16,Arson,31
2021,16,Burglary Non-Residential,82
2021,16,Burglary Residential,319
2021,16,DRIVING UNDER THE INFLUENCE,36
2021,16,Disorderly Conduct,18
2021,16,Embezzlement,15
2021,16,Forgery and Counterfeiting,25
2021,16,Fraud,866
2021,16,Liquor Law Violations,6
2021,16,Motor Vehicle Theft,551
2021,16,Narcotic / Drug Law Violations,223
2021,16,Offenses Against Family and Children,10
2021,16,Other Assaults,1822
2021,16,Other Sex Offenses (Not Commercialized),68
2021,16,Rape,43
2021,16,Receiving Stolen Property,48
2021,16,Robbery Firearm,99
2021,16,Robbery No Firearm,164
2021,16,Theft from Vehicle,981
2021,16,Thefts,2221
2021,16,Vandalism/Criminal Mischief,941
2021,16,Weapon Violations,146
2021,17,Aggravated Assault Firearm,225
2021,17,Aggravated Assault No Firearm,273
2021,17,All Other Offenses,640
2021,17,Arson,28
2021,17,Burglary Non-Residential,51
2021,17,Burglary Residential,212
2021,17,DRIVING UNDER THE INFLUENCE,66
2021,17,Disorderly Conduct,27
2021,17,Embezzlement,5
2021,17,Forgery and Counterfeiting,18
2021,17,Fraud,761
2021,17,Liquor Law Violations,4
2021,17,Motor Vehicle Theft,508
2021,17,Narcotic / Drug Law Violations,352
2021,17,Offenses Against Family and Children,18
2021,17,Other Assaults,1632
2021,17,Other Sex Offenses (Not Commercialized),65
2021,17,Prostitution and Commercialized Vice,1
2021,17,Public Drunkenness,3
2021,17,Rape,49
2021,17,Receiving Stolen Property,45
2021,17,Robbery Firearm,121
2021,17,Robbery No Firearm,132
2021,17,Theft from Vehicle,859
2021,17,Thefts,2012
2021,17,Vagrancy/Loitering,1
2021,17,Vandalism/Criminal Mischief,807
2021,17,Weapon Violations,197
2021,18,Aggravated Assault Firearm,196
2021,18,Aggravated Assault No Firearm,293
2021,18,All Other Offenses,604
2021,18,Arson,23
2021,18,Burglary Non-Residential,30
2021,18,Burglary Residential,223
2021,18,DRIVING UNDER THE INFLUENCE,84
2021,18,Disorderly Conduct,17
2021,18,Embezzlement,6
2021,18,Forgery and Counterfeiting,14
2021,18,Fraud,526
2021,18,Liquor Law Violations,5
2021,18,Motor Vehicle Theft,459
2021,18,Narcotic / Drug Law Violations,417
2021,18,Offenses Against Family and Children,14
2021,18,Other Assaults,1493
2021,18,Other Sex Offenses (Not Commercialized),72
2021,18,Prostitution and Commercialized Vice,1
2021,18,Public Drunkenness,7
2021,18,Rape,47
2021,18,Receiving Stolen Property,34
2021,18,Robbery Firearm,128
2021,18,Robbery No Firearm,167
2021,18,Theft from Vehicle,678
2021,18,Thefts,1699
2021,18,Vandalism/Criminal Mischief,714
2021,18,Weapon Violations,221
2021,19,Aggravated Assault Firearm,220
2021,19,Aggravated Assault No Firearm,300
2021,19,All Other Offenses,665
2021,19,Arson,18
2021,19,Burglary Non-Residential,18
2021,19,Burglary Residential,170
2021,19,DRIVING UNDER THE INFLUENCE,81
2021,19,Disorderly Conduct,21
2021,19,Embezzlement,3
2021,19,Forgery and Counterfeiting,8
2021,19,Fraud,357
2021,19,Liquor Law Violations,7
2021,19,Motor Vehicle Theft,387
2021,19,Narcotic / Drug Law Violations,458
2021,19,Offenses Against Family and Children,15
2021,19,Other Assaults,1421
2021,19,Other Sex Offenses (Not Commercialized),53
2021,19,Prostitution and Commercialized Vice,4
2021,19,Public Drunkenness,3
2021,19,Rape,44
2021,19,Receiving Stolen Property,37
2021,19,Robbery Firearm,149
2021,19,Robbery No Firearm,163
2021,19,Theft from Vehicle,509
2021,19,Thefts,1368
2021,19,Vagrancy/Loitering,1
2021,19,Vandalism/Criminal Mischief,615
2021,19,Weapon Violations,314
2021,20,Aggravated Assault Firearm,270
2021,20,Aggravated Assault No Firearm,270
2021,20,All Other Offenses,538
2021,20,Arson,26
2021,20,Burglary Non-Residential,25
2021,20,Burglary Residential,154
2021,20,DRIVING UNDER THE INFLUENCE,80
2021,20,Disorderly Conduct,20
2021,20,Embezzlement,2
2021,20,Forgery and Counterfeiting,11
2021,20,Fraud,252
2021,20,Gambling Violations,4
2021,20,Liquor Law Violations,10
2021,20,Motor Vehicle Theft,366
2021,20,Narcotic / Drug Law Violations,392
2021,20,Offenses Against Family and Children,16
2021,20,Other Assaults,1307
2021,20,Other Sex Offenses (Not Commercialized),40
2021,20,Prostitution and Commercialized Vice,16
2021,20,Public Drunkenness,2
2021,20,Rape,39
2021,20,Receiving Stolen Property,38
2021,20,Robbery Firearm,169
2021,20,Robbery No Firearm,142
2021,20,Theft from Vehicle,456
2021,20,Thefts,1148
2021,20,Vandalism/Criminal Mischief,598
2021,20,Weapon Violations,376
2021,21,Aggravated Assault Firearm,248
2021,21,Aggravated Assault No Firearm,273
2021,21,All Other Offenses,493
2021,21,Arson,24
2021,21,Burglary Non-Residential,16
2021,21,Burglary Residential,154
2021,21,DRIVING UNDER THE INFLUENCE,219
2021,21,Disorderly Conduct,15
2021,21,Embezzlement,4
2021,21,Forgery and Counterfeiting,5
2021,21,Fraud,131
2021,21,Liquor Law Violations,6
2021,21,Motor Vehicle Theft,310
2021,21,Narcotic / Drug Law Violations,283
2021,21,Offenses Against Family and Children,8
2021,21,Other Assaults,1044
2021,21,Other Sex Offenses (Not Commercialized),43
2021,21,Prostitution and Commercialized Vice,10
2021,21,Public Drunkenness,1
2021,21,Rape,30
2021,21,Receiving Stolen Property,32
2021,21,Robbery Firearm,168
2021,21,Robbery No Firearm,140
2021,21,Theft from Vehicle,244
2021,21,Thefts,806
2021,21,Vandalism/Criminal Mischief,490
2021,21,Weapon Violations,319
2021,22,Aggravated Assault Firearm,221
2021,22,Aggravated Assault No Firearm,186
2021,22,All Other Offenses,457
2021,22,Arson,13
2021,22,Burglary Non-Residential,22
2021,22,Burglary Residential,78
2021,22,DRIVING UNDER THE INFLUENCE,93
2021,22,Disorderly Conduct,20
2021,22,Embezzlement,2
2021,22,Forgery and Counterfeiting,2
2021,22,Fraud,52
2021,22,Gambling Violations,4
2021,22,Liquor Law Violations,9
2021,22,Motor Vehicle Theft,164
2021,22,Narcotic / Drug Law Violations,148
2021,22,Other Assaults,782
2021,22,Other Sex Offenses (Not Commercialized),25
2021,22,Prostitution and Commercialized Vice,3
2021,22,Public Drunkenness,2
2021,22,Rape,26
2021,22,Receiving Stolen Property,18
2021,22,Robbery Firearm,146
2021,22,Robbery No Firearm,80
2021,22,Theft from Vehicle,155
2021,22,Thefts,369
2021,22,Vandalism/Criminal Mischief,344
2021,22,Weapon Violations,237
2021,23,Aggravated Assault Firearm,205
2021,23,Aggravated Assault No Firearm,245
2021,23,All Other Offenses,444
2021,23,Arson,39
2021,23,Burglary Non-Residential,22
2021,23,Burglary Residential,141
2021,23,DRIVING UNDER THE INFLUENCE,98
2021,23,Disorderly Conduct,12
2021,23,Forgery and Counterfeiting,2
2021,23,Fraud,67
2021,23,Gambling Violations,2
2021,23,Liquor Law Violations,6
2021,23,Motor Vehicle Theft,249
2021,23,Narcotic / Drug Law Violations,79
2021,23,Offenses Against Family and Children,8
2021,23,Other Assaults,792
2021,23,Other Sex Offenses (Not Commercialized),18
2021,23,Public Drunkenness,1
2021,23,Rape,27
2021,23,Receiving Stolen Property,9
2021,23,Robbery Firearm,166
2021,23,Robbery No Firearm,110
2021,23,Theft from Vehicle,204
2021,23,Thefts,331
2021,23,Vandalism/Criminal Mischief,480
2021,23,Weapon Violations,190
2022,0,Aggravated Assault Firearm,185
2022,0,Aggravated Assault No Firearm,201
2022,0,All Other Offenses,612
2022,0,Arson,47
2022,0,Burglary Non-Residential,54
2022,0,Burglary Residential,120
2022,0,DRIVING UNDER THE INFLUENCE,75
2022,0,Disorderly Conduct,9
2022,0,Embezzlement,2
2022,0,Forgery and Counterfeiting,2
2022,0,Fraud,41
2022,0,Homicide - Criminal,504
2022,0,Homicide - Justifiable,2
2022,0,Liquor Law Violations,4
2022,0,Motor Vehicle Theft,310
2022,0,Narcotic / Drug Law Violations,21
2022,0,Offenses Against Family and Children,9
2022,0,Other Assaults,915
2022,0,Other Sex Offenses (Not Commercialized),19
2022,0,Public Drunkenness,2
2022,0,Rape,33
2022,0,Receiving Stolen Property,30
2022,0,Robbery Firearm,177
2022,0,Robbery No Firearm,108
2022,0,Theft from Vehicle,234
2022,0,Thefts,425
2022,0,Vandalism/Criminal Mischief,571
2022,0,Weapon Violations,104
2022,1,Aggravated Assault Firearm,139
2022,1,Aggravated Assault No Firearm,185
2022,1,All Other Offenses,373
2022,1,Arson,25
2022,1,Burglary Non-Residential,56
2022,1,Burglary Residential,79
2022,1,DRIVING UNDER THE INFLUENCE,88
2022,1,Disorderly Conduct,12
2022,1,Forgery and Counterfeiting,1
2022,1,Fraud,20
2022,1,Liquor Law Violations,5
2022,1,Motor Vehicle Theft,181
2022,1,Narcotic / Drug Law Violations,8
2022,1,Offenses Against Family and Children,3
2022,1,Other Assaults,637
2022,1,Other Sex Offenses (Not Commercialized),16
2022,1,Public Drunkenness,4
2022,1,Rape,17
2022,1,Receiving Stolen Property,16
2022,1,Robbery Firearm,156
2022,1,Robbery No Firearm,101
2022,1,Theft from Vehicle,154
2022,1,Thefts,341
2022,1,Vandalism/Criminal Mischief,380
2022,1,Weapon Violations,78
2022,2,Aggravated Assault Firearm,117
2022,2,Aggravated Assault No Firearm,144
2022,2,All Other Offenses,251
2022,2,Arson,25
2022,2,Burglary Non-Residential,63
2022,2,Burglary Residential,77
2022,2,DRIVING UNDER THE INFLUENCE,69
2022,2,Disorderly Conduct,9
2022,2,Forgery and Counterfeiting,1
2022,2,Fraud,10
2022,2,Liquor Law Violations,13
2022,2,Motor Vehicle Theft,134
2022,2,Narcotic / Drug Law Violations,7
2022,2,Offenses Against Family and Children,6
2022,2,Other Assaults,515
2022,2,Other Sex Offenses (Not Commercialized),14
2022,2,Public Drunkenness,4
2022,2,Rape,14
2022,2,Receiving Stolen Property,13
2022,2,Robbery Firearm,155
2022,2,Robbery No Firearm,83
2022,2,Theft from Vehicle,158
2022,2,Thefts,250
2022,2,Vagrancy/Loitering,1
2022,2,Vandalism/Criminal Mischief,309
2022,2,Weapon Violations,66
2022,3,Aggravated Assault Firearm,91
2022,3,Aggravated Assault No Firearm,137
2022,3,All Other Offenses,180
2022,3,Arson,37
2022,3,Burglary Non-Residential,87
2022,3,Burglary Residential,77
2022,3,DRIVING UNDER THE INFLUENCE,49
2022,3,Disorderly Conduct,4
2022,3,Fraud,11
2022,3,Liquor Law Violations,9
2022,3,Motor Vehicle Theft,118
2022,3,Narcotic / Drug Law Violations,4
2022,3,Offenses Against Family and Children,4
2022,3,Other Assaults,363
2022,3,Other Sex Offenses (Not Commercialized),14
2022,3,Public Drunkenness,3
2022,3,Rape,13
2022,3,Receiving Stolen Property,11
2022,3,Robbery Firearm,114
2022,3,Robbery No Firearm,68
2022,3,Theft from Vehicle,148
2022,3,Thefts,194
2022,3,Vandalism/Criminal Mischief,266
2022,3,Weapon Violations,47
2022,4,Aggravated Assault Firearm,57
2022,4,Aggravated Assault No Firearm,93
2022,4,All Other Offenses,119
2022,4,Arson,22
2022,4,Burglary Non-Residential,93
2022,4,Burglary Residential,55
2022,4,DRIVING UNDER THE INFLUENCE,27
2022,4,Disorderly Conduct,4
2022,4,Forgery and Counterfeiting,1
2022,4,Fraud,11
2022,4,Liquor Law Violations,7
2022,4,Motor Vehicle Theft,118
2022,4,Narcotic / Drug Law Violations,3
2022,4,Offenses Against Family and Children,1
2022,4,Other Assaults,304
2022,4,Other Sex Offenses (Not Commercialized),6
2022,4,Public Drunkenness,2
2022,4,Rape,8
2022,4,Receiving Stolen Property,11
2022,4,Robbery Firearm,82
2022,4,Robbery No Firearm,48
2022,4,Theft from Vehicle,185
2022,4,Thefts,167
2022,4,Vandalism/Criminal Mischief,254
2022,4,Weapon Violations,29
2022,5,Aggravated Assault Firearm,48
2022,5,Aggravated Assault No Firearm,82
2022,5,All Other Offenses,115
2022,5,Arson,21
2022,5,Burglary Non-Residential,89
2022,5,Burglary Residential,48
2022,5,DRIVING UNDER THE INFLUENCE,12
2022,5,Disorderly Conduct,2
2022,5,Fraud,8
2022,5,Motor Vehicle Theft,174
2022,5,Narcotic / Drug Law Violations,6
2022,5,Offenses Against Family and Children,2
2022,5,Other Assaults,222
2022,5,Other Sex Offenses (Not Commercialized),6
2022,5,Rape,12
2022,5,Receiving Stolen Property,9
2022,5,Robbery Firearm,69
2022,5,Robbery No Firearm,45
2022,5,Theft from Vehicle,193
2022,5,Thefts,148
2022,5,Vandalism/Criminal Mischief,221
2022,5,Weapon Violations,37
2022,6,Aggravated Assault Firearm,47
2022,6,Aggravated Assault No Firearm,71
2022,6,All Other Offenses,259
2022,6,Arson,9
2022,6,Burglary Non-Residential,56
2022,6,Burglary Residential,33
2022,6,DRIVING UNDER THE INFLUENCE,10
2022,6,Disorderly Conduct,4
2022,6,Fraud,13
2022,6,Liquor Law Violations,1
2022,6,Motor Vehicle Theft,145
2022,6,Narcotic / Drug Law Violations,8
2022,6,Other Assaults,183
2022,6,Other Sex Offenses (Not Commercialized),5
2022,6,Rape,1
2022,6,Receiving Stolen Property,7
2022,6,Robbery Firearm,45
2022,6,Robbery No Firearm,50
2022,6,Theft from Vehicle,184
2022,6,Thefts,166
2022,6,Vandalism/Criminal Mischief,149
2022,6,Weapon Violations,32
2022,7,Aggravated Assault Firearm,51
2022,7,Aggravated Assault No Firearm,106
2022,7,All Other Offenses,145
2022,7,Arson,15
2022,7,Burglary Non-Residential,145
2022,7,Burglary Residential,95
2022,7,DRIVING UNDER THE INFLUENCE,8
2022,7,Disorderly Conduct,9
2022,7,Embezzlement,3
2022,7,Forgery and Counterfeiting,3
2022,7,Fraud,50
2022,7,Motor Vehicle Theft,475
2022,7,Narcotic / Drug Law Violations,22
2022,7,Offenses Against Family and Children,3
2022,7,Other Assaults,409
2022,7,Other Sex Offenses (Not Commercialized),30
2022,7,Rape,11
2022,7,Receiving Stolen Property,16
2022,7,Robbery Firearm,44
2022,7,Robbery No Firearm,60
2022,7,Theft from Vehicle,609
2022,7,Thefts,539
2022,7,Vandalism/Criminal Mischief,440
2022,7,Weapon Violations,37
2022,8,Aggravated Assault Firearm,78
2022,8,Aggravated Assault No Firearm,158
2022,8,All Other Offenses,294
2022,8,Arson,21
2022,8,Burglary Non-Residential,232
2022,8,Burglary Residential,188
2022,8,DRIVING UNDER THE INFLUENCE,7
2022,8,Disorderly Conduct,12
2022,8,Embezzlement,6
2022,8,Forgery and Counterfeiting,7
2022,8,Fraud,188
2022,8,Liquor Law Violations,1
2022,8,Motor Vehicle Theft,875
2022,8,Narcotic / Drug Law Violations,74
2022,8,Offenses Against Family and Children,6
2022,8,Other Assaults,902
2022,8,Other Sex Offenses (Not Commercialized),57
2022,8,Rape,20
2022,8,Receiving Stolen Property,56
2022,8,Robbery Firearm,59
2022,8,Robbery No Firearm,100
2022,8,Theft from Vehicle,1248
2022,8,Thefts,1404
2022,8,Vagrancy/Loitering,1
2022,8,Vandalism/Criminal Mischief,922
2022,8,Weapon Violations,69
2022,9,Aggravated Assault Firearm,102
2022,9,Aggravated Assault No Firearm,226
2022,9,All Other Offenses,471
2022,9,Arson,20
2022,9,Burglary Non-Residential,258
2022,9,Burglary Residential,260
2022,9,DRIVING UNDER THE INFLUENCE,11
2022,9,Disorderly Conduct,17
2022,9,Embezzlement,12
2022,9,Forgery and Counterfeiting,26
2022,9,Fraud,373
2022,9,Motor Vehicle Theft,864
2022,9,Narcotic / Drug Law Violations,115
2022,9,Offenses Against Family and Children,4
2022,9,Other Assaults,1274
2022,9,Other Sex Offenses (Not Commercialized),73
2022,9,Public Drunkenness,1
2022,9,Rape,28
2022,9,Receiving Stolen Property,72
2022,9,Robbery Firearm,71
2022,9,Robbery No Firearm,126
2022,9,Theft from Vehicle,1317
2022,9,Thefts,1794
2022,9,Vandalism/Criminal Mischief,947
2022,9,Weapon Violations,71
2022,10,Aggravated Assault Firearm,112
2022,10,Aggravated Assault No Firearm,222
2022,10,All Other Offenses,570
2022,10,Arson,21
2022,10,Burglary Non-Residential,205
2022,10,Burglary Residential,226
2022,10,DRIVING UNDER THE INFLUENCE,11
2022,10,Disorderly Conduct,12
2022,10,Embezzlement,22
2022,10,Forgery and Counterfeiting,44
2022,10,Fraud,557
2022,10,Liquor Law Violations,1
2022,10,Motor Vehicle Theft,863
2022,10,Narcotic / Drug Law Violations,104
2022,10,Offenses Against Family and Children,10
2022,10,Other Assaults,1415
2022,10,Other Sex Offenses (Not Commercialized),51
2022,10,Prostitution and Commercialized Vice,14
2022,10,Public Drunkenness,1
2022,10,Rape,30
2022,10,Receiving Stolen Property,59
2022,10,Robbery Firearm,80
2022,10,Robbery No Firearm,118
2022,10,Theft from Vehicle,1226
2022,10,Thefts,2160
2022,10,Vandalism/Criminal Mischief,882
2022,10,Weapon Violations,104
2022,11,Aggravated Assault Firearm,145
2022,11,Aggravated Assault No Firearm,250
2022,11,All Other Offenses,775
2022,11,Arson,15
2022,11,Burglary Non-Residential,189
2022,11,Burglary Residential,251
2022,11,DRIVING UNDER THE INFLUENCE,6
2022,11,Disorderly Conduct,20
2022,11,Embezzlement,22
2022,11,Forgery and Counterfeiting,60
2022,11,Fraud,657
2022,11,Motor Vehicle Theft,800
2022,11,Narcotic / Drug Law Violations,131
2022,11,Offenses Against Family and Children,6
2022,11,Other Assaults,1506
2022,11,Other Sex Offenses (Not Commercialized),46
2022,11,Prostitution and Commercialized Vice,20
2022,11,Public Drunkenness,5
2022,11,Rape,39
2022,11,Receiving Stolen Property,77
2022,11,Robbery Firearm,83
2022,11,Robbery No Firearm,134
2022,11,Theft from Vehicle,1195
2022,11,Thefts,2345
2022,11,Vandalism/Criminal Mischief,847
2022,11,Weapon Violations,127
2022,12,Aggravated Assault Firearm,153
2022,12,Aggravated Assault No Firearm,252
2022,12,All Other Offenses,680
2022,12,Arson,21
2022,12,Burglary Non-Residential,120
2022,12,Burglary Residential,273
2022,12,DRIVING UNDER THE INFLUENCE,7
2022,12,Disorderly Conduct,19
2022,12,Embezzlement,34
2022,12,Forgery and Counterfeiting,34
2022,12,Fraud,714
2022,12,Liquor Law Violations,2
2022,12,Motor Vehicle Theft,747
2022,12,Narcotic / Drug Law Violations,153
2022,12,Offenses Against Family and Children,8
2022,12,Other Assaults,1565
2022,12,Other Sex Offenses (Not Commercialized),85
2022,12,Prostitution and Commercialized Vice,8
2022,12,Public Drunkenness,2
2022,12,Rape,36
2022,12,Receiving Stolen Property,60
2022,12,Robbery Firearm,108
2022,12,Robbery No Firearm,169
2022,12,Theft from Vehicle,1117
2022,12,Thefts,2487
2022,12,Vandalism/Criminal Mischief,843
2022,12,Weapon Violations,119
2022,13,Aggravated Assault Firearm,178
2022,13,Aggravated Assault No Firearm,246
2022,13,All Other Offenses,651
2022,13,Arson,16
2022,13,Burglary Non-Residential,88
2022,13,Burglary Residential,221
2022,13,DRIVING UNDER THE INFLUENCE,8
2022,13,Disorderly Conduct,14
2022,13,Embezzlement,21
2022,13,Forgery and Counterfeiting,43
2022,13,Fraud,677
2022,13,Liquor Law Violations,1
2022,13,Motor Vehicle Theft,659
2022,13,Narcotic / Drug Law Violations,163
2022,13,Offenses Against Family and Children,11
2022,13,Other Assaults,1586
2022,13,Other Sex Offenses (Not Commercialized),84
2022,13,Prostitution and Commercialized Vice,9
2022,13,Public Drunkenness,2
2022,13,Rape,39
2022,13,Receiving Stolen Property,60
2022,13,Robbery Firearm,105
2022,13,Robbery No Firearm,152
2022,13,Theft from Vehicle,1067
2022,13,Thefts,2573
2022,13,Vandalism/Criminal Mischief,804
2022,13,Weapon Violations,100
2022,14,Aggravated Assault Firearm,150
2022,14,Aggravated Assault No Firearm,210
2022,14,All Other Offenses,436
2022,14,Arson,6
2022,14,Burglary Non-Residential,50
2022,14,Burglary Residential,138
2022,14,DRIVING UNDER THE INFLUENCE,13
2022,14,Disorderly Conduct,16
2022,14,Embezzlement,16
2022,14,Forgery and Counterfeiting,36
2022,14,Fraud,527
2022,14,Liquor Law Violations,2
2022,14,Motor Vehicle Theft,421
2022,14,Narcotic / Drug Law Violations,151
2022,14,Offenses Against Family and Children,5
2022,14,Other Assaults,1276
2022,14,Other Sex Offenses (Not Commercialized),95
2022,14,Prostitution and Commercialized Vice,10
2022,14,Public Drunkenness,1
2022,14,Rape,28
2022,14,Receiving Stolen Property,58
2022,14,Robbery Firearm,108
2022,14,Robbery No Firearm,139
2022,14,Theft from Vehicle,662
2022,14,Thefts,1985
2022,14,Vandalism/Criminal Mischief,513
2022,14,Weapon Violations,122
2022,15,Aggravated Assault Firearm,167
2022,15,Aggravated Assault No Firearm,270
2022,15,All Other Offenses,455
2022,15,Arson,16
2022,15,Burglary Non-Residential,59
2022,15,Burglary Residential,193
2022,15,DRIVING UNDER THE INFLUENCE,7
2022,15,Disorderly Conduct,24
2022,15,Embezzlement,24
2022,15,Forgery and Counterfeiting,49
2022,15,Fraud,622
2022,15,Gambling Violations,1
2022,15,Liquor Law Violations,1
2022,15,Motor Vehicle Theft,625
2022,15,Narcotic / Drug Law Violations,155
2022,15,Offenses Against Family and Children,17
2022,15,Other Assaults,1481
2022,15,Other Sex Offenses (Not Commercialized),62
2022,15,Prostitution and Commercialized Vice,4
2022,15,Public Drunkenness,1
2022,15,Rape,34
2022,15,Receiving Stolen Property,42
2022,15,Robbery Firearm,104
2022,15,Robbery No Firearm,134
2022,15,Theft from Vehicle,856
2022,15,Thefts,2380
2022,15,Vandalism/Criminal Mischief,640
2022,15,Weapon Violations,135
2022,16,Aggravated Assault Firearm,179
2022,16,Aggravated Assault No Firearm,301
2022,16,All Other Offenses,642
2022,16,Arson,27
2022,16,Burglary Non-Residential,96
2022,16,Burglary Residential,298
2022,16,DRIVING UNDER THE INFLUENCE,24
2022,16,Disorderly Conduct,11
2022,16,Embezzlement,26
2022,16,Forgery and Counterfeiting,50
2022,16,Fraud,726
2022,16,Motor Vehicle Theft,878
2022,16,Narcotic / Drug Law Violations,180
2022,16,Offenses Against Family and Children,8
2022,16,Other Assaults,1995
2022,16,Other Sex Offenses (Not Commercialized),70
2022,16,Prostitution and Commercialized Vice,4
2022,16,Public Drunkenness,2
2022,16,Rape,34
2022,16,Receiving Stolen Property,66
2022,16,Robbery Firearm,127
2022,16,Robbery No Firearm,161
2022,16,Theft from Vehicle,1187
2022,16,Thefts,2889
2022,16,Vagrancy/Loitering,1
2022,16,Vandalism/Criminal Mischief,1005
2022,16,Weapon Violations,155
2022,17,Aggravated Assault Firearm,196
2022,17,Aggravated Assault No Firearm,285
2022,17,All Other Offenses,731
2022,17,Arson,17
2022,17,Burglary Non-Residential,47
2022,17,Burglary Residential,229
2022,17,DRIVING UNDER THE INFLUENCE,25
2022,17,Disorderly Conduct,24
2022,17,Embezzlement,16
2022,17,Forgery and Counterfeiting,44
2022,17,Fraud,585
2022,17,Liquor Law Violations,1
2022,17,Motor Vehicle Theft,721
2022,17,Narcotic / Drug Law Violations,312
2022,17,Offenses Against Family and Children,10
2022,17,Other Assaults,1766
2022,17,Other Sex Offenses (Not Commercialized),65
2022,17,Prostitution and Commercialized Vice,1
2022,17,Public Drunkenness,4
2022,17,Rape,34
2022,17,Receiving Stolen Property,60
2022,17,Robbery Firearm,142
2022,17,Robbery No Firearm,179
2022,17,Theft from Vehicle,973
2022,17,Thefts,2625
2022,17,Vagrancy/Loitering,1
2022,17,Vandalism/Criminal Mischief,851
2022,17,Weapon Violations,187
2022,18,Aggravated Assault Firearm,207
2022,18,Aggravated Assault No Firearm,293
2022,18,All Other Offenses,711
2022,18,Arson,18
2022,18,Burglary Non-Residential,35
2022,18,Burglary Residential,206
2022,18,DRIVING UNDER THE INFLUENCE,39
2022,18,Disorderly Conduct,18
2022,18,Embezzlement,16
2022,18,Forgery and Counterfeiting,24
2022,18,Fraud,404
2022,18,Motor Vehicle Theft,613
2022,18,Narcotic / Drug Law Violations,375
2022,18,Offenses Against Family and Children,15
2022,18,Other Assaults,1497
2022,18,Other Sex Offenses (Not Commercialized),59
2022,18,Prostitution and Commercialized Vice,2
2022,18,Public Drunkenness,2
2022,18,Rape,42
2022,18,Receiving Stolen Property,57
2022,18,Robbery Firearm,160
2022,18,Robbery No Firearm,172
2022,18,Theft from Vehicle,795
2022,18,Thefts,2280
2022,18,Vandalism/Criminal Mischief,730
2022,18,Weapon Violations,230
2022,19,Aggravated Assault Firearm,199
2022,19,Aggravated Assault No Firearm,261
2022,19,All Other Offenses,641
2022,19,Arson,16
2022,19,Burglary Non-Residential,28
2022,19,Burglary Residential,171
2022,19,DRIVING UNDER THE INFLUENCE,39
2022,19,Disorderly Conduct,19
2022,19,Embezzlement,11
2022,19,Forgery and Counterfeiting,15
2022,19,Fraud,264
2022,19,Liquor Law Violations,1
2022,19,Motor Vehicle Theft,579
2022,19,Narcotic / Drug Law Violations,421
2022,19,Offenses Against Family and Children,6
2022,19,Other Assaults,1404
2022,19,Other Sex Offenses (Not Commercialized),49
2022,19,Prostitution and Commercialized Vice,31
2022,19,Public Drunkenness,3
2022,19,Rape,24
2022,19,Receiving Stolen Property,60
2022,19,Robbery Firearm,184
2022,19,Robbery No Firearm,154
2022,19,Theft from Vehicle,648
2022,19,Thefts,2006
2022,19,Vandalism/Criminal Mischief,647
2022,19,Weapon Violations,297
2022,20,Aggravated Assault Firearm,212
2022,20,Aggravated Assault No Firearm,245
2022,20,All Other Offenses,518
2022,20,Arson,23
2022,20,Burglary Non-Residential,33
2022,20,Burglary Residential,161
2022,20,DRIVING UNDER THE INFLUENCE,50
2022,20,Disorderly Conduct,11
2022,20,Embezzlement,3
2022,20,Forgery and Counterfeiting,9
2022,20,Fraud,218
2022,20,Liquor Law Violations,10
2022,20,Motor Vehicle Theft,513
2022,20,Narcotic / Drug Law Violations,271
2022,20,Offenses Against Family and Children,7
2022,20,Other Assaults,1312
2022,20,Other Sex Offenses (Not Commercialized),48
2022,20,Prostitution and Commercialized Vice,80
2022,20,Rape,34
2022,20,Receiving Stolen Property,54
2022,20,Robbery Firearm,168
2022,20,Robbery No Firearm,165
2022,20,Theft from Vehicle,472
2022,20,Thefts,1663
2022,20,Vandalism/Criminal Mischief,593
2022,20,Weapon Violations,299
2022,21,Aggravated Assault Firearm,211
2022,21,Aggravated Assault No Firearm,241
2022,21,All Other Offenses,575
2022,21,Arson,27
2022,21,Burglary Non-Residential,23
2022,21,Burglary Residential,109
2022,21,DRIVING UNDER THE INFLUENCE,204
2022,21,Disorderly Conduct,15
2022,21,Forgery and Counterfeiting,4
2022,21,Fraud,127
2022,21,Motor Vehicle Theft,403
2022,21,Narcotic / Drug Law Violations,145
2022,21,Offenses Against Family and Children,5
2022,21,Other Assaults,1187
2022,21,Other Sex Offenses (Not Commercialized),33
2022,21,Prostitution and Commercialized Vice,48
2022,21,Public Drunkenness,4
2022,21,Rape,16
2022,21,Receiving Stolen Property,32
2022,21,Robbery Firearm,241
2022,21,Robbery No Firearm,149
2022,21,Theft from Vehicle,333
2022,21,Thefts,1130
2022,21,Vandalism/Criminal Mischief,589
2022,21,Weapon Violations,222
2022,22,Aggravated Assault Firearm,206
2022,22,Aggravated Assault No Firearm,192
2022,22,All Other Offenses,1020
2022,22,Arson,23
2022,22,Burglary Non-Residential,32
2022,22,Burglary Residential,80
2022,22,DRIVING UNDER THE INFLUENCE,73
2022,22,Disorderly Conduct,18
2022,22,Forgery and Counterfeiting,2
2022,22,Fraud,48
2022,22,Motor Vehicle Theft,241
2022,22,Narcotic / Drug Law Violations,59
2022,22,Offenses Against Family and Children,6
2022,22,Other Assaults,787
2022,22,Other Sex Offenses (Not Commercialized),16
2022,22,Prostitution and Commercialized Vice,13
2022,22,Public Drunkenness,1
2022,22,Rape,17
2022,22,Receiving Stolen Property,37
2022,22,Robbery Firearm,172
2022,22,Robbery No Firearm,113
2022,22,Theft from Vehicle,188
2022,22,Thefts,471
2022,22,Vandalism/Criminal Mischief,407
2022,22,Weapon Violations,197
2022,23,Aggravated Assault Firearm,162
2022,23,Aggravated Assault No Firearm,226
2022,23,All Other Offenses,694
2022,23,Arson,29
2022,23,Burglary Non-Residential,35
2022,23,Burglary Residential,120
2022,23,DRIVING UNDER THE INFLUENCE,45
2022,23,Disorderly Conduct,10
2022,23,Embezzlement,2
2022,23,Forgery and Counterfeiting,2
2022,23,Fraud,38
2022,23,Liquor Law Violations,3
2022,23,Motor Vehicle Theft,262
2022,23,Narcotic / Drug Law Violations,30
2022,23,Offenses Against Family and Children,7
2022,23,Other Assaults,774
2022,23,Other Sex Offenses (Not Commercialized),32
2022,23,Prostitution and Commercialized Vice,2
2022,23,Public Drunkenness,3
2022,23,Rape,22
2022,23,Receiving Stolen Property,30
2022,23,Robbery Firearm,179
2022,23,Robbery No Firearm,107
2022,23,Theft from Vehicle,216
2022,23,Thefts,499
2022,23,Vandalism/Criminal Mischief,482
2022,23,Weapon Violations,150
2023,0,Aggravated Assault Firearm,158
2023,0,Aggravated Assault No Firearm,249
2023,0,All Other Offenses,524
2023,0,Arson,57
2023,0,Burglary Non-Residential,50
2023,0,Burglary Residential,157
2023,0,DRIVING UNDER THE INFLUENCE,60
2023,0,Disorderly Conduct,15
2023,0,Forgery and Counterfeiting,1
2023,0,Fraud,40
2023,0,Homicide - Criminal,399
2023,0,Homicide - Gross Negligence,1
2023,0,Homicide - Justifiable,4
2023,0,Liquor Law Violations,3
2023,0,Motor Vehicle Theft,542
2023,0,Narcotic / Drug Law Violations,19
2023,0,Offenses Against Family and Children,5
2023,0,Other Assaults,949
2023,0,Other Sex Offenses (Not Commercialized),23
2023,0,Prostitution and Commercialized Vice,1
2023,0,Public Drunkenness,2
2023,0,Rape,25
2023,0,Receiving Stolen Property,50
2023,0,Robbery Firearm,177
2023,0,Robbery No Firearm,111
2023,0,Theft from Vehicle,218
2023,0,Thefts,457
2023,0,Vagrancy/Loitering,1
2023,0,Vandalism/Criminal Mischief,634
2023,0,Weapon Violations,107
2023,1,Aggravated Assault Firearm,141
2023,1,Aggravated Assault No Firearm,195
2023,1,All Other Offenses,446
2023,1,Arson,37
2023,1,Burglary Non-Residential,66
2023,1,Burglary Residential,106
2023,1,DRIVING UNDER THE INFLUENCE,80
2023,1,Disorderly Conduct,21
2023,1,Fraud,29
2023,1,Liquor Law Violations,6
2023,1,Motor Vehicle Theft,411
2023,1,Narcotic / Drug Law Violations,16
2023,1,Offenses Against Family and Children,3
2023,1,Other Assaults,681
2023,1,Other Sex Offenses (Not Commercialized),18
2023,1,Public Drunkenness,1
2023,1,Rape,10
2023,1,Receiving Stolen Property,36
2023,1,Robbery Firearm,131
2023,1,Robbery No Firearm,103
2023,1,Theft from Vehicle,156
2023,1,Thefts,312
2023,1,Vandalism/Criminal Mischief,441
2023,1,Weapon Violations,85
2023,2,Aggravated Assault Firearm,120
2023,2,Aggravated Assault No Firearm,149
2023,2,All Other Offenses,340
2023,2,Arson,41
2023,2,Burglary Non-Residential,58
2023,2,Burglary Residential,72
2023,2,DRIVING UNDER THE INFLUENCE,83
2023,2,Disorderly Conduct,8
2023,2,Embezzlement,1
2023,2,Fraud,10
2023,2,Liquor Law Violations,8
2023,2,Motor Vehicle Theft,349
2023,2,Narcotic / Drug Law Violations,13
2023,2,Offenses Against Family and Children,4
2023,2,Other Assaults,500
2023,2,Other Sex Offenses (Not Commercialized),16
2023,2,Public Drunkenness,3
2023,2,Rape,15
2023,2,Receiving Stolen Property,37
2023,2,Robbery Firearm,114
2023,2,Robbery No Firearm,71
2023,2,Theft from Vehicle,166
2023,2,Thefts,260
2023,2,Vandalism/Criminal Mischief,390
2023,2,Weapon Violations,75
2023,3,Aggravated Assault Firearm,85
2023,3,Aggravated Assault No Firearm,136
2023,3,All Other Offenses,193
2023,3,Arson,42
2023,3,Burglary Non-Residential,64
2023,3,Burglary Residential,68
2023,3,DRIVING UNDER THE INFLUENCE,54
2023,3,Disorderly Conduct,11
2023,3,Fraud,13
2023,3,Liquor Law Violations,10
2023,3,Motor Vehicle Theft,345
2023,3,Narcotic / Drug Law Violations,6
2023,3,Offenses Against Family and Children,3
2023,3,Other Assaults,361
2023,3,Other Sex Offenses (Not Commercialized),12
2023,3,Public Drunkenness,3
2023,3,Rape,17
2023,3,Receiving Stolen Property,20
2023,3,Robbery Firearm,87
2023,3,Robbery No Firearm,49
2023,3,Theft from Vehicle,132
2023,3,Thefts,181
2023,3,Vandalism/Criminal Mischief,286
2023,3,Weapon Violations,49
2023,4,Aggravated Assault Firearm,45
2023,4,Aggravated Assault No Firearm,99
2023,4,All Other Offenses,169
2023,4,Arson,42
2023,4,Burglary Non-Residential,87
2023,4,Burglary Residential,51
2023,4,DRIVING UNDER THE INFLUENCE,28
2023,4,Disorderly Conduct,5
2023,4,Fraud,7
2023,4,Liquor Law Violations,5
2023,4,Motor Vehicle Theft,343
2023,4,Offenses Against Family and Children,3
2023,4,Other Assaults,250
2023,4,Other Sex Offenses (Not Commercialized),7
2023,4,Public Drunkenness,2
2023,4,Rape,12
2023,4,Receiving Stolen Property,20
2023,4,Robbery Firearm,86
2023,4,Robbery No Firearm,38
2023,4,Theft from Vehicle,152
2023,4,Thefts,154
2023,4,Vandalism/Criminal Mischief,287
2023,4,Weapon Violations,30
2023,5,Aggravated Assault Firearm,39
2023,5,Aggravated Assault No Firearm,78
2023,5,All Other Offenses,95
2023,5,Arson,31
2023,5,Burglary Non-Residential,67
2023,5,Burglary Residential,55
2023,5,DRIVING UNDER THE INFLUENCE,22
2023,5,Disorderly Conduct,8
2023,5,Embezzlement,1
2023,5,Fraud,12
2023,5,Liquor Law Violations,1
2023,5,Motor Vehicle Theft,425
2023,5,Narcotic / Drug Law Violations,4
2023,5,Offenses Against Family and Children,2
2023,5,Other Assaults,222
2023,5,Other Sex Offenses (Not Commercialized),4
2023,5,Public Drunkenness,1
2023,5,Rape,14
2023,5,Receiving Stolen Property,22
2023,5,Robbery Firearm,61
2023,5,Robbery No Firearm,37
2023,5,Theft from Vehicle,185
2023,5,Thefts,191
2023,5,Vandalism/Criminal Mischief,258
2023,5,Weapon Violations,30
2023,6,Aggravated Assault Firearm,43
2023,6,Aggravated Assault No Firearm,65
2023,6,All Other Offenses,318
2023,6,Arson,15
2023,6,Burglary Non-Residential,44
2023,6,Burglary Residential,36
2023,6,DRIVING UNDER THE INFLUENCE,10
2023,6,Disorderly Conduct,5
2023,6,Embezzlement,3
2023,6,Fraud,16
2023,6,Motor Vehicle Theft,376
2023,6,Narcotic / Drug Law Violations,9
2023,6,Other Assaults,188
2023,6,Other Sex Offenses (Not Commercialized),9
2023,6,Rape,9
2023,6,Receiving Stolen Property,7
2023,6,Robbery Firearm,45
2023,6,Robbery No Firearm,37
2023,6,Theft from Vehicle,152
2023,6,Thefts,167
2023,6,Vandalism/Criminal Mischief,226
2023,6,Weapon Violations,34
2023,7,Aggravated Assault Firearm,45
2023,7,Aggravated Assault No Firearm,109
2023,7,All Other Offenses,186
2023,7,Arson,21
2023,7,Burglary Non-Residential,85
2023,7,Burglary Residential,106
2023,7,DRIVING UNDER THE INFLUENCE,7
2023,7,Disorderly Conduct,9
2023,7,Embezzlement,5
2023,7,Fraud,60
2023,7,Motor Vehicle Theft,1221
2023,7,Narcotic / Drug Law Violations,20
2023,7,Offenses Against Family and Children,6
2023,7,Other Assaults,367
2023,7,Other Sex Offenses (Not Commercialized),18
2023,7,Rape,9
2023,7,Receiving Stolen Property,38
2023,7,Robbery Firearm,51
2023,7,Robbery No Firearm,55
2023,7,Theft from Vehicle,606
2023,7,Thefts,584
2023,7,Vandalism/Criminal Mischief,613
2023,7,Weapon Violations,58
2023,8,Aggravated Assault Firearm,79
2023,8,Aggravated Assault No Firearm,187
2023,8,All Other Offenses,366
2023,8,Arson,28
2023,8,Burglary Non-Residential,153
2023,8,Burglary Residential,172
2023,8,DRIVING UNDER THE INFLUENCE,10
2023,8,Disorderly Conduct,11
2023,8,Embezzlement,5
2023,8,Forgery and Counterfeiting,6
2023,8,Fraud,206
2023,8,Motor Vehicle Theft,2205
2023,8,Narcotic / Drug Law Violations,75
2023,8,Offenses Against Family and Children,11
2023,8,Other Assaults,941
2023,8,Other Sex Offenses (Not Commercialized),57
2023,8,Rape,18
2023,8,Receiving Stolen Property,78
2023,8,Robbery Firearm,57
2023,8,Robbery No Firearm,79
2023,8,Theft from Vehicle,1130
2023,8,Thefts,1487
2023,8,Vagrancy/Loitering,1
2023,8,Vandalism/Criminal Mischief,1315
2023,8,Weapon Violations,55
2023,9,Aggravated Assault Firearm,129
2023,9,Aggravated Assault No Firearm,218
2023,9,All Other Offenses,687
2023,9,Arson,22
2023,9,Burglary Non-Residential,186
2023,9,Burglary Residential,250
2023,9,DRIVING UNDER THE INFLUENCE,9
2023,9,Disorderly Conduct,11
2023,9,Embezzlement,11
2023,9,Forgery and Counterfeiting,15
2023,9,Fraud,435
2023,9,Motor Vehicle Theft,1940
2023,9,Narcotic / Drug Law Violations,93
2023,9,Offenses Against Family and Children,40
2023,9,Other Assaults,1294
2023,9,Other Sex Offenses (Not Commercialized),60
2023,9,Prostitution and Commercialized Vice,2
2023,9,Public Drunkenness,1
2023,9,Rape,24
2023,9,Receiving Stolen Property,101
2023,9,Robbery Firearm,55
2023,9,Robbery No Firearm,106
2023,9,Theft from Vehicle,1091
2023,9,Thefts,1932
2023,9,Vandalism/Criminal Mischief,1283
2023,9,Weapon Violations,91
2023,10,Aggravated Assault Firearm,126
2023,10,Aggravated Assault No Firearm,213
2023,10,All Other Offenses,723
2023,10,Arson,14
2023,10,Burglary Non-Residential,161
2023,10,Burglary Residential,244
2023,10,DRIVING UNDER THE INFLUENCE,9
2023,10,Disorderly Conduct,13
2023,10,Embezzlement,20
2023,10,Forgery and Counterfeiting,29
2023,10,Fraud,639
2023,10,Liquor Law Violations,1
2023,10,Motor Vehicle Theft,1666
2023,10,Narcotic / Drug Law Violations,131
2023,10,Offenses Against Family and Children,29
2023,10,Other Assaults,1414
2023,10,Other Sex Offenses (Not Commercialized),69
2023,10,Prostitution and Commercialized Vice,20
2023,10,Rape,30
2023,10,Receiving Stolen Property,88
2023,10,Robbery Firearm,72
2023,10,Robbery No Firearm,122
2023,10,Theft from Vehicle,947
2023,10,Thefts,2227
2023,10,Vandalism/Criminal Mischief,1055
2023,10,Weapon Violations,104
2023,11,Aggravated Assault Firearm,130
2023,11,Aggravated Assault No Firearm,245
2023,11,All Other Offenses,769
2023,11,Arson,13
2023,11,Burglary Non-Residential,133
2023,11,Burglary Residential,284
2023,11,DRIVING UNDER THE INFLUENCE,12
2023,11,Disorderly Conduct,14
2023,11,Embezzlement,18
2023,11,Forgery and Counterfeiting,29
2023,11,Fraud,726
2023,11,Motor Vehicle Theft,1411
2023,11,Narcotic / Drug Law Violations,130
2023,11,Offenses Against Family and Children,15
2023,11,Other Assaults,1486
2023,11,Other Sex Offenses (Not Commercialized),61
2023,11,Prostitution and Commercialized Vice,27
2023,11,Rape,20
2023,11,Receiving Stolen Property,97
2023,11,Robbery Firearm,77
2023,11,Robbery No Firearm,117
2023,11,Theft from Vehicle,854
2023,11,Thefts,2523
2023,11,Vagrancy/Loitering,1
2023,11,Vandalism/Criminal Mischief,1008
2023,11,Weapon Violations,108
2023,12,Aggravated Assault Firearm,147
2023,12,Aggravated Assault No Firearm,282
2023,12,All Other Offenses,750
2023,12,Arson,21
2023,12,Burglary Non-Residential,110
2023,12,Burglary Residential,228
2023,12,DRIVING UNDER THE INFLUENCE,13
2023,12,Disorderly Conduct,24
2023,12,Embezzlement,22
2023,12,Forgery and Counterfeiting,25
2023,12,Fraud,782
2023,12,Liquor Law Violations,2
2023,12,Motor Vehicle Theft,1287
2023,12,Narcotic / Drug Law Violations,127
2023,12,Offenses Against Family and Children,27
2023,12,Other Assaults,1608
2023,12,Other Sex Offenses (Not Commercialized),71
2023,12,Prostitution and Commercialized Vice,29
2023,12,Rape,28
2023,12,Receiving Stolen Property,90
2023,12,Robbery Firearm,84
2023,12,Robbery No Firearm,152
2023,12,Theft from Vehicle,840
2023,12,Thefts,2738
2023,12,Vagrancy/Loitering,1
2023,12,Vandalism/Criminal Mischief,955
2023,12,Weapon Violations,127
2023,13,Aggravated Assault Firearm,143
2023,13,Aggravated Assault No Firearm,244
2023,13,All Other Offenses,710
2023,13,Arson,28
2023,13,Burglary Non-Residential,73
2023,13,Burglary Residential,229
2023,13,DRIVING UNDER THE INFLUENCE,9
2023,13,Disorderly Conduct,18
2023,13,Embezzlement,22
2023,13,Forgery and Counterfeiting,20
2023,13,Fraud,735
2023,13,Liquor Law Violations,3
2023,13,Motor Vehicle Theft,1106
2023,13,Narcotic / Drug Law Violations,123
2023,13,Offenses Against Family and Children,25
2023,13,Other Assaults,1550
2023,13,Other Sex Offenses (Not Commercialized),75
2023,13,Prostitution and Commercialized Vice,26
2023,13,Public Drunkenness,1
2023,13,Rape,36
2023,13,Receiving Stolen Property,73
2023,13,Robbery Firearm,93
2023,13,Robbery No Firearm,137
2023,13,Theft from Vehicle,757
2023,13,Thefts,2662
2023,13,Vandalism/Criminal Mischief,916
2023,13,Weapon Violations,125
2023,14,Aggravated Assault Firearm,139
2023,14,Aggravated Assault No Firearm,198
2023,14,All Other Offenses,538
2023,14,Arson,20
2023,14,Burglary Non-Residential,47
2023,14,Burglary Residential,117
2023,14,DRIVING UNDER THE INFLUENCE,11
2023,14,Disorderly Conduct,16
2023,14,Embezzlement,14
2023,14,Forgery and Counterfeiting,19
2023,14,Fraud,561
2023,14,Gambling Violations,1
2023,14,Liquor Law Violations,4
2023,14,Motor Vehicle Theft,693
2023,14,Narcotic / Drug Law Violations,113
2023,14,Offenses Against Family and Children,15
2023,14,Other Assaults,1232
2023,14,Other Sex Offenses (Not Commercialized),48
2023,14,Prostitution and Commercialized Vice,9
2023,14,Rape,24
2023,14,Receiving Stolen Property,53
2023,14,Robbery Firearm,80
2023,14,Robbery No Firearm,111
2023,14,Theft from Vehicle,515
2023,14,Thefts,2048
2023,14,Vandalism/Criminal Mischief,625
2023,14,Weapon Violations,109
2023,15,Aggravated Assault Firearm,161
2023,15,Aggravated Assault No Firearm,259
2023,15,All Other Offenses,523
2023,15,Arson,19
2023,15,Burglary Non-Residential,62
2023,15,Burglary Residential,178
2023,15,DRIVING UNDER THE INFLUENCE,14
2023,15,Disorderly Conduct,23
2023,15,Embezzlement,26
2023,15,Forgery and Counterfeiting,23
2023,15,Fraud,647
2023,15,Gambling Violations,1
2023,15,Liquor Law Violations,1
2023,15,Motor Vehicle Theft,929
2023,15,Narcotic / Drug Law Violations,123
2023,15,Offenses Against Family and Children,17
2023,15,Other Assaults,1502
2023,15,Other Sex Offenses (Not Commercialized),67
2023,15,Prostitution and Commercialized Vice,2
2023,15,Public Drunkenness,1
2023,15,Rape,24
2023,15,Receiving Stolen Property,65
2023,15,Robbery Firearm,101
2023,15,Robbery No Firearm,153
2023,15,Theft from Vehicle,671
2023,15,Thefts,2564
2023,15,Vandalism/Criminal Mischief,766
2023,15,Weapon Violations,104
2023,16,Aggravated Assault Firearm,195
2023,16,Aggravated Assault No Firearm,302
2023,16,All Other Offenses,680
2023,16,Arson,26
2023,16,Burglary Non-Residential,83
2023,16,Burglary Residential,300
2023,16,DRIVING UNDER THE INFLUENCE,21
2023,16,Disorderly Conduct,24
2023,16,Embezzlement,23
2023,16,Forgery and Counterfeiting,30
2023,16,Fraud,782
2023,16,Liquor Law Violations,1
2023,16,Motor Vehicle Theft,1307
2023,16,Narcotic / Drug Law Violations,205
2023,16,Offenses Against Family and Children,17
2023,16,Other Assaults,1955
2023,16,Other Sex Offenses (Not Commercialized),65
2023,16,Prostitution and Commercialized Vice,7
2023,16,Rape,32
2023,16,Receiving Stolen Property,87
2023,16,Robbery Firearm,116
2023,16,Robbery No Firearm,179
2023,16,Theft from Vehicle,813
2023,16,Thefts,3297
2023,16,Vandalism/Criminal Mischief,1106
2023,16,Weapon Violations,143
2023,17,Aggravated Assault Firearm,190
2023,17,Aggravated Assault No Firearm,278
2023,17,All Other Offenses,802
2023,17,Arson,22
2023,17,Burglary Non-Residential,50
2023,17,Burglary Residential,218
2023,17,DRIVING UNDER THE INFLUENCE,36
2023,17,Disorderly Conduct,31
2023,17,Embezzlement,14
2023,17,Forgery and Counterfeiting,17
2023,17,Fraud,561
2023,17,Liquor Law Violations,4
2023,17,Motor Vehicle Theft,1093
2023,17,Narcotic / Drug Law Violations,298
2023,17,Offenses Against Family and Children,38
2023,17,Other Assaults,1693
2023,17,Other Sex Offenses (Not Commercialized),60
2023,17,Prostitution and Commercialized Vice,30
2023,17,Public Drunkenness,2
2023,17,Rape,33
2023,17,Receiving Stolen Property,83
2023,17,Robbery Firearm,121
2023,17,Robbery No Firearm,157
2023,17,Theft from Vehicle,716
2023,17,Thefts,2861
2023,17,Vandalism/Criminal Mischief,875
2023,17,Weapon Violations,239
2023,18,Aggravated Assault Firearm,165
2023,18,Aggravated Assault No Firearm,274
2023,18,All Other Offenses,701
2023,18,Arson,38
2023,18,Burglary Non-Residential,26
2023,18,Burglary Residential,206
2023,18,DRIVING UNDER THE INFLUENCE,25
2023,18,Disorderly Conduct,24
2023,18,Embezzlement,12
2023,18,Forgery and Counterfeiting,9
2023,18,Fraud,392
2023,18,Motor Vehicle Theft,896
2023,18,Narcotic / Drug Law Violations,330
2023,18,Offenses Against Family and Children,36
2023,18,Other Assaults,1582
2023,18,Other Sex Offenses (Not Commercialized),76
2023,18,Prostitution and Commercialized Vice,14
2023,18,Public Drunkenness,1
2023,18,Rape,35
2023,18,Receiving Stolen Property,78
2023,18,Robbery Firearm,116
2023,18,Robbery No Firearm,135
2023,18,Theft from Vehicle,499
2023,18,Thefts,2517
2023,18,Vandalism/Criminal Mischief,806
2023,18,Weapon Violations,229
2023,19,Aggravated Assault Firearm,189
2023,19,Aggravated Assault No Firearm,271
2023,19,All Other Offenses,637
2023,19,Arson,27
2023,19,Burglary Non-Residential,29
2023,19,Burglary Residential,172
2023,19,DRIVING UNDER THE INFLUENCE,26
2023,19,Disorderly Conduct,27
2023,19,Embezzlement,10
2023,19,Forgery and Counterfeiting,5
2023,19,Fraud,289
2023,19,Gambling Violations,1
2023,19,Liquor Law Violations,3
2023,19,Motor Vehicle Theft,809
2023,19,Narcotic / Drug Law Violations,291
2023,19,Offenses Against Family and Children,39
2023,19,Other Assaults,1355
2023,19,Other Sex Offenses (Not Commercialized),51
2023,19,Prostitution and Commercialized Vice,49
2023,19,Public Drunkenness,3
2023,19,Rape,25
2023,19,Receiving Stolen Property,73
2023,19,Robbery Firearm,147
2023,19,Robbery No Firearm,161
2023,19,Theft from Vehicle,470
2023,19,Thefts,2239
2023,19,Vagrancy/Loitering,1
2023,19,Vandalism/Criminal Mischief,671
2023,19,Weapon Violations,313
2023,20,Aggravated Assault Firearm,173
2023,20,Aggravated Assault No Firearm,241
2023,20,All Other Offenses,515
2023,20,Arson,20
2023,20,Burglary Non-Residential,24
2023,20,Burglary Residential,144
2023,20,DRIVING UNDER THE INFLUENCE,133
2023,20,Disorderly Conduct,16
2023,20,Embezzlement,5
2023,20,Forgery and Counterfeiting,5
2023,20,Fraud,187
2023,20,Liquor Law Violations,6
2023,20,Motor Vehicle Theft,729
2023,20,Narcotic / Drug Law Violations,221
2023,20,Offenses Against Family and Children,15
2023,20,Other Assaults,1310
2023,20,Other Sex Offenses (Not Commercialized),49
2023,20,Prostitution and Commercialized Vice,49
2023,20,Public Drunkenness,4
2023,20,Rape,36
2023,20,Receiving Stolen Property,71
2023,20,Robbery Firearm,148
2023,20,Robbery No Firearm,150
2023,20,Theft from Vehicle,356
2023,20,Thefts,1823
2023,20,Vagrancy/Loitering,1
2023,20,Vandalism/Criminal Mischief,712
2023,20,Weapon Violations,322
2023,21,Aggravated Assault Firearm,177
2023,21,Aggravated Assault No Firearm,218
2023,21,All Other Offenses,631
2023,21,Arson,32
2023,21,Burglary Non-Residential,27
2023,21,Burglary Residential,116
2023,21,DRIVING UNDER THE INFLUENCE,101
2023,21,Disorderly Conduct,14
2023,21,Embezzlement,3
2023,21,Forgery and Counterfeiting,2
2023,21,Fraud,140
2023,21,Liquor Law Violations,5
2023,21,Motor Vehicle Theft,606
2023,21,Narcotic / Drug Law Violations,130
2023,21,Offenses Against Family and Children,8
2023,21,Other Assaults,1116
2023,21,Other Sex Offenses (Not Commercialized),31
2023,21,Prostitution and Commercialized Vice,19
2023,21,Public Drunkenness,1
2023,21,Rape,20
2023,21,Receiving Stolen Property,71
2023,21,Robbery Firearm,167
2023,21,Robbery No Firearm,111
2023,21,Theft from Vehicle,259
2023,21,Thefts,1289
2023,21,Vandalism/Criminal Mischief,572
2023,21,Weapon Violations,257
2023,22,Aggravated Assault Firearm,191
2023,22,Aggravated Assault No Firearm,192
2023,22,All Other Offenses,1010
2023,22,Arson,22
2023,22,Burglary Non-Residential,27
2023,22,Burglary Residential,69
2023,22,DRIVING UNDER THE INFLUENCE,49
2023,22,Disorderly Conduct,16
2023,22,Embezzlement,1
2023,22,Forgery and Counterfeiting,1
2023,22,Fraud,50
2023,22,Liquor Law Violations,3
2023,22,Motor Vehicle Theft,351
2023,22,Narcotic / Drug Law Violations,46
2023,22,Offenses Against Family and Children,9
2023,22,Other Assaults,751
2023,22,Other Sex Offenses (Not Commercialized),22
2023,22,Prostitution and Commercialized Vice,9
2023,22,Rape,14
2023,22,Receiving Stolen Property,37
2023,22,Robbery Firearm,141
2023,22,Robbery No Firearm,89
2023,22,Theft from Vehicle,154
2023,22,Thefts,472
2023,22,Vagrancy/Loitering,3
2023,22,Vandalism/Criminal Mischief,450
2023,22,Weapon Violations,198
2023,23,Aggravated Assault Firearm,193
2023,23,Aggravated Assault No Firearm,251
2023,23,All Other Offenses,591
2023,23,Arson,31
2023,23,Burglary Non-Residential,50
2023,23,Burglary Residential,103
2023,23,DRIVING UNDER THE INFLUENCE,38
2023,23,Disorderly Conduct,15
2023,23,Forgery and Counterfeiting,1
2023,23,Fraud,50
2023,23,Liquor Law Violations,1
2023,23,Motor Vehicle Theft,528
2023,23,Narcotic / Drug Law Violations,27
2023,23,Offenses Against Family and Children,13
2023,23,Other Assaults,805
2023,23,Other Sex Offenses (Not Commercialized),19
2023,23,Prostitution and Commercialized Vice,3
2023,23,Public Drunkenness,1
2023,23,Rape,21
2023,23,Receiving Stolen Property,29
2023,23,Robbery Firearm,165
2023,23,Robbery No Firearm,102
2023,23,Theft from Vehicle,220
2023,23,Thefts,482
2023,23,Vandalism/Criminal Mischief,509
2023,23,Weapon Violations,135
2024,0,Aggravated Assault Firearm,134
2024,0,Aggravated Assault No Firearm,251
2024,0,All Other Offenses,731
2024,0,Arson,41
2024,0,Burglary Non-Residential,40
2024,0,Burglary Residential,147
2024,0,DRIVING UNDER THE INFLUENCE,72
2024,0,Disorderly Conduct,15
2024,0,Fraud,41
2024,0,Homicide - Criminal,253
2024,0,Homicide - Justifiable,1
2024,0,Liquor Law Violations,1
2024,0,Motor Vehicle Theft,331
2024,0,Narcotic / Drug Law Violations,18
2024,0,Offenses Against Family and Children,10
2024,0,Other Assaults,974
2024,0,Other Sex Offenses (Not Commercialized),26
2024,0,Public Drunkenness,4
2024,0,Rape,34
2024,0,Receiving Stolen Property,39
2024,0,Robbery Firearm,104
2024,0,Robbery No Firearm,99
2024,0,Theft from Vehicle,170
2024,0,Thefts,462
2024,0,Vandalism/Criminal Mischief,485
2024,0,Weapon Violations,72
2024,1,Aggravated Assault Firearm,114
2024,1,Aggravated Assault No Firearm,190
2024,1,All Other Offenses,537
2024,1,Arson,41
2024,1,Burglary Non-Residential,39
2024,1,Burglary Residential,94
2024,1,DRIVING UNDER THE INFLUENCE,70
2024,1,Disorderly Conduct,33
2024,1,Fraud,30
2024,1,Liquor Law Violations,7
2024,1,Motor Vehicle Theft,274
2024,1,Narcotic / Drug Law Violations,16
2024,1,Offenses Against Family and Children,1
2024,1,Other Assaults,705
2024,1,Other Sex Offenses (Not Commercialized),20
2024,1,Public Drunkenness,7
2024,1,Rape,19
2024,1,Receiving Stolen Property,28
2024,1,Robbery Firearm,89
2024,1,Robbery No Firearm,78
2024,1,Theft from Vehicle,150
2024,1,Thefts,336
2024,1,Vandalism/Criminal Mischief,376
2024,1,Weapon Violations,61
2024,2,Aggravated Assault Firearm,85
2024,2,Aggravated Assault No Firearm,191
2024,2,All Other Offenses,286
2024,2,Arson,42
2024,2,Burglary Non-Residential,38
2024,2,Burglary Residential,85
2024,2,DRIVING UNDER THE INFLUENCE,71
2024,2,Disorderly Conduct,9
2024,2,Forgery and Counterfeiting,1
2024,2,Fraud,15
2024,2,Liquor Law Violations,15
2024,2,Motor Vehicle Theft,221
2024,2,Narcotic / Drug Law Violations,15
2024,2,Offenses Against Family and Children,5
2024,2,Other Assaults,491
2024,2,Other Sex Offenses (Not Commercialized),21
2024,2,Public Drunkenness,2
2024,2,Rape,19
2024,2,Receiving Stolen Property,27
2024,2,Robbery Firearm,80
2024,2,Robbery No Firearm,60
2024,2,Theft from Vehicle,160
2024,2,Thefts,236
2024,2,Vagrancy/Loitering,1
2024,2,Vandalism/Criminal Mischief,346
2024,2,Weapon Violations,67
2024,3,Aggravated Assault Firearm,68
2024,3,Aggravated Assault No Firearm,133
2024,3,All Other Offenses,197
2024,3,Arson,45
2024,3,Burglary Non-Residential,46
2024,3,Burglary Residential,73
2024,3,DRIVING UNDER THE INFLUENCE,45
2024,3,Disorderly Conduct,6
2024,3,Fraud,6
2024,3,Gambling Violations,1
2024,3,Liquor Law Violations,15
2024,3,Motor Vehicle Theft,201
2024,3,Narcotic / Drug Law Violations,10
2024,3,Offenses Against Family and Children,2
2024,3,Other Assaults,357
2024,3,Other Sex Offenses (Not Commercialized),9
2024,3,Public Drunkenness,1
2024,3,Rape,18
2024,3,Receiving Stolen Property,25
2024,3,Robbery Firearm,74
2024,3,Robbery No Firearm,68
2024,3,Theft from Vehicle,145
2024,3,Thefts,180
2024,3,Vandalism/Criminal Mischief,282
2024,3,Weapon Violations,48
2024,4,Aggravated Assault Firearm,43
2024,4,Aggravated Assault No Firearm,97
2024,4,All Other Offenses,141
2024,4,Arson,37
2024,4,Burglary Non-Residential,43
2024,4,Burglary Residential,52
2024,4,DRIVING UNDER THE INFLUENCE,33
2024,4,Disorderly Conduct,10
2024,4,Embezzlement,2
2024,4,Fraud,11
2024,4,Motor Vehicle Theft,240
2024,4,Narcotic / Drug Law Violations,12
2024,4,Offenses Against Family and Children,2
2024,4,Other Assaults,280
2024,4,Other Sex Offenses (Not Commercialized),10
2024,4,Public Drunkenness,2
2024,4,Rape,17
2024,4,Receiving Stolen Property,16
2024,4,Robbery Firearm,50
2024,4,Robbery No Firearm,57
2024,4,Theft from Vehicle,134
2024,4,Thefts,161
2024,4,Vandalism/Criminal Mischief,220
2024,4,Weapon Violations,35
2024,5,Aggravated Assault Firearm,41
2024,5,Aggravated Assault No Firearm,86
2024,5,All Other Offenses,125
2024,5,Arson,38
2024,5,Burglary Non-Residential,44
2024,5,Burglary Residential,51
2024,5,DRIVING UNDER THE INFLUENCE,20
2024,5,Disorderly Conduct,5
2024,5,Embezzlement,1
2024,5,Fraud,13
2024,5,Motor Vehicle Theft,281
2024,5,Narcotic / Drug Law Violations,8
2024,5,Offenses Against Family and Children,2
2024,5,Other Assaults,215
2024,5,Other Sex Offenses (Not Commercialized),7
2024,5,Rape,10
2024,5,Receiving Stolen Property,10
2024,5,Robbery Firearm,44
2024,5,Robbery No Firearm,48
2024,5,Theft from Vehicle,173
2024,5,Thefts,224
2024,5,Vagrancy/Loitering,1
2024,5,Vandalism/Criminal Mischief,224
2024,5,Weapon Violations,19
2024,6,Aggravated Assault Firearm,27
2024,6,Aggravated Assault No Firearm,51
2024,6,All Other Offenses,246
2024,6,Arson,17
2024,6,Burglary Non-Residential,28
2024,6,Burglary Residential,44
2024,6,DRIVING UNDER THE INFLUENCE,10
2024,6,Disorderly Conduct,5
2024,6,Embezzlement,2
2024,6,Fraud,19
2024,6,Motor Vehicle Theft,217
2024,6,Narcotic / Drug Law Violations,18
2024,6,Offenses Against Family and Children,3
2024,6,Other Assaults,187
2024,6,Other Sex Offenses (Not Commercialized),6
2024,6,Rape,8
2024,6,Receiving Stolen Property,7
2024,6,Robbery Firearm,31
2024,6,Robbery No Firearm,28
2024,6,Theft from Vehicle,132
2024,6,Thefts,210
2024,6,Vagrancy/Loitering,5
2024,6,Vandalism/Criminal Mischief,180
2024,6,Weapon Violations,34
2024,7,Aggravated Assault Firearm,45
2024,7,Aggravated Assault No Firearm,117
2024,7,All Other Offenses,227
2024,7,Arson,18
2024,7,Burglary Non-Residential,78
2024,7,Burglary Residential,68
2024,7,DRIVING UNDER THE INFLUENCE,7
2024,7,Disorderly Conduct,11
2024,7,Embezzlement,1
2024,7,Fraud,90
2024,7,Motor Vehicle Theft,784
2024,7,Narcotic / Drug Law Violations,30
2024,7,Offenses Against Family and Children,2
2024,7,Other Assaults,409
2024,7,Other Sex Offenses (Not Commercialized),17
2024,7,Rape,9
2024,7,Receiving Stolen Property,32
2024,7,Robbery Firearm,30
2024,7,Robbery No Firearm,60
2024,7,Theft from Vehicle,568
2024,7,Thefts,787
2024,7,Vagrancy/Loitering,2
2024,7,Vandalism/Criminal Mischief,473
2024,7,Weapon Violations,47
2024,8,Aggravated Assault Firearm,87
2024,8,Aggravated Assault No Firearm,198
2024,8,All Other Offenses,406
2024,8,Arson,29
2024,8,Burglary Non-Residential,147
2024,8,Burglary Residential,175
2024,8,DRIVING UNDER THE INFLUENCE,17
2024,8,Disorderly Conduct,13
2024,8,Embezzlement,7
2024,8,Forgery and Counterfeiting,5
2024,8,Fraud,321
2024,8,Gambling Violations,1
2024,8,Motor Vehicle Theft,1385
2024,8,Narcotic / Drug Law Violations,113
2024,8,Offenses Against Family and Children,15
2024,8,Other Assaults,979
2024,8,Other Sex Offenses (Not Commercialized),69
2024,8,Public Drunkenness,1
2024,8,Rape,16
2024,8,Receiving Stolen Property,58
2024,8,Robbery Firearm,35
2024,8,Robbery No Firearm,91
2024,8,Theft from Vehicle,1011
2024,8,Thefts,1789
2024,8,Vagrancy/Loitering,1
2024,8,Vandalism/Criminal Mischief,925
2024,8,Weapon Violations,57
2024,9,Aggravated Assault Firearm,92
2024,9,Aggravated Assault No Firearm,262
2024,9,All Other Offenses,792
2024,9,Arson,13
2024,9,Burglary Non-Residential,163
2024,9,Burglary Residential,184
2024,9,DRIVING UNDER THE INFLUENCE,14
2024,9,Disorderly Conduct,13
2024,9,Embezzlement,13
2024,9,Forgery and Counterfeiting,13
2024,9,Fraud,532
2024,9,Gambling Violations,6
2024,9,Liquor Law Violations,1
2024,9,Motor Vehicle Theft,1253
2024,9,Narcotic / Drug Law Violations,168
2024,9,Offenses Against Family and Children,33
2024,9,Other Assaults,1337
2024,9,Other Sex Offenses (Not Commercialized),50
2024,9,Rape,16
2024,9,Receiving Stolen Property,83
2024,9,Robbery Firearm,54
2024,9,Robbery No Firearm,119
2024,9,Theft from Vehicle,968
2024,9,Thefts,2135
2024,9,Vandalism/Criminal Mischief,859
2024,9,Weapon Violations,77
2024,10,Aggravated Assault Firearm,105
2024,10,Aggravated Assault No Firearm,266
2024,10,All Other Offenses,943
2024,10,Arson,22
2024,10,Burglary Non-Residential,147
2024,10,Burglary Residential,241
2024,10,DRIVING UNDER THE INFLUENCE,10
2024,10,Disorderly Conduct,13
2024,10,Embezzlement,12
2024,10,Forgery and Counterfeiting,10
2024,10,Fraud,708
2024,10,Gambling Violations,23
2024,10,Liquor Law Violations,4
2024,10,Motor Vehicle Theft,1071
2024,10,Narcotic / Drug Law Violations,164
2024,10,Offenses Against Family and Children,28
2024,10,Other Assaults,1499
2024,10,Other Sex Offenses (Not Commercialized),55
2024,10,Rape,30
2024,10,Receiving Stolen Property,84
2024,10,Robbery Firearm,52
2024,10,Robbery No Firearm,107
2024,10,Theft from Vehicle,786
2024,10,Thefts,2490
2024,10,Vagrancy/Loitering,2
2024,10,Vandalism/Criminal Mischief,856
2024,10,Weapon Violations,87
2024,11,Aggravated Assault Firearm,129
2024,11,Aggravated Assault No Firearm,245
2024,11,All Other Offenses,722
2024,11,Arson,23
2024,11,Burglary Non-Residential,140
2024,11,Burglary Residential,228
2024,11,DRIVING UNDER THE INFLUENCE,12
2024,11,Disorderly Conduct,17
2024,11,Embezzlement,22
2024,11,Forgery and Counterfeiting,18
2024,11,Fraud,768
2024,11,Gambling Violations,9
2024,11,Liquor Law Violations,4
2024,11,Motor Vehicle Theft,1010
2024,11,Narcotic / Drug Law Violations,167
2024,11,Offenses Against Family and Children,5
2024,11,Other Assaults,1563
2024,11,Other Sex Offenses (Not Commercialized),79
2024,11,Prostitution and Commercialized Vice,1
2024,11,Public Drunkenness,1
2024,11,Rape,26
2024,11,Receiving Stolen Property,75
2024,11,Robbery Firearm,42
2024,11,Robbery No Firearm,144
2024,11,Theft from Vehicle,743
2024,11,Thefts,2839
2024,11,Vandalism/Criminal Mischief,791
2024,11,Weapon Violations,92
2024,12,Aggravated Assault Firearm,126
2024,12,Aggravated Assault No Firearm,286
2024,12,All Other Offenses,685
2024,12,Arson,30
2024,12,Burglary Non-Residential,106
2024,12,Burglary Residential,209
2024,12,DRIVING UNDER THE INFLUENCE,6
2024,12,Disorderly Conduct,17
2024,12,Embezzlement,21
2024,12,Forgery and Counterfeiting,20
2024,12,Fraud,770
2024,12,Gambling Violations,12
2024,12,Liquor Law Violations,5
2024,12,Motor Vehicle Theft,830
2024,12,Narcotic / Drug Law Violations,174
2024,12,Offenses Against Family and Children,17
2024,12,Other Assaults,1677
2024,12,Other Sex Offenses (Not Commercialized),60
2024,12,Prostitution and Commercialized Vice,11
2024,12,Public Drunkenness,1
2024,12,Rape,23
2024,12,Receiving Stolen Property,72
2024,12,Robbery Firearm,55
2024,12,Robbery No Firearm,122
2024,12,Theft from Vehicle,717
2024,12,Thefts,3005
2024,12,Vandalism/Criminal Mischief,836
2024,12,Weapon Violations,107
2024,13,Aggravated Assault Firearm,117
2024,13,Aggravated Assault No Firearm,297
2024,13,All Other Offenses,763
2024,13,Arson,27
2024,13,Burglary Non-Residential,65
2024,13,Burglary Residential,175
2024,13,DRIVING UNDER THE INFLUENCE,20
2024,13,Disorderly Conduct,18
2024,13,Embezzlement,26
2024,13,Forgery and Counterfeiting,18
2024,13,Fraud,747
2024,13,Gambling Violations,7
2024,13,Liquor Law Violations,1
2024,13,Motor Vehicle Theft,720
2024,13,Narcotic / Drug Law Violations,171
2024,13,Offenses Against Family and Children,14
2024,13,Other Assaults,1612
2024,13,Other Sex Offenses (Not Commercialized),70
2024,13,Prostitution and Commercialized Vice,45
2024,13,Public Drunkenness,2
2024,13,Rape,16
2024,13,Receiving Stolen Property,73
2024,13,Robbery Firearm,55
2024,13,Robbery No Firearm,148
2024,13,Theft from Vehicle,628
2024,13,Thefts,2988
2024,13,Vandalism/Criminal Mischief,689
2024,13,Weapon Violations,114
2024,14,Aggravated Assault Firearm,126
2024,14,Aggravated Assault No Firearm,212
2024,14,All Other Offenses,533
2024,14,Arson,23
2024,14,Burglary Non-Residential,33
2024,14,Burglary Residential,118
2024,14,DRIVING UNDER THE INFLUENCE,9
2024,14,Disorderly Conduct,15
2024,14,Embezzlement,11
2024,14,Forgery and Counterfeiting,10
2024,14,Fraud,591
2024,14,Gambling Violations,5
2024,14,Motor Vehicle Theft,431
2024,14,Narcotic / Drug Law Violations,156
2024,14,Offenses Against Family and Children,14
2024,14,Other Assaults,1329
2024,14,Other Sex Offenses (Not Commercialized),53
2024,14,Prostitution and Commercialized Vice,23
2024,14,Public Drunkenness,3
2024,14,Rape,17
2024,14,Receiving Stolen Property,55
2024,14,Robbery Firearm,50
2024,14,Robbery No Firearm,115
2024,14,Theft from Vehicle,424
2024,14,Thefts,2306
2024,14,Vandalism/Criminal Mischief,476
2024,14,Weapon Violations,76
2024,15,Aggravated Assault Firearm,128
2024,15,Aggravated Assault No Firearm,263
2024,15,All Other Offenses,560
2024,15,Arson,21
2024,15,Burglary Non-Residential,71
2024,15,Burglary Residential,162
2024,15,DRIVING UNDER THE INFLUENCE,12
2024,15,Disorderly Conduct,26
2024,15,Embezzlement,13
2024,15,Forgery and Counterfeiting,14
2024,15,Fraud,679
2024,15,Gambling Violations,3
2024,15,Liquor Law Violations,1
2024,15,Motor Vehicle Theft,632
2024,15,Narcotic / Drug Law Violations,118
2024,15,Offenses Against Family and Children,21
2024,15,Other Assaults,1601
2024,15,Other Sex Offenses (Not Commercialized),64
2024,15,Prostitution and Commercialized Vice,3
2024,15,Rape,24
2024,15,Receiving Stolen Property,58
2024,15,Robbery Firearm,69
2024,15,Robbery No Firearm,143
2024,15,Theft from Vehicle,560
2024,15,Thefts,2808
2024,15,Vandalism/Criminal Mischief,622
2024,15,Weapon Violations,82
2024,16,Aggravated Assault Firearm,154
2024,16,Aggravated Assault No Firearm,344
2024,16,All Other Offenses,840
2024,16,Arson,26
2024,16,Burglary Non-Residential,86
2024,16,Burglary Residential,253
2024,16,DRIVING UNDER THE INFLUENCE,13
2024,16,Disorderly Conduct,37
2024,16,Embezzlement,23
2024,16,Forgery and Counterfeiting,9
2024,16,Fraud,813
2024,16,Liquor Law Violations,1
2024,16,Motor Vehicle Theft,870
2024,16,Narcotic / Drug Law Violations,208
2024,16,Offenses Against Family and Children,32
2024,16,Other Assaults,2057
2024,16,Other Sex Offenses (Not Commercialized),81
2024,16,Prostitution and Commercialized Vice,2
2024,16,Public Drunkenness,2
2024,16,Rape,38
2024,16,Receiving Stolen Property,81
2024,16,Robbery Firearm,64
2024,16,Robbery No Firearm,173
2024,16,Theft from Vehicle,685
2024,16,Thefts,3567
2024,16,Vandalism/Criminal Mischief,915
2024,16,Weapon Violations,119
2024,17,Aggravated Assault Firearm,168
2024,17,Aggravated Assault No Firearm,351
2024,17,All Other Offenses,841
2024,17,Arson,22
2024,17,Burglary Non-Residential,53
2024,17,Burglary Residential,210
2024,17,DRIVING UNDER THE INFLUENCE,28
2024,17,Disorderly Conduct,19
2024,17,Embezzlement,11
2024,17,Forgery and Counterfeiting,16
2024,17,Fraud,699
2024,17,Gambling Violations,8
2024,17,Motor Vehicle Theft,713
2024,17,Narcotic / Drug Law Violations,320
2024,17,Offenses Against Family and Children,37
2024,17,Other Assaults,1882
2024,17,Other Sex Offenses (Not Commercialized),69
2024,17,Prostitution and Commercialized Vice,5
2024,17,Public Drunkenness,1
2024,17,Rape,40
2024,17,Receiving Stolen Property,102
2024,17,Robbery Firearm,86
2024,17,Robbery No Firearm,146
2024,17,Theft from Vehicle,522
2024,17,Thefts,3140
2024,17,Vagrancy/Loitering,1
2024,17,Vandalism/Criminal Mischief,839
2024,17,Weapon Violations,187
2024,18,Aggravated Assault Firearm,150
2024,18,Aggravated Assault No Firearm,317
2024,18,All Other Offenses,742
2024,18,Arson,26
2024,18,Burglary Non-Residential,35
2024,18,Burglary Residential,173
2024,18,DRIVING UNDER THE INFLUENCE,41
2024,18,Disorderly Conduct,29
2024,18,Embezzlement,12
2024,18,Forgery and Counterfeiting,9
2024,18,Fraud,542
2024,18,Gambling Violations,3
2024,18,Liquor Law Violations,3
2024,18,Motor Vehicle Theft,569
2024,18,Narcotic / Drug Law Violations,297
2024,18,Offenses Against Family and Children,44
2024,18,Other Assaults,1714
2024,18,Other Sex Offenses (Not Commercialized),62
2024,18,Prostitution and Commercialized Vice,5
2024,18,Public Drunkenness,1
2024,18,Rape,33
2024,18,Receiving Stolen Property,72
2024,18,Robbery Firearm,97
2024,18,Robbery No Firearm,146
2024,18,Theft from Vehicle,453
2024,18,Thefts,2764
2024,18,Vandalism/Criminal Mischief,648
2024,18,Weapon Violations,221
2024,19,Aggravated Assault Firearm,149
2024,19,Aggravated Assault No Firearm,275
2024,19,All Other Offenses,616
2024,19,Arson,31
2024,19,Burglary Non-Residential,36
2024,19,Burglary Residential,153
2024,19,DRIVING UNDER THE INFLUENCE,43
2024,19,Disorderly Conduct,27
2024,19,Embezzlement,10
2024,19,Forgery and Counterfeiting,4
2024,19,Fraud,361
2024,19,Liquor Law Violations,6
2024,19,Motor Vehicle Theft,539
2024,19,Narcotic / Drug Law Violations,264
2024,19,Offenses Against Family and Children,29
2024,19,Other Assaults,1538
2024,19,Other Sex Offenses (Not Commercialized),62
2024,19,Prostitution and Commercialized Vice,65
2024,19,Public Drunkenness,1
2024,19,Rape,34
2024,19,Receiving Stolen Property,67
2024,19,Robbery Firearm,82
2024,19,Robbery No Firearm,145
2024,19,Theft from Vehicle,347
2024,19,Thefts,2271
2024,19,Vandalism/Criminal Mischief,629
2024,19,Weapon Violations,219
2024,20,Aggravated Assault Firearm,146
2024,20,Aggravated Assault No Firearm,285
2024,20,All Other Offenses,587
2024,20,Arson,32
2024,20,Burglary Non-Residential,24
2024,20,Burglary Residential,119
2024,20,DRIVING UNDER THE INFLUENCE,40
2024,20,Disorderly Conduct,36
2024,20,Embezzlement,5
2024,20,Forgery and Counterfeiting,1
2024,20,Fraud,266
2024,20,Gambling Violations,3
2024,20,Liquor Law Violations,12
2024,20,Motor Vehicle Theft,459
2024,20,Narcotic / Drug Law Violations,234
2024,20,Offenses Against Family and Children,6
2024,20,Other Assaults,1299
2024,20,Other Sex Offenses (Not Commercialized),38
2024,20,Prostitution and Commercialized Vice,67
2024,20,Public Drunkenness,3
2024,20,Rape,19
2024,20,Receiving Stolen Property,62
2024,20,Robbery Firearm,116
2024,20,Robbery No Firearm,145
2024,20,Theft from Vehicle,293
2024,20,Thefts,1880
2024,20,Vandalism/Criminal Mischief,555
2024,20,Weapon Violations,272
2024,21,Aggravated Assault Firearm,162
2024,21,Aggravated Assault No Firearm,260
2024,21,All Other Offenses,595
2024,21,Arson,33
2024,21,Burglary Non-Residential,21
2024,21,Burglary Residential,109
2024,21,DRIVING UNDER THE INFLUENCE,105
2024,21,Disorderly Conduct,32
2024,21,Forgery and Counterfeiting,2
2024,21,Fraud,144
2024,21,Liquor Law Violations,5
2024,21,Motor Vehicle Theft,334
2024,21,Narcotic / Drug Law Violations,132
2024,21,Offenses Against Family and Children,11
2024,21,Other Assaults,1105
2024,21,Other Sex Offenses (Not Commercialized),36
2024,21,Prostitution and Commercialized Vice,23
2024,21,Public Drunkenness,1
2024,21,Rape,20
2024,21,Receiving Stolen Property,40
2024,21,Robbery Firearm,104
2024,21,Robbery No Firearm,118
2024,21,Theft from Vehicle,209
2024,21,Thefts,1252
2024,21,Vandalism/Criminal Mischief,485
2024,21,Weapon Violations,209
2024,22,Aggravated Assault Firearm,155
2024,22,Aggravated Assault No Firearm,193
2024,22,All Other Offenses,1000
2024,22,Arson,20
2024,22,Burglary Non-Residential,12
2024,22,Burglary Residential,69
2024,22,DRIVING UNDER THE INFLUENCE,96
2024,22,Disorderly Conduct,14
2024,22,Embezzlement,2
2024,22,Fraud,58
2024,22,Liquor Law Violations,4
2024,22,Motor Vehicle Theft,221
2024,22,Narcotic / Drug Law Violations,59
2024,22,Offenses Against Family and Children,6
2024,22,Other Assaults,729
2024,22,Other Sex Offenses (Not Commercialized),22
2024,22,Prostitution and Commercialized Vice,2
2024,22,Rape,12
2024,22,Receiving Stolen Property,21
2024,22,Robbery Firearm,74
2024,22,Robbery No Firearm,91
2024,22,Theft from Vehicle,117
2024,22,Thefts,525
2024,22,Vandalism/Criminal Mischief,308
2024,22,Weapon Violations,182
2024,23,Aggravated Assault Firearm,146
2024,23,Aggravated Assault No Firearm,209
2024,23,All Other Offenses,649
2024,23,Arson,40
2024,23,Burglary Non-Residential,31
2024,23,Burglary Residential,98
2024,23,DRIVING UNDER THE INFLUENCE,48
2024,23,Disorderly Conduct,15
2024,23,Fraud,59
2024,23,Liquor Law Violations,7
2024,23,Motor Vehicle Theft,317
2024,23,Narcotic / Drug Law Violations,28
2024,23,Offenses Against Family and Children,4
2024,23,Other Assaults,828
2024,23,Other Sex Offenses (Not Commercialized),16
2024,23,Prostitution and Commercialized Vice,4
2024,23,Public Drunkenness,4
2024,23,Rape,11
2024,23,Receiving Stolen Property,28
2024,23,Robbery Firearm,91
2024,23,Robbery No Firearm,81
2024,23,Theft from Vehicle,186
2024,23,Thefts,546
2024,23,Vagrancy/Loitering,1
2024,23,Vandalism/Criminal Mischief,466
2024,23,Weapon Violations,116
2025,0,Aggravated Assault Firearm,101
2025,0,Aggravated Assault No Firearm,257
2025,0,All Other Offenses,796
2025,0,Arson,36
2025,0,Burglary Non-Residential,29
2025,0,Burglary Residential,115
2025,0,DRIVING UNDER THE INFLUENCE,43
2025,0,Disorderly Conduct,31
2025,0,Forgery and Counterfeiting,1
2025,0,Fraud,47
2025,0,Homicide - Criminal,206
2025,0,Liquor Law Violations,2
2025,0,Motor Vehicle Theft,315
2025,0,Narcotic / Drug Law Violations,24
2025,0,Offenses Against Family and Children,4
2025,0,Other Assaults,922
2025,0,Other Sex Offenses (Not Commercialized),12
2025,0,Prostitution and Commercialized Vice,1
2025,0,Public Drunkenness,3
2025,0,Rape,26
2025,0,Receiving Stolen Property,28
2025,0,Robbery Firearm,74
2025,0,Robbery No Firearm,89
2025,0,Theft from Vehicle,199
2025,0,Thefts,496
2025,0,Vandalism/Criminal Mischief,505
2025,0,Weapon Violations,77
2025,1,Aggravated Assault Firearm,84
2025,1,Aggravated Assault No Firearm,214
2025,1,All Other Offenses,585
2025,1,Arson,37
2025,1,Burglary Non-Residential,33
2025,1,Burglary Residential,99
2025,1,DRIVING UNDER THE INFLUENCE,61
2025,1,Disorderly Conduct,34
2025,1,Fraud,38
2025,1,Liquor Law Violations,1
2025,1,Motor Vehicle Theft,234
2025,1,Narcotic / Drug Law Violations,20
2025,1,Offenses Against Family and Children,4
2025,1,Other Assaults,694
2025,1,Other Sex Offenses (Not Commercialized),11
2025,1,Public Drunkenness,3
2025,1,Rape,23
2025,1,Receiving Stolen Property,24
2025,1,Robbery Firearm,60
2025,1,Robbery No Firearm,86
2025,1,Theft from Vehicle,149
2025,1,Thefts,335
2025,1,Vandalism/Criminal Mischief,350
2025,1,Weapon Violations,68
2025,2,Aggravated Assault Firearm,69
2025,2,Aggravated Assault No Firearm,175
2025,2,All Other Offenses,406
2025,2,Arson,35
2025,2,Burglary Non-Residential,29
2025,2,Burglary Residential,69
2025,2,DRIVING UNDER THE INFLUENCE,72
2025,2,Disorderly Conduct,25
2025,2,Fraud,18
2025,2,Liquor Law Violations,3
2025,2,Motor Vehicle Theft,207
2025,2,Narcotic / Drug Law Violations,10
2025,2,Offenses Against Family and Children,4
2025,2,Other Assaults,518
2025,2,Other Sex Offenses (Not Commercialized),10
2025,2,Public Drunkenness,2
2025,2,Rape,19
2025,2,Receiving Stolen Property,25
2025,2,Robbery Firearm,59
2025,2,Robbery No Firearm,70
2025,2,Theft from Vehicle,153
2025,2,Thefts,275
2025,2,Vandalism/Criminal Mischief,320
2025,2,Weapon Violations,59
2025,3,Aggravated Assault Firearm,68
2025,3,Aggravated Assault No Firearm,141
2025,3,All Other Offenses,234
2025,3,Arson,42
2025,3,Burglary Non-Residential,49
2025,3,Burglary Residential,61
2025,3,DRIVING UNDER THE INFLUENCE,51
2025,3,Disorderly Conduct,13
2025,3,Fraud,10
2025,3,Liquor Law Violations,8
2025,3,Motor Vehicle Theft,210
2025,3,Narcotic / Drug Law Violations,10
2025,3,Offenses Against Family and Children,6
2025,3,Other Assaults,418
2025,3,Other Sex Offenses (Not Commercialized),10
2025,3,Public Drunkenness,2
2025,3,Rape,17
2025,3,Receiving Stolen Property,22
2025,3,Robbery Firearm,43
2025,3,Robbery No Firearm,49
2025,3,Theft from Vehicle,149
2025,3,Thefts,233
2025,3,Vandalism/Criminal Mischief,230
2025,3,Weapon Violations,35
2025,4,Aggravated Assault Firearm,43
2025,4,Aggravated Assault No Firearm,97
2025,4,All Other Offenses,180
2025,4,Arson,25
2025,4,Burglary Non-Residential,54
2025,4,Burglary Residential,45
2025,4,DRIVING UNDER THE INFLUENCE,31
2025,4,Disorderly Conduct,7
2025,4,Forgery and Counterfeiting,1
2025,4,Fraud,16
2025,4,Liquor Law Violations,2
2025,4,Motor Vehicle Theft,232
2025,4,Narcotic / Drug Law Violations,5
2025,4,Offenses Against Family and Children,1
2025,4,Other Assaults,272
2025,4,Other Sex Offenses (Not Commercialized),10
2025,4,Prostitution and Commercialized Vice,4
2025,4,Public Drunkenness,1
2025,4,Rape,18
2025,4,Receiving Stolen Property,22
2025,4,Robbery Firearm,53
2025,4,Robbery No Firearm,38
2025,4,Theft from Vehicle,147
2025,4,Thefts,188
2025,4,Vandalism/Criminal Mischief,204
2025,4,Weapon Violations,27
2025,5,Aggravated Assault Firearm,35
2025,5,Aggravated Assault No Firearm,70
2025,5,All Other Offenses,107
2025,5,Arson,31
2025,5,Burglary Non-Residential,37
2025,5,Burglary Residential,41
2025,5,DRIVING UNDER THE INFLUENCE,16
2025,5,Disorderly Conduct,9
2025,5,Fraud,37
2025,5,Motor Vehicle Theft,335
2025,5,Narcotic / Drug Law Violations,7
2025,5,Other Assaults,220
2025,5,Other Sex Offenses (Not Commercialized),7
2025,5,Prostitution and Commercialized Vice,9
2025,5,Rape,9
2025,5,Receiving Stolen Property,10
2025,5,Robbery Firearm,41
2025,5,Robbery No Firearm,24
2025,5,Theft from Vehicle,145
2025,5,Thefts,261
2025,5,Vandalism/Criminal Mischief,183
2025,5,Weapon Violations,26
2025,6,Aggravated Assault Firearm,24
2025,6,Aggravated Assault No Firearm,43
2025,6,All Other Offenses,297
2025,6,Arson,19
2025,6,Burglary Non-Residential,33
2025,6,Burglary Residential,19
2025,6,DRIVING UNDER THE INFLUENCE,11
2025,6,Disorderly Conduct,47
2025,6,Fraud,53
2025,6,Motor Vehicle Theft,256
2025,6,Narcotic / Drug Law Violations,19
2025,6,Offenses Against Family and Children,2
2025,6,Other Assaults,180
2025,6,Other Sex Offenses (Not Commercialized),8
2025,6,Prostitution and Commercialized Vice,6
2025,6,Public Drunkenness,1
2025,6,Rape,9
2025,6,Receiving Stolen Property,12
2025,6,Robbery Firearm,24
2025,6,Robbery No Firearm,31
2025,6,Theft from Vehicle,128
2025,6,Thefts,245
2025,6,Vagrancy/Loitering,12
2025,6,Vandalism/Criminal Mischief,157
2025,6,Weapon Violations,27
2025,7,Aggravated Assault Firearm,31
2025,7,Aggravated Assault No Firearm,94
2025,7,All Other Offenses,285
2025,7,Arson,16
2025,7,Burglary Non-Residential,70
2025,7,Burglary Residential,63
2025,7,DRIVING UNDER THE INFLUENCE,11
2025,7,Disorderly Conduct,44
2025,7,Embezzlement,2
2025,7,Fraud,96
2025,7,Motor Vehicle Theft,949
2025,7,Narcotic / Drug Law Violations,34
2025,7,Offenses Against Family and Children,4
2025,7,Other Assaults,362
2025,7,Other Sex Offenses (Not Commercialized),23
2025,7,Public Drunkenness,4
2025,7,Rape,11
2025,7,Receiving Stolen Property,24
2025,7,Robbery Firearm,13
2025,7,Robbery No Firearm,55
2025,7,Theft from Vehicle,513
2025,7,Thefts,708
2025,7,Vagrancy/Loitering,9
2025,7,Vandalism/Criminal Mischief,410
2025,7,Weapon Violations,30
2025,8,Aggravated Assault Firearm,57
2025,8,Aggravated Assault No Firearm,176
2025,8,All Other Offenses,495
2025,8,Arson,13
2025,8,Burglary Non-Residential,146
2025,8,Burglary Residential,146
2025,8,DRIVING UNDER THE INFLUENCE,9
2025,8,Disorderly Conduct,21
2025,8,Embezzlement,6
2025,8,Fraud,442
2025,8,Motor Vehicle Theft,1498
2025,8,Narcotic / Drug Law Violations,63
2025,8,Offenses Against Family and Children,10
2025,8,Other Assaults,957
2025,8,Other Sex Offenses (Not Commercialized),45
2025,8,Public Drunkenness,5
2025,8,Rape,23
2025,8,Receiving Stolen Property,51
2025,8,Robbery Firearm,25
2025,8,Robbery No Firearm,57
2025,8,Theft from Vehicle,901
2025,8,Thefts,1599
2025,8,Vagrancy/Loitering,5
2025,8,Vandalism/Criminal Mischief,775
2025,8,Weapon Violations,45
2025,9,Aggravated Assault Firearm,78
2025,9,Aggravated Assault No Firearm,235
2025,9,All Other Offenses,1529
2025,9,Arson,21
2025,9,Burglary Non-Residential,156
2025,9,Burglary Residential,193
2025,9,DRIVING UNDER THE INFLUENCE,18
2025,9,Disorderly Conduct,20
2025,9,Embezzlement,5
2025,9,Forgery and Counterfeiting,7
2025,9,Fraud,572
2025,9,Motor Vehicle Theft,1344
2025,9,Narcotic / Drug Law Violations,135
2025,9,Offenses Against Family and Children,15
2025,9,Other Assaults,1338
2025,9,Other Sex Offenses (Not Commercialized),93
2025,9,Public Drunkenness,1
2025,9,Rape,16
2025,9,Receiving Stolen Property,118
2025,9,Robbery Firearm,31
2025,9,Robbery No Firearm,84
2025,9,Theft from Vehicle,888
2025,9,Thefts,2035
2025,9,Vagrancy/Loitering,3
2025,9,Vandalism/Criminal Mischief,885
2025,9,Weapon Violations,66
2025,10,Aggravated Assault Firearm,72
2025,10,Aggravated Assault No Firearm,265
2025,10,All Other Offenses,856
2025,10,Arson,19
2025,10,Burglary Non-Residential,118
2025,10,Burglary Residential,201
2025,10,DRIVING UNDER THE INFLUENCE,17
2025,10,Disorderly Conduct,32
2025,10,Embezzlement,12
2025,10,Forgery and Counterfeiting,11
2025,10,Fraud,701
2025,10,Motor Vehicle Theft,1143
2025,10,Narcotic / Drug Law Violations,146
2025,10,Offenses Against Family and Children,20
2025,10,Other Assaults,1491
2025,10,Other Sex Offenses (Not Commercialized),72
2025,10,Prostitution and Commercialized Vice,6
2025,10,Public Drunkenness,7
2025,10,Rape,23
2025,10,Receiving Stolen Property,96
2025,10,Robbery Firearm,35
2025,10,Robbery No Firearm,87
2025,10,Theft from Vehicle,806
2025,10,Thefts,2319
2025,10,Vagrancy/Loitering,1
2025,10,Vandalism/Criminal Mischief,809
2025,10,Weapon Violations,83
2025,11,Aggravated Assault Firearm,95
2025,11,Aggravated Assault No Firearm,263
2025,11,All Other Offenses,846
2025,11,Arson,16
2025,11,Burglary Non-Residential,102
2025,11,Burglary Residential,216
2025,11,DRIVING UNDER THE INFLUENCE,19
2025,11,Disorderly Conduct,27
2025,11,Embezzlement,19
2025,11,Forgery and Counterfeiting,10
2025,11,Fraud,678
2025,11,Motor Vehicle Theft,991
2025,11,Narcotic / Drug Law Violations,146
2025,11,Offenses Against Family and Children,13
2025,11,Other Assaults,1552
2025,11,Other Sex Offenses (Not Commercialized),88
2025,11,Prostitution and Commercialized Vice,31
2025,11,Public Drunkenness,3
2025,11,Rape,38
2025,11,Receiving Stolen Property,94
2025,11,Robbery Firearm,33
2025,11,Robbery No Firearm,99
2025,11,Theft from Vehicle,730
2025,11,Thefts,2568
2025,11,Vagrancy/Loitering,2
2025,11,Vandalism/Criminal Mischief,840
2025,11,Weapon Violations,73
2025,12,Aggravated Assault Firearm,88
2025,12,Aggravated Assault No Firearm,272
2025,12,All Other Offenses,794
2025,12,Arson,17
2025,12,Burglary Non-Residential,96
2025,12,Burglary Residential,207
2025,12,DRIVING UNDER THE INFLUENCE,24
2025,12,Disorderly Conduct,32
2025,12,Embezzlement,26
2025,12,Forgery and Counterfeiting,7
2025,12,Fraud,712
2025,12,Motor Vehicle Theft,867
2025,12,Narcotic / Drug Law Violations,134
2025,12,Offenses Against Family and Children,10
2025,12,Other Assaults,1621
2025,12,Other Sex Offenses (Not Commercialized),59
2025,12,Prostitution and Commercialized Vice,29
2025,12,Rape,35
2025,12,Receiving Stolen Property,70
2025,12,Robbery Firearm,52
2025,12,Robbery No Firearm,104
2025,12,Theft from Vehicle,593
2025,12,Thefts,2798
2025,12,Vagrancy/Loitering,2
2025,12,Vandalism/Criminal Mischief,675
2025,12,Weapon Violations,90
2025,13,Aggravated Assault Firearm,102
2025,13,Aggravated Assault No Firearm,258
2025,13,All Other Offenses,764
2025,13,Arson,25
2025,13,Burglary Non-Residential,68
2025,13,Burglary Residential,197
2025,13,DRIVING UNDER THE INFLUENCE,13
2025,13,Disorderly Conduct,41
2025,13,Embezzlement,11
2025,13,Forgery and Counterfeiting,5
2025,13,Fraud,751
2025,13,Motor Vehicle Theft,758
2025,13,Narcotic / Drug Law Violations,142
2025,13,Offenses Against Family and Children,14
2025,13,Other Assaults,1606
2025,13,Other Sex Offenses (Not Commercialized),52
2025,13,Prostitution and Commercialized Vice,6
2025,13,Public Drunkenness,6
2025,13,Rape,32
2025,13,Receiving Stolen Property,77
2025,13,Robbery Firearm,50
2025,13,Robbery No Firearm,123
2025,13,Theft from Vehicle,563
2025,13,Thefts,2563
2025,13,Vandalism/Criminal Mischief,652
2025,13,Weapon Violations,80
2025,14,Aggravated Assault Firearm,108
2025,14,Aggravated Assault No Firearm,221
2025,14,All Other Offenses,445
2025,14,Arson,18
2025,14,Burglary Non-Residential,30
2025,14,Burglary Residential,120
2025,14,DRIVING UNDER THE INFLUENCE,12
2025,14,Disorderly Conduct,32
2025,14,Embezzlement,12
2025,14,Forgery and Counterfeiting,8
2025,14,Fraud,547
2025,14,Motor Vehicle Theft,467
2025,14,Narcotic / Drug Law Violations,98
2025,14,Offenses Against Family and Children,10
2025,14,Other Assaults,1318
2025,14,Other Sex Offenses (Not Commercialized),63
2025,14,Public Drunkenness,2
2025,14,Rape,36
2025,14,Receiving Stolen Property,40
2025,14,Robbery Firearm,34
2025,14,Robbery No Firearm,93
2025,14,Theft from Vehicle,381
2025,14,Thefts,2159
2025,14,Vandalism/Criminal Mischief,435
2025,14,Weapon Violations,70
2025,15,Aggravated Assault Firearm,95
2025,15,Aggravated Assault No Firearm,255
2025,15,All Other Offenses,513
2025,15,Arson,15
2025,15,Burglary Non-Residential,46
2025,15,Burglary Residential,151
2025,15,DRIVING UNDER THE INFLUENCE,5
2025,15,Disorderly Conduct,63
2025,15,Embezzlement,10
2025,15,Forgery and Counterfeiting,6
2025,15,Fraud,688
2025,15,Motor Vehicle Theft,638
2025,15,Narcotic / Drug Law Violations,72
2025,15,Offenses Against Family and Children,28
2025,15,Other Assaults,1485
2025,15,Other Sex Offenses (Not Commercialized),48
2025,15,Prostitution and Commercialized Vice,1
2025,15,Rape,32
2025,15,Receiving Stolen Property,43
2025,15,Robbery Firearm,58
2025,15,Robbery No Firearm,134
2025,15,Theft from Vehicle,439
2025,15,Thefts,2371
2025,15,Vagrancy/Loitering,1
2025,15,Vandalism/Criminal Mischief,569
2025,15,Weapon Violations,66
2025,16,Aggravated Assault Firearm,112
2025,16,Aggravated Assault No Firearm,328
2025,16,All Other Offenses,970
2025,16,Arson,25
2025,16,Burglary Non-Residential,78
2025,16,Burglary Residential,214
2025,16,DRIVING UNDER THE INFLUENCE,26
2025,16,Disorderly Conduct,80
2025,16,Embezzlement,14
2025,16,Forgery and Counterfeiting,8
2025,16,Fraud,1001
2025,16,Gambling Violations,2
2025,16,Motor Vehicle Theft,780
2025,16,Narcotic / Drug Law Violations,145
2025,16,Offenses Against Family and Children,33
2025,16,Other Assaults,2043
2025,16,Other Sex Offenses (Not Commercialized),66
2025,16,Public Drunkenness,4
2025,16,Rape,44
2025,16,Receiving Stolen Property,64
2025,16,Robbery Firearm,56
2025,16,Robbery No Firearm,162
2025,16,Theft from Vehicle,630
2025,16,Thefts,3269
2025,16,Vandalism/Criminal Mischief,787
2025,16,Weapon Violations,94
2025,17,Aggravated Assault Firearm,152
2025,17,Aggravated Assault No Firearm,331
2025,17,All Other Offenses,1342
2025,17,Arson,19
2025,17,Burglary Non-Residential,50
2025,17,Burglary Residential,191
2025,17,DRIVING UNDER THE INFLUENCE,29
2025,17,Disorderly Conduct,79
2025,17,Embezzlement,8
2025,17,Forgery and Counterfeiting,6
2025,17,Fraud,720
2025,17,Gambling Violations,1
2025,17,Liquor Law Violations,1
2025,17,Motor Vehicle Theft,715
2025,17,Narcotic / Drug Law Violations,234
2025,17,Offenses Against Family and Children,39
2025,17,Other Assaults,1882
2025,17,Other Sex Offenses (Not Commercialized),76
2025,17,Prostitution and Commercialized Vice,2
2025,17,Public Drunkenness,12
2025,17,Rape,46
2025,17,Receiving Stolen Property,70
2025,17,Robbery Firearm,55
2025,17,Robbery No Firearm,127
2025,17,Theft from Vehicle,501
2025,17,Thefts,2871
2025,17,Vagrancy/Loitering,1
2025,17,Vandalism/Criminal Mischief,725
2025,17,Weapon Violations,167
2025,18,Aggravated Assault Firearm,120
2025,18,Aggravated Assault No Firearm,297
2025,18,All Other Offenses,1084
2025,18,Arson,20
2025,18,Burglary Non-Residential,29
2025,18,Burglary Residential,160
2025,18,DRIVING UNDER THE INFLUENCE,36
2025,18,Disorderly Conduct,65
2025,18,Embezzlement,9
2025,18,Forgery and Counterfeiting,3
2025,18,Fraud,678
2025,18,Liquor Law Violations,1
2025,18,Motor Vehicle Theft,560
2025,18,Narcotic / Drug Law Violations,284
2025,18,Offenses Against Family and Children,28
2025,18,Other Assaults,1623
2025,18,Other Sex Offenses (Not Commercialized),42
2025,18,Prostitution and Commercialized Vice,2
2025,18,Public Drunkenness,7
2025,18,Rape,37
2025,18,Receiving Stolen Property,64
2025,18,Robbery Firearm,58
2025,18,Robbery No Firearm,146
2025,18,Theft from Vehicle,391
2025,18,Thefts,2508
2025,18,Vagrancy/Loitering,1
2025,18,Vandalism/Criminal Mischief,613
2025,18,Weapon Violations,197
2025,19,Aggravated Assault Firearm,109
2025,19,Aggravated Assault No Firearm,287
2025,19,All Other Offenses,884
2025,19,Arson,24
2025,19,Burglary Non-Residential,27
2025,19,Burglary Residential,135
2025,19,DRIVING UNDER THE INFLUENCE,52
2025,19,Disorderly Conduct,63
2025,19,Embezzlement,1
2025,19,Forgery and Counterfeiting,5
2025,19,Fraud,403
2025,19,Liquor Law Violations,1
2025,19,Motor Vehicle Theft,483
2025,19,Narcotic / Drug Law Violations,245
2025,19,Offenses Against Family and Children,25
2025,19,Other Assaults,1438
2025,19,Other Sex Offenses (Not Commercialized),45
2025,19,Prostitution and Commercialized Vice,39
2025,19,Public Drunkenness,4
2025,19,Rape,42
2025,19,Receiving Stolen Property,61
2025,19,Robbery Firearm,81
2025,19,Robbery No Firearm,129
2025,19,Theft from Vehicle,330
2025,19,Thefts,2094
2025,19,Vandalism/Criminal Mischief,562
2025,19,Weapon Violations,229
2025,20,Aggravated Assault Firearm,137
2025,20,Aggravated Assault No Firearm,293
2025,20,All Other Offenses,655
2025,20,Arson,19
2025,20,Burglary Non-Residential,21
2025,20,Burglary Residential,105
2025,20,DRIVING UNDER THE INFLUENCE,58
2025,20,Disorderly Conduct,70
2025,20,Embezzlement,2
2025,20,Forgery and Counterfeiting,3
2025,20,Fraud,276
2025,20,Liquor Law Violations,3
2025,20,Motor Vehicle Theft,413
2025,20,Narcotic / Drug Law Violations,221
2025,20,Offenses Against Family and Children,10
2025,20,Other Assaults,1326
2025,20,Other Sex Offenses (Not Commercialized),35
2025,20,Prostitution and Commercialized Vice,44
2025,20,Public Drunkenness,2
2025,20,Rape,24
2025,20,Receiving Stolen Property,53
2025,20,Robbery Firearm,74
2025,20,Robbery No Firearm,137
2025,20,Theft from Vehicle,259
2025,20,Thefts,1735
2025,20,Vandalism/Criminal Mischief,494
2025,20,Weapon Violations,214
2025,21,Aggravated Assault Firearm,151
2025,21,Aggravated Assault No Firearm,274
2025,21,All Other Offenses,586
2025,21,Arson,26
2025,21,Burglary Non-Residential,21
2025,21,Burglary Residential,107
2025,21,DRIVING UNDER THE INFLUENCE,65
2025,21,Disorderly Conduct,44
2025,21,Embezzlement,2
2025,21,Forgery and Counterfeiting,2
2025,21,Fraud,162
2025,21,Gambling Violations,1
2025,21,Liquor Law Violations,6
2025,21,Motor Vehicle Theft,320
2025,21,Narcotic / Drug Law Violations,155
2025,21,Offenses Against Family and Children,13
2025,21,Other Assaults,1170
2025,21,Other Sex Offenses (Not Commercialized),25
2025,21,Prostitution and Commercialized Vice,19
2025,21,Public Drunkenness,3
2025,21,Rape,19
2025,21,Receiving Stolen Property,38
2025,21,Robbery Firearm,74
2025,21,Robbery No Firearm,103
2025,21,Theft from Vehicle,206
2025,21,Thefts,1078
2025,21,Vagrancy/Loitering,2
2025,21,Vandalism/Criminal Mischief,465
2025,21,Weapon Violations,229
2025,22,Aggravated Assault Firearm,127
2025,22,Aggravated Assault No Firearm,223
2025,22,All Other Offenses,875
2025,22,Arson,15
2025,22,Burglary Non-Residential,13
2025,22,Burglary Residential,49
2025,22,DRIVING UNDER THE INFLUENCE,47
2025,22,Disorderly Conduct,46
2025,22,Embezzlement,1
2025,22,Fraud,73
2025,22,Liquor Law Violations,4
2025,22,Motor Vehicle Theft,186
2025,22,Narcotic / Drug Law Violations,81
2025,22,Offenses Against Family and Children,7
2025,22,Other Assaults,775
2025,22,Other Sex Offenses (Not Commercialized),18
2025,22,Prostitution and Commercialized Vice,3
2025,22,Rape,12
2025,22,Receiving Stolen Property,13
2025,22,Robbery Firearm,73
2025,22,Robbery No Firearm,70
2025,22,Theft from Vehicle,107
2025,22,Thefts,484
2025,22,Vandalism/Criminal Mischief,290
2025,22,Weapon Violations,152
2025,23,Aggravated Assault Firearm,138
2025,23,Aggravated Assault No Firearm,230
2025,23,All Other Offenses,676
2025,23,Arson,22
2025,23,Burglary Non-Residential,17
2025,23,Burglary Residential,96
2025,23,DRIVING UNDER THE INFLUENCE,42
2025,23,Disorderly Conduct,22
2025,23,Embezzlement,1
2025,23,Fraud,76
2025,23,Liquor Law Violations,1
2025,23,Motor Vehicle Theft,285
2025,23,Narcotic / Drug Law Violations,17
2025,23,Offenses Against Family and Children,7
2025,23,Other Assaults,857
2025,23,Other Sex Offenses (Not Commercialized),17
2025,23,Prostitution and Commercialized Vice,2
2025,23,Rape,32
2025,23,Receiving Stolen Property,24
2025,23,Robbery Firearm,74
2025,23,Robbery No Firearm,85
2025,23,Theft from Vehicle,180
2025,23,Thefts,515
2025,23,Vandalism/Criminal Mischief,400
2025,23,Weapon Violations,95
2026,0,Aggravated Assault Firearm,95
2026,0,Aggravated Assault No Firearm,203
2026,0,All Other Offenses,662
2026,0,Arson,38
2026,0,Burglary Non-Residential,24
2026,0,Burglary Residential,88
2026,0,DRIVING UNDER THE INFLUENCE,60
2026,0,Disorderly Conduct,19
2026,0,Fraud,38
2026,0,Homicide - Criminal,108
2026,0,Liquor Law Violations,2
2026,0,Motor Vehicle Theft,195
2026,0,Narcotic / Drug Law Violations,9
2026,0,Offenses Against Family and Children,5
2026,0,Other Assaults,748
2026,0,Other Sex Offenses (Not Commercialized),12
2026,0,Public Drunkenness,3
2026,0,Rape,20
2026,0,Receiving Stolen Property,20
2026,0,Robbery Firearm,40
2026,0,Robbery No Firearm,83
2026,0,Theft from Vehicle,112
2026,0,Thefts,361
2026,0,Vagrancy/Loitering,1
2026,0,Vandalism/Criminal Mischief,363
2026,0,Weapon Violations,77
2026,1,Aggravated Assault Firearm,60
2026,1,Aggravated Assault No Firearm,182
2026,1,All Other Offenses,627
2026,1,Arson,29
2026,1,Burglary Non-Residential,20
2026,1,Burglary Residential,72
2026,1,DRIVING UNDER THE INFLUENCE,60
2026,1,Disorderly Conduct,31
2026,1,Fraud,15
2026,1,Liquor Law Violations,2
2026,1,Motor Vehicle Theft,147
2026,1,Narcotic / Drug Law Violations,15
2026,1,Offenses Against Family and Children,6
2026,1,Other Assaults,566
2026,1,Other Sex Offenses (Not Commercialized),10
2026,1,Public Drunkenness,5
2026,1,Rape,24
2026,1,Receiving Stolen Property,14
2026,1,Robbery Firearm,36
2026,1,Robbery No Firearm,61
2026,1,Theft from Vehicle,83
2026,1,Thefts,283
2026,1,Vandalism/Criminal Mischief,287
2026,1,Weapon Violations,61
2026,2,Aggravated Assault Firearm,49
2026,2,Aggravated Assault No Firearm,136
2026,2,All Other Offenses,412
2026,2,Arson,29
2026,2,Burglary Non-Residential,27
2026,2,Burglary Residential,53
2026,2,DRIVING UNDER THE INFLUENCE,69
2026,2,Disorderly Conduct,27
2026,2,Fraud,22
2026,2,Liquor Law Violations,2
2026,2,Motor Vehicle Theft,136
2026,2,Narcotic / Drug Law Violations,6
2026,2,Other Assaults,458
2026,2,Other Sex Offenses (Not Commercialized),7
2026,2,Public Drunkenness,2
2026,2,Rape,13
2026,2,Receiving Stolen Property,10
2026,2,Robbery Firearm,38
2026,2,Robbery No Firearm,52
2026,2,Theft from Vehicle,66
2026,2,Thefts,229
2026,2,Vandalism/Criminal Mischief,264
2026,2,Weapon Violations,61
2026,3,Aggravated Assault Firearm,45
2026,3,Aggravated Assault No Firearm,102
2026,3,All Other Offenses,264
2026,3,Arson,26
2026,3,Burglary Non-Residential,31
2026,3,Burglary Residential,45
2026,3,DRIVING UNDER THE INFLUENCE,55
2026,3,Disorderly Conduct,29
2026,3,Fraud,11
2026,3,Liquor Law Violations,7
2026,3,Motor Vehicle Theft,156
2026,3,Narcotic / Drug Law Violations,6
2026,3,Offenses Against Family and Children,2
2026,3,Other Assaults,329
2026,3,Other Sex Offenses (Not Commercialized),9
2026,3,Public Drunkenness,3
2026,3,Rape,9
2026,3,Receiving Stolen Property,6
2026,3,Robbery Firearm,28
2026,3,Robbery No Firearm,49
2026,3,Theft from Vehicle,70
2026,3,Thefts,204
2026,3,Vandalism/Criminal Mischief,199
2026,3,Weapon Violations,31
2026,4,Aggravated Assault Firearm,28
2026,4,Aggravated Assault No Firearm,81
2026,4,All Other Offenses,138
2026,4,Arson,19
2026,4,Burglary Non-Residential,30
2026,4,Burglary Residential,46
2026,4,DRIVING UNDER THE INFLUENCE,36
2026,4,Disorderly Conduct,19
2026,4,Fraud,5
2026,4,Liquor Law Violations,1
2026,4,Motor Vehicle Theft,163
2026,4,Other Assaults,256
2026,4,Other Sex Offenses (Not Commercialized),7
2026,4,Rape,11
2026,4,Receiving Stolen Property,13
2026,4,Robbery Firearm,27
2026,4,Robbery No Firearm,45
2026,4,Theft from Vehicle,76
2026,4,Thefts,179
2026,4,Vagrancy/Loitering,1
2026,4,Vandalism/Criminal Mischief,165
2026,4,Weapon Violations,26
2026,5,Aggravated Assault Firearm,18
2026,5,Aggravated Assault No Firearm,60
2026,5,All Other Offenses,108
2026,5,Arson,13
2026,5,Burglary Non-Residential,18
2026,5,Burglary Residential,30
2026,5,DRIVING UNDER THE INFLUENCE,15
2026,5,Disorderly Conduct,7
2026,5,Fraud,13
2026,5,Motor Vehicle Theft,249
2026,5,Narcotic / Drug Law Violations,5
2026,5,Offenses Against Family and Children,1
2026,5,Other Assaults,206
2026,5,Other Sex Offenses (Not Commercialized),3
2026,5,Rape,12
2026,5,Receiving Stolen Property,7
2026,5,Robbery Firearm,22
2026,5,Robbery No Firearm,32
2026,5,Theft from Vehicle,92
2026,5,Thefts,211
2026,5,Vagrancy/Loitering,1
2026,5,Vandalism/Criminal Mischief,154
2026,5,Weapon Violations,15
2026,6,Aggravated Assault Firearm,15
2026,6,Aggravated Assault No Firearm,71
2026,6,All Other Offenses,392
2026,6,Arson,7
2026,6,Burglary Non-Residential,10
2026,6,Burglary Residential,19
2026,6,DRIVING UNDER THE INFLUENCE,5
2026,6,Disorderly Conduct,57
2026,6,Fraud,19
2026,6,Motor Vehicle Theft,176
2026,6,Narcotic / Drug Law Violations,9
2026,6,Offenses Against Family and Children,1
2026,6,Other Assaults,153
2026,6,Other Sex Offenses (Not Commercialized),12
2026,6,Public Drunkenness,25
2026,6,Rape,5
2026,6,Receiving Stolen Property,4
2026,6,Robbery Firearm,13
2026,6,Robbery No Firearm,23
2026,6,Theft from Vehicle,101
2026,6,Thefts,229
2026,6,Vagrancy/Loitering,229
2026,6,Vandalism/Criminal Mischief,106
2026,6,Weapon Violations,18
2026,7,Aggravated Assault Firearm,20
2026,7,Aggravated Assault No Firearm,89
2026,7,All Other Offenses,253
2026,7,Arson,11
2026,7,Burglary Non-Residential,39
2026,7,Burglary Residential,41
2026,7,DRIVING UNDER THE INFLUENCE,11
2026,7,Disorderly Conduct,40
2026,7,Embezzlement,2
2026,7,Forgery and Counterfeiting,1
2026,7,Fraud,41
2026,7,Motor Vehicle Theft,641
2026,7,Narcotic / Drug Law Violations,5
2026,7,Other Assaults,368
2026,7,Other Sex Offenses (Not Commercialized),56
2026,7,Public Drunkenness,29
2026,7,Rape,15
2026,7,Receiving Stolen Property,19
2026,7,Robbery Firearm,8
2026,7,Robbery No Firearm,40
2026,7,Theft from Vehicle,334
2026,7,Thefts,533
2026,7,Vagrancy/Loitering,157
2026,7,Vandalism/Criminal Mischief,305
2026,7,Weapon Violations,23
2026,8,Aggravated Assault Firearm,42
2026,8,Aggravated Assault No Firearm,142
2026,8,All Other Offenses,378
2026,8,Arson,16
2026,8,Burglary Non-Residential,79
2026,8,Burglary Residential,120
2026,8,DRIVING UNDER THE INFLUENCE,10
2026,8,Disorderly Conduct,18
2026,8,Embezzlement,5
2026,8,Forgery and Counterfeiting,1
2026,8,Fraud,166
2026,8,Motor Vehicle Theft,1125
2026,8,Narcotic / Drug Law Violations,35
2026,8,Offenses Against Family and Children,3
2026,8,Other Assaults,724
2026,8,Other Sex Offenses (Not Commercialized),64
2026,8,Public Drunkenness,22
2026,8,Rape,21
2026,8,Receiving Stolen Property,37
2026,8,Robbery Firearm,20
2026,8,Robbery No Firearm,61
2026,8,Theft from Vehicle,590
2026,8,Thefts,1108
2026,8,Vagrancy/Loitering,31
2026,8,Vandalism/Criminal Mischief,597
2026,8,Weapon Violations,48
2026,9,Aggravated Assault Firearm,42
2026,9,Aggravated Assault No Firearm,188
2026,9,All Other Offenses,1012
2026,9,Arson,7
2026,9,Burglary Non-Residential,95
2026,9,Burglary Residential,149
2026,9,DRIVING UNDER THE INFLUENCE,10
2026,9,Disorderly Conduct,40
2026,9,Embezzlement,9
2026,9,Forgery and Counterfeiting,2
2026,9,Fraud,295
2026,9,Motor Vehicle Theft,994
2026,9,Narcotic / Drug Law Violations,61
2026,9,Offenses Against Family and Children,6
2026,9,Other Assaults,978
2026,9,Other Sex Offenses (Not Commercialized),82
2026,9,Public Drunkenness,22
2026,9,Rape,20
2026,9,Receiving Stolen Property,64
2026,9,Robbery Firearm,21
2026,9,Robbery No Firearm,57
2026,9,Theft from Vehicle,634
2026,9,Thefts,1428
2026,9,Vagrancy/Loitering,23
2026,9,Vandalism/Criminal Mischief,650
2026,9,Weapon Violations,40
2026,10,Aggravated Assault Firearm,50
2026,10,Aggravated Assault No Firearm,211
2026,10,All Other Offenses,818
2026,10,Arson,7
2026,10,Burglary Non-Residential,89
2026,10,Burglary Residential,172
2026,10,DRIVING UNDER THE INFLUENCE,13
2026,10,Disorderly Conduct,41
2026,10,Embezzlement,7
2026,10,Forgery and Counterfeiting,3
2026,10,Fraud,411
2026,10,Motor Vehicle Theft,848
2026,10,Narcotic / Drug Law Violations,85
2026,10,Offenses Against Family and Children,1
2026,10,Other Assaults,1158
2026,10,Other Sex Offenses (Not Commercialized),51
2026,10,Prostitution and Commercialized Vice,8
2026,10,Public Drunkenness,28
2026,10,Rape,15
2026,10,Receiving Stolen Property,72
2026,10,Robbery Firearm,21
2026,10,Robbery No Firearm,73
2026,10,Theft from Vehicle,588
2026,10,Thefts,1711
2026,10,Vagrancy/Loitering,37
2026,10,Vandalism/Criminal Mischief,658
2026,10,Weapon Violations,71
2026,11,Aggravated Assault Firearm,51
2026,11,Aggravated Assault No Firearm,235
2026,11,All Other Offenses,594
2026,11,Arson,9
2026,11,Burglary Non-Residential,62
2026,11,Burglary Residential,166
2026,11,DRIVING UNDER THE INFLUENCE,6
2026,11,Disorderly Conduct,47
2026,11,Embezzlement,9
2026,11,Forgery and Counterfeiting,1
2026,11,Fraud,464
2026,11,Motor Vehicle Theft,737
2026,11,Narcotic / Drug Law Violations,92
2026,11,Offenses Against Family and Children,5
2026,11,Other Assaults,1271
2026,11,Other Sex Offenses (Not Commercialized),57
2026,11,Prostitution and Commercialized Vice,18
2026,11,Public Drunkenness,16
2026,11,Rape,30
2026,11,Receiving Stolen Property,62
2026,11,Robbery Firearm,25
2026,11,Robbery No Firearm,75
2026,11,Theft from Vehicle,497
2026,11,Thefts,1901
2026,11,Vagrancy/Loitering,23
2026,11,Vandalism/Criminal Mischief,591
2026,11,Weapon Violations,69
2026,12,Aggravated Assault Firearm,75
2026,12,Aggravated Assault No Firearm,231
2026,12,All Other Offenses,628
2026,12,Arson,8
2026,12,Burglary Non-Residential,59
2026,12,Burglary Residential,161
2026,12,DRIVING UNDER THE INFLUENCE,8
2026,12,Disorderly Conduct,50
2026,12,Embezzlement,12
2026,12,Forgery and Counterfeiting,9
2026,12,Fraud,484
2026,12,Motor Vehicle Theft,621
2026,12,Narcotic / Drug Law Violations,87
2026,12,Offenses Against Family and Children,9
2026,12,Other Assaults,1287
2026,12,Other Sex Offenses (Not Commercialized),48
2026,12,Prostitution and Commercialized Vice,25
2026,12,Public Drunkenness,16
2026,12,Rape,41
2026,12,Receiving Stolen Property,63
2026,12,Robbery Firearm,23
2026,12,Robbery No Firearm,83
2026,12,Theft from Vehicle,433
2026,12,Thefts,1943
2026,12,Vagrancy/Loitering,22
2026,12,Vandalism/Criminal Mischief,538
2026,12,Weapon Violations,45
2026,13,Aggravated Assault Firearm,78
2026,13,Aggravated Assault No Firearm,223
2026,13,All Other Offenses,662
2026,13,Arson,19
2026,13,Burglary Non-Residential,45
2026,13,Burglary Residential,127
2026,13,DRIVING UNDER THE INFLUENCE,11
2026,13,Disorderly Conduct,24
2026,13,Embezzlement,11
2026,13,Forgery and Counterfeiting,6
2026,13,Fraud,457
2026,13,Motor Vehicle Theft,517
2026,13,Narcotic / Drug Law Violations,65
2026,13,Offenses Against Family and Children,5
2026,13,Other Assaults,1213
2026,13,Other Sex Offenses (Not Commercialized),45
2026,13,Prostitution and Commercialized Vice,23
2026,13,Public Drunkenness,12
2026,13,Rape,29
2026,13,Receiving Stolen Property,47
2026,13,Robbery Firearm,32
2026,13,Robbery No Firearm,62
2026,13,Theft from Vehicle,396
2026,13,Thefts,1880
2026,13,Vagrancy/Loitering,10
2026,13,Vandalism/Criminal Mischief,504
2026,13,Weapon Violations,44
2026,14,Aggravated Assault Firearm,66
2026,14,Aggravated Assault No Firearm,189
2026,14,All Other Offenses,378
2026,14,Arson,4
2026,14,Burglary Non-Residential,19
2026,14,Burglary Residential,82
2026,14,DRIVING UNDER THE INFLUENCE,9
2026,14,Disorderly Conduct,21
2026,14,Embezzlement,7
2026,14,Forgery and Counterfeiting,5
2026,14,Fraud,369
2026,14,Motor Vehicle Theft,361
2026,14,Narcotic / Drug Law Violations,46
2026,14,Offenses Against Family and Children,4
2026,14,Other Assaults,1037
2026,14,Other Sex Offenses (Not Commercialized),30
2026,14,Prostitution and Commercialized Vice,4
2026,14,Public Drunkenness,1
2026,14,Rape,14
2026,14,Receiving Stolen Property,48
2026,14,Robbery Firearm,30
2026,14,Robbery No Firearm,74
2026,14,Theft from Vehicle,319
2026,14,Thefts,1438
2026,14,Vagrancy/Loitering,10
2026,14,Vandalism/Criminal Mischief,349
2026,14,Weapon Violations,35
2026,15,Aggravated Assault Firearm,57
2026,15,Aggravated Assault No Firearm,206
2026,15,All Other Offenses,382
2026,15,Arson,10
2026,15,Burglary Non-Residential,39
2026,15,Burglary Residential,116
2026,15,DRIVING UNDER THE INFLUENCE,7
2026,15,Disorderly Conduct,31
2026,15,Embezzlement,12
2026,15,Fraud,479
2026,15,Motor Vehicle Theft,404
2026,15,Narcotic / Drug Law Violations,24
2026,15,Offenses Against Family and Children,5
2026,15,Other Assaults,1183
2026,15,Other Sex Offenses (Not Commercialized),29
2026,15,Prostitution and Commercialized Vice,1
2026,15,Public Drunkenness,2
2026,15,Rape,33
2026,15,Receiving Stolen Property,35
2026,15,Robbery Firearm,27
2026,15,Robbery No Firearm,72
2026,15,Theft from Vehicle,350
2026,15,Thefts,1730
2026,15,Vagrancy/Loitering,12
2026,15,Vandalism/Criminal Mischief,404
2026,15,Weapon Violations,43
2026,16,Aggravated Assault Firearm,89
2026,16,Aggravated Assault No Firearm,244
2026,16,All Other Offenses,815
2026,16,Arson,9
2026,16,Burglary Non-Residential,44
2026,16,Burglary Residential,195
2026,16,DRIVING UNDER THE INFLUENCE,14
2026,16,Disorderly Conduct,37
2026,16,Embezzlement,12
2026,16,Forgery and Counterfeiting,7
2026,16,Fraud,561
2026,16,Motor Vehicle Theft,578
2026,16,Narcotic / Drug Law Violations,100
2026,16,Offenses Against Family and Children,6
2026,16,Other Assaults,1579
2026,16,Other Sex Offenses (Not Commercialized),42
2026,16,Prostitution and Commercialized Vice,6
2026,16,Public Drunkenness,61
2026,16,Rape,43
2026,16,Receiving Stolen Property,45
2026,16,Robbery Firearm,33
2026,16,Robbery No Firearm,113
2026,16,Theft from Vehicle,450
2026,16,Thefts,2360
2026,16,Vagrancy/Loitering,94
2026,16,Vandalism/Criminal Mischief,611
2026,16,Weapon Violations,61
2026,17,Aggravated Assault Firearm,93
2026,17,Aggravated Assault No Firearm,260
2026,17,All Other Offenses,878
2026,17,Arson,14
2026,17,Burglary Non-Residential,26
2026,17,Burglary Residential,133
2026,17,DRIVING UNDER THE INFLUENCE,33
2026,17,Disorderly Conduct,99
2026,17,Embezzlement,9
2026,17,Forgery and Counterfeiting,5
2026,17,Fraud,439
2026,17,Motor Vehicle Theft,446
2026,17,Narcotic / Drug Law Violations,171
2026,17,Offenses Against Family and Children,11
2026,17,Other Assaults,1446
2026,17,Other Sex Offenses (Not Commercialized),33
2026,17,Prostitution and Commercialized Vice,2
2026,17,Public Drunkenness,82
2026,17,Rape,41
2026,17,Receiving Stolen Property,57
2026,17,Robbery Firearm,44
2026,17,Robbery No Firearm,108
2026,17,Theft from Vehicle,420
2026,17,Thefts,2174
2026,17,Vagrancy/Loitering,129
2026,17,Vandalism/Criminal Mischief,541
2026,17,Weapon Violations,106
2026,18,Aggravated Assault Firearm,111
2026,18,Aggravated Assault No Firearm,249
2026,18,All Other Offenses,733
2026,18,Arson,14
2026,18,Burglary Non-Residential,15
2026,18,Burglary Residential,127
2026,18,DRIVING UNDER THE INFLUENCE,34
2026,18,Disorderly Conduct,75
2026,18,Embezzlement,6
2026,18,Forgery and Counterfeiting,3
2026,18,Fraud,353
2026,18,Liquor Law Violations,1
2026,18,Motor Vehicle Theft,417
2026,18,Narcotic / Drug Law Violations,204
2026,18,Offenses Against Family and Children,11
2026,18,Other Assaults,1294
2026,18,Other Sex Offenses (Not Commercialized),18
2026,18,Public Drunkenness,30
2026,18,Rape,30
2026,18,Receiving Stolen Property,35
2026,18,Robbery Firearm,42
2026,18,Robbery No Firearm,89
2026,18,Theft from Vehicle,320
2026,18,Thefts,1861
2026,18,Vagrancy/Loitering,62
2026,18,Vandalism/Criminal Mischief,475
2026,18,Weapon Violations,124
2026,19,Aggravated Assault Firearm,80
2026,19,Aggravated Assault No Firearm,249
2026,19,All Other Offenses,534
2026,19,Arson,15
2026,19,Burglary Non-Residential,13
2026,19,Burglary Residential,93
2026,19,DRIVING UNDER THE INFLUENCE,47
2026,19,Disorderly Conduct,80
2026,19,Embezzlement,4
2026,19,Forgery and Counterfeiting,2
2026,19,Fraud,245
2026,19,Liquor Law Violations,2
2026,19,Motor Vehicle Theft,377
2026,19,Narcotic / Drug Law Violations,167
2026,19,Offenses Against Family and Children,9
2026,19,Other Assaults,1209
2026,19,Other Sex Offenses (Not Commercialized),18
2026,19,Prostitution and Commercialized Vice,32
2026,19,Public Drunkenness,25
2026,19,Rape,23
2026,19,Receiving Stolen Property,22
2026,19,Robbery Firearm,39
2026,19,Robbery No Firearm,91
2026,19,Theft from Vehicle,261
2026,19,Thefts,1563
2026,19,Vagrancy/Loitering,59
2026,19,Vandalism/Criminal Mischief,413
2026,19,Weapon Violations,171
2026,20,Aggravated Assault Firearm,79
2026,20,Aggravated Assault No Firearm,237
2026,20,All Other Offenses,511
2026,20,Arson,16
2026,20,Burglary Non-Residential,17
2026,20,Burglary Residential,89
2026,20,DRIVING UNDER THE INFLUENCE,60
2026,20,Disorderly Conduct,82
2026,20,Forgery and Counterfeiting,3
2026,20,Fraud,197
2026,20,Liquor Law Violations,7
2026,20,Motor Vehicle Theft,274
2026,20,Narcotic / Drug Law Violations,165
2026,20,Offenses Against Family and Children,2
2026,20,Other Assaults,1149
2026,20,Other Sex Offenses (Not Commercialized),21
2026,20,Prostitution and Commercialized Vice,52
2026,20,Public Drunkenness,18
2026,20,Rape,21
2026,20,Receiving Stolen Property,40
2026,20,Robbery Firearm,42
2026,20,Robbery No Firearm,89
2026,20,Theft from Vehicle,207
2026,20,Thefts,1344
2026,20,Vagrancy/Loitering,23
2026,20,Vandalism/Criminal Mischief,417
2026,20,Weapon Violations,145
2026,21,Aggravated Assault Firearm,89
2026,21,Aggravated Assault No Firearm,235
2026,21,All Other Offenses,419
2026,21,Arson,20
2026,21,Burglary Non-Residential,15
2026,21,Burglary Residential,85
2026,21,DRIVING UNDER THE INFLUENCE,102
2026,21,Disorderly Conduct,61
2026,21,Embezzlement,3
2026,21,Forgery and Counterfeiting,1
2026,21,Fraud,119
2026,21,Liquor Law Violations,8
2026,21,Motor Vehicle Theft,234
2026,21,Narcotic / Drug Law Violations,114
2026,21,Offenses Against Family and Children,8
2026,21,Other Assaults,962
2026,21,Other Sex Offenses (Not Commercialized),23
2026,21,Prostitution and Commercialized Vice,10
2026,21,Public Drunkenness,2
2026,21,Rape,26
2026,21,Receiving Stolen Property,31
2026,21,Robbery Firearm,45
2026,21,Robbery No Firearm,89
2026,21,Theft from Vehicle,136
2026,21,Thefts,913
2026,21,Vagrancy/Loitering,6
2026,21,Vandalism/Criminal Mischief,357
2026,21,Weapon Violations,151
2026,22,Aggravated Assault Firearm,77
2026,22,Aggravated Assault No Firearm,164
2026,22,All Other Offenses,918
2026,22,Arson,11
2026,22,Burglary Non-Residential,8
2026,22,Burglary Residential,63
2026,22,DRIVING UNDER THE INFLUENCE,79
2026,22,Disorderly Conduct,75
2026,22,Embezzlement,1
2026,22,Fraud,39
2026,22,Liquor Law Violations,3
2026,22,Motor Vehicle Theft,162
2026,22,Narcotic / Drug Law Violations,84
2026,22,Offenses Against Family and Children,5
2026,22,Other Assaults,657
2026,22,Other Sex Offenses (Not Commercialized),11
2026,22,Prostitution and Commercialized Vice,9
2026,22,Public Drunkenness,2
2026,22,Rape,16
2026,22,Receiving Stolen Property,16
2026,22,Robbery Firearm,40
2026,22,Robbery No Firearm,60
2026,22,Theft from Vehicle,66
2026,22,Thefts,396
2026,22,Vagrancy/Loitering,3
2026,22,Vandalism/Criminal Mischief,217
2026,22,Weapon Violations,133
2026,23,Aggravated Assault Firearm,86
2026,23,Aggravated Assault No Firearm,185
2026,23,All Other Offenses,619
2026,23,Arson,24
2026,23,Burglary Non-Residential,7
2026,23,Burglary Residential,62
2026,23,DRIVING UNDER THE INFLUENCE,36
2026,23,Disorderly Conduct,39
2026,23,Forgery and Counterfeiting,1
2026,23,Fraud,54
2026,23,Motor Vehicle Theft,198
2026,23,Narcotic / Drug Law Violations,16
2026,23,Offenses Against Family and Children,4
2026,23,Other Assaults,609
2026,23,Other Sex Offenses (Not Commercialized),11
2026,23,Public Drunkenness,1
2026,23,Rape,14
2026,23,Receiving Stolen Property,10
2026,23,Robbery Firearm,45
2026,23,Robbery No Firearm,61
2026,23,Theft from Vehicle,115
2026,23,Thefts,378
2026,23,Vagrancy/Loitering,2
2026,23,Vandalism/Criminal Mischief,261
2026,23,Weapon Violations,81
