year,month,crime_type,incidents
2006,1,Aggravated Assault Firearm,265
2006,1,Aggravated Assault No Firearm,451
2006,1,All Other Offenses,4220
2006,1,Arson,41
2006,1,Burglary Non-Residential,243
2006,1,Burglary Residential,658
2006,1,DRIVING UNDER THE INFLUENCE,414
2006,1,Disorderly Conduct,376
2006,1,Embezzlement,34
2006,1,Forgery and Counterfeiting,69
2006,1,Fraud,768
2006,1,Gambling Violations,9
2006,1,Homicide - Criminal,27
2006,1,Liquor Law Violations,29
2006,1,Motor Vehicle Theft,648
2006,1,Narcotic / Drug Law Violations,1190
2006,1,Offenses Against Family and Children,19
2006,1,Other Assaults,2134
2006,1,Other Sex Offenses (Not Commercialized),152
2006,1,Prostitution and Commercialized Vice,97
2006,1,Public Drunkenness,35
2006,1,Rape,95
2006,1,Receiving Stolen Property,14
2006,1,Robbery Firearm,413
2006,1,Robbery No Firearm,445
2006,1,Theft from Vehicle,1368
2006,1,Thefts,1553
2006,1,Vagrancy/Loitering,55
2006,1,Vandalism/Criminal Mischief,1884
2006,1,Weapon Violations,211
2006,2,Aggravated Assault Firearm,190
2006,2,Aggravated Assault No Firearm,449
2006,2,All Other Offenses,3372
2006,2,Arson,40
2006,2,Burglary Non-Residential,186
2006,2,Burglary Residential,481
2006,2,DRIVING UNDER THE INFLUENCE,384
2006,2,Disorderly Conduct,287
2006,2,Embezzlement,35
2006,2,Forgery and Counterfeiting,71
2006,2,Fraud,725
2006,2,Gambling Violations,11
2006,2,Homicide - Criminal,20
2006,2,Liquor Law Violations,18
2006,2,Motor Vehicle Theft,533
2006,2,Narcotic / Drug Law Violations,1103
2006,2,Offenses Against Family and Children,12
2006,2,Other Assaults,1825
2006,2,Other Sex Offenses (Not Commercialized),140
2006,2,Prostitution and Commercialized Vice,79
2006,2,Public Drunkenness,23
2006,2,Rape,60
2006,2,Receiving Stolen Property,7
2006,2,Robbery Firearm,282
2006,2,Robbery No Firearm,351
2006,2,Theft from Vehicle,1084
2006,2,Thefts,1302
2006,2,Vagrancy/Loitering,46
2006,2,Vandalism/Criminal Mischief,1508
2006,2,Weapon Violations,185
2006,3,Aggravated Assault Firearm,255
2006,3,Aggravated Assault No Firearm,595
2006,3,All Other Offenses,3639
2006,3,Arson,51
2006,3,Burglary Non-Residential,208
2006,3,Burglary Residential,628
2006,3,DRIVING UNDER THE INFLUENCE,390
2006,3,Disorderly Conduct,337
2006,3,Embezzlement,33
2006,3,Forgery and Counterfeiting,59
2006,3,Fraud,765
2006,3,Gambling Violations,10
2006,3,Homicide - Criminal,31
2006,3,Liquor Law Violations,26
2006,3,Motor Vehicle Theft,617
2006,3,Narcotic / Drug Law Violations,1270
2006,3,Offenses Against Family and Children,11
2006,3,Other Assaults,2405
2006,3,Other Sex Offenses (Not Commercialized),130
2006,3,Prostitution and Commercialized Vice,85
2006,3,Public Drunkenness,21
2006,3,Rape,77
2006,3,Receiving Stolen Property,10
2006,3,Robbery Firearm,312
2006,3,Robbery No Firearm,429
2006,3,Theft from Vehicle,1274
2006,3,Thefts,1547
2006,3,Vagrancy/Loitering,51
2006,3,Vandalism/Criminal Mischief,1845
2006,3,Weapon Violations,234
2006,4,Aggravated Assault Firearm,272
2006,4,Aggravated Assault No Firearm,574
2006,4,All Other Offenses,4344
2006,4,Arson,54
2006,4,Burglary Non-Residential,197
2006,4,Burglary Residential,578
2006,4,DRIVING UNDER THE INFLUENCE,367
2006,4,Disorderly Conduct,330
2006,4,Embezzlement,34
2006,4,Forgery and Counterfeiting,61
2006,4,Fraud,712
2006,4,Gambling Violations,20
2006,4,Homicide - Criminal,37
2006,4,Liquor Law Violations,92
2006,4,Motor Vehicle Theft,655
2006,4,Narcotic / Drug Law Violations,1195
2006,4,Offenses Against Family and Children,16
2006,4,Other Assaults,2298
2006,4,Other Sex Offenses (Not Commercialized),140
2006,4,Prostitution and Commercialized Vice,99
2006,4,Public Drunkenness,20
2006,4,Rape,89
2006,4,Receiving Stolen Property,11
2006,4,Robbery Firearm,384
2006,4,Robbery No Firearm,402
2006,4,Theft from Vehicle,1124
2006,4,Thefts,1561
2006,4,Vagrancy/Loitering,42
2006,4,Vandalism/Criminal Mischief,1847
2006,4,Weapon Violations,126
2006,5,Aggravated Assault Firearm,342
2006,5,Aggravated Assault No Firearm,616
2006,5,All Other Offenses,3670
2006,5,Arson,68
2006,5,Burglary Non-Residential,293
2006,5,Burglary Residential,696
2006,5,DRIVING UNDER THE INFLUENCE,314
2006,5,Disorderly Conduct,384
2006,5,Embezzlement,28
2006,5,Forgery and Counterfeiting,67
2006,5,Fraud,787
2006,5,Gambling Violations,22
2006,5,Homicide - Criminal,32
2006,5,Liquor Law Violations,76
2006,5,Motor Vehicle Theft,710
2006,5,Narcotic / Drug Law Violations,1090
2006,5,Offenses Against Family and Children,22
2006,5,Other Assaults,2450
2006,5,Other Sex Offenses (Not Commercialized),164
2006,5,Prostitution and Commercialized Vice,138
2006,5,Public Drunkenness,23
2006,5,Rape,86
2006,5,Receiving Stolen Property,13
2006,5,Robbery Firearm,386
2006,5,Robbery No Firearm,502
2006,5,Theft from Vehicle,1406
2006,5,Thefts,1898
2006,5,Vagrancy/Loitering,37
2006,5,Vandalism/Criminal Mischief,2110
2006,5,Weapon Violations,222
2006,6,Aggravated Assault Firearm,279
2006,6,Aggravated Assault No Firearm,643
2006,6,All Other Offenses,4944
2006,6,Arson,53
2006,6,Burglary Non-Residential,252
2006,6,Burglary Residential,661
2006,6,DRIVING UNDER THE INFLUENCE,300
2006,6,Disorderly Conduct,321
2006,6,Embezzlement,42
2006,6,Forgery and Counterfeiting,43
2006,6,Fraud,762
2006,6,Gambling Violations,15
2006,6,Homicide - Criminal,31
2006,6,Homicide - Justifiable,1
2006,6,Liquor Law Violations,32
2006,6,Motor Vehicle Theft,740
2006,6,Narcotic / Drug Law Violations,1037
2006,6,Offenses Against Family and Children,20
2006,6,Other Assaults,2196
2006,6,Other Sex Offenses (Not Commercialized),134
2006,6,Prostitution and Commercialized Vice,115
2006,6,Public Drunkenness,17
2006,6,Rape,80
2006,6,Receiving Stolen Property,14
2006,6,Robbery Firearm,390
2006,6,Robbery No Firearm,483
2006,6,Theft from Vehicle,1400
2006,6,Thefts,1823
2006,6,Vagrancy/Loitering,56
2006,6,Vandalism/Criminal Mischief,1930
2006,6,Weapon Violations,129
2006,7,Aggravated Assault Firearm,328
2006,7,Aggravated Assault No Firearm,608
2006,7,All Other Offenses,4890
2006,7,Arson,42
2006,7,Burglary Non-Residential,218
2006,7,Burglary Residential,816
2006,7,DRIVING UNDER THE INFLUENCE,302
2006,7,Disorderly Conduct,342
2006,7,Embezzlement,46
2006,7,Forgery and Counterfeiting,53
2006,7,Fraud,789
2006,7,Gambling Violations,26
2006,7,Homicide - Criminal,48
2006,7,Liquor Law Violations,19
2006,7,Motor Vehicle Theft,829
2006,7,Narcotic / Drug Law Violations,951
2006,7,Offenses Against Family and Children,18
2006,7,Other Assaults,2261
2006,7,Other Sex Offenses (Not Commercialized),146
2006,7,Prostitution and Commercialized Vice,90
2006,7,Public Drunkenness,13
2006,7,Rape,104
2006,7,Receiving Stolen Property,10
2006,7,Robbery Firearm,467
2006,7,Robbery No Firearm,411
2006,7,Theft from Vehicle,1520
2006,7,Thefts,1891
2006,7,Vagrancy/Loitering,55
2006,7,Vandalism/Criminal Mischief,2120
2006,7,Weapon Violations,146
2006,8,Aggravated Assault Firearm,288
2006,8,Aggravated Assault No Firearm,648
2006,8,All Other Offenses,5289
2006,8,Arson,50
2006,8,Burglary Non-Residential,244
2006,8,Burglary Residential,873
2006,8,DRIVING UNDER THE INFLUENCE,317
2006,8,Disorderly Conduct,302
2006,8,Embezzlement,51
2006,8,Forgery and Counterfeiting,48
2006,8,Fraud,867
2006,8,Gambling Violations,18
2006,8,Homicide - Criminal,27
2006,8,Liquor Law Violations,61
2006,8,Motor Vehicle Theft,885
2006,8,Narcotic / Drug Law Violations,1118
2006,8,Offenses Against Family and Children,15
2006,8,Other Assaults,2039
2006,8,Other Sex Offenses (Not Commercialized),141
2006,8,Prostitution and Commercialized Vice,158
2006,8,Public Drunkenness,20
2006,8,Rape,94
2006,8,Receiving Stolen Property,11
2006,8,Robbery Firearm,470
2006,8,Robbery No Firearm,445
2006,8,Theft from Vehicle,1503
2006,8,Thefts,2005
2006,8,Vagrancy/Loitering,92
2006,8,Vandalism/Criminal Mischief,2131
2006,8,Weapon Violations,118
2006,9,Aggravated Assault Firearm,267
2006,9,Aggravated Assault No Firearm,637
2006,9,All Other Offenses,3650
2006,9,Arson,41
2006,9,Burglary Non-Residential,236
2006,9,Burglary Residential,759
2006,9,DRIVING UNDER THE INFLUENCE,388
2006,9,Disorderly Conduct,398
2006,9,Embezzlement,41
2006,9,Forgery and Counterfeiting,46
2006,9,Fraud,744
2006,9,Gambling Violations,20
2006,9,Homicide - Criminal,32
2006,9,Liquor Law Violations,51
2006,9,Motor Vehicle Theft,751
2006,9,Narcotic / Drug Law Violations,1005
2006,9,Offenses Against Family and Children,20
2006,9,Other Assaults,2204
2006,9,Other Sex Offenses (Not Commercialized),135
2006,9,Prostitution and Commercialized Vice,154
2006,9,Public Drunkenness,20
2006,9,Rape,79
2006,9,Receiving Stolen Property,13
2006,9,Robbery Firearm,364
2006,9,Robbery No Firearm,438
2006,9,Theft from Vehicle,1638
2006,9,Thefts,1881
2006,9,Vagrancy/Loitering,89
2006,9,Vandalism/Criminal Mischief,1868
2006,9,Weapon Violations,174
2006,10,Aggravated Assault Firearm,302
2006,10,Aggravated Assault No Firearm,578
2006,10,All Other Offenses,4004
2006,10,Arson,69
2006,10,Burglary Non-Residential,194
2006,10,Burglary Residential,793
2006,10,DRIVING UNDER THE INFLUENCE,401
2006,10,Disorderly Conduct,440
2006,10,Embezzlement,37
2006,10,Forgery and Counterfeiting,57
2006,10,Fraud,713
2006,10,Gambling Violations,13
2006,10,Homicide - Criminal,40
2006,10,Homicide - Justifiable,1
2006,10,Liquor Law Violations,39
2006,10,Motor Vehicle Theft,765
2006,10,Narcotic / Drug Law Violations,1080
2006,10,Offenses Against Family and Children,13
2006,10,Other Assaults,2323
2006,10,Other Sex Offenses (Not Commercialized),136
2006,10,Prostitution and Commercialized Vice,122
2006,10,Public Drunkenness,20
2006,10,Rape,83
2006,10,Receiving Stolen Property,10
2006,10,Robbery Firearm,532
2006,10,Robbery No Firearm,503
2006,10,Theft from Vehicle,1690
2006,10,Thefts,1930
2006,10,Vagrancy/Loitering,56
2006,10,Vandalism/Criminal Mischief,2087
2006,10,Weapon Violations,209
2006,11,Aggravated Assault Firearm,208
2006,11,Aggravated Assault No Firearm,567
2006,11,All Other Offenses,3540
2006,11,Arson,52
2006,11,Burglary Non-Residential,168
2006,11,Burglary Residential,773
2006,11,DRIVING UNDER THE INFLUENCE,375
2006,11,Disorderly Conduct,406
2006,11,Embezzlement,39
2006,11,Forgery and Counterfeiting,50
2006,11,Fraud,764
2006,11,Gambling Violations,14
2006,11,Homicide - Criminal,33
2006,11,Liquor Law Violations,47
2006,11,Motor Vehicle Theft,776
2006,11,Narcotic / Drug Law Violations,1145
2006,11,Offenses Against Family and Children,8
2006,11,Other Assaults,2112
2006,11,Other Sex Offenses (Not Commercialized),132
2006,11,Prostitution and Commercialized Vice,91
2006,11,Public Drunkenness,17
2006,11,Rape,70
2006,11,Receiving Stolen Property,8
2006,11,Robbery Firearm,517
2006,11,Robbery No Firearm,504
2006,11,Theft from Vehicle,1495
2006,11,Thefts,1706
2006,11,Vagrancy/Loitering,57
2006,11,Vandalism/Criminal Mischief,1928
2006,11,Weapon Violations,193
2006,12,Aggravated Assault Firearm,238
2006,12,Aggravated Assault No Firearm,514
2006,12,All Other Offenses,3399
2006,12,Arson,48
2006,12,Burglary Non-Residential,196
2006,12,Burglary Residential,770
2006,12,DRIVING UNDER THE INFLUENCE,430
2006,12,Disorderly Conduct,347
2006,12,Embezzlement,38
2006,12,Forgery and Counterfeiting,44
2006,12,Fraud,723
2006,12,Gambling Violations,2
2006,12,Homicide - Criminal,33
2006,12,Liquor Law Violations,27
2006,12,Motor Vehicle Theft,732
2006,12,Narcotic / Drug Law Violations,1189
2006,12,Offenses Against Family and Children,11
2006,12,Other Assaults,2067
2006,12,Other Sex Offenses (Not Commercialized),139
2006,12,Prostitution and Commercialized Vice,95
2006,12,Public Drunkenness,20
2006,12,Rape,84
2006,12,Receiving Stolen Property,14
2006,12,Robbery Firearm,450
2006,12,Robbery No Firearm,465
2006,12,Theft from Vehicle,1472
2006,12,Thefts,1744
2006,12,Vagrancy/Loitering,49
2006,12,Vandalism/Criminal Mischief,1856
2006,12,Weapon Violations,179
2007,1,Aggravated Assault Firearm,235
2007,1,Aggravated Assault No Firearm,432
2007,1,All Other Offenses,3102
2007,1,Arson,45
2007,1,Burglary Non-Residential,196
2007,1,Burglary Residential,803
2007,1,DRIVING UNDER THE INFLUENCE,363
2007,1,Disorderly Conduct,350
2007,1,Embezzlement,50
2007,1,Forgery and Counterfeiting,58
2007,1,Fraud,794
2007,1,Gambling Violations,9
2007,1,Homicide - Criminal,32
2007,1,Liquor Law Violations,30
2007,1,Motor Vehicle Theft,720
2007,1,Narcotic / Drug Law Violations,1207
2007,1,Offenses Against Family and Children,16
2007,1,Other Assaults,2117
2007,1,Other Sex Offenses (Not Commercialized),138
2007,1,Prostitution and Commercialized Vice,146
2007,1,Public Drunkenness,16
2007,1,Rape,71
2007,1,Receiving Stolen Property,11
2007,1,Robbery Firearm,454
2007,1,Robbery No Firearm,496
2007,1,Theft from Vehicle,1359
2007,1,Thefts,1650
2007,1,Vagrancy/Loitering,51
2007,1,Vandalism/Criminal Mischief,1686
2007,1,Weapon Violations,196
2007,2,Aggravated Assault Firearm,178
2007,2,Aggravated Assault No Firearm,378
2007,2,All Other Offenses,2574
2007,2,Arson,35
2007,2,Burglary Non-Residential,130
2007,2,Burglary Residential,539
2007,2,DRIVING UNDER THE INFLUENCE,348
2007,2,Disorderly Conduct,291
2007,2,Embezzlement,31
2007,2,Forgery and Counterfeiting,53
2007,2,Fraud,654
2007,2,Gambling Violations,6
2007,2,Homicide - Criminal,29
2007,2,Liquor Law Violations,25
2007,2,Motor Vehicle Theft,600
2007,2,Narcotic / Drug Law Violations,1014
2007,2,Offenses Against Family and Children,14
2007,2,Other Assaults,1808
2007,2,Other Sex Offenses (Not Commercialized),118
2007,2,Prostitution and Commercialized Vice,80
2007,2,Public Drunkenness,16
2007,2,Rape,75
2007,2,Receiving Stolen Property,4
2007,2,Robbery Firearm,288
2007,2,Robbery No Firearm,324
2007,2,Theft from Vehicle,963
2007,2,Thefts,1251
2007,2,Vagrancy/Loitering,37
2007,2,Vandalism/Criminal Mischief,1290
2007,2,Weapon Violations,155
2007,3,Aggravated Assault Firearm,228
2007,3,Aggravated Assault No Firearm,554
2007,3,All Other Offenses,3580
2007,3,Arson,48
2007,3,Burglary Non-Residential,158
2007,3,Burglary Residential,600
2007,3,DRIVING UNDER THE INFLUENCE,465
2007,3,Disorderly Conduct,398
2007,3,Embezzlement,27
2007,3,Forgery and Counterfeiting,54
2007,3,Fraud,798
2007,3,Gambling Violations,13
2007,3,Homicide - Criminal,38
2007,3,Homicide - Justifiable,1
2007,3,Liquor Law Violations,51
2007,3,Motor Vehicle Theft,676
2007,3,Narcotic / Drug Law Violations,1273
2007,3,Offenses Against Family and Children,10
2007,3,Other Assaults,2373
2007,3,Other Sex Offenses (Not Commercialized),152
2007,3,Prostitution and Commercialized Vice,117
2007,3,Public Drunkenness,26
2007,3,Rape,98
2007,3,Receiving Stolen Property,7
2007,3,Robbery Firearm,274
2007,3,Robbery No Firearm,418
2007,3,Theft from Vehicle,1319
2007,3,Thefts,1557
2007,3,Vagrancy/Loitering,49
2007,3,Vandalism/Criminal Mischief,1761
2007,3,Weapon Violations,203
2007,4,Aggravated Assault Firearm,225
2007,4,Aggravated Assault No Firearm,538
2007,4,All Other Offenses,3797
2007,4,Arson,47
2007,4,Burglary Non-Residential,205
2007,4,Burglary Residential,634
2007,4,DRIVING UNDER THE INFLUENCE,490
2007,4,Disorderly Conduct,340
2007,4,Embezzlement,46
2007,4,Forgery and Counterfeiting,52
2007,4,Fraud,844
2007,4,Gambling Violations,10
2007,4,Homicide - Criminal,31
2007,4,Homicide - Justifiable,1
2007,4,Liquor Law Violations,47
2007,4,Motor Vehicle Theft,645
2007,4,Narcotic / Drug Law Violations,1203
2007,4,Offenses Against Family and Children,14
2007,4,Other Assaults,2272
2007,4,Other Sex Offenses (Not Commercialized),149
2007,4,Prostitution and Commercialized Vice,100
2007,4,Public Drunkenness,19
2007,4,Rape,69
2007,4,Receiving Stolen Property,10
2007,4,Robbery Firearm,320
2007,4,Robbery No Firearm,402
2007,4,Theft from Vehicle,1468
2007,4,Thefts,1610
2007,4,Vagrancy/Loitering,28
2007,4,Vandalism/Criminal Mischief,1901
2007,4,Weapon Violations,170
2007,5,Aggravated Assault Firearm,276
2007,5,Aggravated Assault No Firearm,647
2007,5,All Other Offenses,3792
2007,5,Arson,73
2007,5,Burglary Non-Residential,242
2007,5,Burglary Residential,750
2007,5,DRIVING UNDER THE INFLUENCE,410
2007,5,Disorderly Conduct,432
2007,5,Embezzlement,40
2007,5,Forgery and Counterfeiting,66
2007,5,Fraud,865
2007,5,Gambling Violations,21
2007,5,Homicide - Criminal,26
2007,5,Liquor Law Violations,66
2007,5,Motor Vehicle Theft,515
2007,5,Narcotic / Drug Law Violations,1274
2007,5,Offenses Against Family and Children,13
2007,5,Other Assaults,2595
2007,5,Other Sex Offenses (Not Commercialized),175
2007,5,Prostitution and Commercialized Vice,123
2007,5,Public Drunkenness,24
2007,5,Rape,108
2007,5,Receiving Stolen Property,7
2007,5,Robbery Firearm,360
2007,5,Robbery No Firearm,466
2007,5,Theft from Vehicle,1628
2007,5,Thefts,1838
2007,5,Vagrancy/Loitering,46
2007,5,Vandalism/Criminal Mischief,1924
2007,5,Weapon Violations,169
2007,6,Aggravated Assault Firearm,267
2007,6,Aggravated Assault No Firearm,615
2007,6,All Other Offenses,3517
2007,6,Arson,45
2007,6,Burglary Non-Residential,217
2007,6,Burglary Residential,685
2007,6,DRIVING UNDER THE INFLUENCE,415
2007,6,Disorderly Conduct,319
2007,6,Embezzlement,44
2007,6,Forgery and Counterfeiting,62
2007,6,Fraud,828
2007,6,Gambling Violations,16
2007,6,Homicide - Criminal,39
2007,6,Liquor Law Violations,82
2007,6,Motor Vehicle Theft,558
2007,6,Narcotic / Drug Law Violations,1157
2007,6,Offenses Against Family and Children,12
2007,6,Other Assaults,2193
2007,6,Other Sex Offenses (Not Commercialized),145
2007,6,Prostitution and Commercialized Vice,120
2007,6,Public Drunkenness,16
2007,6,Rape,81
2007,6,Receiving Stolen Property,7
2007,6,Robbery Firearm,331
2007,6,Robbery No Firearm,473
2007,6,Theft from Vehicle,1493
2007,6,Thefts,1877
2007,6,Vagrancy/Loitering,49
2007,6,Vandalism/Criminal Mischief,1951
2007,6,Weapon Violations,127
2007,7,Aggravated Assault Firearm,289
2007,7,Aggravated Assault No Firearm,606
2007,7,All Other Offenses,4166
2007,7,Arson,55
2007,7,Burglary Non-Residential,247
2007,7,Burglary Residential,774
2007,7,DRIVING UNDER THE INFLUENCE,375
2007,7,Disorderly Conduct,329
2007,7,Embezzlement,39
2007,7,Forgery and Counterfeiting,70
2007,7,Fraud,860
2007,7,Gambling Violations,10
2007,7,Homicide - Criminal,39
2007,7,Liquor Law Violations,66
2007,7,Motor Vehicle Theft,485
2007,7,Narcotic / Drug Law Violations,1223
2007,7,Offenses Against Family and Children,24
2007,7,Other Assaults,2130
2007,7,Other Sex Offenses (Not Commercialized),132
2007,7,Prostitution and Commercialized Vice,83
2007,7,Public Drunkenness,15
2007,7,Rape,89
2007,7,Receiving Stolen Property,3
2007,7,Robbery Firearm,446
2007,7,Robbery No Firearm,462
2007,7,Theft from Vehicle,1473
2007,7,Thefts,1987
2007,7,Vagrancy/Loitering,51
2007,7,Vandalism/Criminal Mischief,2083
2007,7,Weapon Violations,119
2007,8,Aggravated Assault Firearm,249
2007,8,Aggravated Assault No Firearm,540
2007,8,All Other Offenses,4413
2007,8,Arson,73
2007,8,Burglary Non-Residential,235
2007,8,Burglary Residential,780
2007,8,DRIVING UNDER THE INFLUENCE,373
2007,8,Disorderly Conduct,306
2007,8,Embezzlement,41
2007,8,Forgery and Counterfeiting,53
2007,8,Fraud,899
2007,8,Gambling Violations,18
2007,8,Homicide - Criminal,31
2007,8,Liquor Law Violations,90
2007,8,Motor Vehicle Theft,500
2007,8,Narcotic / Drug Law Violations,1324
2007,8,Offenses Against Family and Children,19
2007,8,Other Assaults,1952
2007,8,Other Sex Offenses (Not Commercialized),138
2007,8,Prostitution and Commercialized Vice,107
2007,8,Public Drunkenness,24
2007,8,Rape,73
2007,8,Receiving Stolen Property,13
2007,8,Robbery Firearm,388
2007,8,Robbery No Firearm,446
2007,8,Theft from Vehicle,1486
2007,8,Thefts,1929
2007,8,Vagrancy/Loitering,60
2007,8,Vandalism/Criminal Mischief,1953
2007,8,Weapon Violations,110
2007,9,Aggravated Assault Firearm,275
2007,9,Aggravated Assault No Firearm,574
2007,9,All Other Offenses,3577
2007,9,Arson,57
2007,9,Burglary Non-Residential,227
2007,9,Burglary Residential,713
2007,9,DRIVING UNDER THE INFLUENCE,480
2007,9,Disorderly Conduct,326
2007,9,Embezzlement,52
2007,9,Forgery and Counterfeiting,59
2007,9,Fraud,879
2007,9,Gambling Violations,12
2007,9,Homicide - Criminal,26
2007,9,Liquor Law Violations,72
2007,9,Motor Vehicle Theft,459
2007,9,Narcotic / Drug Law Violations,1283
2007,9,Offenses Against Family and Children,27
2007,9,Other Assaults,2157
2007,9,Other Sex Offenses (Not Commercialized),111
2007,9,Prostitution and Commercialized Vice,99
2007,9,Public Drunkenness,30
2007,9,Rape,94
2007,9,Receiving Stolen Property,3
2007,9,Robbery Firearm,396
2007,9,Robbery No Firearm,441
2007,9,Theft from Vehicle,1385
2007,9,Thefts,1778
2007,9,Vagrancy/Loitering,37
2007,9,Vandalism/Criminal Mischief,1850
2007,9,Weapon Violations,165
2007,10,Aggravated Assault Firearm,208
2007,10,Aggravated Assault No Firearm,575
2007,10,All Other Offenses,3110
2007,10,Arson,46
2007,10,Burglary Non-Residential,225
2007,10,Burglary Residential,757
2007,10,DRIVING UNDER THE INFLUENCE,409
2007,10,Disorderly Conduct,340
2007,10,Embezzlement,51
2007,10,Forgery and Counterfeiting,69
2007,10,Fraud,873
2007,10,Gambling Violations,12
2007,10,Homicide - Criminal,27
2007,10,Homicide - Justifiable,1
2007,10,Liquor Law Violations,29
2007,10,Motor Vehicle Theft,499
2007,10,Narcotic / Drug Law Violations,1343
2007,10,Offenses Against Family and Children,34
2007,10,Other Assaults,2403
2007,10,Other Sex Offenses (Not Commercialized),165
2007,10,Prostitution and Commercialized Vice,83
2007,10,Public Drunkenness,30
2007,10,Rape,99
2007,10,Receiving Stolen Property,10
2007,10,Robbery Firearm,392
2007,10,Robbery No Firearm,498
2007,10,Theft from Vehicle,1546
2007,10,Thefts,1929
2007,10,Vagrancy/Loitering,36
2007,10,Vandalism/Criminal Mischief,1923
2007,10,Weapon Violations,172
2007,11,Aggravated Assault Firearm,186
2007,11,Aggravated Assault No Firearm,449
2007,11,All Other Offenses,2675
2007,11,Arson,40
2007,11,Burglary Non-Residential,281
2007,11,Burglary Residential,764
2007,11,DRIVING UNDER THE INFLUENCE,508
2007,11,Disorderly Conduct,330
2007,11,Embezzlement,36
2007,11,Forgery and Counterfeiting,52
2007,11,Fraud,829
2007,11,Gambling Violations,7
2007,11,Homicide - Criminal,31
2007,11,Liquor Law Violations,31
2007,11,Motor Vehicle Theft,460
2007,11,Narcotic / Drug Law Violations,1152
2007,11,Offenses Against Family and Children,29
2007,11,Other Assaults,1914
2007,11,Other Sex Offenses (Not Commercialized),139
2007,11,Prostitution and Commercialized Vice,125
2007,11,Public Drunkenness,36
2007,11,Rape,79
2007,11,Receiving Stolen Property,5
2007,11,Robbery Firearm,386
2007,11,Robbery No Firearm,441
2007,11,Theft from Vehicle,1532
2007,11,Thefts,1641
2007,11,Vagrancy/Loitering,44
2007,11,Vandalism/Criminal Mischief,1763
2007,11,Weapon Violations,148
2007,12,Aggravated Assault Firearm,172
2007,12,Aggravated Assault No Firearm,462
2007,12,All Other Offenses,2977
2007,12,Arson,35
2007,12,Burglary Non-Residential,215
2007,12,Burglary Residential,786
2007,12,DRIVING UNDER THE INFLUENCE,533
2007,12,Disorderly Conduct,263
2007,12,Embezzlement,64
2007,12,Forgery and Counterfeiting,60
2007,12,Fraud,794
2007,12,Gambling Violations,8
2007,12,Homicide - Criminal,21
2007,12,Liquor Law Violations,30
2007,12,Motor Vehicle Theft,474
2007,12,Narcotic / Drug Law Violations,1226
2007,12,Offenses Against Family and Children,10
2007,12,Other Assaults,1947
2007,12,Other Sex Offenses (Not Commercialized),110
2007,12,Prostitution and Commercialized Vice,93
2007,12,Public Drunkenness,22
2007,12,Rape,84
2007,12,Receiving Stolen Property,2
2007,12,Robbery Firearm,350
2007,12,Robbery No Firearm,424
2007,12,Theft from Vehicle,1541
2007,12,Thefts,1577
2007,12,Vagrancy/Loitering,56
2007,12,Vandalism/Criminal Mischief,1729
2007,12,Weapon Violations,160
2008,1,Aggravated Assault Firearm,174
2008,1,Aggravated Assault No Firearm,486
2008,1,All Other Offenses,2876
2008,1,Arson,66
2008,1,Burglary Non-Residential,199
2008,1,Burglary Residential,844
2008,1,DRIVING UNDER THE INFLUENCE,445
2008,1,Disorderly Conduct,374
2008,1,Embezzlement,44
2008,1,Forgery and Counterfeiting,60
2008,1,Fraud,851
2008,1,Gambling Violations,7
2008,1,Homicide - Criminal,23
2008,1,Liquor Law Violations,41
2008,1,Motor Vehicle Theft,334
2008,1,Narcotic / Drug Law Violations,1425
2008,1,Offenses Against Family and Children,13
2008,1,Other Assaults,2063
2008,1,Other Sex Offenses (Not Commercialized),102
2008,1,Prostitution and Commercialized Vice,139
2008,1,Public Drunkenness,34
2008,1,Rape,69
2008,1,Receiving Stolen Property,7
2008,1,Robbery Firearm,345
2008,1,Robbery No Firearm,421
2008,1,Theft from Vehicle,1555
2008,1,Thefts,1594
2008,1,Vagrancy/Loitering,72
2008,1,Vandalism/Criminal Mischief,1781
2008,1,Weapon Violations,194
2008,2,Aggravated Assault Firearm,154
2008,2,Aggravated Assault No Firearm,468
2008,2,All Other Offenses,2980
2008,2,Arson,46
2008,2,Burglary Non-Residential,157
2008,2,Burglary Residential,674
2008,2,DRIVING UNDER THE INFLUENCE,496
2008,2,Disorderly Conduct,374
2008,2,Embezzlement,29
2008,2,Forgery and Counterfeiting,51
2008,2,Fraud,795
2008,2,Gambling Violations,10
2008,2,Homicide - Criminal,23
2008,2,Liquor Law Violations,40
2008,2,Motor Vehicle Theft,262
2008,2,Narcotic / Drug Law Violations,1320
2008,2,Offenses Against Family and Children,18
2008,2,Other Assaults,1899
2008,2,Other Sex Offenses (Not Commercialized),139
2008,2,Prostitution and Commercialized Vice,100
2008,2,Public Drunkenness,35
2008,2,Rape,83
2008,2,Receiving Stolen Property,7
2008,2,Robbery Firearm,275
2008,2,Robbery No Firearm,367
2008,2,Theft from Vehicle,1276
2008,2,Thefts,1515
2008,2,Vagrancy/Loitering,59
2008,2,Vandalism/Criminal Mischief,1447
2008,2,Weapon Violations,171
2008,3,Aggravated Assault Firearm,197
2008,3,Aggravated Assault No Firearm,539
2008,3,All Other Offenses,3987
2008,3,Arson,56
2008,3,Burglary Non-Residential,208
2008,3,Burglary Residential,754
2008,3,DRIVING UNDER THE INFLUENCE,569
2008,3,Disorderly Conduct,369
2008,3,Embezzlement,40
2008,3,Forgery and Counterfeiting,40
2008,3,Fraud,900
2008,3,Gambling Violations,5
2008,3,Homicide - Criminal,20
2008,3,Liquor Law Violations,92
2008,3,Motor Vehicle Theft,292
2008,3,Narcotic / Drug Law Violations,1495
2008,3,Offenses Against Family and Children,17
2008,3,Other Assaults,2238
2008,3,Other Sex Offenses (Not Commercialized),136
2008,3,Prostitution and Commercialized Vice,98
2008,3,Public Drunkenness,56
2008,3,Rape,83
2008,3,Receiving Stolen Property,8
2008,3,Robbery Firearm,275
2008,3,Robbery No Firearm,414
2008,3,Theft from Vehicle,1333
2008,3,Thefts,1681
2008,3,Vagrancy/Loitering,54
2008,3,Vandalism/Criminal Mischief,1861
2008,3,Weapon Violations,177
2008,4,Aggravated Assault Firearm,227
2008,4,Aggravated Assault No Firearm,564
2008,4,All Other Offenses,3610
2008,4,Arson,65
2008,4,Burglary Non-Residential,220
2008,4,Burglary Residential,765
2008,4,DRIVING UNDER THE INFLUENCE,514
2008,4,Disorderly Conduct,408
2008,4,Embezzlement,40
2008,4,Forgery and Counterfeiting,51
2008,4,Fraud,930
2008,4,Gambling Violations,17
2008,4,Homicide - Criminal,28
2008,4,Liquor Law Violations,111
2008,4,Motor Vehicle Theft,291
2008,4,Narcotic / Drug Law Violations,1531
2008,4,Offenses Against Family and Children,12
2008,4,Other Assaults,2492
2008,4,Other Sex Offenses (Not Commercialized),130
2008,4,Prostitution and Commercialized Vice,149
2008,4,Public Drunkenness,49
2008,4,Rape,87
2008,4,Receiving Stolen Property,8
2008,4,Robbery Firearm,302
2008,4,Robbery No Firearm,437
2008,4,Theft from Vehicle,1485
2008,4,Thefts,1774
2008,4,Vagrancy/Loitering,90
2008,4,Vandalism/Criminal Mischief,1809
2008,4,Weapon Violations,180
2008,5,Aggravated Assault Firearm,198
2008,5,Aggravated Assault No Firearm,600
2008,5,All Other Offenses,3435
2008,5,Arson,46
2008,5,Burglary Non-Residential,164
2008,5,Burglary Residential,828
2008,5,DRIVING UNDER THE INFLUENCE,514
2008,5,Disorderly Conduct,396
2008,5,Embezzlement,35
2008,5,Forgery and Counterfeiting,58
2008,5,Fraud,842
2008,5,Gambling Violations,6
2008,5,Homicide - Criminal,26
2008,5,Liquor Law Violations,125
2008,5,Motor Vehicle Theft,304
2008,5,Narcotic / Drug Law Violations,1386
2008,5,Offenses Against Family and Children,8
2008,5,Other Assaults,2284
2008,5,Other Sex Offenses (Not Commercialized),124
2008,5,Prostitution and Commercialized Vice,101
2008,5,Public Drunkenness,41
2008,5,Rape,82
2008,5,Receiving Stolen Property,9
2008,5,Robbery Firearm,332
2008,5,Robbery No Firearm,396
2008,5,Theft from Vehicle,1375
2008,5,Thefts,1814
2008,5,Vagrancy/Loitering,68
2008,5,Vandalism/Criminal Mischief,1764
2008,5,Weapon Violations,181
2008,6,Aggravated Assault Firearm,245
2008,6,Aggravated Assault No Firearm,702
2008,6,All Other Offenses,4350
2008,6,Arson,58
2008,6,Burglary Non-Residential,196
2008,6,Burglary Residential,801
2008,6,DRIVING UNDER THE INFLUENCE,465
2008,6,Disorderly Conduct,321
2008,6,Embezzlement,34
2008,6,Forgery and Counterfeiting,33
2008,6,Fraud,943
2008,6,Gambling Violations,22
2008,6,Homicide - Criminal,31
2008,6,Liquor Law Violations,102
2008,6,Motor Vehicle Theft,304
2008,6,Narcotic / Drug Law Violations,1273
2008,6,Offenses Against Family and Children,20
2008,6,Other Assaults,2209
2008,6,Other Sex Offenses (Not Commercialized),129
2008,6,Prostitution and Commercialized Vice,122
2008,6,Public Drunkenness,33
2008,6,Rape,89
2008,6,Receiving Stolen Property,12
2008,6,Robbery Firearm,301
2008,6,Robbery No Firearm,445
2008,6,Theft from Vehicle,1373
2008,6,Thefts,2241
2008,6,Vagrancy/Loitering,62
2008,6,Vandalism/Criminal Mischief,1762
2008,6,Weapon Violations,122
2008,7,Aggravated Assault Firearm,268
2008,7,Aggravated Assault No Firearm,664
2008,7,All Other Offenses,4744
2008,7,Arson,66
2008,7,Burglary Non-Residential,234
2008,7,Burglary Residential,972
2008,7,DRIVING UNDER THE INFLUENCE,407
2008,7,Disorderly Conduct,393
2008,7,Embezzlement,47
2008,7,Forgery and Counterfeiting,50
2008,7,Fraud,915
2008,7,Gambling Violations,10
2008,7,Homicide - Criminal,22
2008,7,Liquor Law Violations,51
2008,7,Motor Vehicle Theft,342
2008,7,Narcotic / Drug Law Violations,1264
2008,7,Offenses Against Family and Children,14
2008,7,Other Assaults,2097
2008,7,Other Sex Offenses (Not Commercialized),136
2008,7,Prostitution and Commercialized Vice,108
2008,7,Public Drunkenness,46
2008,7,Rape,108
2008,7,Receiving Stolen Property,11
2008,7,Robbery Firearm,301
2008,7,Robbery No Firearm,467
2008,7,Theft from Vehicle,1498
2008,7,Thefts,2142
2008,7,Vagrancy/Loitering,59
2008,7,Vandalism/Criminal Mischief,1894
2008,7,Weapon Violations,112
2008,8,Aggravated Assault Firearm,256
2008,8,Aggravated Assault No Firearm,644
2008,8,All Other Offenses,4862
2008,8,Arson,65
2008,8,Burglary Non-Residential,278
2008,8,Burglary Residential,989
2008,8,DRIVING UNDER THE INFLUENCE,497
2008,8,Disorderly Conduct,339
2008,8,Embezzlement,47
2008,8,Forgery and Counterfeiting,60
2008,8,Fraud,903
2008,8,Gambling Violations,19
2008,8,Homicide - Criminal,28
2008,8,Liquor Law Violations,50
2008,8,Motor Vehicle Theft,336
2008,8,Narcotic / Drug Law Violations,1384
2008,8,Offenses Against Family and Children,16
2008,8,Other Assaults,2052
2008,8,Other Sex Offenses (Not Commercialized),140
2008,8,Prostitution and Commercialized Vice,135
2008,8,Public Drunkenness,36
2008,8,Rape,108
2008,8,Receiving Stolen Property,10
2008,8,Robbery Firearm,351
2008,8,Robbery No Firearm,433
2008,8,Theft from Vehicle,1398
2008,8,Thefts,2211
2008,8,Vagrancy/Loitering,48
2008,8,Vandalism/Criminal Mischief,1806
2008,8,Weapon Violations,120
2008,9,Aggravated Assault Firearm,250
2008,9,Aggravated Assault No Firearm,599
2008,9,All Other Offenses,2775
2008,9,Arson,58
2008,9,Burglary Non-Residential,257
2008,9,Burglary Residential,907
2008,9,DRIVING UNDER THE INFLUENCE,448
2008,9,Disorderly Conduct,396
2008,9,Embezzlement,35
2008,9,Forgery and Counterfeiting,47
2008,9,Fraud,923
2008,9,Gambling Violations,7
2008,9,Homicide - Criminal,29
2008,9,Liquor Law Violations,39
2008,9,Motor Vehicle Theft,285
2008,9,Narcotic / Drug Law Violations,1164
2008,9,Offenses Against Family and Children,23
2008,9,Other Assaults,2125
2008,9,Other Sex Offenses (Not Commercialized),116
2008,9,Prostitution and Commercialized Vice,114
2008,9,Public Drunkenness,42
2008,9,Rape,82
2008,9,Receiving Stolen Property,4
2008,9,Robbery Firearm,339
2008,9,Robbery No Firearm,476
2008,9,Theft from Vehicle,1483
2008,9,Thefts,2028
2008,9,Vagrancy/Loitering,48
2008,9,Vandalism/Criminal Mischief,1584
2008,9,Weapon Violations,149
2008,10,Aggravated Assault Firearm,243
2008,10,Aggravated Assault No Firearm,633
2008,10,All Other Offenses,2712
2008,10,Arson,60
2008,10,Burglary Non-Residential,227
2008,10,Burglary Residential,882
2008,10,DRIVING UNDER THE INFLUENCE,475
2008,10,Disorderly Conduct,409
2008,10,Embezzlement,40
2008,10,Forgery and Counterfeiting,58
2008,10,Fraud,836
2008,10,Gambling Violations,10
2008,10,Homicide - Criminal,37
2008,10,Liquor Law Violations,44
2008,10,Motor Vehicle Theft,259
2008,10,Narcotic / Drug Law Violations,1145
2008,10,Offenses Against Family and Children,12
2008,10,Other Assaults,2097
2008,10,Other Sex Offenses (Not Commercialized),110
2008,10,Prostitution and Commercialized Vice,100
2008,10,Public Drunkenness,24
2008,10,Rape,83
2008,10,Receiving Stolen Property,8
2008,10,Robbery Firearm,430
2008,10,Robbery No Firearm,469
2008,10,Theft from Vehicle,1541
2008,10,Thefts,1966
2008,10,Vagrancy/Loitering,62
2008,10,Vandalism/Criminal Mischief,1905
2008,10,Weapon Violations,162
2008,11,Aggravated Assault Firearm,187
2008,11,Aggravated Assault No Firearm,481
2008,11,All Other Offenses,2431
2008,11,Arson,42
2008,11,Burglary Non-Residential,256
2008,11,Burglary Residential,863
2008,11,DRIVING UNDER THE INFLUENCE,559
2008,11,Disorderly Conduct,300
2008,11,Embezzlement,44
2008,11,Forgery and Counterfeiting,45
2008,11,Fraud,766
2008,11,Gambling Violations,7
2008,11,Homicide - Criminal,23
2008,11,Liquor Law Violations,29
2008,11,Motor Vehicle Theft,194
2008,11,Narcotic / Drug Law Violations,1138
2008,11,Offenses Against Family and Children,13
2008,11,Other Assaults,1847
2008,11,Other Sex Offenses (Not Commercialized),102
2008,11,Prostitution and Commercialized Vice,66
2008,11,Public Drunkenness,26
2008,11,Rape,68
2008,11,Receiving Stolen Property,5
2008,11,Robbery Firearm,413
2008,11,Robbery No Firearm,456
2008,11,Theft from Vehicle,1411
2008,11,Thefts,1759
2008,11,Vagrancy/Loitering,68
2008,11,Vandalism/Criminal Mischief,1550
2008,11,Weapon Violations,148
2008,12,Aggravated Assault Firearm,216
2008,12,Aggravated Assault No Firearm,536
2008,12,All Other Offenses,2597
2008,12,Arson,39
2008,12,Burglary Non-Residential,233
2008,12,Burglary Residential,899
2008,12,DRIVING UNDER THE INFLUENCE,610
2008,12,Disorderly Conduct,276
2008,12,Embezzlement,37
2008,12,Forgery and Counterfeiting,55
2008,12,Fraud,870
2008,12,Gambling Violations,2
2008,12,Homicide - Criminal,24
2008,12,Liquor Law Violations,19
2008,12,Motor Vehicle Theft,184
2008,12,Narcotic / Drug Law Violations,1162
2008,12,Offenses Against Family and Children,16
2008,12,Other Assaults,1730
2008,12,Other Sex Offenses (Not Commercialized),146
2008,12,Prostitution and Commercialized Vice,84
2008,12,Public Drunkenness,22
2008,12,Rape,82
2008,12,Receiving Stolen Property,6
2008,12,Robbery Firearm,424
2008,12,Robbery No Firearm,443
2008,12,Theft from Vehicle,1355
2008,12,Thefts,1796
2008,12,Vagrancy/Loitering,59
2008,12,Vandalism/Criminal Mischief,1474
2008,12,Weapon Violations,167
2009,1,Aggravated Assault Firearm,191
2009,1,Aggravated Assault No Firearm,441
2009,1,All Other Offenses,2688
2009,1,Arson,43
2009,1,Burglary Non-Residential,171
2009,1,Burglary Residential,800
2009,1,DRIVING UNDER THE INFLUENCE,544
2009,1,Disorderly Conduct,282
2009,1,Embezzlement,46
2009,1,Forgery and Counterfeiting,45
2009,1,Fraud,858
2009,1,Homicide - Criminal,18
2009,1,Liquor Law Violations,12
2009,1,Motor Vehicle Theft,150
2009,1,Narcotic / Drug Law Violations,1212
2009,1,Offenses Against Family and Children,13
2009,1,Other Assaults,1706
2009,1,Other Sex Offenses (Not Commercialized),100
2009,1,Prostitution and Commercialized Vice,74
2009,1,Public Drunkenness,32
2009,1,Rape,72
2009,1,Receiving Stolen Property,9
2009,1,Robbery Firearm,397
2009,1,Robbery No Firearm,405
2009,1,Theft from Vehicle,1131
2009,1,Thefts,1542
2009,1,Vagrancy/Loitering,60
2009,1,Vandalism/Criminal Mischief,1331
2009,1,Weapon Violations,141
2009,2,Aggravated Assault Firearm,163
2009,2,Aggravated Assault No Firearm,391
2009,2,All Other Offenses,2750
2009,2,Arson,38
2009,2,Burglary Non-Residential,119
2009,2,Burglary Residential,560
2009,2,DRIVING UNDER THE INFLUENCE,486
2009,2,Disorderly Conduct,347
2009,2,Embezzlement,25
2009,2,Forgery and Counterfeiting,59
2009,2,Fraud,822
2009,2,Gambling Violations,6
2009,2,Homicide - Criminal,23
2009,2,Liquor Law Violations,34
2009,2,Motor Vehicle Theft,145
2009,2,Narcotic / Drug Law Violations,1131
2009,2,Offenses Against Family and Children,9
2009,2,Other Assaults,1632
2009,2,Other Sex Offenses (Not Commercialized),100
2009,2,Prostitution and Commercialized Vice,70
2009,2,Public Drunkenness,31
2009,2,Rape,76
2009,2,Receiving Stolen Property,2
2009,2,Robbery Firearm,265
2009,2,Robbery No Firearm,333
2009,2,Theft from Vehicle,1093
2009,2,Thefts,1381
2009,2,Vagrancy/Loitering,82
2009,2,Vandalism/Criminal Mischief,1205
2009,2,Weapon Violations,115
2009,3,Aggravated Assault Firearm,169
2009,3,Aggravated Assault No Firearm,566
2009,3,All Other Offenses,3479
2009,3,Arson,42
2009,3,Burglary Non-Residential,121
2009,3,Burglary Residential,559
2009,3,DRIVING UNDER THE INFLUENCE,517
2009,3,Disorderly Conduct,426
2009,3,Embezzlement,35
2009,3,Forgery and Counterfeiting,36
2009,3,Fraud,902
2009,3,Gambling Violations,5
2009,3,Homicide - Criminal,22
2009,3,Liquor Law Violations,67
2009,3,Motor Vehicle Theft,147
2009,3,Narcotic / Drug Law Violations,1397
2009,3,Offenses Against Family and Children,16
2009,3,Other Assaults,2147
2009,3,Other Sex Offenses (Not Commercialized),120
2009,3,Prostitution and Commercialized Vice,113
2009,3,Public Drunkenness,45
2009,3,Rape,75
2009,3,Receiving Stolen Property,7
2009,3,Robbery Firearm,253
2009,3,Robbery No Firearm,383
2009,3,Theft from Vehicle,1225
2009,3,Thefts,1690
2009,3,Vagrancy/Loitering,91
2009,3,Vandalism/Criminal Mischief,1553
2009,3,Weapon Violations,145
2009,4,Aggravated Assault Firearm,190
2009,4,Aggravated Assault No Firearm,558
2009,4,All Other Offenses,3966
2009,4,Arson,40
2009,4,Burglary Non-Residential,126
2009,4,Burglary Residential,661
2009,4,DRIVING UNDER THE INFLUENCE,488
2009,4,Disorderly Conduct,414
2009,4,Embezzlement,27
2009,4,Forgery and Counterfeiting,52
2009,4,Fraud,842
2009,4,Gambling Violations,10
2009,4,Homicide - Criminal,22
2009,4,Homicide - Justifiable,1
2009,4,Liquor Law Violations,83
2009,4,Motor Vehicle Theft,157
2009,4,Narcotic / Drug Law Violations,1384
2009,4,Offenses Against Family and Children,24
2009,4,Other Assaults,2116
2009,4,Other Sex Offenses (Not Commercialized),111
2009,4,Prostitution and Commercialized Vice,77
2009,4,Public Drunkenness,43
2009,4,Rape,57
2009,4,Receiving Stolen Property,4
2009,4,Robbery Firearm,260
2009,4,Robbery No Firearm,432
2009,4,Theft from Vehicle,1192
2009,4,Thefts,1699
2009,4,Vagrancy/Loitering,82
2009,4,Vandalism/Criminal Mischief,1544
2009,4,Weapon Violations,124
2009,5,Aggravated Assault Firearm,208
2009,5,Aggravated Assault No Firearm,617
2009,5,All Other Offenses,3654
2009,5,Arson,35
2009,5,Burglary Non-Residential,155
2009,5,Burglary Residential,688
2009,5,DRIVING UNDER THE INFLUENCE,489
2009,5,Disorderly Conduct,437
2009,5,Embezzlement,48
2009,5,Forgery and Counterfeiting,46
2009,5,Fraud,804
2009,5,Gambling Violations,11
2009,5,Homicide - Criminal,20
2009,5,Liquor Law Violations,71
2009,5,Motor Vehicle Theft,197
2009,5,Narcotic / Drug Law Violations,1312
2009,5,Offenses Against Family and Children,21
2009,5,Other Assaults,2380
2009,5,Other Sex Offenses (Not Commercialized),155
2009,5,Prostitution and Commercialized Vice,77
2009,5,Public Drunkenness,38
2009,5,Rape,83
2009,5,Receiving Stolen Property,1
2009,5,Robbery Firearm,301
2009,5,Robbery No Firearm,435
2009,5,Theft from Vehicle,1308
2009,5,Thefts,1858
2009,5,Vagrancy/Loitering,76
2009,5,Vandalism/Criminal Mischief,1637
2009,5,Weapon Violations,152
2009,6,Aggravated Assault Firearm,206
2009,6,Aggravated Assault No Firearm,565
2009,6,All Other Offenses,3976
2009,6,Arson,36
2009,6,Burglary Non-Residential,175
2009,6,Burglary Residential,659
2009,6,DRIVING UNDER THE INFLUENCE,417
2009,6,Disorderly Conduct,388
2009,6,Embezzlement,33
2009,6,Forgery and Counterfeiting,33
2009,6,Fraud,794
2009,6,Gambling Violations,10
2009,6,Homicide - Criminal,28
2009,6,Liquor Law Violations,34
2009,6,Motor Vehicle Theft,206
2009,6,Narcotic / Drug Law Violations,1363
2009,6,Offenses Against Family and Children,20
2009,6,Other Assaults,2175
2009,6,Other Sex Offenses (Not Commercialized),123
2009,6,Prostitution and Commercialized Vice,111
2009,6,Public Drunkenness,34
2009,6,Rape,83
2009,6,Receiving Stolen Property,2
2009,6,Robbery Firearm,302
2009,6,Robbery No Firearm,384
2009,6,Theft from Vehicle,1335
2009,6,Thefts,1935
2009,6,Vagrancy/Loitering,101
2009,6,Vandalism/Criminal Mischief,1625
2009,6,Weapon Violations,134
2009,7,Aggravated Assault Firearm,247
2009,7,Aggravated Assault No Firearm,625
2009,7,All Other Offenses,4157
2009,7,Arson,39
2009,7,Burglary Non-Residential,176
2009,7,Burglary Residential,759
2009,7,DRIVING UNDER THE INFLUENCE,431
2009,7,Disorderly Conduct,336
2009,7,Embezzlement,27
2009,7,Forgery and Counterfeiting,46
2009,7,Fraud,801
2009,7,Gambling Violations,19
2009,7,Homicide - Criminal,26
2009,7,Liquor Law Violations,39
2009,7,Motor Vehicle Theft,209
2009,7,Narcotic / Drug Law Violations,1291
2009,7,Offenses Against Family and Children,20
2009,7,Other Assaults,2122
2009,7,Other Sex Offenses (Not Commercialized),118
2009,7,Prostitution and Commercialized Vice,56
2009,7,Public Drunkenness,50
2009,7,Rape,68
2009,7,Receiving Stolen Property,7
2009,7,Robbery Firearm,265
2009,7,Robbery No Firearm,444
2009,7,Theft from Vehicle,1245
2009,7,Thefts,2028
2009,7,Vagrancy/Loitering,105
2009,7,Vandalism/Criminal Mischief,1717
2009,7,Weapon Violations,121
2009,8,Aggravated Assault Firearm,228
2009,8,Aggravated Assault No Firearm,595
2009,8,All Other Offenses,4121
2009,8,Arson,32
2009,8,Burglary Non-Residential,176
2009,8,Burglary Residential,878
2009,8,DRIVING UNDER THE INFLUENCE,389
2009,8,Disorderly Conduct,280
2009,8,Embezzlement,38
2009,8,Forgery and Counterfeiting,39
2009,8,Fraud,733
2009,8,Gambling Violations,14
2009,8,Homicide - Criminal,26
2009,8,Liquor Law Violations,82
2009,8,Motor Vehicle Theft,227
2009,8,Narcotic / Drug Law Violations,1261
2009,8,Offenses Against Family and Children,15
2009,8,Other Assaults,2028
2009,8,Other Sex Offenses (Not Commercialized),117
2009,8,Prostitution and Commercialized Vice,36
2009,8,Public Drunkenness,50
2009,8,Rape,81
2009,8,Receiving Stolen Property,6
2009,8,Robbery Firearm,369
2009,8,Robbery No Firearm,467
2009,8,Theft from Vehicle,1499
2009,8,Thefts,2034
2009,8,Vagrancy/Loitering,90
2009,8,Vandalism/Criminal Mischief,1830
2009,8,Weapon Violations,94
2009,9,Aggravated Assault Firearm,200
2009,9,Aggravated Assault No Firearm,542
2009,9,All Other Offenses,2789
2009,9,Arson,47
2009,9,Burglary Non-Residential,305
2009,9,Burglary Residential,779
2009,9,DRIVING UNDER THE INFLUENCE,367
2009,9,Disorderly Conduct,400
2009,9,Embezzlement,24
2009,9,Forgery and Counterfeiting,50
2009,9,Fraud,731
2009,9,Gambling Violations,3
2009,9,Homicide - Criminal,24
2009,9,Liquor Law Violations,57
2009,9,Motor Vehicle Theft,229
2009,9,Narcotic / Drug Law Violations,1215
2009,9,Offenses Against Family and Children,7
2009,9,Other Assaults,2027
2009,9,Other Sex Offenses (Not Commercialized),100
2009,9,Prostitution and Commercialized Vice,35
2009,9,Public Drunkenness,39
2009,9,Rape,72
2009,9,Receiving Stolen Property,7
2009,9,Robbery Firearm,331
2009,9,Robbery No Firearm,455
2009,9,Theft from Vehicle,1352
2009,9,Thefts,1990
2009,9,Vagrancy/Loitering,121
2009,9,Vandalism/Criminal Mischief,1477
2009,9,Weapon Violations,147
2009,10,Aggravated Assault Firearm,195
2009,10,Aggravated Assault No Firearm,502
2009,10,All Other Offenses,2513
2009,10,Arson,37
2009,10,Burglary Non-Residential,242
2009,10,Burglary Residential,819
2009,10,DRIVING UNDER THE INFLUENCE,452
2009,10,Disorderly Conduct,444
2009,10,Embezzlement,37
2009,10,Forgery and Counterfeiting,65
2009,10,Fraud,824
2009,10,Gambling Violations,11
2009,10,Homicide - Criminal,27
2009,10,Liquor Law Violations,46
2009,10,Motor Vehicle Theft,237
2009,10,Narcotic / Drug Law Violations,1168
2009,10,Offenses Against Family and Children,10
2009,10,Other Assaults,2096
2009,10,Other Sex Offenses (Not Commercialized),120
2009,10,Prostitution and Commercialized Vice,64
2009,10,Public Drunkenness,51
2009,10,Rape,87
2009,10,Receiving Stolen Property,10
2009,10,Robbery Firearm,343
2009,10,Robbery No Firearm,407
2009,10,Theft from Vehicle,1437
2009,10,Thefts,1955
2009,10,Vagrancy/Loitering,93
2009,10,Vandalism/Criminal Mischief,1533
2009,10,Weapon Violations,140
2009,11,Aggravated Assault Firearm,167
2009,11,Aggravated Assault No Firearm,440
2009,11,All Other Offenses,2466
2009,11,Arson,43
2009,11,Burglary Non-Residential,195
2009,11,Burglary Residential,807
2009,11,DRIVING UNDER THE INFLUENCE,466
2009,11,Disorderly Conduct,366
2009,11,Embezzlement,29
2009,11,Forgery and Counterfeiting,46
2009,11,Fraud,823
2009,11,Gambling Violations,4
2009,11,Homicide - Criminal,30
2009,11,Liquor Law Violations,44
2009,11,Motor Vehicle Theft,255
2009,11,Narcotic / Drug Law Violations,1116
2009,11,Offenses Against Family and Children,6
2009,11,Other Assaults,1872
2009,11,Other Sex Offenses (Not Commercialized),126
2009,11,Prostitution and Commercialized Vice,115
2009,11,Public Drunkenness,40
2009,11,Rape,80
2009,11,Receiving Stolen Property,2
2009,11,Robbery Firearm,335
2009,11,Robbery No Firearm,411
2009,11,Theft from Vehicle,1421
2009,11,Thefts,1698
2009,11,Vagrancy/Loitering,81
2009,11,Vandalism/Criminal Mischief,1437
2009,11,Weapon Violations,125
2009,12,Aggravated Assault Firearm,174
2009,12,Aggravated Assault No Firearm,449
2009,12,All Other Offenses,2295
2009,12,Arson,44
2009,12,Burglary Non-Residential,233
2009,12,Burglary Residential,706
2009,12,DRIVING UNDER THE INFLUENCE,403
2009,12,Disorderly Conduct,264
2009,12,Embezzlement,35
2009,12,Forgery and Counterfeiting,53
2009,12,Fraud,816
2009,12,Gambling Violations,1
2009,12,Homicide - Criminal,21
2009,12,Liquor Law Violations,13
2009,12,Motor Vehicle Theft,272
2009,12,Narcotic / Drug Law Violations,993
2009,12,Offenses Against Family and Children,9
2009,12,Other Assaults,1676
2009,12,Other Sex Offenses (Not Commercialized),131
2009,12,Prostitution and Commercialized Vice,82
2009,12,Public Drunkenness,33
2009,12,Rape,71
2009,12,Receiving Stolen Property,3
2009,12,Robbery Firearm,350
2009,12,Robbery No Firearm,390
2009,12,Theft from Vehicle,1154
2009,12,Thefts,1754
2009,12,Vagrancy/Loitering,57
2009,12,Vandalism/Criminal Mischief,1261
2009,12,Weapon Violations,152
2010,1,Aggravated Assault Firearm,190
2010,1,Aggravated Assault No Firearm,444
2010,1,All Other Offenses,2484
2010,1,Arson,42
2010,1,Burglary Non-Residential,205
2010,1,Burglary Residential,705
2010,1,DRIVING UNDER THE INFLUENCE,447
2010,1,Disorderly Conduct,365
2010,1,Embezzlement,24
2010,1,Forgery and Counterfeiting,46
2010,1,Fraud,758
2010,1,Gambling Violations,3
2010,1,Homicide - Criminal,20
2010,1,Liquor Law Violations,49
2010,1,Motor Vehicle Theft,475
2010,1,Narcotic / Drug Law Violations,1210
2010,1,Offenses Against Family and Children,5
2010,1,Other Assaults,1863
2010,1,Other Sex Offenses (Not Commercialized),99
2010,1,Prostitution and Commercialized Vice,85
2010,1,Public Drunkenness,36
2010,1,Rape,60
2010,1,Receiving Stolen Property,6
2010,1,Robbery Firearm,286
2010,1,Robbery No Firearm,401
2010,1,Theft from Vehicle,1192
2010,1,Thefts,1652
2010,1,Vagrancy/Loitering,78
2010,1,Vandalism/Criminal Mischief,1336
2010,1,Weapon Violations,141
2010,2,Aggravated Assault Firearm,132
2010,2,Aggravated Assault No Firearm,361
2010,2,All Other Offenses,2395
2010,2,Arson,25
2010,2,Burglary Non-Residential,113
2010,2,Burglary Residential,402
2010,2,DRIVING UNDER THE INFLUENCE,358
2010,2,Disorderly Conduct,214
2010,2,Embezzlement,21
2010,2,Forgery and Counterfeiting,33
2010,2,Fraud,680
2010,2,Gambling Violations,4
2010,2,Homicide - Criminal,16
2010,2,Liquor Law Violations,19
2010,2,Motor Vehicle Theft,309
2010,2,Narcotic / Drug Law Violations,1017
2010,2,Offenses Against Family and Children,10
2010,2,Other Assaults,1612
2010,2,Other Sex Offenses (Not Commercialized),82
2010,2,Prostitution and Commercialized Vice,53
2010,2,Public Drunkenness,32
2010,2,Rape,47
2010,2,Receiving Stolen Property,2
2010,2,Robbery Firearm,185
2010,2,Robbery No Firearm,260
2010,2,Theft from Vehicle,819
2010,2,Thefts,1263
2010,2,Vagrancy/Loitering,42
2010,2,Vandalism/Criminal Mischief,1042
2010,2,Weapon Violations,90
2010,3,Aggravated Assault Firearm,187
2010,3,Aggravated Assault No Firearm,511
2010,3,All Other Offenses,2921
2010,3,Arson,35
2010,3,Burglary Non-Residential,119
2010,3,Burglary Residential,697
2010,3,DRIVING UNDER THE INFLUENCE,497
2010,3,Disorderly Conduct,397
2010,3,Embezzlement,25
2010,3,Forgery and Counterfeiting,54
2010,3,Fraud,772
2010,3,Gambling Violations,4
2010,3,Homicide - Criminal,29
2010,3,Liquor Law Violations,27
2010,3,Motor Vehicle Theft,459
2010,3,Narcotic / Drug Law Violations,1269
2010,3,Offenses Against Family and Children,15
2010,3,Other Assaults,2233
2010,3,Other Sex Offenses (Not Commercialized),125
2010,3,Prostitution and Commercialized Vice,101
2010,3,Public Drunkenness,48
2010,3,Rape,80
2010,3,Receiving Stolen Property,7
2010,3,Robbery Firearm,228
2010,3,Robbery No Firearm,355
2010,3,Theft from Vehicle,1302
2010,3,Thefts,1626
2010,3,Vagrancy/Loitering,89
2010,3,Vandalism/Criminal Mischief,1466
2010,3,Weapon Violations,159
2010,4,Aggravated Assault Firearm,212
2010,4,Aggravated Assault No Firearm,587
2010,4,All Other Offenses,2982
2010,4,Arson,34
2010,4,Burglary Non-Residential,159
2010,4,Burglary Residential,636
2010,4,DRIVING UNDER THE INFLUENCE,485
2010,4,Disorderly Conduct,374
2010,4,Embezzlement,30
2010,4,Forgery and Counterfeiting,59
2010,4,Fraud,748
2010,4,Gambling Violations,8
2010,4,Homicide - Criminal,21
2010,4,Liquor Law Violations,50
2010,4,Motor Vehicle Theft,443
2010,4,Narcotic / Drug Law Violations,1284
2010,4,Offenses Against Family and Children,8
2010,4,Other Assaults,2221
2010,4,Other Sex Offenses (Not Commercialized),134
2010,4,Prostitution and Commercialized Vice,106
2010,4,Public Drunkenness,42
2010,4,Rape,73
2010,4,Receiving Stolen Property,6
2010,4,Robbery Firearm,268
2010,4,Robbery No Firearm,404
2010,4,Theft from Vehicle,1357
2010,4,Thefts,1802
2010,4,Vagrancy/Loitering,137
2010,4,Vandalism/Criminal Mischief,1495
2010,4,Weapon Violations,146
2010,5,Aggravated Assault Firearm,255
2010,5,Aggravated Assault No Firearm,601
2010,5,All Other Offenses,3518
2010,5,Arson,48
2010,5,Burglary Non-Residential,193
2010,5,Burglary Residential,710
2010,5,DRIVING UNDER THE INFLUENCE,468
2010,5,Disorderly Conduct,433
2010,5,Embezzlement,18
2010,5,Forgery and Counterfeiting,62
2010,5,Fraud,766
2010,5,Gambling Violations,9
2010,5,Homicide - Criminal,24
2010,5,Liquor Law Violations,115
2010,5,Motor Vehicle Theft,537
2010,5,Narcotic / Drug Law Violations,1246
2010,5,Offenses Against Family and Children,16
2010,5,Other Assaults,2327
2010,5,Other Sex Offenses (Not Commercialized),132
2010,5,Prostitution and Commercialized Vice,78
2010,5,Public Drunkenness,49
2010,5,Rape,93
2010,5,Receiving Stolen Property,4
2010,5,Robbery Firearm,287
2010,5,Robbery No Firearm,401
2010,5,Theft from Vehicle,1528
2010,5,Thefts,1967
2010,5,Vagrancy/Loitering,91
2010,5,Vandalism/Criminal Mischief,1525
2010,5,Weapon Violations,128
2010,6,Aggravated Assault Firearm,219
2010,6,Aggravated Assault No Firearm,589
2010,6,All Other Offenses,3737
2010,6,Arson,50
2010,6,Burglary Non-Residential,193
2010,6,Burglary Residential,796
2010,6,DRIVING UNDER THE INFLUENCE,364
2010,6,Disorderly Conduct,362
2010,6,Embezzlement,45
2010,6,Forgery and Counterfeiting,63
2010,6,Fraud,758
2010,6,Gambling Violations,5
2010,6,Homicide - Criminal,28
2010,6,Liquor Law Violations,54
2010,6,Motor Vehicle Theft,518
2010,6,Narcotic / Drug Law Violations,1192
2010,6,Offenses Against Family and Children,7
2010,6,Other Assaults,2115
2010,6,Other Sex Offenses (Not Commercialized),117
2010,6,Prostitution and Commercialized Vice,92
2010,6,Public Drunkenness,45
2010,6,Rape,84
2010,6,Receiving Stolen Property,5
2010,6,Robbery Firearm,235
2010,6,Robbery No Firearm,389
2010,6,Theft from Vehicle,1549
2010,6,Thefts,2060
2010,6,Vagrancy/Loitering,106
2010,6,Vandalism/Criminal Mischief,1554
2010,6,Weapon Violations,119
2010,7,Aggravated Assault Firearm,235
2010,7,Aggravated Assault No Firearm,587
2010,7,All Other Offenses,4065
2010,7,Arson,33
2010,7,Burglary Non-Residential,196
2010,7,Burglary Residential,765
2010,7,DRIVING UNDER THE INFLUENCE,372
2010,7,Disorderly Conduct,381
2010,7,Embezzlement,27
2010,7,Forgery and Counterfeiting,50
2010,7,Fraud,767
2010,7,Gambling Violations,12
2010,7,Homicide - Criminal,31
2010,7,Liquor Law Violations,54
2010,7,Motor Vehicle Theft,583
2010,7,Narcotic / Drug Law Violations,1195
2010,7,Offenses Against Family and Children,13
2010,7,Other Assaults,1981
2010,7,Other Sex Offenses (Not Commercialized),120
2010,7,Prostitution and Commercialized Vice,73
2010,7,Public Drunkenness,44
2010,7,Rape,79
2010,7,Receiving Stolen Property,1
2010,7,Robbery Firearm,332
2010,7,Robbery No Firearm,433
2010,7,Theft from Vehicle,1577
2010,7,Thefts,2096
2010,7,Vagrancy/Loitering,74
2010,7,Vandalism/Criminal Mischief,1608
2010,7,Weapon Violations,136
2010,8,Aggravated Assault Firearm,223
2010,8,Aggravated Assault No Firearm,565
2010,8,All Other Offenses,4218
2010,8,Arson,48
2010,8,Burglary Non-Residential,180
2010,8,Burglary Residential,847
2010,8,DRIVING UNDER THE INFLUENCE,416
2010,8,Disorderly Conduct,353
2010,8,Embezzlement,40
2010,8,Forgery and Counterfeiting,51
2010,8,Fraud,773
2010,8,Gambling Violations,2
2010,8,Homicide - Criminal,26
2010,8,Liquor Law Violations,53
2010,8,Motor Vehicle Theft,624
2010,8,Narcotic / Drug Law Violations,1240
2010,8,Offenses Against Family and Children,16
2010,8,Other Assaults,2009
2010,8,Other Sex Offenses (Not Commercialized),107
2010,8,Prostitution and Commercialized Vice,53
2010,8,Public Drunkenness,48
2010,8,Rape,83
2010,8,Receiving Stolen Property,3
2010,8,Robbery Firearm,352
2010,8,Robbery No Firearm,422
2010,8,Theft from Vehicle,1612
2010,8,Thefts,2126
2010,8,Vagrancy/Loitering,60
2010,8,Vandalism/Criminal Mischief,1749
2010,8,Weapon Violations,85
2010,9,Aggravated Assault Firearm,293
2010,9,Aggravated Assault No Firearm,538
2010,9,All Other Offenses,2624
2010,9,Arson,27
2010,9,Burglary Non-Residential,167
2010,9,Burglary Residential,820
2010,9,DRIVING UNDER THE INFLUENCE,386
2010,9,Disorderly Conduct,372
2010,9,Embezzlement,22
2010,9,Forgery and Counterfeiting,37
2010,9,Fraud,767
2010,9,Gambling Violations,9
2010,9,Homicide - Criminal,32
2010,9,Homicide - Justifiable,1
2010,9,Liquor Law Violations,60
2010,9,Motor Vehicle Theft,594
2010,9,Narcotic / Drug Law Violations,1048
2010,9,Offenses Against Family and Children,16
2010,9,Other Assaults,2059
2010,9,Other Sex Offenses (Not Commercialized),121
2010,9,Prostitution and Commercialized Vice,62
2010,9,Public Drunkenness,52
2010,9,Rape,89
2010,9,Receiving Stolen Property,7
2010,9,Robbery Firearm,286
2010,9,Robbery No Firearm,405
2010,9,Theft from Vehicle,1631
2010,9,Thefts,1966
2010,9,Vagrancy/Loitering,60
2010,9,Vandalism/Criminal Mischief,1506
2010,9,Weapon Violations,162
2010,10,Aggravated Assault Firearm,188
2010,10,Aggravated Assault No Firearm,527
2010,10,All Other Offenses,2429
2010,10,Arson,30
2010,10,Burglary Non-Residential,175
2010,10,Burglary Residential,814
2010,10,DRIVING UNDER THE INFLUENCE,406
2010,10,Disorderly Conduct,407
2010,10,Embezzlement,27
2010,10,Forgery and Counterfeiting,37
2010,10,Fraud,678
2010,10,Gambling Violations,2
2010,10,Homicide - Criminal,27
2010,10,Liquor Law Violations,70
2010,10,Motor Vehicle Theft,633
2010,10,Narcotic / Drug Law Violations,1181
2010,10,Offenses Against Family and Children,10
2010,10,Other Assaults,2076
2010,10,Other Sex Offenses (Not Commercialized),118
2010,10,Prostitution and Commercialized Vice,67
2010,10,Public Drunkenness,40
2010,10,Rape,62
2010,10,Receiving Stolen Property,5
2010,10,Robbery Firearm,346
2010,10,Robbery No Firearm,448
2010,10,Theft from Vehicle,1583
2010,10,Thefts,2078
2010,10,Vagrancy/Loitering,82
2010,10,Vandalism/Criminal Mischief,1658
2010,10,Weapon Violations,183
2010,11,Aggravated Assault Firearm,191
2010,11,Aggravated Assault No Firearm,497
2010,11,All Other Offenses,2300
2010,11,Arson,40
2010,11,Burglary Non-Residential,152
2010,11,Burglary Residential,814
2010,11,DRIVING UNDER THE INFLUENCE,454
2010,11,Disorderly Conduct,330
2010,11,Embezzlement,33
2010,11,Forgery and Counterfeiting,43
2010,11,Fraud,706
2010,11,Gambling Violations,8
2010,11,Homicide - Criminal,13
2010,11,Liquor Law Violations,43
2010,11,Motor Vehicle Theft,635
2010,11,Narcotic / Drug Law Violations,1123
2010,11,Offenses Against Family and Children,14
2010,11,Other Assaults,1913
2010,11,Other Sex Offenses (Not Commercialized),122
2010,11,Prostitution and Commercialized Vice,127
2010,11,Public Drunkenness,41
2010,11,Rape,102
2010,11,Receiving Stolen Property,5
2010,11,Robbery Firearm,363
2010,11,Robbery No Firearm,393
2010,11,Theft from Vehicle,1388
2010,11,Thefts,1830
2010,11,Vagrancy/Loitering,64
2010,11,Vandalism/Criminal Mischief,1481
2010,11,Weapon Violations,149
2010,12,Aggravated Assault Firearm,153
2010,12,Aggravated Assault No Firearm,446
2010,12,All Other Offenses,1714
2010,12,Arson,34
2010,12,Burglary Non-Residential,173
2010,12,Burglary Residential,725
2010,12,DRIVING UNDER THE INFLUENCE,400
2010,12,Disorderly Conduct,245
2010,12,Embezzlement,32
2010,12,Forgery and Counterfeiting,29
2010,12,Fraud,706
2010,12,Gambling Violations,2
2010,12,Homicide - Criminal,22
2010,12,Homicide - Justifiable,1
2010,12,Liquor Law Violations,38
2010,12,Motor Vehicle Theft,628
2010,12,Narcotic / Drug Law Violations,968
2010,12,Offenses Against Family and Children,16
2010,12,Other Assaults,1670
2010,12,Other Sex Offenses (Not Commercialized),124
2010,12,Prostitution and Commercialized Vice,136
2010,12,Public Drunkenness,34
2010,12,Rape,56
2010,12,Receiving Stolen Property,7
2010,12,Robbery Firearm,272
2010,12,Robbery No Firearm,372
2010,12,Theft from Vehicle,1215
2010,12,Thefts,1670
2010,12,Vagrancy/Loitering,41
2010,12,Vandalism/Criminal Mischief,1205
2010,12,Weapon Violations,133
2011,1,Aggravated Assault Firearm,157
2011,1,Aggravated Assault No Firearm,459
2011,1,All Other Offenses,1818
2011,1,Arson,37
2011,1,Burglary Non-Residential,187
2011,1,Burglary Residential,679
2011,1,DRIVING UNDER THE INFLUENCE,423
2011,1,Disorderly Conduct,206
2011,1,Embezzlement,21
2011,1,Forgery and Counterfeiting,36
2011,1,Fraud,672
2011,1,Gambling Violations,2
2011,1,Homicide - Criminal,32
2011,1,Liquor Law Violations,14
2011,1,Motor Vehicle Theft,566
2011,1,Narcotic / Drug Law Violations,1014
2011,1,Offenses Against Family and Children,7
2011,1,Other Assaults,1771
2011,1,Other Sex Offenses (Not Commercialized),94
2011,1,Prostitution and Commercialized Vice,81
2011,1,Public Drunkenness,33
2011,1,Rape,77
2011,1,Receiving Stolen Property,4
2011,1,Robbery Firearm,261
2011,1,Robbery No Firearm,333
2011,1,Theft from Vehicle,1260
2011,1,Thefts,1542
2011,1,Vagrancy/Loitering,27
2011,1,Vandalism/Criminal Mischief,1168
2011,1,Weapon Violations,143
2011,2,Aggravated Assault Firearm,130
2011,2,Aggravated Assault No Firearm,415
2011,2,All Other Offenses,2186
2011,2,Arson,32
2011,2,Burglary Non-Residential,162
2011,2,Burglary Residential,632
2011,2,DRIVING UNDER THE INFLUENCE,493
2011,2,Disorderly Conduct,288
2011,2,Embezzlement,33
2011,2,Forgery and Counterfeiting,24
2011,2,Fraud,802
2011,2,Gambling Violations,4
2011,2,Homicide - Criminal,27
2011,2,Liquor Law Violations,53
2011,2,Motor Vehicle Theft,435
2011,2,Narcotic / Drug Law Violations,1118
2011,2,Offenses Against Family and Children,11
2011,2,Other Assaults,1799
2011,2,Other Sex Offenses (Not Commercialized),91
2011,2,Prostitution and Commercialized Vice,78
2011,2,Public Drunkenness,44
2011,2,Rape,39
2011,2,Receiving Stolen Property,2
2011,2,Robbery Firearm,189
2011,2,Robbery No Firearm,313
2011,2,Theft from Vehicle,1046
2011,2,Thefts,1437
2011,2,Vagrancy/Loitering,34
2011,2,Vandalism/Criminal Mischief,1165
2011,2,Weapon Violations,132
2011,3,Aggravated Assault Firearm,174
2011,3,Aggravated Assault No Firearm,527
2011,3,All Other Offenses,2737
2011,3,Arson,39
2011,3,Burglary Non-Residential,133
2011,3,Burglary Residential,760
2011,3,DRIVING UNDER THE INFLUENCE,489
2011,3,Disorderly Conduct,337
2011,3,Embezzlement,32
2011,3,Forgery and Counterfeiting,53
2011,3,Fraud,925
2011,3,Gambling Violations,4
2011,3,Homicide - Criminal,22
2011,3,Liquor Law Violations,80
2011,3,Motor Vehicle Theft,517
2011,3,Narcotic / Drug Law Violations,1285
2011,3,Offenses Against Family and Children,17
2011,3,Other Assaults,2512
2011,3,Other Sex Offenses (Not Commercialized),147
2011,3,Prostitution and Commercialized Vice,89
2011,3,Public Drunkenness,56
2011,3,Rape,68
2011,3,Receiving Stolen Property,5
2011,3,Robbery Firearm,225
2011,3,Robbery No Firearm,318
2011,3,Theft from Vehicle,1239
2011,3,Thefts,1663
2011,3,Vagrancy/Loitering,51
2011,3,Vandalism/Criminal Mischief,1359
2011,3,Weapon Violations,158
2011,4,Aggravated Assault Firearm,196
2011,4,Aggravated Assault No Firearm,645
2011,4,All Other Offenses,3030
2011,4,Arson,47
2011,4,Burglary Non-Residential,163
2011,4,Burglary Residential,703
2011,4,DRIVING UNDER THE INFLUENCE,483
2011,4,Disorderly Conduct,307
2011,4,Embezzlement,21
2011,4,Forgery and Counterfeiting,37
2011,4,Fraud,826
2011,4,Gambling Violations,4
2011,4,Homicide - Criminal,17
2011,4,Homicide - Justifiable,2
2011,4,Liquor Law Violations,61
2011,4,Motor Vehicle Theft,537
2011,4,Narcotic / Drug Law Violations,1225
2011,4,Offenses Against Family and Children,10
2011,4,Other Assaults,2264
2011,4,Other Sex Offenses (Not Commercialized),133
2011,4,Prostitution and Commercialized Vice,87
2011,4,Public Drunkenness,50
2011,4,Rape,65
2011,4,Receiving Stolen Property,1
2011,4,Robbery Firearm,265
2011,4,Robbery No Firearm,364
2011,4,Theft from Vehicle,1291
2011,4,Thefts,1758
2011,4,Vagrancy/Loitering,56
2011,4,Vandalism/Criminal Mischief,1461
2011,4,Weapon Violations,130
2011,5,Aggravated Assault Firearm,183
2011,5,Aggravated Assault No Firearm,635
2011,5,All Other Offenses,2985
2011,5,Arson,29
2011,5,Burglary Non-Residential,173
2011,5,Burglary Residential,748
2011,5,DRIVING UNDER THE INFLUENCE,433
2011,5,Disorderly Conduct,321
2011,5,Embezzlement,22
2011,5,Forgery and Counterfeiting,42
2011,5,Fraud,764
2011,5,Gambling Violations,5
2011,5,Homicide - Criminal,26
2011,5,Liquor Law Violations,49
2011,5,Motor Vehicle Theft,560
2011,5,Narcotic / Drug Law Violations,1090
2011,5,Offenses Against Family and Children,24
2011,5,Other Assaults,2442
2011,5,Other Sex Offenses (Not Commercialized),126
2011,5,Prostitution and Commercialized Vice,99
2011,5,Public Drunkenness,56
2011,5,Rape,60
2011,5,Receiving Stolen Property,8
2011,5,Robbery Firearm,279
2011,5,Robbery No Firearm,427
2011,5,Theft from Vehicle,1388
2011,5,Thefts,2107
2011,5,Vagrancy/Loitering,77
2011,5,Vandalism/Criminal Mischief,1403
2011,5,Weapon Violations,147
2011,6,Aggravated Assault Firearm,207
2011,6,Aggravated Assault No Firearm,591
2011,6,All Other Offenses,3512
2011,6,Arson,36
2011,6,Burglary Non-Residential,213
2011,6,Burglary Residential,823
2011,6,DRIVING UNDER THE INFLUENCE,384
2011,6,Disorderly Conduct,286
2011,6,Embezzlement,32
2011,6,Forgery and Counterfeiting,53
2011,6,Fraud,825
2011,6,Gambling Violations,10
2011,6,Homicide - Criminal,28
2011,6,Liquor Law Violations,44
2011,6,Motor Vehicle Theft,503
2011,6,Narcotic / Drug Law Violations,1050
2011,6,Offenses Against Family and Children,7
2011,6,Other Assaults,2322
2011,6,Other Sex Offenses (Not Commercialized),124
2011,6,Prostitution and Commercialized Vice,81
2011,6,Public Drunkenness,50
2011,6,Rape,69
2011,6,Receiving Stolen Property,5
2011,6,Robbery Firearm,270
2011,6,Robbery No Firearm,418
2011,6,Theft from Vehicle,1357
2011,6,Thefts,2236
2011,6,Vagrancy/Loitering,68
2011,6,Vandalism/Criminal Mischief,1506
2011,6,Weapon Violations,116
2011,7,Aggravated Assault Firearm,226
2011,7,Aggravated Assault No Firearm,630
2011,7,All Other Offenses,3419
2011,7,Arson,41
2011,7,Burglary Non-Residential,163
2011,7,Burglary Residential,894
2011,7,DRIVING UNDER THE INFLUENCE,353
2011,7,Disorderly Conduct,255
2011,7,Embezzlement,36
2011,7,Forgery and Counterfeiting,41
2011,7,Fraud,693
2011,7,Gambling Violations,4
2011,7,Homicide - Criminal,28
2011,7,Liquor Law Violations,33
2011,7,Motor Vehicle Theft,646
2011,7,Narcotic / Drug Law Violations,1081
2011,7,Offenses Against Family and Children,15
2011,7,Other Assaults,2144
2011,7,Other Sex Offenses (Not Commercialized),123
2011,7,Prostitution and Commercialized Vice,90
2011,7,Public Drunkenness,42
2011,7,Rape,85
2011,7,Receiving Stolen Property,10
2011,7,Robbery Firearm,289
2011,7,Robbery No Firearm,404
2011,7,Theft from Vehicle,1430
2011,7,Thefts,2236
2011,7,Vagrancy/Loitering,45
2011,7,Vandalism/Criminal Mischief,1662
2011,7,Weapon Violations,81
2011,8,Aggravated Assault Firearm,209
2011,8,Aggravated Assault No Firearm,518
2011,8,All Other Offenses,3640
2011,8,Arson,31
2011,8,Burglary Non-Residential,222
2011,8,Burglary Residential,979
2011,8,DRIVING UNDER THE INFLUENCE,329
2011,8,Disorderly Conduct,230
2011,8,Embezzlement,29
2011,8,Forgery and Counterfeiting,30
2011,8,Fraud,820
2011,8,Gambling Violations,1
2011,8,Homicide - Criminal,17
2011,8,Liquor Law Violations,24
2011,8,Motor Vehicle Theft,623
2011,8,Narcotic / Drug Law Violations,1089
2011,8,Offenses Against Family and Children,5
2011,8,Other Assaults,2046
2011,8,Other Sex Offenses (Not Commercialized),141
2011,8,Prostitution and Commercialized Vice,102
2011,8,Public Drunkenness,36
2011,8,Rape,65
2011,8,Receiving Stolen Property,12
2011,8,Robbery Firearm,327
2011,8,Robbery No Firearm,390
2011,8,Theft from Vehicle,1419
2011,8,Thefts,2151
2011,8,Vagrancy/Loitering,60
2011,8,Vandalism/Criminal Mischief,1556
2011,8,Weapon Violations,101
2011,9,Aggravated Assault Firearm,263
2011,9,Aggravated Assault No Firearm,535
2011,9,All Other Offenses,2538
2011,9,Arson,63
2011,9,Burglary Non-Residential,186
2011,9,Burglary Residential,910
2011,9,DRIVING UNDER THE INFLUENCE,361
2011,9,Disorderly Conduct,294
2011,9,Embezzlement,31
2011,9,Forgery and Counterfeiting,28
2011,9,Fraud,707
2011,9,Gambling Violations,7
2011,9,Homicide - Criminal,31
2011,9,Liquor Law Violations,55
2011,9,Motor Vehicle Theft,640
2011,9,Narcotic / Drug Law Violations,1132
2011,9,Offenses Against Family and Children,10
2011,9,Other Assaults,2165
2011,9,Other Sex Offenses (Not Commercialized),109
2011,9,Prostitution and Commercialized Vice,105
2011,9,Public Drunkenness,45
2011,9,Rape,76
2011,9,Receiving Stolen Property,10
2011,9,Robbery Firearm,365
2011,9,Robbery No Firearm,392
2011,9,Theft from Vehicle,1431
2011,9,Thefts,2169
2011,9,Vagrancy/Loitering,67
2011,9,Vandalism/Criminal Mischief,1399
2011,9,Weapon Violations,141
2011,10,Aggravated Assault Firearm,214
2011,10,Aggravated Assault No Firearm,488
2011,10,All Other Offenses,2141
2011,10,Arson,54
2011,10,Burglary Non-Residential,156
2011,10,Burglary Residential,980
2011,10,DRIVING UNDER THE INFLUENCE,324
2011,10,Disorderly Conduct,268
2011,10,Embezzlement,29
2011,10,Forgery and Counterfeiting,31
2011,10,Fraud,732
2011,10,Gambling Violations,9
2011,10,Homicide - Criminal,37
2011,10,Homicide - Justifiable,1
2011,10,Liquor Law Violations,41
2011,10,Motor Vehicle Theft,642
2011,10,Narcotic / Drug Law Violations,967
2011,10,Offenses Against Family and Children,6
2011,10,Other Assaults,2124
2011,10,Other Sex Offenses (Not Commercialized),118
2011,10,Prostitution and Commercialized Vice,76
2011,10,Public Drunkenness,31
2011,10,Rape,73
2011,10,Receiving Stolen Property,7
2011,10,Robbery Firearm,330
2011,10,Robbery No Firearm,363
2011,10,Theft from Vehicle,1428
2011,10,Thefts,1977
2011,10,Vagrancy/Loitering,68
2011,10,Vandalism/Criminal Mischief,1463
2011,10,Weapon Violations,143
2011,11,Aggravated Assault Firearm,205
2011,11,Aggravated Assault No Firearm,432
2011,11,All Other Offenses,2052
2011,11,Arson,55
2011,11,Burglary Non-Residential,184
2011,11,Burglary Residential,904
2011,11,DRIVING UNDER THE INFLUENCE,375
2011,11,Disorderly Conduct,203
2011,11,Embezzlement,22
2011,11,Forgery and Counterfeiting,42
2011,11,Fraud,620
2011,11,Gambling Violations,2
2011,11,Homicide - Criminal,20
2011,11,Homicide - Justifiable,2
2011,11,Liquor Law Violations,18
2011,11,Motor Vehicle Theft,557
2011,11,Narcotic / Drug Law Violations,840
2011,11,Offenses Against Family and Children,6
2011,11,Other Assaults,2052
2011,11,Other Sex Offenses (Not Commercialized),146
2011,11,Prostitution and Commercialized Vice,92
2011,11,Public Drunkenness,25
2011,11,Rape,68
2011,11,Receiving Stolen Property,3
2011,11,Robbery Firearm,353
2011,11,Robbery No Firearm,391
2011,11,Theft from Vehicle,1378
2011,11,Thefts,1945
2011,11,Vagrancy/Loitering,43
2011,11,Vandalism/Criminal Mischief,1488
2011,11,Weapon Violations,165
2011,12,Aggravated Assault Firearm,202
2011,12,Aggravated Assault No Firearm,447
2011,12,All Other Offenses,1832
2011,12,Arson,62
2011,12,Burglary Non-Residential,163
2011,12,Burglary Residential,884
2011,12,DRIVING UNDER THE INFLUENCE,377
2011,12,Disorderly Conduct,199
2011,12,Embezzlement,38
2011,12,Forgery and Counterfeiting,39
2011,12,Fraud,672
2011,12,Gambling Violations,1
2011,12,Homicide - Criminal,22
2011,12,Liquor Law Violations,14
2011,12,Motor Vehicle Theft,553
2011,12,Narcotic / Drug Law Violations,877
2011,12,Offenses Against Family and Children,10
2011,12,Other Assaults,1905
2011,12,Other Sex Offenses (Not Commercialized),142
2011,12,Prostitution and Commercialized Vice,95
2011,12,Public Drunkenness,21
2011,12,Rape,74
2011,12,Receiving Stolen Property,6
2011,12,Robbery Firearm,354
2011,12,Robbery No Firearm,402
2011,12,Theft from Vehicle,1277
2011,12,Thefts,1924
2011,12,Vagrancy/Loitering,40
2011,12,Vandalism/Criminal Mischief,1397
2011,12,Weapon Violations,168
2012,1,Aggravated Assault Firearm,189
2012,1,Aggravated Assault No Firearm,447
2012,1,All Other Offenses,2620
2012,1,Arson,58
2012,1,Burglary Non-Residential,180
2012,1,Burglary Residential,895
2012,1,DRIVING UNDER THE INFLUENCE,425
2012,1,Disorderly Conduct,317
2012,1,Embezzlement,35
2012,1,Forgery and Counterfeiting,24
2012,1,Fraud,720
2012,1,Gambling Violations,4
2012,1,Homicide - Criminal,30
2012,1,Homicide - Justifiable,1
2012,1,Liquor Law Violations,19
2012,1,Motor Vehicle Theft,459
2012,1,Narcotic / Drug Law Violations,914
2012,1,Offenses Against Family and Children,9
2012,1,Other Assaults,1986
2012,1,Other Sex Offenses (Not Commercialized),125
2012,1,Prostitution and Commercialized Vice,80
2012,1,Public Drunkenness,28
2012,1,Rape,58
2012,1,Receiving Stolen Property,3
2012,1,Robbery Firearm,279
2012,1,Robbery No Firearm,370
2012,1,Theft from Vehicle,1057
2012,1,Thefts,1829
2012,1,Vagrancy/Loitering,49
2012,1,Vandalism/Criminal Mischief,1319
2012,1,Weapon Violations,158
2012,2,Aggravated Assault Firearm,164
2012,2,Aggravated Assault No Firearm,459
2012,2,All Other Offenses,3139
2012,2,Arson,50
2012,2,Burglary Non-Residential,126
2012,2,Burglary Residential,669
2012,2,DRIVING UNDER THE INFLUENCE,441
2012,2,Disorderly Conduct,350
2012,2,Embezzlement,19
2012,2,Forgery and Counterfeiting,22
2012,2,Fraud,760
2012,2,Gambling Violations,2
2012,2,Homicide - Criminal,19
2012,2,Liquor Law Violations,42
2012,2,Motor Vehicle Theft,377
2012,2,Narcotic / Drug Law Violations,956
2012,2,Offenses Against Family and Children,16
2012,2,Other Assaults,1981
2012,2,Other Sex Offenses (Not Commercialized),112
2012,2,Prostitution and Commercialized Vice,91
2012,2,Public Drunkenness,42
2012,2,Rape,72
2012,2,Receiving Stolen Property,5
2012,2,Robbery Firearm,222
2012,2,Robbery No Firearm,310
2012,2,Theft from Vehicle,1045
2012,2,Thefts,1599
2012,2,Vagrancy/Loitering,58
2012,2,Vandalism/Criminal Mischief,1161
2012,2,Weapon Violations,137
2012,3,Aggravated Assault Firearm,205
2012,3,Aggravated Assault No Firearm,493
2012,3,All Other Offenses,3463
2012,3,Arson,60
2012,3,Burglary Non-Residential,144
2012,3,Burglary Residential,732
2012,3,DRIVING UNDER THE INFLUENCE,429
2012,3,Disorderly Conduct,372
2012,3,Embezzlement,19
2012,3,Forgery and Counterfeiting,29
2012,3,Fraud,915
2012,3,Gambling Violations,4
2012,3,Homicide - Criminal,33
2012,3,Homicide - Justifiable,1
2012,3,Liquor Law Violations,36
2012,3,Motor Vehicle Theft,236
2012,3,Narcotic / Drug Law Violations,986
2012,3,Offenses Against Family and Children,16
2012,3,Other Assaults,2292
2012,3,Other Sex Offenses (Not Commercialized),157
2012,3,Prostitution and Commercialized Vice,109
2012,3,Public Drunkenness,35
2012,3,Rape,84
2012,3,Receiving Stolen Property,2
2012,3,Robbery Firearm,213
2012,3,Robbery No Firearm,355
2012,3,Theft from Vehicle,1018
2012,3,Thefts,1845
2012,3,Vagrancy/Loitering,37
2012,3,Vandalism/Criminal Mischief,1473
2012,3,Weapon Violations,144
2012,4,Aggravated Assault Firearm,207
2012,4,Aggravated Assault No Firearm,509
2012,4,All Other Offenses,3547
2012,4,Arson,47
2012,4,Burglary Non-Residential,152
2012,4,Burglary Residential,728
2012,4,DRIVING UNDER THE INFLUENCE,411
2012,4,Disorderly Conduct,359
2012,4,Embezzlement,28
2012,4,Forgery and Counterfeiting,16
2012,4,Fraud,754
2012,4,Gambling Violations,4
2012,4,Homicide - Criminal,22
2012,4,Liquor Law Violations,40
2012,4,Motor Vehicle Theft,225
2012,4,Narcotic / Drug Law Violations,1003
2012,4,Offenses Against Family and Children,18
2012,4,Other Assaults,2051
2012,4,Other Sex Offenses (Not Commercialized),118
2012,4,Prostitution and Commercialized Vice,91
2012,4,Public Drunkenness,40
2012,4,Rape,69
2012,4,Receiving Stolen Property,1
2012,4,Robbery Firearm,235
2012,4,Robbery No Firearm,390
2012,4,Theft from Vehicle,1131
2012,4,Thefts,1986
2012,4,Vagrancy/Loitering,39
2012,4,Vandalism/Criminal Mischief,1503
2012,4,Weapon Violations,117
2012,5,Aggravated Assault Firearm,213
2012,5,Aggravated Assault No Firearm,588
2012,5,All Other Offenses,3633
2012,5,Arson,63
2012,5,Burglary Non-Residential,160
2012,5,Burglary Residential,763
2012,5,DRIVING UNDER THE INFLUENCE,374
2012,5,Disorderly Conduct,367
2012,5,Embezzlement,35
2012,5,Forgery and Counterfeiting,15
2012,5,Fraud,724
2012,5,Gambling Violations,14
2012,5,Homicide - Criminal,35
2012,5,Liquor Law Violations,32
2012,5,Motor Vehicle Theft,234
2012,5,Narcotic / Drug Law Violations,1070
2012,5,Offenses Against Family and Children,18
2012,5,Other Assaults,2451
2012,5,Other Sex Offenses (Not Commercialized),183
2012,5,Prostitution and Commercialized Vice,133
2012,5,Public Drunkenness,32
2012,5,Rape,85
2012,5,Receiving Stolen Property,5
2012,5,Robbery Firearm,287
2012,5,Robbery No Firearm,352
2012,5,Theft from Vehicle,1136
2012,5,Thefts,2165
2012,5,Vagrancy/Loitering,35
2012,5,Vandalism/Criminal Mischief,1558
2012,5,Weapon Violations,143
2012,6,Aggravated Assault Firearm,203
2012,6,Aggravated Assault No Firearm,597
2012,6,All Other Offenses,3929
2012,6,Arson,48
2012,6,Burglary Non-Residential,239
2012,6,Burglary Residential,759
2012,6,DRIVING UNDER THE INFLUENCE,345
2012,6,Disorderly Conduct,337
2012,6,Embezzlement,33
2012,6,Forgery and Counterfeiting,28
2012,6,Fraud,752
2012,6,Gambling Violations,5
2012,6,Homicide - Criminal,33
2012,6,Liquor Law Violations,114
2012,6,Motor Vehicle Theft,238
2012,6,Narcotic / Drug Law Violations,961
2012,6,Offenses Against Family and Children,17
2012,6,Other Assaults,2182
2012,6,Other Sex Offenses (Not Commercialized),148
2012,6,Prostitution and Commercialized Vice,125
2012,6,Public Drunkenness,30
2012,6,Rape,74
2012,6,Receiving Stolen Property,2
2012,6,Robbery Firearm,241
2012,6,Robbery No Firearm,372
2012,6,Theft from Vehicle,1126
2012,6,Thefts,2119
2012,6,Vagrancy/Loitering,27
2012,6,Vandalism/Criminal Mischief,1423
2012,6,Weapon Violations,99
2012,7,Aggravated Assault Firearm,238
2012,7,Aggravated Assault No Firearm,608
2012,7,All Other Offenses,3687
2012,7,Arson,43
2012,7,Burglary Non-Residential,196
2012,7,Burglary Residential,829
2012,7,DRIVING UNDER THE INFLUENCE,327
2012,7,Disorderly Conduct,316
2012,7,Embezzlement,35
2012,7,Forgery and Counterfeiting,21
2012,7,Fraud,806
2012,7,Gambling Violations,7
2012,7,Homicide - Criminal,23
2012,7,Liquor Law Violations,51
2012,7,Motor Vehicle Theft,266
2012,7,Narcotic / Drug Law Violations,929
2012,7,Offenses Against Family and Children,12
2012,7,Other Assaults,2095
2012,7,Other Sex Offenses (Not Commercialized),142
2012,7,Prostitution and Commercialized Vice,117
2012,7,Public Drunkenness,16
2012,7,Rape,94
2012,7,Receiving Stolen Property,3
2012,7,Robbery Firearm,305
2012,7,Robbery No Firearm,421
2012,7,Theft from Vehicle,1120
2012,7,Thefts,2117
2012,7,Vagrancy/Loitering,29
2012,7,Vandalism/Criminal Mischief,1523
2012,7,Weapon Violations,101
2012,8,Aggravated Assault Firearm,261
2012,8,Aggravated Assault No Firearm,549
2012,8,All Other Offenses,3624
2012,8,Arson,49
2012,8,Burglary Non-Residential,270
2012,8,Burglary Residential,911
2012,8,DRIVING UNDER THE INFLUENCE,281
2012,8,Disorderly Conduct,312
2012,8,Embezzlement,26
2012,8,Forgery and Counterfeiting,25
2012,8,Fraud,727
2012,8,Gambling Violations,3
2012,8,Homicide - Criminal,28
2012,8,Liquor Law Violations,55
2012,8,Motor Vehicle Theft,284
2012,8,Narcotic / Drug Law Violations,1025
2012,8,Offenses Against Family and Children,10
2012,8,Other Assaults,2043
2012,8,Other Sex Offenses (Not Commercialized),128
2012,8,Prostitution and Commercialized Vice,129
2012,8,Public Drunkenness,24
2012,8,Rape,70
2012,8,Receiving Stolen Property,10
2012,8,Robbery Firearm,305
2012,8,Robbery No Firearm,441
2012,8,Theft from Vehicle,1258
2012,8,Thefts,2288
2012,8,Vagrancy/Loitering,36
2012,8,Vandalism/Criminal Mischief,1507
2012,8,Weapon Violations,101
2012,9,Aggravated Assault Firearm,192
2012,9,Aggravated Assault No Firearm,545
2012,9,All Other Offenses,3077
2012,9,Arson,30
2012,9,Burglary Non-Residential,153
2012,9,Burglary Residential,911
2012,9,DRIVING UNDER THE INFLUENCE,388
2012,9,Disorderly Conduct,282
2012,9,Embezzlement,28
2012,9,Forgery and Counterfeiting,15
2012,9,Fraud,754
2012,9,Gambling Violations,6
2012,9,Homicide - Criminal,24
2012,9,Liquor Law Violations,62
2012,9,Motor Vehicle Theft,244
2012,9,Narcotic / Drug Law Violations,1009
2012,9,Offenses Against Family and Children,13
2012,9,Other Assaults,2050
2012,9,Other Sex Offenses (Not Commercialized),115
2012,9,Prostitution and Commercialized Vice,97
2012,9,Public Drunkenness,43
2012,9,Rape,75
2012,9,Receiving Stolen Property,9
2012,9,Robbery Firearm,331
2012,9,Robbery No Firearm,408
2012,9,Theft from Vehicle,1265
2012,9,Thefts,2356
2012,9,Vagrancy/Loitering,16
2012,9,Vandalism/Criminal Mischief,1392
2012,9,Weapon Violations,114
2012,10,Aggravated Assault Firearm,175
2012,10,Aggravated Assault No Firearm,489
2012,10,All Other Offenses,3141
2012,10,Arson,59
2012,10,Burglary Non-Residential,255
2012,10,Burglary Residential,916
2012,10,DRIVING UNDER THE INFLUENCE,344
2012,10,Disorderly Conduct,323
2012,10,Embezzlement,25
2012,10,Forgery and Counterfeiting,20
2012,10,Fraud,716
2012,10,Gambling Violations,7
2012,10,Homicide - Criminal,25
2012,10,Liquor Law Violations,76
2012,10,Motor Vehicle Theft,210
2012,10,Narcotic / Drug Law Violations,1090
2012,10,Offenses Against Family and Children,9
2012,10,Other Assaults,2023
2012,10,Other Sex Offenses (Not Commercialized),145
2012,10,Prostitution and Commercialized Vice,106
2012,10,Public Drunkenness,32
2012,10,Rape,67
2012,10,Receiving Stolen Property,12
2012,10,Robbery Firearm,304
2012,10,Robbery No Firearm,408
2012,10,Theft from Vehicle,1229
2012,10,Thefts,2153
2012,10,Vagrancy/Loitering,42
2012,10,Vandalism/Criminal Mischief,1357
2012,10,Weapon Violations,129
2012,11,Aggravated Assault Firearm,156
2012,11,Aggravated Assault No Firearm,424
2012,11,All Other Offenses,2463
2012,11,Arson,40
2012,11,Burglary Non-Residential,201
2012,11,Burglary Residential,824
2012,11,DRIVING UNDER THE INFLUENCE,380
2012,11,Disorderly Conduct,268
2012,11,Embezzlement,28
2012,11,Forgery and Counterfeiting,24
2012,11,Fraud,715
2012,11,Gambling Violations,2
2012,11,Homicide - Criminal,17
2012,11,Homicide - Justifiable,1
2012,11,Liquor Law Violations,24
2012,11,Motor Vehicle Theft,186
2012,11,Narcotic / Drug Law Violations,937
2012,11,Offenses Against Family and Children,8
2012,11,Other Assaults,1715
2012,11,Other Sex Offenses (Not Commercialized),118
2012,11,Prostitution and Commercialized Vice,67
2012,11,Public Drunkenness,26
2012,11,Rape,68
2012,11,Receiving Stolen Property,4
2012,11,Robbery Firearm,303
2012,11,Robbery No Firearm,345
2012,11,Theft from Vehicle,1180
2012,11,Thefts,1900
2012,11,Vagrancy/Loitering,39
2012,11,Vandalism/Criminal Mischief,1201
2012,11,Weapon Violations,123
2012,12,Aggravated Assault Firearm,176
2012,12,Aggravated Assault No Firearm,431
2012,12,All Other Offenses,2453
2012,12,Arson,36
2012,12,Burglary Non-Residential,151
2012,12,Burglary Residential,790
2012,12,DRIVING UNDER THE INFLUENCE,384
2012,12,Disorderly Conduct,254
2012,12,Embezzlement,21
2012,12,Forgery and Counterfeiting,22
2012,12,Fraud,687
2012,12,Gambling Violations,5
2012,12,Homicide - Criminal,30
2012,12,Liquor Law Violations,18
2012,12,Motor Vehicle Theft,170
2012,12,Narcotic / Drug Law Violations,833
2012,12,Offenses Against Family and Children,14
2012,12,Other Assaults,1840
2012,12,Other Sex Offenses (Not Commercialized),119
2012,12,Prostitution and Commercialized Vice,89
2012,12,Public Drunkenness,20
2012,12,Rape,57
2012,12,Receiving Stolen Property,5
2012,12,Robbery Firearm,295
2012,12,Robbery No Firearm,331
2012,12,Theft from Vehicle,1123
2012,12,Thefts,1867
2012,12,Vagrancy/Loitering,24
2012,12,Vandalism/Criminal Mischief,1203
2012,12,Weapon Violations,124
2013,1,Aggravated Assault Firearm,182
2013,1,Aggravated Assault No Firearm,402
2013,1,All Other Offenses,2544
2013,1,Arson,34
2013,1,Burglary Non-Residential,136
2013,1,Burglary Residential,807
2013,1,DRIVING UNDER THE INFLUENCE,393
2013,1,Disorderly Conduct,277
2013,1,Embezzlement,28
2013,1,Forgery and Counterfeiting,15
2013,1,Fraud,663
2013,1,Gambling Violations,5
2013,1,Homicide - Criminal,18
2013,1,Liquor Law Violations,20
2013,1,Motor Vehicle Theft,189
2013,1,Narcotic / Drug Law Violations,1031
2013,1,Offenses Against Family and Children,6
2013,1,Other Assaults,1849
2013,1,Other Sex Offenses (Not Commercialized),86
2013,1,Prostitution and Commercialized Vice,84
2013,1,Public Drunkenness,34
2013,1,Rape,87
2013,1,Receiving Stolen Property,5
2013,1,Robbery Firearm,264
2013,1,Robbery No Firearm,326
2013,1,Theft from Vehicle,906
2013,1,Thefts,1785
2013,1,Vagrancy/Loitering,26
2013,1,Vandalism/Criminal Mischief,1176
2013,1,Weapon Violations,144
2013,2,Aggravated Assault Firearm,114
2013,2,Aggravated Assault No Firearm,378
2013,2,All Other Offenses,2451
2013,2,Arson,35
2013,2,Burglary Non-Residential,159
2013,2,Burglary Residential,647
2013,2,DRIVING UNDER THE INFLUENCE,356
2013,2,Disorderly Conduct,263
2013,2,Embezzlement,27
2013,2,Forgery and Counterfeiting,19
2013,2,Fraud,672
2013,2,Gambling Violations,10
2013,2,Homicide - Criminal,13
2013,2,Liquor Law Violations,24
2013,2,Motor Vehicle Theft,162
2013,2,Narcotic / Drug Law Violations,987
2013,2,Offenses Against Family and Children,10
2013,2,Other Assaults,1671
2013,2,Other Sex Offenses (Not Commercialized),77
2013,2,Prostitution and Commercialized Vice,75
2013,2,Public Drunkenness,25
2013,2,Rape,94
2013,2,Receiving Stolen Property,7
2013,2,Robbery Firearm,196
2013,2,Robbery No Firearm,289
2013,2,Theft from Vehicle,800
2013,2,Thefts,1422
2013,2,Vagrancy/Loitering,17
2013,2,Vandalism/Criminal Mischief,1013
2013,2,Weapon Violations,139
2013,3,Aggravated Assault Firearm,183
2013,3,Aggravated Assault No Firearm,484
2013,3,All Other Offenses,3609
2013,3,Arson,39
2013,3,Burglary Non-Residential,145
2013,3,Burglary Residential,664
2013,3,DRIVING UNDER THE INFLUENCE,415
2013,3,Disorderly Conduct,290
2013,3,Embezzlement,30
2013,3,Forgery and Counterfeiting,25
2013,3,Fraud,797
2013,3,Gambling Violations,5
2013,3,Homicide - Criminal,21
2013,3,Liquor Law Violations,35
2013,3,Motor Vehicle Theft,175
2013,3,Narcotic / Drug Law Violations,989
2013,3,Offenses Against Family and Children,13
2013,3,Other Assaults,1925
2013,3,Other Sex Offenses (Not Commercialized),95
2013,3,Prostitution and Commercialized Vice,120
2013,3,Public Drunkenness,28
2013,3,Rape,90
2013,3,Receiving Stolen Property,4
2013,3,Robbery Firearm,189
2013,3,Robbery No Firearm,357
2013,3,Theft from Vehicle,844
2013,3,Thefts,1624
2013,3,Vagrancy/Loitering,33
2013,3,Vandalism/Criminal Mischief,1135
2013,3,Weapon Violations,115
2013,4,Aggravated Assault Firearm,205
2013,4,Aggravated Assault No Firearm,486
2013,4,All Other Offenses,3345
2013,4,Arson,40
2013,4,Burglary Non-Residential,104
2013,4,Burglary Residential,682
2013,4,DRIVING UNDER THE INFLUENCE,369
2013,4,Disorderly Conduct,279
2013,4,Embezzlement,28
2013,4,Forgery and Counterfeiting,23
2013,4,Fraud,766
2013,4,Gambling Violations,3
2013,4,Homicide - Criminal,26
2013,4,Liquor Law Violations,25
2013,4,Motor Vehicle Theft,145
2013,4,Narcotic / Drug Law Violations,1085
2013,4,Offenses Against Family and Children,10
2013,4,Other Assaults,2115
2013,4,Other Sex Offenses (Not Commercialized),110
2013,4,Prostitution and Commercialized Vice,85
2013,4,Public Drunkenness,29
2013,4,Rape,129
2013,4,Receiving Stolen Property,8
2013,4,Robbery Firearm,214
2013,4,Robbery No Firearm,352
2013,4,Theft from Vehicle,936
2013,4,Thefts,1819
2013,4,Vagrancy/Loitering,31
2013,4,Vandalism/Criminal Mischief,1240
2013,4,Weapon Violations,129
2013,5,Aggravated Assault Firearm,218
2013,5,Aggravated Assault No Firearm,504
2013,5,All Other Offenses,3888
2013,5,Arson,32
2013,5,Burglary Non-Residential,125
2013,5,Burglary Residential,671
2013,5,DRIVING UNDER THE INFLUENCE,361
2013,5,Disorderly Conduct,295
2013,5,Embezzlement,26
2013,5,Forgery and Counterfeiting,21
2013,5,Fraud,713
2013,5,Gambling Violations,8
2013,5,Homicide - Criminal,19
2013,5,Liquor Law Violations,33
2013,5,Motor Vehicle Theft,187
2013,5,Narcotic / Drug Law Violations,1095
2013,5,Offenses Against Family and Children,13
2013,5,Other Assaults,2231
2013,5,Other Sex Offenses (Not Commercialized),104
2013,5,Prostitution and Commercialized Vice,137
2013,5,Public Drunkenness,35
2013,5,Rape,112
2013,5,Receiving Stolen Property,5
2013,5,Robbery Firearm,278
2013,5,Robbery No Firearm,367
2013,5,Theft from Vehicle,1074
2013,5,Thefts,2087
2013,5,Vagrancy/Loitering,22
2013,5,Vandalism/Criminal Mischief,1317
2013,5,Weapon Violations,129
2013,6,Aggravated Assault Firearm,195
2013,6,Aggravated Assault No Firearm,499
2013,6,All Other Offenses,3966
2013,6,Arson,38
2013,6,Burglary Non-Residential,133
2013,6,Burglary Residential,770
2013,6,DRIVING UNDER THE INFLUENCE,319
2013,6,Disorderly Conduct,233
2013,6,Embezzlement,24
2013,6,Forgery and Counterfeiting,22
2013,6,Fraud,747
2013,6,Gambling Violations,2
2013,6,Homicide - Criminal,15
2013,6,Liquor Law Violations,38
2013,6,Motor Vehicle Theft,215
2013,6,Narcotic / Drug Law Violations,991
2013,6,Offenses Against Family and Children,10
2013,6,Other Assaults,2014
2013,6,Other Sex Offenses (Not Commercialized),96
2013,6,Prostitution and Commercialized Vice,110
2013,6,Public Drunkenness,28
2013,6,Rape,111
2013,6,Receiving Stolen Property,5
2013,6,Robbery Firearm,256
2013,6,Robbery No Firearm,342
2013,6,Theft from Vehicle,1167
2013,6,Thefts,2132
2013,6,Vagrancy/Loitering,37
2013,6,Vandalism/Criminal Mischief,1312
2013,6,Weapon Violations,102
2013,7,Aggravated Assault Firearm,182
2013,7,Aggravated Assault No Firearm,540
2013,7,All Other Offenses,4239
2013,7,Arson,35
2013,7,Burglary Non-Residential,140
2013,7,Burglary Residential,797
2013,7,DRIVING UNDER THE INFLUENCE,287
2013,7,Disorderly Conduct,257
2013,7,Embezzlement,42
2013,7,Forgery and Counterfeiting,12
2013,7,Fraud,753
2013,7,Gambling Violations,5
2013,7,Homicide - Criminal,27
2013,7,Homicide - Justifiable,1
2013,7,Liquor Law Violations,23
2013,7,Motor Vehicle Theft,212
2013,7,Narcotic / Drug Law Violations,901
2013,7,Offenses Against Family and Children,8
2013,7,Other Assaults,1853
2013,7,Other Sex Offenses (Not Commercialized),77
2013,7,Prostitution and Commercialized Vice,81
2013,7,Public Drunkenness,20
2013,7,Rape,128
2013,7,Receiving Stolen Property,6
2013,7,Robbery Firearm,211
2013,7,Robbery No Firearm,360
2013,7,Theft from Vehicle,1265
2013,7,Thefts,2366
2013,7,Vagrancy/Loitering,9
2013,7,Vandalism/Criminal Mischief,1351
2013,7,Weapon Violations,87
2013,8,Aggravated Assault Firearm,223
2013,8,Aggravated Assault No Firearm,492
2013,8,All Other Offenses,3935
2013,8,Arson,34
2013,8,Burglary Non-Residential,175
2013,8,Burglary Residential,791
2013,8,DRIVING UNDER THE INFLUENCE,337
2013,8,Disorderly Conduct,235
2013,8,Embezzlement,37
2013,8,Forgery and Counterfeiting,27
2013,8,Fraud,760
2013,8,Gambling Violations,3
2013,8,Homicide - Criminal,18
2013,8,Liquor Law Violations,60
2013,8,Motor Vehicle Theft,236
2013,8,Narcotic / Drug Law Violations,1015
2013,8,Offenses Against Family and Children,14
2013,8,Other Assaults,1883
2013,8,Other Sex Offenses (Not Commercialized),98
2013,8,Prostitution and Commercialized Vice,110
2013,8,Public Drunkenness,25
2013,8,Rape,107
2013,8,Receiving Stolen Property,5
2013,8,Robbery Firearm,262
2013,8,Robbery No Firearm,439
2013,8,Theft from Vehicle,1389
2013,8,Thefts,2317
2013,8,Vagrancy/Loitering,5
2013,8,Vandalism/Criminal Mischief,1491
2013,8,Weapon Violations,106
2013,9,Aggravated Assault Firearm,186
2013,9,Aggravated Assault No Firearm,509
2013,9,All Other Offenses,3273
2013,9,Arson,39
2013,9,Burglary Non-Residential,165
2013,9,Burglary Residential,753
2013,9,DRIVING UNDER THE INFLUENCE,288
2013,9,Disorderly Conduct,228
2013,9,Embezzlement,21
2013,9,Forgery and Counterfeiting,16
2013,9,Fraud,668
2013,9,Gambling Violations,4
2013,9,Homicide - Criminal,22
2013,9,Homicide - Justifiable,2
2013,9,Liquor Law Violations,46
2013,9,Motor Vehicle Theft,236
2013,9,Narcotic / Drug Law Violations,912
2013,9,Offenses Against Family and Children,16
2013,9,Other Assaults,2009
2013,9,Other Sex Offenses (Not Commercialized),96
2013,9,Prostitution and Commercialized Vice,105
2013,9,Public Drunkenness,26
2013,9,Rape,90
2013,9,Receiving Stolen Property,2
2013,9,Robbery Firearm,247
2013,9,Robbery No Firearm,394
2013,9,Theft from Vehicle,1297
2013,9,Thefts,2084
2013,9,Vagrancy/Loitering,5
2013,9,Vandalism/Criminal Mischief,1254
2013,9,Weapon Violations,122
2013,10,Aggravated Assault Firearm,203
2013,10,Aggravated Assault No Firearm,459
2013,10,All Other Offenses,3268
2013,10,Arson,51
2013,10,Burglary Non-Residential,161
2013,10,Burglary Residential,692
2013,10,DRIVING UNDER THE INFLUENCE,317
2013,10,Disorderly Conduct,283
2013,10,Embezzlement,34
2013,10,Forgery and Counterfeiting,18
2013,10,Fraud,831
2013,10,Gambling Violations,1
2013,10,Homicide - Criminal,21
2013,10,Liquor Law Violations,50
2013,10,Motor Vehicle Theft,260
2013,10,Narcotic / Drug Law Violations,1084
2013,10,Offenses Against Family and Children,10
2013,10,Other Assaults,2022
2013,10,Other Sex Offenses (Not Commercialized),103
2013,10,Prostitution and Commercialized Vice,110
2013,10,Public Drunkenness,28
2013,10,Rape,131
2013,10,Receiving Stolen Property,5
2013,10,Robbery Firearm,277
2013,10,Robbery No Firearm,414
2013,10,Theft from Vehicle,1265
2013,10,Thefts,2176
2013,10,Vagrancy/Loitering,10
2013,10,Vandalism/Criminal Mischief,1279
2013,10,Weapon Violations,127
2013,11,Aggravated Assault Firearm,160
2013,11,Aggravated Assault No Firearm,456
2013,11,All Other Offenses,2823
2013,11,Arson,49
2013,11,Burglary Non-Residential,136
2013,11,Burglary Residential,662
2013,11,DRIVING UNDER THE INFLUENCE,325
2013,11,Disorderly Conduct,210
2013,11,Embezzlement,25
2013,11,Forgery and Counterfeiting,13
2013,11,Fraud,709
2013,11,Gambling Violations,2
2013,11,Homicide - Criminal,15
2013,11,Liquor Law Violations,38
2013,11,Motor Vehicle Theft,202
2013,11,Narcotic / Drug Law Violations,827
2013,11,Offenses Against Family and Children,11
2013,11,Other Assaults,1821
2013,11,Other Sex Offenses (Not Commercialized),87
2013,11,Prostitution and Commercialized Vice,87
2013,11,Public Drunkenness,48
2013,11,Rape,95
2013,11,Receiving Stolen Property,1
2013,11,Robbery Firearm,323
2013,11,Robbery No Firearm,380
2013,11,Theft from Vehicle,1036
2013,11,Thefts,1904
2013,11,Vagrancy/Loitering,6
2013,11,Vandalism/Criminal Mischief,1128
2013,11,Weapon Violations,102
2013,12,Aggravated Assault Firearm,151
2013,12,Aggravated Assault No Firearm,396
2013,12,All Other Offenses,2321
2013,12,Arson,36
2013,12,Burglary Non-Residential,139
2013,12,Burglary Residential,694
2013,12,DRIVING UNDER THE INFLUENCE,348
2013,12,Disorderly Conduct,193
2013,12,Embezzlement,37
2013,12,Forgery and Counterfeiting,27
2013,12,Fraud,706
2013,12,Gambling Violations,4
2013,12,Homicide - Criminal,24
2013,12,Liquor Law Violations,18
2013,12,Motor Vehicle Theft,194
2013,12,Narcotic / Drug Law Violations,694
2013,12,Offenses Against Family and Children,21
2013,12,Other Assaults,1599
2013,12,Other Sex Offenses (Not Commercialized),92
2013,12,Prostitution and Commercialized Vice,36
2013,12,Public Drunkenness,26
2013,12,Rape,100
2013,12,Receiving Stolen Property,6
2013,12,Robbery Firearm,291
2013,12,Robbery No Firearm,295
2013,12,Theft from Vehicle,1061
2013,12,Thefts,1641
2013,12,Vagrancy/Loitering,6
2013,12,Vandalism/Criminal Mischief,1063
2013,12,Weapon Violations,104
2014,1,Aggravated Assault Firearm,137
2014,1,Aggravated Assault No Firearm,335
2014,1,All Other Offenses,2101
2014,1,Arson,27
2014,1,Burglary Non-Residential,88
2014,1,Burglary Residential,680
2014,1,DRIVING UNDER THE INFLUENCE,298
2014,1,Disorderly Conduct,186
2014,1,Embezzlement,26
2014,1,Forgery and Counterfeiting,16
2014,1,Fraud,645
2014,1,Gambling Violations,1
2014,1,Homicide - Criminal,25
2014,1,Liquor Law Violations,9
2014,1,Motor Vehicle Theft,191
2014,1,Narcotic / Drug Law Violations,759
2014,1,Offenses Against Family and Children,6
2014,1,Other Assaults,1601
2014,1,Other Sex Offenses (Not Commercialized),85
2014,1,Prostitution and Commercialized Vice,55
2014,1,Public Drunkenness,17
2014,1,Rape,90
2014,1,Receiving Stolen Property,3
2014,1,Robbery Firearm,294
2014,1,Robbery No Firearm,328
2014,1,Theft from Vehicle,871
2014,1,Thefts,1521
2014,1,Vagrancy/Loitering,16
2014,1,Vandalism/Criminal Mischief,1072
2014,1,Weapon Violations,104
2014,2,Aggravated Assault Firearm,126
2014,2,Aggravated Assault No Firearm,329
2014,2,All Other Offenses,2260
2014,2,Arson,26
2014,2,Burglary Non-Residential,112
2014,2,Burglary Residential,490
2014,2,DRIVING UNDER THE INFLUENCE,313
2014,2,Disorderly Conduct,164
2014,2,Embezzlement,28
2014,2,Forgery and Counterfeiting,12
2014,2,Fraud,626
2014,2,Gambling Violations,2
2014,2,Homicide - Criminal,19
2014,2,Liquor Law Violations,15
2014,2,Motor Vehicle Theft,112
2014,2,Narcotic / Drug Law Violations,778
2014,2,Offenses Against Family and Children,7
2014,2,Other Assaults,1492
2014,2,Other Sex Offenses (Not Commercialized),79
2014,2,Prostitution and Commercialized Vice,52
2014,2,Public Drunkenness,32
2014,2,Rape,87
2014,2,Receiving Stolen Property,6
2014,2,Robbery Firearm,167
2014,2,Robbery No Firearm,260
2014,2,Theft from Vehicle,691
2014,2,Thefts,1396
2014,2,Vagrancy/Loitering,12
2014,2,Vandalism/Criminal Mischief,814
2014,2,Weapon Violations,120
2014,3,Aggravated Assault Firearm,182
2014,3,Aggravated Assault No Firearm,450
2014,3,All Other Offenses,3043
2014,3,Arson,45
2014,3,Burglary Non-Residential,102
2014,3,Burglary Residential,571
2014,3,DRIVING UNDER THE INFLUENCE,367
2014,3,Disorderly Conduct,249
2014,3,Embezzlement,27
2014,3,Forgery and Counterfeiting,14
2014,3,Fraud,748
2014,3,Gambling Violations,3
2014,3,Homicide - Criminal,17
2014,3,Liquor Law Violations,33
2014,3,Motor Vehicle Theft,159
2014,3,Narcotic / Drug Law Violations,898
2014,3,Offenses Against Family and Children,16
2014,3,Other Assaults,1921
2014,3,Other Sex Offenses (Not Commercialized),92
2014,3,Prostitution and Commercialized Vice,91
2014,3,Public Drunkenness,31
2014,3,Rape,86
2014,3,Receiving Stolen Property,2
2014,3,Robbery Firearm,168
2014,3,Robbery No Firearm,279
2014,3,Theft from Vehicle,887
2014,3,Thefts,1651
2014,3,Vagrancy/Loitering,13
2014,3,Vandalism/Criminal Mischief,1102
2014,3,Weapon Violations,109
2014,4,Aggravated Assault Firearm,176
2014,4,Aggravated Assault No Firearm,417
2014,4,All Other Offenses,3779
2014,4,Arson,24
2014,4,Burglary Non-Residential,106
2014,4,Burglary Residential,593
2014,4,DRIVING UNDER THE INFLUENCE,295
2014,4,Disorderly Conduct,252
2014,4,Embezzlement,24
2014,4,Forgery and Counterfeiting,22
2014,4,Fraud,879
2014,4,Gambling Violations,1
2014,4,Homicide - Criminal,9
2014,4,Liquor Law Violations,39
2014,4,Motor Vehicle Theft,177
2014,4,Narcotic / Drug Law Violations,971
2014,4,Offenses Against Family and Children,15
2014,4,Other Assaults,2023
2014,4,Other Sex Offenses (Not Commercialized),99
2014,4,Prostitution and Commercialized Vice,108
2014,4,Public Drunkenness,38
2014,4,Rape,100
2014,4,Receiving Stolen Property,3
2014,4,Robbery Firearm,221
2014,4,Robbery No Firearm,324
2014,4,Theft from Vehicle,1055
2014,4,Thefts,1790
2014,4,Vagrancy/Loitering,19
2014,4,Vandalism/Criminal Mischief,1314
2014,4,Weapon Violations,147
2014,5,Aggravated Assault Firearm,233
2014,5,Aggravated Assault No Firearm,506
2014,5,All Other Offenses,4035
2014,5,Arson,45
2014,5,Burglary Non-Residential,328
2014,5,Burglary Residential,654
2014,5,DRIVING UNDER THE INFLUENCE,322
2014,5,Disorderly Conduct,245
2014,5,Embezzlement,38
2014,5,Forgery and Counterfeiting,18
2014,5,Fraud,838
2014,5,Gambling Violations,1
2014,5,Homicide - Criminal,23
2014,5,Liquor Law Violations,25
2014,5,Motor Vehicle Theft,176
2014,5,Narcotic / Drug Law Violations,910
2014,5,Offenses Against Family and Children,18
2014,5,Other Assaults,2191
2014,5,Other Sex Offenses (Not Commercialized),84
2014,5,Prostitution and Commercialized Vice,110
2014,5,Public Drunkenness,34
2014,5,Rape,108
2014,5,Receiving Stolen Property,4
2014,5,Robbery Firearm,232
2014,5,Robbery No Firearm,352
2014,5,Theft from Vehicle,1183
2014,5,Thefts,2252
2014,5,Vagrancy/Loitering,12
2014,5,Vandalism/Criminal Mischief,1382
2014,5,Weapon Violations,166
2014,6,Aggravated Assault Firearm,180
2014,6,Aggravated Assault No Firearm,554
2014,6,All Other Offenses,3782
2014,6,Arson,32
2014,6,Burglary Non-Residential,128
2014,6,Burglary Residential,683
2014,6,DRIVING UNDER THE INFLUENCE,257
2014,6,Disorderly Conduct,233
2014,6,Embezzlement,33
2014,6,Forgery and Counterfeiting,34
2014,6,Fraud,860
2014,6,Gambling Violations,1
2014,6,Homicide - Criminal,19
2014,6,Liquor Law Violations,31
2014,6,Motor Vehicle Theft,207
2014,6,Narcotic / Drug Law Violations,896
2014,6,Offenses Against Family and Children,10
2014,6,Other Assaults,2106
2014,6,Other Sex Offenses (Not Commercialized),68
2014,6,Prostitution and Commercialized Vice,148
2014,6,Public Drunkenness,35
2014,6,Rape,103
2014,6,Receiving Stolen Property,4
2014,6,Robbery Firearm,229
2014,6,Robbery No Firearm,350
2014,6,Theft from Vehicle,1184
2014,6,Thefts,2250
2014,6,Vagrancy/Loitering,5
2014,6,Vandalism/Criminal Mischief,1425
2014,6,Weapon Violations,121
2014,7,Aggravated Assault Firearm,175
2014,7,Aggravated Assault No Firearm,491
2014,7,All Other Offenses,4636
2014,7,Arson,28
2014,7,Burglary Non-Residential,268
2014,7,Burglary Residential,750
2014,7,DRIVING UNDER THE INFLUENCE,307
2014,7,Disorderly Conduct,200
2014,7,Embezzlement,33
2014,7,Forgery and Counterfeiting,18
2014,7,Fraud,884
2014,7,Gambling Violations,12
2014,7,Homicide - Criminal,18
2014,7,Liquor Law Violations,28
2014,7,Motor Vehicle Theft,240
2014,7,Narcotic / Drug Law Violations,871
2014,7,Offenses Against Family and Children,27
2014,7,Other Assaults,1989
2014,7,Other Sex Offenses (Not Commercialized),86
2014,7,Prostitution and Commercialized Vice,160
2014,7,Public Drunkenness,44
2014,7,Rape,105
2014,7,Receiving Stolen Property,9
2014,7,Robbery Firearm,254
2014,7,Robbery No Firearm,342
2014,7,Theft from Vehicle,1242
2014,7,Thefts,2334
2014,7,Vagrancy/Loitering,23
2014,7,Vandalism/Criminal Mischief,1404
2014,7,Weapon Violations,90
2014,8,Aggravated Assault Firearm,194
2014,8,Aggravated Assault No Firearm,535
2014,8,All Other Offenses,3934
2014,8,Arson,39
2014,8,Burglary Non-Residential,161
2014,8,Burglary Residential,748
2014,8,DRIVING UNDER THE INFLUENCE,315
2014,8,Disorderly Conduct,248
2014,8,Embezzlement,34
2014,8,Forgery and Counterfeiting,34
2014,8,Fraud,817
2014,8,Gambling Violations,2
2014,8,Homicide - Criminal,30
2014,8,Liquor Law Violations,13
2014,8,Motor Vehicle Theft,248
2014,8,Narcotic / Drug Law Violations,821
2014,8,Offenses Against Family and Children,9
2014,8,Other Assaults,1808
2014,8,Other Sex Offenses (Not Commercialized),74
2014,8,Prostitution and Commercialized Vice,125
2014,8,Public Drunkenness,36
2014,8,Rape,101
2014,8,Receiving Stolen Property,4
2014,8,Robbery Firearm,246
2014,8,Robbery No Firearm,302
2014,8,Theft from Vehicle,1174
2014,8,Thefts,2267
2014,8,Vagrancy/Loitering,19
2014,8,Vandalism/Criminal Mischief,1380
2014,8,Weapon Violations,114
2014,9,Aggravated Assault Firearm,172
2014,9,Aggravated Assault No Firearm,465
2014,9,All Other Offenses,3937
2014,9,Arson,26
2014,9,Burglary Non-Residential,142
2014,9,Burglary Residential,645
2014,9,DRIVING UNDER THE INFLUENCE,311
2014,9,Disorderly Conduct,345
2014,9,Embezzlement,39
2014,9,Forgery and Counterfeiting,19
2014,9,Fraud,1151
2014,9,Gambling Violations,6
2014,9,Homicide - Criminal,23
2014,9,Liquor Law Violations,35
2014,9,Motor Vehicle Theft,201
2014,9,Narcotic / Drug Law Violations,820
2014,9,Offenses Against Family and Children,11
2014,9,Other Assaults,1983
2014,9,Other Sex Offenses (Not Commercialized),79
2014,9,Prostitution and Commercialized Vice,140
2014,9,Public Drunkenness,46
2014,9,Rape,112
2014,9,Receiving Stolen Property,4
2014,9,Robbery Firearm,241
2014,9,Robbery No Firearm,323
2014,9,Theft from Vehicle,1129
2014,9,Thefts,2136
2014,9,Vagrancy/Loitering,52
2014,9,Vandalism/Criminal Mischief,1249
2014,9,Weapon Violations,129
2014,10,Aggravated Assault Firearm,166
2014,10,Aggravated Assault No Firearm,454
2014,10,All Other Offenses,3802
2014,10,Arson,41
2014,10,Burglary Non-Residential,184
2014,10,Burglary Residential,752
2014,10,DRIVING UNDER THE INFLUENCE,325
2014,10,Disorderly Conduct,337
2014,10,Embezzlement,35
2014,10,Forgery and Counterfeiting,32
2014,10,Fraud,1327
2014,10,Gambling Violations,10
2014,10,Homicide - Criminal,27
2014,10,Liquor Law Violations,21
2014,10,Motor Vehicle Theft,227
2014,10,Narcotic / Drug Law Violations,747
2014,10,Offenses Against Family and Children,17
2014,10,Other Assaults,2124
2014,10,Other Sex Offenses (Not Commercialized),103
2014,10,Prostitution and Commercialized Vice,163
2014,10,Public Drunkenness,49
2014,10,Rape,117
2014,10,Receiving Stolen Property,3
2014,10,Robbery Firearm,288
2014,10,Robbery No Firearm,336
2014,10,Theft from Vehicle,1332
2014,10,Thefts,2228
2014,10,Vagrancy/Loitering,97
2014,10,Vandalism/Criminal Mischief,1339
2014,10,Weapon Violations,136
2014,11,Aggravated Assault Firearm,139
2014,11,Aggravated Assault No Firearm,405
2014,11,All Other Offenses,3175
2014,11,Arson,35
2014,11,Burglary Non-Residential,96
2014,11,Burglary Residential,570
2014,11,DRIVING UNDER THE INFLUENCE,359
2014,11,Disorderly Conduct,331
2014,11,Embezzlement,27
2014,11,Forgery and Counterfeiting,24
2014,11,Fraud,1148
2014,11,Gambling Violations,5
2014,11,Homicide - Criminal,16
2014,11,Liquor Law Violations,26
2014,11,Motor Vehicle Theft,193
2014,11,Narcotic / Drug Law Violations,565
2014,11,Offenses Against Family and Children,6
2014,11,Other Assaults,1756
2014,11,Other Sex Offenses (Not Commercialized),81
2014,11,Prostitution and Commercialized Vice,120
2014,11,Public Drunkenness,48
2014,11,Rape,87
2014,11,Receiving Stolen Property,2
2014,11,Robbery Firearm,271
2014,11,Robbery No Firearm,308
2014,11,Theft from Vehicle,1147
2014,11,Thefts,1828
2014,11,Vagrancy/Loitering,110
2014,11,Vandalism/Criminal Mischief,1156
2014,11,Weapon Violations,101
2014,12,Aggravated Assault Firearm,146
2014,12,Aggravated Assault No Firearm,407
2014,12,All Other Offenses,2385
2014,12,Arson,29
2014,12,Burglary Non-Residential,138
2014,12,Burglary Residential,656
2014,12,DRIVING UNDER THE INFLUENCE,325
2014,12,Disorderly Conduct,230
2014,12,Embezzlement,42
2014,12,Forgery and Counterfeiting,25
2014,12,Fraud,1132
2014,12,Gambling Violations,1
2014,12,Homicide - Criminal,14
2014,12,Liquor Law Violations,17
2014,12,Motor Vehicle Theft,178
2014,12,Narcotic / Drug Law Violations,493
2014,12,Offenses Against Family and Children,7
2014,12,Other Assaults,1871
2014,12,Other Sex Offenses (Not Commercialized),90
2014,12,Prostitution and Commercialized Vice,103
2014,12,Public Drunkenness,34
2014,12,Rape,116
2014,12,Receiving Stolen Property,4
2014,12,Robbery Firearm,360
2014,12,Robbery No Firearm,309
2014,12,Theft from Vehicle,1138
2014,12,Thefts,1891
2014,12,Vagrancy/Loitering,63
2014,12,Vandalism/Criminal Mischief,1203
2014,12,Weapon Violations,88
2015,1,Aggravated Assault Firearm,137
2015,1,Aggravated Assault No Firearm,348
2015,1,All Other Offenses,2644
2015,1,Arson,30
2015,1,Burglary Non-Residential,123
2015,1,Burglary Residential,641
2015,1,DRIVING UNDER THE INFLUENCE,336
2015,1,Disorderly Conduct,247
2015,1,Embezzlement,36
2015,1,Forgery and Counterfeiting,22
2015,1,Fraud,1035
2015,1,Homicide - Criminal,27
2015,1,Liquor Law Violations,13
2015,1,Motor Vehicle Theft,181
2015,1,Narcotic / Drug Law Violations,618
2015,1,Offenses Against Family and Children,8
2015,1,Other Assaults,1708
2015,1,Other Sex Offenses (Not Commercialized),77
2015,1,Prostitution and Commercialized Vice,130
2015,1,Public Drunkenness,35
2015,1,Rape,99
2015,1,Receiving Stolen Property,2
2015,1,Robbery Firearm,298
2015,1,Robbery No Firearm,296
2015,1,Theft from Vehicle,920
2015,1,Thefts,1705
2015,1,Vagrancy/Loitering,99
2015,1,Vandalism/Criminal Mischief,1073
2015,1,Weapon Violations,118
2015,2,Aggravated Assault Firearm,133
2015,2,Aggravated Assault No Firearm,329
2015,2,All Other Offenses,2818
2015,2,Arson,19
2015,2,Burglary Non-Residential,98
2015,2,Burglary Residential,459
2015,2,DRIVING UNDER THE INFLUENCE,326
2015,2,Disorderly Conduct,215
2015,2,Embezzlement,28
2015,2,Forgery and Counterfeiting,21
2015,2,Fraud,1087
2015,2,Gambling Violations,2
2015,2,Homicide - Criminal,13
2015,2,Liquor Law Violations,10
2015,2,Motor Vehicle Theft,114
2015,2,Narcotic / Drug Law Violations,581
2015,2,Offenses Against Family and Children,8
2015,2,Other Assaults,1551
2015,2,Other Sex Offenses (Not Commercialized),75
2015,2,Prostitution and Commercialized Vice,89
2015,2,Public Drunkenness,65
2015,2,Rape,84
2015,2,Receiving Stolen Property,5
2015,2,Robbery Firearm,171
2015,2,Robbery No Firearm,234
2015,2,Theft from Vehicle,707
2015,2,Thefts,1373
2015,2,Vagrancy/Loitering,78
2015,2,Vandalism/Criminal Mischief,859
2015,2,Weapon Violations,85
2015,3,Aggravated Assault Firearm,147
2015,3,Aggravated Assault No Firearm,405
2015,3,All Other Offenses,3154
2015,3,Arson,23
2015,3,Burglary Non-Residential,93
2015,3,Burglary Residential,461
2015,3,DRIVING UNDER THE INFLUENCE,355
2015,3,Disorderly Conduct,292
2015,3,Embezzlement,25
2015,3,Forgery and Counterfeiting,21
2015,3,Fraud,1211
2015,3,Gambling Violations,4
2015,3,Homicide - Criminal,22
2015,3,Liquor Law Violations,14
2015,3,Motor Vehicle Theft,141
2015,3,Narcotic / Drug Law Violations,643
2015,3,Offenses Against Family and Children,13
2015,3,Other Assaults,1982
2015,3,Other Sex Offenses (Not Commercialized),97
2015,3,Prostitution and Commercialized Vice,104
2015,3,Public Drunkenness,63
2015,3,Rape,117
2015,3,Receiving Stolen Property,3
2015,3,Robbery Firearm,154
2015,3,Robbery No Firearm,292
2015,3,Theft from Vehicle,980
2015,3,Thefts,1681
2015,3,Vagrancy/Loitering,114
2015,3,Vandalism/Criminal Mischief,1044
2015,3,Weapon Violations,83
2015,4,Aggravated Assault Firearm,194
2015,4,Aggravated Assault No Firearm,480
2015,4,All Other Offenses,4251
2015,4,Arson,28
2015,4,Burglary Non-Residential,123
2015,4,Burglary Residential,543
2015,4,DRIVING UNDER THE INFLUENCE,360
2015,4,Disorderly Conduct,366
2015,4,Embezzlement,28
2015,4,Forgery and Counterfeiting,24
2015,4,Fraud,1230
2015,4,Gambling Violations,9
2015,4,Homicide - Criminal,5
2015,4,Liquor Law Violations,45
2015,4,Motor Vehicle Theft,134
2015,4,Narcotic / Drug Law Violations,761
2015,4,Offenses Against Family and Children,15
2015,4,Other Assaults,2205
2015,4,Other Sex Offenses (Not Commercialized),93
2015,4,Prostitution and Commercialized Vice,82
2015,4,Public Drunkenness,49
2015,4,Rape,117
2015,4,Receiving Stolen Property,4
2015,4,Robbery Firearm,171
2015,4,Robbery No Firearm,312
2015,4,Theft from Vehicle,961
2015,4,Thefts,1875
2015,4,Vagrancy/Loitering,175
2015,4,Vandalism/Criminal Mischief,1361
2015,4,Weapon Violations,130
2015,5,Aggravated Assault Firearm,237
2015,5,Aggravated Assault No Firearm,564
2015,5,All Other Offenses,4116
2015,5,Arson,27
2015,5,Burglary Non-Residential,115
2015,5,Burglary Residential,550
2015,5,DRIVING UNDER THE INFLUENCE,325
2015,5,Disorderly Conduct,296
2015,5,Embezzlement,28
2015,5,Forgery and Counterfeiting,15
2015,5,Fraud,1069
2015,5,Gambling Violations,6
2015,5,Homicide - Criminal,28
2015,5,Liquor Law Violations,33
2015,5,Motor Vehicle Theft,153
2015,5,Narcotic / Drug Law Violations,604
2015,5,Offenses Against Family and Children,31
2015,5,Other Assaults,2244
2015,5,Other Sex Offenses (Not Commercialized),89
2015,5,Prostitution and Commercialized Vice,80
2015,5,Public Drunkenness,54
2015,5,Rape,122
2015,5,Receiving Stolen Property,6
2015,5,Robbery Firearm,230
2015,5,Robbery No Firearm,349
2015,5,Theft from Vehicle,1078
2015,5,Thefts,2167
2015,5,Vagrancy/Loitering,160
2015,5,Vandalism/Criminal Mischief,1390
2015,5,Weapon Violations,124
2015,6,Aggravated Assault Firearm,204
2015,6,Aggravated Assault No Firearm,516
2015,6,All Other Offenses,3890
2015,6,Arson,22
2015,6,Burglary Non-Residential,147
2015,6,Burglary Residential,575
2015,6,DRIVING UNDER THE INFLUENCE,292
2015,6,Disorderly Conduct,244
2015,6,Embezzlement,45
2015,6,Forgery and Counterfeiting,13
2015,6,Fraud,1051
2015,6,Gambling Violations,2
2015,6,Homicide - Criminal,17
2015,6,Liquor Law Violations,23
2015,6,Motor Vehicle Theft,160
2015,6,Narcotic / Drug Law Violations,619
2015,6,Offenses Against Family and Children,22
2015,6,Other Assaults,2081
2015,6,Other Sex Offenses (Not Commercialized),95
2015,6,Prostitution and Commercialized Vice,88
2015,6,Public Drunkenness,32
2015,6,Rape,113
2015,6,Receiving Stolen Property,3
2015,6,Robbery Firearm,232
2015,6,Robbery No Firearm,316
2015,6,Theft from Vehicle,1157
2015,6,Thefts,2044
2015,6,Vagrancy/Loitering,151
2015,6,Vandalism/Criminal Mischief,1326
2015,6,Weapon Violations,108
2015,7,Aggravated Assault Firearm,220
2015,7,Aggravated Assault No Firearm,508
2015,7,All Other Offenses,4489
2015,7,Arson,33
2015,7,Burglary Non-Residential,147
2015,7,Burglary Residential,550
2015,7,DRIVING UNDER THE INFLUENCE,312
2015,7,Disorderly Conduct,240
2015,7,Embezzlement,26
2015,7,Forgery and Counterfeiting,14
2015,7,Fraud,1078
2015,7,Gambling Violations,3
2015,7,Homicide - Criminal,32
2015,7,Homicide - Justifiable,1
2015,7,Liquor Law Violations,31
2015,7,Motor Vehicle Theft,134
2015,7,Narcotic / Drug Law Violations,658
2015,7,Offenses Against Family and Children,18
2015,7,Other Assaults,1996
2015,7,Other Sex Offenses (Not Commercialized),87
2015,7,Prostitution and Commercialized Vice,78
2015,7,Public Drunkenness,47
2015,7,Rape,126
2015,7,Receiving Stolen Property,1
2015,7,Robbery Firearm,260
2015,7,Robbery No Firearm,352
2015,7,Theft from Vehicle,1236
2015,7,Thefts,2135
2015,7,Vagrancy/Loitering,142
2015,7,Vandalism/Criminal Mischief,1358
2015,7,Weapon Violations,86
2015,8,Aggravated Assault Firearm,263
2015,8,Aggravated Assault No Firearm,500
2015,8,All Other Offenses,4353
2015,8,Arson,35
2015,8,Burglary Non-Residential,179
2015,8,Burglary Residential,653
2015,8,DRIVING UNDER THE INFLUENCE,312
2015,8,Disorderly Conduct,210
2015,8,Embezzlement,25
2015,8,Forgery and Counterfeiting,22
2015,8,Fraud,1026
2015,8,Gambling Violations,11
2015,8,Homicide - Criminal,23
2015,8,Liquor Law Violations,29
2015,8,Motor Vehicle Theft,152
2015,8,Narcotic / Drug Law Violations,584
2015,8,Offenses Against Family and Children,11
2015,8,Other Assaults,2095
2015,8,Other Sex Offenses (Not Commercialized),92
2015,8,Prostitution and Commercialized Vice,104
2015,8,Public Drunkenness,33
2015,8,Rape,117
2015,8,Receiving Stolen Property,3
2015,8,Robbery Firearm,260
2015,8,Robbery No Firearm,334
2015,8,Theft from Vehicle,1283
2015,8,Thefts,2143
2015,8,Vagrancy/Loitering,110
2015,8,Vandalism/Criminal Mischief,1522
2015,8,Weapon Violations,111
2015,9,Aggravated Assault Firearm,198
2015,9,Aggravated Assault No Firearm,495
2015,9,All Other Offenses,3219
2015,9,Arson,32
2015,9,Burglary Non-Residential,129
2015,9,Burglary Residential,578
2015,9,DRIVING UNDER THE INFLUENCE,293
2015,9,Disorderly Conduct,214
2015,9,Embezzlement,53
2015,9,Forgery and Counterfeiting,12
2015,9,Fraud,943
2015,9,Gambling Violations,1
2015,9,Homicide - Criminal,26
2015,9,Homicide - Justifiable,1
2015,9,Liquor Law Violations,6
2015,9,Motor Vehicle Theft,138
2015,9,Narcotic / Drug Law Violations,610
2015,9,Offenses Against Family and Children,8
2015,9,Other Assaults,2027
2015,9,Other Sex Offenses (Not Commercialized),73
2015,9,Prostitution and Commercialized Vice,75
2015,9,Public Drunkenness,29
2015,9,Rape,114
2015,9,Receiving Stolen Property,2
2015,9,Robbery Firearm,312
2015,9,Robbery No Firearm,343
2015,9,Theft from Vehicle,1067
2015,9,Thefts,2132
2015,9,Vagrancy/Loitering,7
2015,9,Vandalism/Criminal Mischief,1439
2015,9,Weapon Violations,100
2015,10,Aggravated Assault Firearm,164
2015,10,Aggravated Assault No Firearm,438
2015,10,All Other Offenses,3279
2015,10,Arson,24
2015,10,Burglary Non-Residential,94
2015,10,Burglary Residential,600
2015,10,DRIVING UNDER THE INFLUENCE,309
2015,10,Disorderly Conduct,204
2015,10,Embezzlement,37
2015,10,Forgery and Counterfeiting,19
2015,10,Fraud,983
2015,10,Gambling Violations,1
2015,10,Homicide - Criminal,27
2015,10,Homicide - Justifiable,2
2015,10,Liquor Law Violations,13
2015,10,Motor Vehicle Theft,142
2015,10,Narcotic / Drug Law Violations,671
2015,10,Offenses Against Family and Children,8
2015,10,Other Assaults,2062
2015,10,Other Sex Offenses (Not Commercialized),105
2015,10,Prostitution and Commercialized Vice,93
2015,10,Public Drunkenness,31
2015,10,Rape,86
2015,10,Receiving Stolen Property,3
2015,10,Robbery Firearm,266
2015,10,Robbery No Firearm,346
2015,10,Theft from Vehicle,1125
2015,10,Thefts,1912
2015,10,Vagrancy/Loitering,3
2015,10,Vandalism/Criminal Mischief,1293
2015,10,Weapon Violations,144
2015,11,Aggravated Assault Firearm,176
2015,11,Aggravated Assault No Firearm,412
2015,11,All Other Offenses,2651
2015,11,Arson,26
2015,11,Burglary Non-Residential,111
2015,11,Burglary Residential,493
2015,11,DRIVING UNDER THE INFLUENCE,312
2015,11,Disorderly Conduct,234
2015,11,Embezzlement,21
2015,11,Forgery and Counterfeiting,9
2015,11,Fraud,890
2015,11,Gambling Violations,3
2015,11,Homicide - Criminal,21
2015,11,Liquor Law Violations,21
2015,11,Motor Vehicle Theft,110
2015,11,Narcotic / Drug Law Violations,641
2015,11,Offenses Against Family and Children,10
2015,11,Other Assaults,1812
2015,11,Other Sex Offenses (Not Commercialized),90
2015,11,Prostitution and Commercialized Vice,65
2015,11,Public Drunkenness,38
2015,11,Rape,117
2015,11,Receiving Stolen Property,2
2015,11,Robbery Firearm,243
2015,11,Robbery No Firearm,320
2015,11,Theft from Vehicle,1088
2015,11,Thefts,1789
2015,11,Vandalism/Criminal Mischief,1330
2015,11,Weapon Violations,113
2015,12,Aggravated Assault Firearm,187
2015,12,Aggravated Assault No Firearm,397
2015,12,All Other Offenses,2315
2015,12,Arson,26
2015,12,Burglary Non-Residential,92
2015,12,Burglary Residential,525
2015,12,DRIVING UNDER THE INFLUENCE,331
2015,12,Disorderly Conduct,192
2015,12,Embezzlement,38
2015,12,Forgery and Counterfeiting,17
2015,12,Fraud,856
2015,12,Gambling Violations,2
2015,12,Homicide - Criminal,28
2015,12,Liquor Law Violations,36
2015,12,Motor Vehicle Theft,110
2015,12,Narcotic / Drug Law Violations,577
2015,12,Offenses Against Family and Children,4
2015,12,Other Assaults,1889
2015,12,Other Sex Offenses (Not Commercialized),105
2015,12,Prostitution and Commercialized Vice,61
2015,12,Public Drunkenness,43
2015,12,Rape,112
2015,12,Robbery Firearm,257
2015,12,Robbery No Firearm,286
2015,12,Theft from Vehicle,1158
2015,12,Thefts,1923
2015,12,Vagrancy/Loitering,1
2015,12,Vandalism/Criminal Mischief,1295
2015,12,Weapon Violations,122
2016,1,Aggravated Assault Firearm,159
2016,1,Aggravated Assault No Firearm,357
2016,1,All Other Offenses,1725
2016,1,Arson,27
2016,1,Burglary Non-Residential,139
2016,1,Burglary Residential,377
2016,1,DRIVING UNDER THE INFLUENCE,310
2016,1,Disorderly Conduct,159
2016,1,Embezzlement,30
2016,1,Forgery and Counterfeiting,14
2016,1,Fraud,875
2016,1,Homicide - Criminal,19
2016,1,Liquor Law Violations,7
2016,1,Motor Vehicle Theft,111
2016,1,Narcotic / Drug Law Violations,592
2016,1,Offenses Against Family and Children,5
2016,1,Other Assaults,1751
2016,1,Other Sex Offenses (Not Commercialized),75
2016,1,Prostitution and Commercialized Vice,72
2016,1,Public Drunkenness,56
2016,1,Rape,87
2016,1,Receiving Stolen Property,4
2016,1,Robbery Firearm,276
2016,1,Robbery No Firearm,246
2016,1,Theft from Vehicle,913
2016,1,Thefts,1612
2016,1,Vagrancy/Loitering,5
2016,1,Vandalism/Criminal Mischief,1084
2016,1,Weapon Violations,156
2016,2,Aggravated Assault Firearm,116
2016,2,Aggravated Assault No Firearm,348
2016,2,All Other Offenses,1893
2016,2,Arson,27
2016,2,Burglary Non-Residential,73
2016,2,Burglary Residential,379
2016,2,DRIVING UNDER THE INFLUENCE,350
2016,2,Disorderly Conduct,179
2016,2,Embezzlement,33
2016,2,Forgery and Counterfeiting,22
2016,2,Fraud,1106
2016,2,Homicide - Criminal,16
2016,2,Liquor Law Violations,10
2016,2,Motor Vehicle Theft,112
2016,2,Narcotic / Drug Law Violations,643
2016,2,Offenses Against Family and Children,6
2016,2,Other Assaults,1754
2016,2,Other Sex Offenses (Not Commercialized),72
2016,2,Prostitution and Commercialized Vice,44
2016,2,Public Drunkenness,54
2016,2,Rape,87
2016,2,Receiving Stolen Property,3
2016,2,Robbery Firearm,173
2016,2,Robbery No Firearm,238
2016,2,Theft from Vehicle,885
2016,2,Thefts,1567
2016,2,Vagrancy/Loitering,2
2016,2,Vandalism/Criminal Mischief,1186
2016,2,Weapon Violations,157
2016,3,Aggravated Assault Firearm,198
2016,3,Aggravated Assault No Firearm,446
2016,3,All Other Offenses,2285
2016,3,Arson,31
2016,3,Burglary Non-Residential,104
2016,3,Burglary Residential,448
2016,3,DRIVING UNDER THE INFLUENCE,394
2016,3,Disorderly Conduct,216
2016,3,Embezzlement,28
2016,3,Forgery and Counterfeiting,23
2016,3,Fraud,995
2016,3,Gambling Violations,2
2016,3,Homicide - Criminal,28
2016,3,Liquor Law Violations,26
2016,3,Motor Vehicle Theft,131
2016,3,Narcotic / Drug Law Violations,749
2016,3,Offenses Against Family and Children,8
2016,3,Other Assaults,2112
2016,3,Other Sex Offenses (Not Commercialized),84
2016,3,Prostitution and Commercialized Vice,90
2016,3,Public Drunkenness,50
2016,3,Rape,96
2016,3,Receiving Stolen Property,2
2016,3,Robbery Firearm,156
2016,3,Robbery No Firearm,271
2016,3,Theft from Vehicle,1097
2016,3,Thefts,1712
2016,3,Vagrancy/Loitering,1
2016,3,Vandalism/Criminal Mischief,1268
2016,3,Weapon Violations,181
2016,4,Aggravated Assault Firearm,157
2016,4,Aggravated Assault No Firearm,438
2016,4,All Other Offenses,2701
2016,4,Arson,42
2016,4,Burglary Non-Residential,113
2016,4,Burglary Residential,421
2016,4,DRIVING UNDER THE INFLUENCE,361
2016,4,Disorderly Conduct,194
2016,4,Embezzlement,22
2016,4,Forgery and Counterfeiting,9
2016,4,Fraud,961
2016,4,Gambling Violations,12
2016,4,Homicide - Criminal,24
2016,4,Liquor Law Violations,19
2016,4,Motor Vehicle Theft,115
2016,4,Narcotic / Drug Law Violations,752
2016,4,Offenses Against Family and Children,7
2016,4,Other Assaults,2134
2016,4,Other Sex Offenses (Not Commercialized),71
2016,4,Prostitution and Commercialized Vice,64
2016,4,Public Drunkenness,39
2016,4,Rape,115
2016,4,Receiving Stolen Property,7
2016,4,Robbery Firearm,191
2016,4,Robbery No Firearm,274
2016,4,Theft from Vehicle,1019
2016,4,Thefts,1824
2016,4,Vagrancy/Loitering,1
2016,4,Vandalism/Criminal Mischief,1262
2016,4,Weapon Violations,169
2016,5,Aggravated Assault Firearm,191
2016,5,Aggravated Assault No Firearm,534
2016,5,All Other Offenses,2904
2016,5,Arson,40
2016,5,Burglary Non-Residential,131
2016,5,Burglary Residential,496
2016,5,DRIVING UNDER THE INFLUENCE,377
2016,5,Disorderly Conduct,218
2016,5,Embezzlement,37
2016,5,Forgery and Counterfeiting,19
2016,5,Fraud,996
2016,5,Gambling Violations,6
2016,5,Homicide - Criminal,15
2016,5,Liquor Law Violations,16
2016,5,Motor Vehicle Theft,135
2016,5,Narcotic / Drug Law Violations,791
2016,5,Offenses Against Family and Children,10
2016,5,Other Assaults,2246
2016,5,Other Sex Offenses (Not Commercialized),106
2016,5,Prostitution and Commercialized Vice,73
2016,5,Public Drunkenness,35
2016,5,Rape,106
2016,5,Receiving Stolen Property,5
2016,5,Robbery Firearm,222
2016,5,Robbery No Firearm,318
2016,5,Theft from Vehicle,1122
2016,5,Thefts,1898
2016,5,Vandalism/Criminal Mischief,1387
2016,5,Weapon Violations,188
2016,6,Aggravated Assault Firearm,215
2016,6,Aggravated Assault No Firearm,520
2016,6,All Other Offenses,3128
2016,6,Arson,31
2016,6,Burglary Non-Residential,105
2016,6,Burglary Residential,497
2016,6,DRIVING UNDER THE INFLUENCE,311
2016,6,Disorderly Conduct,133
2016,6,Embezzlement,22
2016,6,Forgery and Counterfeiting,18
2016,6,Fraud,1033
2016,6,Gambling Violations,5
2016,6,Homicide - Criminal,20
2016,6,Homicide - Justifiable,1
2016,6,Liquor Law Violations,9
2016,6,Motor Vehicle Theft,153
2016,6,Narcotic / Drug Law Violations,724
2016,6,Offenses Against Family and Children,17
2016,6,Other Assaults,2298
2016,6,Other Sex Offenses (Not Commercialized),72
2016,6,Prostitution and Commercialized Vice,83
2016,6,Public Drunkenness,27
2016,6,Rape,102
2016,6,Receiving Stolen Property,9
2016,6,Robbery Firearm,186
2016,6,Robbery No Firearm,313
2016,6,Theft from Vehicle,1163
2016,6,Thefts,1954
2016,6,Vagrancy/Loitering,2
2016,6,Vandalism/Criminal Mischief,1328
2016,6,Weapon Violations,112
2016,7,Aggravated Assault Firearm,242
2016,7,Aggravated Assault No Firearm,481
2016,7,All Other Offenses,2358
2016,7,Arson,29
2016,7,Burglary Non-Residential,131
2016,7,Burglary Residential,498
2016,7,DRIVING UNDER THE INFLUENCE,250
2016,7,Disorderly Conduct,55
2016,7,Embezzlement,25
2016,7,Forgery and Counterfeiting,13
2016,7,Fraud,951
2016,7,Gambling Violations,4
2016,7,Homicide - Criminal,34
2016,7,Liquor Law Violations,7
2016,7,Motor Vehicle Theft,143
2016,7,Narcotic / Drug Law Violations,427
2016,7,Offenses Against Family and Children,8
2016,7,Other Assaults,1848
2016,7,Other Sex Offenses (Not Commercialized),61
2016,7,Prostitution and Commercialized Vice,72
2016,7,Public Drunkenness,20
2016,7,Rape,116
2016,7,Receiving Stolen Property,1
2016,7,Robbery Firearm,238
2016,7,Robbery No Firearm,299
2016,7,Theft from Vehicle,1398
2016,7,Thefts,1983
2016,7,Vagrancy/Loitering,1
2016,7,Vandalism/Criminal Mischief,1481
2016,7,Weapon Violations,129
2016,8,Aggravated Assault Firearm,224
2016,8,Aggravated Assault No Firearm,486
2016,8,All Other Offenses,2830
2016,8,Arson,25
2016,8,Burglary Non-Residential,159
2016,8,Burglary Residential,599
2016,8,DRIVING UNDER THE INFLUENCE,258
2016,8,Disorderly Conduct,65
2016,8,Embezzlement,44
2016,8,Forgery and Counterfeiting,18
2016,8,Fraud,1093
2016,8,Gambling Violations,2
2016,8,Homicide - Criminal,29
2016,8,Liquor Law Violations,8
2016,8,Motor Vehicle Theft,156
2016,8,Narcotic / Drug Law Violations,655
2016,8,Offenses Against Family and Children,11
2016,8,Other Assaults,2005
2016,8,Other Sex Offenses (Not Commercialized),75
2016,8,Prostitution and Commercialized Vice,85
2016,8,Public Drunkenness,26
2016,8,Rape,129
2016,8,Receiving Stolen Property,5
2016,8,Robbery Firearm,240
2016,8,Robbery No Firearm,315
2016,8,Theft from Vehicle,1343
2016,8,Thefts,2265
2016,8,Vagrancy/Loitering,1
2016,8,Vandalism/Criminal Mischief,1513
2016,8,Weapon Violations,132
2016,9,Aggravated Assault Firearm,192
2016,9,Aggravated Assault No Firearm,462
2016,9,All Other Offenses,2590
2016,9,Arson,37
2016,9,Burglary Non-Residential,101
2016,9,Burglary Residential,502
2016,9,DRIVING UNDER THE INFLUENCE,248
2016,9,Disorderly Conduct,106
2016,9,Embezzlement,20
2016,9,Forgery and Counterfeiting,19
2016,9,Fraud,985
2016,9,Gambling Violations,2
2016,9,Homicide - Criminal,18
2016,9,Liquor Law Violations,6
2016,9,Motor Vehicle Theft,124
2016,9,Narcotic / Drug Law Violations,637
2016,9,Offenses Against Family and Children,3
2016,9,Other Assaults,2028
2016,9,Other Sex Offenses (Not Commercialized),81
2016,9,Prostitution and Commercialized Vice,58
2016,9,Public Drunkenness,25
2016,9,Rape,98
2016,9,Receiving Stolen Property,2
2016,9,Robbery Firearm,194
2016,9,Robbery No Firearm,316
2016,9,Theft from Vehicle,1265
2016,9,Thefts,2057
2016,9,Vagrancy/Loitering,2
2016,9,Vandalism/Criminal Mischief,1249
2016,9,Weapon Violations,190
2016,10,Aggravated Assault Firearm,188
2016,10,Aggravated Assault No Firearm,449
2016,10,All Other Offenses,2842
2016,10,Arson,43
2016,10,Burglary Non-Residential,110
2016,10,Burglary Residential,506
2016,10,DRIVING UNDER THE INFLUENCE,279
2016,10,Disorderly Conduct,116
2016,10,Embezzlement,38
2016,10,Forgery and Counterfeiting,27
2016,10,Fraud,1004
2016,10,Gambling Violations,4
2016,10,Homicide - Criminal,25
2016,10,Liquor Law Violations,5
2016,10,Motor Vehicle Theft,141
2016,10,Narcotic / Drug Law Violations,732
2016,10,Offenses Against Family and Children,16
2016,10,Other Assaults,2092
2016,10,Other Sex Offenses (Not Commercialized),93
2016,10,Prostitution and Commercialized Vice,107
2016,10,Public Drunkenness,16
2016,10,Rape,105
2016,10,Receiving Stolen Property,2
2016,10,Robbery Firearm,256
2016,10,Robbery No Firearm,314
2016,10,Theft from Vehicle,1292
2016,10,Thefts,1976
2016,10,Vandalism/Criminal Mischief,1404
2016,10,Weapon Violations,190
2016,11,Aggravated Assault Firearm,206
2016,11,Aggravated Assault No Firearm,415
2016,11,All Other Offenses,2449
2016,11,Arson,42
2016,11,Burglary Non-Residential,87
2016,11,Burglary Residential,453
2016,11,DRIVING UNDER THE INFLUENCE,269
2016,11,Disorderly Conduct,73
2016,11,Embezzlement,27
2016,11,Forgery and Counterfeiting,26
2016,11,Fraud,851
2016,11,Gambling Violations,2
2016,11,Homicide - Criminal,20
2016,11,Liquor Law Violations,7
2016,11,Motor Vehicle Theft,119
2016,11,Narcotic / Drug Law Violations,592
2016,11,Offenses Against Family and Children,10
2016,11,Other Assaults,1846
2016,11,Other Sex Offenses (Not Commercialized),59
2016,11,Prostitution and Commercialized Vice,79
2016,11,Public Drunkenness,9
2016,11,Rape,96
2016,11,Receiving Stolen Property,3
2016,11,Robbery Firearm,252
2016,11,Robbery No Firearm,299
2016,11,Theft from Vehicle,1191
2016,11,Thefts,1750
2016,11,Vandalism/Criminal Mischief,1309
2016,11,Weapon Violations,157
2016,12,Aggravated Assault Firearm,153
2016,12,Aggravated Assault No Firearm,412
2016,12,All Other Offenses,1866
2016,12,Arson,39
2016,12,Burglary Non-Residential,140
2016,12,Burglary Residential,425
2016,12,DRIVING UNDER THE INFLUENCE,294
2016,12,Disorderly Conduct,67
2016,12,Embezzlement,43
2016,12,Forgery and Counterfeiting,16
2016,12,Fraud,924
2016,12,Gambling Violations,3
2016,12,Homicide - Criminal,20
2016,12,Liquor Law Violations,3
2016,12,Motor Vehicle Theft,110
2016,12,Narcotic / Drug Law Violations,699
2016,12,Offenses Against Family and Children,9
2016,12,Other Assaults,1706
2016,12,Other Sex Offenses (Not Commercialized),78
2016,12,Prostitution and Commercialized Vice,97
2016,12,Public Drunkenness,20
2016,12,Rape,97
2016,12,Receiving Stolen Property,4
2016,12,Robbery Firearm,267
2016,12,Robbery No Firearm,270
2016,12,Theft from Vehicle,1064
2016,12,Thefts,1849
2016,12,Vagrancy/Loitering,1
2016,12,Vandalism/Criminal Mischief,1209
2016,12,Weapon Violations,138
2017,1,Aggravated Assault Firearm,170
2017,1,Aggravated Assault No Firearm,409
2017,1,All Other Offenses,2047
2017,1,Arson,44
2017,1,Burglary Non-Residential,112
2017,1,Burglary Residential,434
2017,1,DRIVING UNDER THE INFLUENCE,299
2017,1,Disorderly Conduct,59
2017,1,Embezzlement,36
2017,1,Forgery and Counterfeiting,15
2017,1,Fraud,901
2017,1,Gambling Violations,3
2017,1,Homicide - Criminal,30
2017,1,Liquor Law Violations,6
2017,1,Motor Vehicle Theft,124
2017,1,Narcotic / Drug Law Violations,683
2017,1,Offenses Against Family and Children,13
2017,1,Other Assaults,1865
2017,1,Other Sex Offenses (Not Commercialized),82
2017,1,Prostitution and Commercialized Vice,54
2017,1,Public Drunkenness,7
2017,1,Rape,100
2017,1,Receiving Stolen Property,6
2017,1,Robbery Firearm,295
2017,1,Robbery No Firearm,275
2017,1,Theft from Vehicle,982
2017,1,Thefts,1748
2017,1,Vandalism/Criminal Mischief,1191
2017,1,Weapon Violations,183
2017,2,Aggravated Assault Firearm,151
2017,2,Aggravated Assault No Firearm,372
2017,2,All Other Offenses,1998
2017,2,Arson,42
2017,2,Burglary Non-Residential,94
2017,2,Burglary Residential,319
2017,2,DRIVING UNDER THE INFLUENCE,292
2017,2,Disorderly Conduct,99
2017,2,Embezzlement,31
2017,2,Forgery and Counterfeiting,14
2017,2,Fraud,871
2017,2,Gambling Violations,1
2017,2,Homicide - Criminal,18
2017,2,Liquor Law Violations,10
2017,2,Motor Vehicle Theft,98
2017,2,Narcotic / Drug Law Violations,700
2017,2,Offenses Against Family and Children,5
2017,2,Other Assaults,1719
2017,2,Other Sex Offenses (Not Commercialized),65
2017,2,Prostitution and Commercialized Vice,86
2017,2,Public Drunkenness,17
2017,2,Rape,84
2017,2,Receiving Stolen Property,3
2017,2,Robbery Firearm,205
2017,2,Robbery No Firearm,256
2017,2,Theft from Vehicle,888
2017,2,Thefts,1527
2017,2,Vandalism/Criminal Mischief,1034
2017,2,Weapon Violations,160
2017,3,Aggravated Assault Firearm,159
2017,3,Aggravated Assault No Firearm,393
2017,3,All Other Offenses,2188
2017,3,Arson,30
2017,3,Burglary Non-Residential,121
2017,3,Burglary Residential,382
2017,3,DRIVING UNDER THE INFLUENCE,345
2017,3,Disorderly Conduct,96
2017,3,Embezzlement,45
2017,3,Forgery and Counterfeiting,14
2017,3,Fraud,999
2017,3,Gambling Violations,1
2017,3,Homicide - Criminal,23
2017,3,Liquor Law Violations,20
2017,3,Motor Vehicle Theft,94
2017,3,Narcotic / Drug Law Violations,780
2017,3,Offenses Against Family and Children,9
2017,3,Other Assaults,1954
2017,3,Other Sex Offenses (Not Commercialized),94
2017,3,Prostitution and Commercialized Vice,48
2017,3,Public Drunkenness,25
2017,3,Rape,81
2017,3,Receiving Stolen Property,5
2017,3,Robbery Firearm,140
2017,3,Robbery No Firearm,260
2017,3,Theft from Vehicle,907
2017,3,Thefts,1633
2017,3,Vandalism/Criminal Mischief,1157
2017,3,Weapon Violations,164
2017,4,Aggravated Assault Firearm,180
2017,4,Aggravated Assault No Firearm,451
2017,4,All Other Offenses,2938
2017,4,Arson,35
2017,4,Burglary Non-Residential,91
2017,4,Burglary Residential,384
2017,4,DRIVING UNDER THE INFLUENCE,320
2017,4,Disorderly Conduct,82
2017,4,Embezzlement,32
2017,4,Forgery and Counterfeiting,28
2017,4,Fraud,932
2017,4,Gambling Violations,16
2017,4,Homicide - Criminal,29
2017,4,Liquor Law Violations,26
2017,4,Motor Vehicle Theft,94
2017,4,Narcotic / Drug Law Violations,830
2017,4,Offenses Against Family and Children,10
2017,4,Other Assaults,1914
2017,4,Other Sex Offenses (Not Commercialized),66
2017,4,Prostitution and Commercialized Vice,71
2017,4,Public Drunkenness,23
2017,4,Rape,97
2017,4,Receiving Stolen Property,2
2017,4,Robbery Firearm,148
2017,4,Robbery No Firearm,292
2017,4,Theft from Vehicle,995
2017,4,Thefts,1762
2017,4,Vagrancy/Loitering,1
2017,4,Vandalism/Criminal Mischief,1205
2017,4,Weapon Violations,167
2017,5,Aggravated Assault Firearm,214
2017,5,Aggravated Assault No Firearm,481
2017,5,All Other Offenses,2714
2017,5,Arson,23
2017,5,Burglary Non-Residential,103
2017,5,Burglary Residential,461
2017,5,DRIVING UNDER THE INFLUENCE,261
2017,5,Disorderly Conduct,61
2017,5,Embezzlement,41
2017,5,Forgery and Counterfeiting,18
2017,5,Fraud,942
2017,5,Gambling Violations,3
2017,5,Homicide - Criminal,22
2017,5,Liquor Law Violations,4
2017,5,Motor Vehicle Theft,146
2017,5,Narcotic / Drug Law Violations,921
2017,5,Offenses Against Family and Children,12
2017,5,Other Assaults,2238
2017,5,Other Sex Offenses (Not Commercialized),89
2017,5,Prostitution and Commercialized Vice,83
2017,5,Public Drunkenness,17
2017,5,Rape,105
2017,5,Receiving Stolen Property,2
2017,5,Robbery Firearm,173
2017,5,Robbery No Firearm,281
2017,5,Theft from Vehicle,1263
2017,5,Thefts,1964
2017,5,Vagrancy/Loitering,5
2017,5,Vandalism/Criminal Mischief,1366
2017,5,Weapon Violations,205
2017,6,Aggravated Assault Firearm,205
2017,6,Aggravated Assault No Firearm,513
2017,6,All Other Offenses,2927
2017,6,Arson,35
2017,6,Burglary Non-Residential,121
2017,6,Burglary Residential,486
2017,6,DRIVING UNDER THE INFLUENCE,312
2017,6,Disorderly Conduct,41
2017,6,Embezzlement,48
2017,6,Forgery and Counterfeiting,14
2017,6,Fraud,950
2017,6,Gambling Violations,12
2017,6,Homicide - Criminal,30
2017,6,Liquor Law Violations,9
2017,6,Motor Vehicle Theft,120
2017,6,Narcotic / Drug Law Violations,916
2017,6,Offenses Against Family and Children,17
2017,6,Other Assaults,2126
2017,6,Other Sex Offenses (Not Commercialized),95
2017,6,Prostitution and Commercialized Vice,116
2017,6,Public Drunkenness,10
2017,6,Rape,91
2017,6,Receiving Stolen Property,2
2017,6,Robbery Firearm,203
2017,6,Robbery No Firearm,274
2017,6,Theft from Vehicle,1289
2017,6,Thefts,1919
2017,6,Vagrancy/Loitering,3
2017,6,Vandalism/Criminal Mischief,1343
2017,6,Weapon Violations,166
2017,7,Aggravated Assault Firearm,226
2017,7,Aggravated Assault No Firearm,504
2017,7,All Other Offenses,3070
2017,7,Arson,29
2017,7,Burglary Non-Residential,138
2017,7,Burglary Residential,481
2017,7,DRIVING UNDER THE INFLUENCE,288
2017,7,Disorderly Conduct,50
2017,7,Embezzlement,37
2017,7,Forgery and Counterfeiting,9
2017,7,Fraud,1043
2017,7,Gambling Violations,2
2017,7,Homicide - Criminal,28
2017,7,Liquor Law Violations,7
2017,7,Motor Vehicle Theft,157
2017,7,Narcotic / Drug Law Violations,851
2017,7,Offenses Against Family and Children,18
2017,7,Other Assaults,1800
2017,7,Other Sex Offenses (Not Commercialized),70
2017,7,Prostitution and Commercialized Vice,106
2017,7,Public Drunkenness,12
2017,7,Rape,98
2017,7,Receiving Stolen Property,3
2017,7,Robbery Firearm,184
2017,7,Robbery No Firearm,313
2017,7,Theft from Vehicle,1284
2017,7,Thefts,2026
2017,7,Vagrancy/Loitering,1
2017,7,Vandalism/Criminal Mischief,1418
2017,7,Weapon Violations,163
2017,8,Aggravated Assault Firearm,201
2017,8,Aggravated Assault No Firearm,456
2017,8,All Other Offenses,2768
2017,8,Arson,45
2017,8,Burglary Non-Residential,147
2017,8,Burglary Residential,498
2017,8,DRIVING UNDER THE INFLUENCE,322
2017,8,Disorderly Conduct,62
2017,8,Embezzlement,31
2017,8,Forgery and Counterfeiting,12
2017,8,Fraud,998
2017,8,Gambling Violations,2
2017,8,Homicide - Criminal,19
2017,8,Liquor Law Violations,8
2017,8,Motor Vehicle Theft,140
2017,8,Narcotic / Drug Law Violations,833
2017,8,Offenses Against Family and Children,7
2017,8,Other Assaults,1920
2017,8,Other Sex Offenses (Not Commercialized),73
2017,8,Prostitution and Commercialized Vice,105
2017,8,Public Drunkenness,8
2017,8,Rape,95
2017,8,Receiving Stolen Property,1
2017,8,Robbery Firearm,201
2017,8,Robbery No Firearm,334
2017,8,Theft from Vehicle,1381
2017,8,Thefts,2058
2017,8,Vandalism/Criminal Mischief,1344
2017,8,Weapon Violations,160
2017,9,Aggravated Assault Firearm,181
2017,9,Aggravated Assault No Firearm,475
2017,9,All Other Offenses,2647
2017,9,Arson,30
2017,9,Burglary Non-Residential,129
2017,9,Burglary Residential,433
2017,9,DRIVING UNDER THE INFLUENCE,243
2017,9,Disorderly Conduct,72
2017,9,Embezzlement,36
2017,9,Forgery and Counterfeiting,15
2017,9,Fraud,1008
2017,9,Homicide - Criminal,27
2017,9,Liquor Law Violations,19
2017,9,Motor Vehicle Theft,129
2017,9,Narcotic / Drug Law Violations,794
2017,9,Offenses Against Family and Children,5
2017,9,Other Assaults,2009
2017,9,Other Sex Offenses (Not Commercialized),89
2017,9,Prostitution and Commercialized Vice,72
2017,9,Public Drunkenness,12
2017,9,Rape,99
2017,9,Receiving Stolen Property,1
2017,9,Robbery Firearm,167
2017,9,Robbery No Firearm,332
2017,9,Theft from Vehicle,1254
2017,9,Thefts,2078
2017,9,Vagrancy/Loitering,2
2017,9,Vandalism/Criminal Mischief,1282
2017,9,Weapon Violations,165
2017,10,Aggravated Assault Firearm,188
2017,10,Aggravated Assault No Firearm,459
2017,10,All Other Offenses,2277
2017,10,Arson,41
2017,10,Burglary Non-Residential,119
2017,10,Burglary Residential,470
2017,10,DRIVING UNDER THE INFLUENCE,241
2017,10,Disorderly Conduct,71
2017,10,Embezzlement,46
2017,10,Forgery and Counterfeiting,25
2017,10,Fraud,1166
2017,10,Gambling Violations,1
2017,10,Homicide - Criminal,32
2017,10,Liquor Law Violations,6
2017,10,Motor Vehicle Theft,134
2017,10,Narcotic / Drug Law Violations,885
2017,10,Offenses Against Family and Children,12
2017,10,Other Assaults,2125
2017,10,Other Sex Offenses (Not Commercialized),85
2017,10,Prostitution and Commercialized Vice,159
2017,10,Public Drunkenness,10
2017,10,Rape,116
2017,10,Receiving Stolen Property,1
2017,10,Robbery Firearm,210
2017,10,Robbery No Firearm,337
2017,10,Theft from Vehicle,1055
2017,10,Thefts,2016
2017,10,Vandalism/Criminal Mischief,1321
2017,10,Weapon Violations,223
2017,11,Aggravated Assault Firearm,160
2017,11,Aggravated Assault No Firearm,430
2017,11,All Other Offenses,2025
2017,11,Arson,26
2017,11,Burglary Non-Residential,105
2017,11,Burglary Residential,456
2017,11,DRIVING UNDER THE INFLUENCE,248
2017,11,Disorderly Conduct,70
2017,11,Embezzlement,31
2017,11,Forgery and Counterfeiting,20
2017,11,Fraud,1031
2017,11,Homicide - Criminal,28
2017,11,Liquor Law Violations,7
2017,11,Motor Vehicle Theft,131
2017,11,Narcotic / Drug Law Violations,784
2017,11,Offenses Against Family and Children,3
2017,11,Other Assaults,1816
2017,11,Other Sex Offenses (Not Commercialized),82
2017,11,Prostitution and Commercialized Vice,77
2017,11,Public Drunkenness,15
2017,11,Rape,81
2017,11,Receiving Stolen Property,2
2017,11,Robbery Firearm,244
2017,11,Robbery No Firearm,289
2017,11,Theft from Vehicle,1016
2017,11,Thefts,1832
2017,11,Vagrancy/Loitering,1
2017,11,Vandalism/Criminal Mischief,1148
2017,11,Weapon Violations,167
2017,12,Aggravated Assault Firearm,146
2017,12,Aggravated Assault No Firearm,386
2017,12,All Other Offenses,1732
2017,12,Arson,30
2017,12,Burglary Non-Residential,108
2017,12,Burglary Residential,369
2017,12,DRIVING UNDER THE INFLUENCE,285
2017,12,Disorderly Conduct,61
2017,12,Embezzlement,39
2017,12,Forgery and Counterfeiting,14
2017,12,Fraud,876
2017,12,Gambling Violations,1
2017,12,Homicide - Criminal,25
2017,12,Liquor Law Violations,3
2017,12,Motor Vehicle Theft,92
2017,12,Narcotic / Drug Law Violations,667
2017,12,Offenses Against Family and Children,9
2017,12,Other Assaults,1705
2017,12,Other Sex Offenses (Not Commercialized),57
2017,12,Prostitution and Commercialized Vice,66
2017,12,Public Drunkenness,15
2017,12,Rape,85
2017,12,Receiving Stolen Property,1
2017,12,Robbery Firearm,239
2017,12,Robbery No Firearm,253
2017,12,Theft from Vehicle,880
2017,12,Thefts,1885
2017,12,Vagrancy/Loitering,6
2017,12,Vandalism/Criminal Mischief,1102
2017,12,Weapon Violations,189
2018,1,Aggravated Assault Firearm,179
2018,1,Aggravated Assault No Firearm,421
2018,1,All Other Offenses,1856
2018,1,Arson,39
2018,1,Burglary Non-Residential,108
2018,1,Burglary Residential,395
2018,1,DRIVING UNDER THE INFLUENCE,223
2018,1,Disorderly Conduct,56
2018,1,Embezzlement,33
2018,1,Forgery and Counterfeiting,18
2018,1,Fraud,1030
2018,1,Gambling Violations,2
2018,1,Homicide - Criminal,19
2018,1,Liquor Law Violations,5
2018,1,Motor Vehicle Theft,138
2018,1,Narcotic / Drug Law Violations,728
2018,1,Offenses Against Family and Children,7
2018,1,Other Assaults,1715
2018,1,Other Sex Offenses (Not Commercialized),87
2018,1,Prostitution and Commercialized Vice,47
2018,1,Public Drunkenness,3
2018,1,Rape,76
2018,1,Receiving Stolen Property,2
2018,1,Robbery Firearm,214
2018,1,Robbery No Firearm,260
2018,1,Theft from Vehicle,984
2018,1,Thefts,1679
2018,1,Vandalism/Criminal Mischief,1017
2018,1,Weapon Violations,187
2018,2,Aggravated Assault Firearm,167
2018,2,Aggravated Assault No Firearm,355
2018,2,All Other Offenses,1749
2018,2,Arson,29
2018,2,Burglary Non-Residential,108
2018,2,Burglary Residential,326
2018,2,DRIVING UNDER THE INFLUENCE,269
2018,2,Disorderly Conduct,59
2018,2,Embezzlement,23
2018,2,Forgery and Counterfeiting,11
2018,2,Fraud,805
2018,2,Gambling Violations,2
2018,2,Homicide - Criminal,26
2018,2,Liquor Law Violations,7
2018,2,Motor Vehicle Theft,118
2018,2,Narcotic / Drug Law Violations,724
2018,2,Offenses Against Family and Children,7
2018,2,Other Assaults,1848
2018,2,Other Sex Offenses (Not Commercialized),79
2018,2,Prostitution and Commercialized Vice,40
2018,2,Public Drunkenness,14
2018,2,Rape,85
2018,2,Receiving Stolen Property,4
2018,2,Robbery Firearm,153
2018,2,Robbery No Firearm,224
2018,2,Theft from Vehicle,893
2018,2,Thefts,1595
2018,2,Vandalism/Criminal Mischief,1101
2018,2,Weapon Violations,177
2018,3,Aggravated Assault Firearm,149
2018,3,Aggravated Assault No Firearm,362
2018,3,All Other Offenses,1931
2018,3,Arson,27
2018,3,Burglary Non-Residential,100
2018,3,Burglary Residential,291
2018,3,DRIVING UNDER THE INFLUENCE,270
2018,3,Disorderly Conduct,50
2018,3,Embezzlement,33
2018,3,Forgery and Counterfeiting,15
2018,3,Fraud,886
2018,3,Gambling Violations,5
2018,3,Homicide - Criminal,27
2018,3,Liquor Law Violations,12
2018,3,Motor Vehicle Theft,113
2018,3,Narcotic / Drug Law Violations,823
2018,3,Offenses Against Family and Children,7
2018,3,Other Assaults,1909
2018,3,Other Sex Offenses (Not Commercialized),76
2018,3,Prostitution and Commercialized Vice,47
2018,3,Public Drunkenness,12
2018,3,Rape,83
2018,3,Receiving Stolen Property,3
2018,3,Robbery Firearm,149
2018,3,Robbery No Firearm,213
2018,3,Theft from Vehicle,883
2018,3,Thefts,1644
2018,3,Vandalism/Criminal Mischief,1043
2018,3,Weapon Violations,159
2018,4,Aggravated Assault Firearm,190
2018,4,Aggravated Assault No Firearm,464
2018,4,All Other Offenses,2287
2018,4,Arson,32
2018,4,Burglary Non-Residential,96
2018,4,Burglary Residential,402
2018,4,DRIVING UNDER THE INFLUENCE,230
2018,4,Disorderly Conduct,40
2018,4,Embezzlement,28
2018,4,Forgery and Counterfeiting,16
2018,4,Fraud,1057
2018,4,Gambling Violations,4
2018,4,Homicide - Criminal,17
2018,4,Liquor Law Violations,6
2018,4,Motor Vehicle Theft,139
2018,4,Narcotic / Drug Law Violations,778
2018,4,Offenses Against Family and Children,5
2018,4,Other Assaults,2122
2018,4,Other Sex Offenses (Not Commercialized),73
2018,4,Prostitution and Commercialized Vice,48
2018,4,Public Drunkenness,9
2018,4,Rape,82
2018,4,Receiving Stolen Property,1
2018,4,Robbery Firearm,116
2018,4,Robbery No Firearm,240
2018,4,Theft from Vehicle,1230
2018,4,Thefts,1900
2018,4,Vandalism/Criminal Mischief,1288
2018,4,Weapon Violations,196
2018,5,Aggravated Assault Firearm,225
2018,5,Aggravated Assault No Firearm,500
2018,5,All Other Offenses,2464
2018,5,Arson,37
2018,5,Burglary Non-Residential,125
2018,5,Burglary Residential,465
2018,5,DRIVING UNDER THE INFLUENCE,258
2018,5,Disorderly Conduct,47
2018,5,Embezzlement,23
2018,5,Forgery and Counterfeiting,16
2018,5,Fraud,1101
2018,5,Gambling Violations,6
2018,5,Homicide - Criminal,33
2018,5,Liquor Law Violations,17
2018,5,Motor Vehicle Theft,151
2018,5,Narcotic / Drug Law Violations,789
2018,5,Offenses Against Family and Children,8
2018,5,Other Assaults,2277
2018,5,Other Sex Offenses (Not Commercialized),81
2018,5,Prostitution and Commercialized Vice,68
2018,5,Public Drunkenness,2
2018,5,Rape,93
2018,5,Receiving Stolen Property,1
2018,5,Robbery Firearm,181
2018,5,Robbery No Firearm,256
2018,5,Theft from Vehicle,1169
2018,5,Thefts,2004
2018,5,Vagrancy/Loitering,1
2018,5,Vandalism/Criminal Mischief,1344
2018,5,Weapon Violations,205
2018,6,Aggravated Assault Firearm,203
2018,6,Aggravated Assault No Firearm,494
2018,6,All Other Offenses,2608
2018,6,Arson,43
2018,6,Burglary Non-Residential,153
2018,6,Burglary Residential,452
2018,6,DRIVING UNDER THE INFLUENCE,290
2018,6,Disorderly Conduct,49
2018,6,Embezzlement,28
2018,6,Forgery and Counterfeiting,22
2018,6,Fraud,1091
2018,6,Gambling Violations,2
2018,6,Homicide - Criminal,26
2018,6,Liquor Law Violations,12
2018,6,Motor Vehicle Theft,125
2018,6,Narcotic / Drug Law Violations,842
2018,6,Offenses Against Family and Children,14
2018,6,Other Assaults,2011
2018,6,Other Sex Offenses (Not Commercialized),75
2018,6,Prostitution and Commercialized Vice,67
2018,6,Public Drunkenness,6
2018,6,Rape,90
2018,6,Robbery Firearm,158
2018,6,Robbery No Firearm,263
2018,6,Theft from Vehicle,1195
2018,6,Thefts,1961
2018,6,Vagrancy/Loitering,2
2018,6,Vandalism/Criminal Mischief,1292
2018,6,Weapon Violations,176
2018,7,Aggravated Assault Firearm,208
2018,7,Aggravated Assault No Firearm,458
2018,7,All Other Offenses,2596
2018,7,Arson,45
2018,7,Burglary Non-Residential,110
2018,7,Burglary Residential,480
2018,7,DRIVING UNDER THE INFLUENCE,247
2018,7,Disorderly Conduct,47
2018,7,Embezzlement,35
2018,7,Forgery and Counterfeiting,21
2018,7,Fraud,1128
2018,7,Homicide - Criminal,27
2018,7,Liquor Law Violations,7
2018,7,Motor Vehicle Theft,185
2018,7,Narcotic / Drug Law Violations,845
2018,7,Offenses Against Family and Children,21
2018,7,Other Assaults,1956
2018,7,Other Sex Offenses (Not Commercialized),77
2018,7,Prostitution and Commercialized Vice,40
2018,7,Public Drunkenness,7
2018,7,Rape,118
2018,7,Receiving Stolen Property,5
2018,7,Robbery Firearm,182
2018,7,Robbery No Firearm,276
2018,7,Theft from Vehicle,1257
2018,7,Thefts,1999
2018,7,Vagrancy/Loitering,1
2018,7,Vandalism/Criminal Mischief,1310
2018,7,Weapon Violations,168
2018,8,Aggravated Assault Firearm,228
2018,8,Aggravated Assault No Firearm,496
2018,8,All Other Offenses,2689
2018,8,Arson,25
2018,8,Burglary Non-Residential,130
2018,8,Burglary Residential,492
2018,8,DRIVING UNDER THE INFLUENCE,262
2018,8,Disorderly Conduct,53
2018,8,Embezzlement,25
2018,8,Forgery and Counterfeiting,16
2018,8,Fraud,1068
2018,8,Gambling Violations,5
2018,8,Homicide - Criminal,40
2018,8,Liquor Law Violations,16
2018,8,Motor Vehicle Theft,165
2018,8,Narcotic / Drug Law Violations,865
2018,8,Offenses Against Family and Children,16
2018,8,Other Assaults,1808
2018,8,Other Sex Offenses (Not Commercialized),79
2018,8,Prostitution and Commercialized Vice,106
2018,8,Public Drunkenness,7
2018,8,Rape,90
2018,8,Receiving Stolen Property,4
2018,8,Robbery Firearm,202
2018,8,Robbery No Firearm,276
2018,8,Theft from Vehicle,1243
2018,8,Thefts,2164
2018,8,Vagrancy/Loitering,1
2018,8,Vandalism/Criminal Mischief,1267
2018,8,Weapon Violations,168
2018,9,Aggravated Assault Firearm,191
2018,9,Aggravated Assault No Firearm,459
2018,9,All Other Offenses,2236
2018,9,Arson,44
2018,9,Burglary Non-Residential,112
2018,9,Burglary Residential,466
2018,9,DRIVING UNDER THE INFLUENCE,265
2018,9,Disorderly Conduct,43
2018,9,Embezzlement,23
2018,9,Forgery and Counterfeiting,18
2018,9,Fraud,1031
2018,9,Homicide - Criminal,32
2018,9,Liquor Law Violations,12
2018,9,Motor Vehicle Theft,146
2018,9,Narcotic / Drug Law Violations,811
2018,9,Offenses Against Family and Children,24
2018,9,Other Assaults,2085
2018,9,Other Sex Offenses (Not Commercialized),71
2018,9,Prostitution and Commercialized Vice,53
2018,9,Public Drunkenness,6
2018,9,Rape,92
2018,9,Robbery Firearm,188
2018,9,Robbery No Firearm,241
2018,9,Theft from Vehicle,1190
2018,9,Thefts,2057
2018,9,Vagrancy/Loitering,1
2018,9,Vandalism/Criminal Mischief,1182
2018,9,Weapon Violations,185
2018,10,Aggravated Assault Firearm,196
2018,10,Aggravated Assault No Firearm,491
2018,10,All Other Offenses,1921
2018,10,Arson,28
2018,10,Burglary Non-Residential,125
2018,10,Burglary Residential,448
2018,10,DRIVING UNDER THE INFLUENCE,196
2018,10,Disorderly Conduct,55
2018,10,Embezzlement,27
2018,10,Forgery and Counterfeiting,17
2018,10,Fraud,1114
2018,10,Gambling Violations,3
2018,10,Homicide - Criminal,26
2018,10,Homicide - Justifiable,1
2018,10,Liquor Law Violations,5
2018,10,Motor Vehicle Theft,155
2018,10,Narcotic / Drug Law Violations,817
2018,10,Offenses Against Family and Children,17
2018,10,Other Assaults,2183
2018,10,Other Sex Offenses (Not Commercialized),69
2018,10,Prostitution and Commercialized Vice,108
2018,10,Public Drunkenness,6
2018,10,Rape,87
2018,10,Receiving Stolen Property,1
2018,10,Robbery Firearm,207
2018,10,Robbery No Firearm,307
2018,10,Theft from Vehicle,1270
2018,10,Thefts,2051
2018,10,Vandalism/Criminal Mischief,1354
2018,10,Weapon Violations,199
2018,11,Aggravated Assault Firearm,172
2018,11,Aggravated Assault No Firearm,414
2018,11,All Other Offenses,1501
2018,11,Arson,36
2018,11,Burglary Non-Residential,123
2018,11,Burglary Residential,426
2018,11,DRIVING UNDER THE INFLUENCE,195
2018,11,Disorderly Conduct,58
2018,11,Embezzlement,42
2018,11,Forgery and Counterfeiting,27
2018,11,Fraud,1062
2018,11,Gambling Violations,1
2018,11,Homicide - Criminal,33
2018,11,Liquor Law Violations,3
2018,11,Motor Vehicle Theft,154
2018,11,Narcotic / Drug Law Violations,644
2018,11,Offenses Against Family and Children,23
2018,11,Other Assaults,1770
2018,11,Other Sex Offenses (Not Commercialized),67
2018,11,Prostitution and Commercialized Vice,43
2018,11,Public Drunkenness,9
2018,11,Rape,77
2018,11,Receiving Stolen Property,2
2018,11,Robbery Firearm,194
2018,11,Robbery No Firearm,227
2018,11,Theft from Vehicle,1038
2018,11,Thefts,1826
2018,11,Vagrancy/Loitering,1
2018,11,Vandalism/Criminal Mischief,1143
2018,11,Weapon Violations,192
2018,12,Aggravated Assault Firearm,188
2018,12,Aggravated Assault No Firearm,393
2018,12,All Other Offenses,1622
2018,12,Arson,39
2018,12,Burglary Non-Residential,110
2018,12,Burglary Residential,422
2018,12,DRIVING UNDER THE INFLUENCE,224
2018,12,Disorderly Conduct,47
2018,12,Embezzlement,36
2018,12,Forgery and Counterfeiting,20
2018,12,Fraud,912
2018,12,Homicide - Criminal,43
2018,12,Liquor Law Violations,8
2018,12,Motor Vehicle Theft,146
2018,12,Narcotic / Drug Law Violations,692
2018,12,Offenses Against Family and Children,51
2018,12,Other Assaults,1818
2018,12,Other Sex Offenses (Not Commercialized),66
2018,12,Prostitution and Commercialized Vice,34
2018,12,Public Drunkenness,5
2018,12,Rape,88
2018,12,Receiving Stolen Property,3
2018,12,Robbery Firearm,198
2018,12,Robbery No Firearm,248
2018,12,Theft from Vehicle,1061
2018,12,Thefts,2009
2018,12,Vagrancy/Loitering,3
2018,12,Vandalism/Criminal Mischief,1226
2018,12,Weapon Violations,184
2019,1,Aggravated Assault Firearm,165
2019,1,Aggravated Assault No Firearm,410
2019,1,All Other Offenses,1735
2019,1,Arson,48
2019,1,Burglary Non-Residential,101
2019,1,Burglary Residential,432
2019,1,DRIVING UNDER THE INFLUENCE,214
2019,1,Disorderly Conduct,40
2019,1,Embezzlement,46
2019,1,Forgery and Counterfeiting,20
2019,1,Fraud,1082
2019,1,Homicide - Criminal,26
2019,1,Liquor Law Violations,5
2019,1,Motor Vehicle Theft,171
2019,1,Narcotic / Drug Law Violations,838
2019,1,Offenses Against Family and Children,47
2019,1,Other Assaults,1801
2019,1,Other Sex Offenses (Not Commercialized),84
2019,1,Prostitution and Commercialized Vice,88
2019,1,Public Drunkenness,5
2019,1,Rape,86
2019,1,Receiving Stolen Property,3
2019,1,Robbery Firearm,177
2019,1,Robbery No Firearm,235
2019,1,Theft from Vehicle,1071
2019,1,Thefts,1709
2019,1,Vagrancy/Loitering,2
2019,1,Vandalism/Criminal Mischief,1163
2019,1,Weapon Violations,214
2019,2,Aggravated Assault Firearm,169
2019,2,Aggravated Assault No Firearm,381
2019,2,All Other Offenses,1528
2019,2,Arson,28
2019,2,Burglary Non-Residential,102
2019,2,Burglary Residential,329
2019,2,DRIVING UNDER THE INFLUENCE,229
2019,2,Disorderly Conduct,45
2019,2,Embezzlement,36
2019,2,Forgery and Counterfeiting,25
2019,2,Fraud,910
2019,2,Gambling Violations,2
2019,2,Homicide - Criminal,20
2019,2,Liquor Law Violations,7
2019,2,Motor Vehicle Theft,105
2019,2,Narcotic / Drug Law Violations,745
2019,2,Offenses Against Family and Children,35
2019,2,Other Assaults,1752
2019,2,Other Sex Offenses (Not Commercialized),76
2019,2,Prostitution and Commercialized Vice,53
2019,2,Public Drunkenness,7
2019,2,Rape,64
2019,2,Receiving Stolen Property,1
2019,2,Robbery Firearm,151
2019,2,Robbery No Firearm,218
2019,2,Theft from Vehicle,987
2019,2,Thefts,1667
2019,2,Vandalism/Criminal Mischief,1002
2019,2,Weapon Violations,196
2019,3,Aggravated Assault Firearm,210
2019,3,Aggravated Assault No Firearm,388
2019,3,All Other Offenses,2081
2019,3,Arson,35
2019,3,Burglary Non-Residential,86
2019,3,Burglary Residential,307
2019,3,DRIVING UNDER THE INFLUENCE,231
2019,3,Disorderly Conduct,34
2019,3,Embezzlement,24
2019,3,Forgery and Counterfeiting,19
2019,3,Fraud,892
2019,3,Gambling Violations,1
2019,3,Homicide - Criminal,32
2019,3,Liquor Law Violations,7
2019,3,Motor Vehicle Theft,129
2019,3,Narcotic / Drug Law Violations,918
2019,3,Offenses Against Family and Children,51
2019,3,Other Assaults,2027
2019,3,Other Sex Offenses (Not Commercialized),82
2019,3,Prostitution and Commercialized Vice,40
2019,3,Public Drunkenness,3
2019,3,Rape,102
2019,3,Receiving Stolen Property,1
2019,3,Robbery Firearm,145
2019,3,Robbery No Firearm,282
2019,3,Theft from Vehicle,991
2019,3,Thefts,1726
2019,3,Vagrancy/Loitering,1
2019,3,Vandalism/Criminal Mischief,1173
2019,3,Weapon Violations,172
2019,4,Aggravated Assault Firearm,208
2019,4,Aggravated Assault No Firearm,444
2019,4,All Other Offenses,2403
2019,4,Arson,43
2019,4,Burglary Non-Residential,91
2019,4,Burglary Residential,345
2019,4,DRIVING UNDER THE INFLUENCE,203
2019,4,Disorderly Conduct,65
2019,4,Embezzlement,33
2019,4,Forgery and Counterfeiting,13
2019,4,Fraud,900
2019,4,Gambling Violations,24
2019,4,Homicide - Criminal,23
2019,4,Liquor Law Violations,12
2019,4,Motor Vehicle Theft,134
2019,4,Narcotic / Drug Law Violations,866
2019,4,Offenses Against Family and Children,41
2019,4,Other Assaults,2254
2019,4,Other Sex Offenses (Not Commercialized),106
2019,4,Prostitution and Commercialized Vice,72
2019,4,Public Drunkenness,8
2019,4,Rape,69
2019,4,Receiving Stolen Property,2
2019,4,Robbery Firearm,137
2019,4,Robbery No Firearm,311
2019,4,Theft from Vehicle,1053
2019,4,Thefts,1932
2019,4,Vagrancy/Loitering,4
2019,4,Vandalism/Criminal Mischief,1299
2019,4,Weapon Violations,225
2019,5,Aggravated Assault Firearm,237
2019,5,Aggravated Assault No Firearm,575
2019,5,All Other Offenses,3119
2019,5,Arson,33
2019,5,Burglary Non-Residential,96
2019,5,Burglary Residential,440
2019,5,DRIVING UNDER THE INFLUENCE,195
2019,5,Disorderly Conduct,68
2019,5,Embezzlement,26
2019,5,Forgery and Counterfeiting,24
2019,5,Fraud,775
2019,5,Gambling Violations,21
2019,5,Homicide - Criminal,29
2019,5,Liquor Law Violations,26
2019,5,Motor Vehicle Theft,140
2019,5,Narcotic / Drug Law Violations,912
2019,5,Offenses Against Family and Children,50
2019,5,Other Assaults,2319
2019,5,Other Sex Offenses (Not Commercialized),77
2019,5,Prostitution and Commercialized Vice,44
2019,5,Public Drunkenness,6
2019,5,Rape,85
2019,5,Receiving Stolen Property,1
2019,5,Robbery Firearm,145
2019,5,Robbery No Firearm,312
2019,5,Theft from Vehicle,1116
2019,5,Thefts,2039
2019,5,Vandalism/Criminal Mischief,1300
2019,5,Weapon Violations,243
2019,6,Aggravated Assault Firearm,249
2019,6,Aggravated Assault No Firearm,546
2019,6,All Other Offenses,3462
2019,6,Arson,38
2019,6,Burglary Non-Residential,84
2019,6,Burglary Residential,402
2019,6,DRIVING UNDER THE INFLUENCE,180
2019,6,Disorderly Conduct,53
2019,6,Embezzlement,27
2019,6,Forgery and Counterfeiting,14
2019,6,Fraud,671
2019,6,Gambling Violations,22
2019,6,Homicide - Criminal,31
2019,6,Liquor Law Violations,11
2019,6,Motor Vehicle Theft,142
2019,6,Narcotic / Drug Law Violations,969
2019,6,Offenses Against Family and Children,61
2019,6,Other Assaults,2018
2019,6,Other Sex Offenses (Not Commercialized),83
2019,6,Prostitution and Commercialized Vice,97
2019,6,Public Drunkenness,8
2019,6,Rape,81
2019,6,Receiving Stolen Property,1
2019,6,Robbery Firearm,167
2019,6,Robbery No Firearm,285
2019,6,Theft from Vehicle,1088
2019,6,Thefts,2130
2019,6,Vagrancy/Loitering,1
2019,6,Vandalism/Criminal Mischief,1340
2019,6,Weapon Violations,200
2019,7,Aggravated Assault Firearm,232
2019,7,Aggravated Assault No Firearm,513
2019,7,All Other Offenses,3626
2019,7,Arson,32
2019,7,Burglary Non-Residential,130
2019,7,Burglary Residential,444
2019,7,DRIVING UNDER THE INFLUENCE,184
2019,7,Disorderly Conduct,86
2019,7,Embezzlement,38
2019,7,Forgery and Counterfeiting,23
2019,7,Fraud,821
2019,7,Homicide - Criminal,25
2019,7,Liquor Law Violations,9
2019,7,Motor Vehicle Theft,142
2019,7,Narcotic / Drug Law Violations,986
2019,7,Offenses Against Family and Children,42
2019,7,Other Assaults,2013
2019,7,Other Sex Offenses (Not Commercialized),76
2019,7,Prostitution and Commercialized Vice,74
2019,7,Public Drunkenness,18
2019,7,Rape,101
2019,7,Receiving Stolen Property,1
2019,7,Robbery Firearm,205
2019,7,Robbery No Firearm,303
2019,7,Theft from Vehicle,1205
2019,7,Thefts,2228
2019,7,Vagrancy/Loitering,2
2019,7,Vandalism/Criminal Mischief,1423
2019,7,Weapon Violations,177
2019,8,Aggravated Assault Firearm,238
2019,8,Aggravated Assault No Firearm,458
2019,8,All Other Offenses,3623
2019,8,Arson,41
2019,8,Burglary Non-Residential,112
2019,8,Burglary Residential,402
2019,8,DRIVING UNDER THE INFLUENCE,183
2019,8,Disorderly Conduct,125
2019,8,Embezzlement,44
2019,8,Forgery and Counterfeiting,12
2019,8,Fraud,838
2019,8,Gambling Violations,1
2019,8,Homicide - Criminal,40
2019,8,Liquor Law Violations,10
2019,8,Motor Vehicle Theft,155
2019,8,Narcotic / Drug Law Violations,886
2019,8,Offenses Against Family and Children,52
2019,8,Other Assaults,2031
2019,8,Other Sex Offenses (Not Commercialized),74
2019,8,Prostitution and Commercialized Vice,35
2019,8,Public Drunkenness,16
2019,8,Rape,99
2019,8,Receiving Stolen Property,3
2019,8,Robbery Firearm,198
2019,8,Robbery No Firearm,340
2019,8,Theft from Vehicle,1191
2019,8,Thefts,2245
2019,8,Vagrancy/Loitering,3
2019,8,Vandalism/Criminal Mischief,1302
2019,8,Weapon Violations,199
2019,9,Aggravated Assault Firearm,232
2019,9,Aggravated Assault No Firearm,463
2019,9,All Other Offenses,3070
2019,9,Arson,31
2019,9,Burglary Non-Residential,133
2019,9,Burglary Residential,440
2019,9,DRIVING UNDER THE INFLUENCE,172
2019,9,Disorderly Conduct,111
2019,9,Embezzlement,30
2019,9,Forgery and Counterfeiting,22
2019,9,Fraud,754
2019,9,Gambling Violations,1
2019,9,Homicide - Criminal,25
2019,9,Liquor Law Violations,7
2019,9,Motor Vehicle Theft,146
2019,9,Narcotic / Drug Law Violations,930
2019,9,Offenses Against Family and Children,48
2019,9,Other Assaults,2193
2019,9,Other Sex Offenses (Not Commercialized),102
2019,9,Prostitution and Commercialized Vice,82
2019,9,Public Drunkenness,32
2019,9,Rape,84
2019,9,Receiving Stolen Property,6
2019,9,Robbery Firearm,210
2019,9,Robbery No Firearm,325
2019,9,Theft from Vehicle,1192
2019,9,Thefts,2314
2019,9,Vandalism/Criminal Mischief,1186
2019,9,Weapon Violations,255
2019,10,Aggravated Assault Firearm,238
2019,10,Aggravated Assault No Firearm,537
2019,10,All Other Offenses,2587
2019,10,Arson,26
2019,10,Burglary Non-Residential,117
2019,10,Burglary Residential,444
2019,10,DRIVING UNDER THE INFLUENCE,171
2019,10,Disorderly Conduct,92
2019,10,Embezzlement,25
2019,10,Forgery and Counterfeiting,26
2019,10,Fraud,772
2019,10,Homicide - Criminal,34
2019,10,Liquor Law Violations,12
2019,10,Motor Vehicle Theft,188
2019,10,Narcotic / Drug Law Violations,867
2019,10,Offenses Against Family and Children,34
2019,10,Other Assaults,2391
2019,10,Other Sex Offenses (Not Commercialized),98
2019,10,Prostitution and Commercialized Vice,87
2019,10,Public Drunkenness,11
2019,10,Rape,88
2019,10,Receiving Stolen Property,4
2019,10,Robbery Firearm,236
2019,10,Robbery No Firearm,328
2019,10,Theft from Vehicle,1177
2019,10,Thefts,2400
2019,10,Vagrancy/Loitering,1
2019,10,Vandalism/Criminal Mischief,1239
2019,10,Weapon Violations,232
2019,11,Aggravated Assault Firearm,188
2019,11,Aggravated Assault No Firearm,428
2019,11,All Other Offenses,1885
2019,11,Arson,46
2019,11,Burglary Non-Residential,117
2019,11,Burglary Residential,397
2019,11,DRIVING UNDER THE INFLUENCE,190
2019,11,Disorderly Conduct,130
2019,11,Embezzlement,38
2019,11,Forgery and Counterfeiting,20
2019,11,Fraud,660
2019,11,Gambling Violations,3
2019,11,Homicide - Criminal,35
2019,11,Liquor Law Violations,10
2019,11,Motor Vehicle Theft,191
2019,11,Narcotic / Drug Law Violations,757
2019,11,Offenses Against Family and Children,44
2019,11,Other Assaults,1922
2019,11,Other Sex Offenses (Not Commercialized),70
2019,11,Prostitution and Commercialized Vice,25
2019,11,Public Drunkenness,18
2019,11,Rape,76
2019,11,Receiving Stolen Property,3
2019,11,Robbery Firearm,201
2019,11,Robbery No Firearm,266
2019,11,Theft from Vehicle,1052
2019,11,Thefts,2207
2019,11,Vagrancy/Loitering,1
2019,11,Vandalism/Criminal Mischief,1170
2019,11,Weapon Violations,225
2019,12,Aggravated Assault Firearm,258
2019,12,Aggravated Assault No Firearm,472
2019,12,All Other Offenses,1709
2019,12,Arson,37
2019,12,Burglary Non-Residential,186
2019,12,Burglary Residential,398
2019,12,DRIVING UNDER THE INFLUENCE,199
2019,12,Disorderly Conduct,92
2019,12,Embezzlement,39
2019,12,Forgery and Counterfeiting,20
2019,12,Fraud,701
2019,12,Homicide - Criminal,30
2019,12,Liquor Law Violations,5
2019,12,Motor Vehicle Theft,152
2019,12,Narcotic / Drug Law Violations,709
2019,12,Offenses Against Family and Children,31
2019,12,Other Assaults,1871
2019,12,Other Sex Offenses (Not Commercialized),81
2019,12,Prostitution and Commercialized Vice,43
2019,12,Public Drunkenness,9
2019,12,Rape,77
2019,12,Receiving Stolen Property,2
2019,12,Robbery Firearm,215
2019,12,Robbery No Firearm,293
2019,12,Theft from Vehicle,1062
2019,12,Thefts,2476
2019,12,Vagrancy/Loitering,2
2019,12,Vandalism/Criminal Mischief,1118
2019,12,Weapon Violations,229
2020,1,Aggravated Assault Firearm,207
2020,1,Aggravated Assault No Firearm,409
2020,1,All Other Offenses,2008
2020,1,Arson,34
2020,1,Burglary Non-Residential,142
2020,1,Burglary Residential,359
2020,1,DRIVING UNDER THE INFLUENCE,143
2020,1,Disorderly Conduct,76
2020,1,Embezzlement,36
2020,1,Forgery and Counterfeiting,21
2020,1,Fraud,747
2020,1,Gambling Violations,1
2020,1,Homicide - Criminal,39
2020,1,Liquor Law Violations,16
2020,1,Motor Vehicle Theft,208
2020,1,Narcotic / Drug Law Violations,863
2020,1,Offenses Against Family and Children,34
2020,1,Other Assaults,2046
2020,1,Other Sex Offenses (Not Commercialized),85
2020,1,Prostitution and Commercialized Vice,45
2020,1,Public Drunkenness,6
2020,1,Rape,78
2020,1,Receiving Stolen Property,1
2020,1,Robbery Firearm,213
2020,1,Robbery No Firearm,292
2020,1,Theft from Vehicle,1097
2020,1,Thefts,2391
2020,1,Vandalism/Criminal Mischief,1202
2020,1,Weapon Violations,239
2020,2,Aggravated Assault Firearm,176
2020,2,Aggravated Assault No Firearm,481
2020,2,All Other Offenses,1988
2020,2,Arson,25
2020,2,Burglary Non-Residential,89
2020,2,Burglary Residential,305
2020,2,DRIVING UNDER THE INFLUENCE,179
2020,2,Disorderly Conduct,160
2020,2,Embezzlement,28
2020,2,Forgery and Counterfeiting,19
2020,2,Fraud,765
2020,2,Gambling Violations,1
2020,2,Homicide - Criminal,22
2020,2,Liquor Law Violations,20
2020,2,Motor Vehicle Theft,139
2020,2,Narcotic / Drug Law Violations,965
2020,2,Offenses Against Family and Children,38
2020,2,Other Assaults,1973
2020,2,Other Sex Offenses (Not Commercialized),89
2020,2,Prostitution and Commercialized Vice,84
2020,2,Public Drunkenness,14
2020,2,Rape,82
2020,2,Receiving Stolen Property,1
2020,2,Robbery Firearm,166
2020,2,Robbery No Firearm,276
2020,2,Theft from Vehicle,1061
2020,2,Thefts,2239
2020,2,Vagrancy/Loitering,1
2020,2,Vandalism/Criminal Mischief,1066
2020,2,Weapon Violations,238
2020,3,Aggravated Assault Firearm,282
2020,3,Aggravated Assault No Firearm,425
2020,3,All Other Offenses,1792
2020,3,Arson,35
2020,3,Burglary Non-Residential,110
2020,3,Burglary Residential,302
2020,3,DRIVING UNDER THE INFLUENCE,127
2020,3,Disorderly Conduct,100
2020,3,Embezzlement,26
2020,3,Forgery and Counterfeiting,18
2020,3,Fraud,685
2020,3,Homicide - Criminal,34
2020,3,Liquor Law Violations,8
2020,3,Motor Vehicle Theft,163
2020,3,Narcotic / Drug Law Violations,654
2020,3,Offenses Against Family and Children,30
2020,3,Other Assaults,1828
2020,3,Other Sex Offenses (Not Commercialized),47
2020,3,Prostitution and Commercialized Vice,22
2020,3,Public Drunkenness,6
2020,3,Rape,77
2020,3,Receiving Stolen Property,2
2020,3,Robbery Firearm,147
2020,3,Robbery No Firearm,236
2020,3,Theft from Vehicle,1060
2020,3,Thefts,1755
2020,3,Vandalism/Criminal Mischief,1027
2020,3,Weapon Violations,195
2020,4,Aggravated Assault Firearm,224
2020,4,Aggravated Assault No Firearm,313
2020,4,All Other Offenses,1093
2020,4,Arson,33
2020,4,Burglary Non-Residential,149
2020,4,Burglary Residential,252
2020,4,DRIVING UNDER THE INFLUENCE,76
2020,4,Disorderly Conduct,48
2020,4,Embezzlement,12
2020,4,Forgery and Counterfeiting,16
2020,4,Fraud,537
2020,4,Homicide - Criminal,28
2020,4,Motor Vehicle Theft,164
2020,4,Narcotic / Drug Law Violations,331
2020,4,Offenses Against Family and Children,22
2020,4,Other Assaults,1404
2020,4,Other Sex Offenses (Not Commercialized),27
2020,4,Public Drunkenness,1
2020,4,Rape,40
2020,4,Receiving Stolen Property,1
2020,4,Robbery Firearm,124
2020,4,Robbery No Firearm,227
2020,4,Theft from Vehicle,1131
2020,4,Thefts,1542
2020,4,Vandalism/Criminal Mischief,995
2020,4,Weapon Violations,232
2020,5,Aggravated Assault Firearm,292
2020,5,Aggravated Assault No Firearm,474
2020,5,All Other Offenses,1740
2020,5,Arson,57
2020,5,Burglary Non-Residential,414
2020,5,Burglary Residential,312
2020,5,DRIVING UNDER THE INFLUENCE,134
2020,5,Disorderly Conduct,135
2020,5,Embezzlement,16
2020,5,Forgery and Counterfeiting,4
2020,5,Fraud,617
2020,5,Gambling Violations,4
2020,5,Homicide - Criminal,32
2020,5,Liquor Law Violations,5
2020,5,Motor Vehicle Theft,179
2020,5,Narcotic / Drug Law Violations,1016
2020,5,Offenses Against Family and Children,35
2020,5,Other Assaults,1797
2020,5,Other Sex Offenses (Not Commercialized),48
2020,5,Public Drunkenness,5
2020,5,Rape,51
2020,5,Receiving Stolen Property,1
2020,5,Robbery Firearm,120
2020,5,Robbery No Firearm,214
2020,5,Theft from Vehicle,1177
2020,5,Thefts,1663
2020,5,Vagrancy/Loitering,3
2020,5,Vandalism/Criminal Mischief,1292
2020,5,Weapon Violations,292
2020,6,Aggravated Assault Firearm,315
2020,6,Aggravated Assault No Firearm,513
2020,6,All Other Offenses,1076
2020,6,Arson,73
2020,6,Burglary Non-Residential,1054
2020,6,Burglary Residential,286
2020,6,DRIVING UNDER THE INFLUENCE,113
2020,6,Disorderly Conduct,69
2020,6,Embezzlement,9
2020,6,Forgery and Counterfeiting,9
2020,6,Fraud,657
2020,6,Homicide - Criminal,44
2020,6,Liquor Law Violations,4
2020,6,Motor Vehicle Theft,184
2020,6,Narcotic / Drug Law Violations,171
2020,6,Offenses Against Family and Children,40
2020,6,Other Assaults,1866
2020,6,Other Sex Offenses (Not Commercialized),62
2020,6,Rape,82
2020,6,Receiving Stolen Property,1
2020,6,Robbery Firearm,115
2020,6,Robbery No Firearm,214
2020,6,Theft from Vehicle,964
2020,6,Thefts,1275
2020,6,Vandalism/Criminal Mischief,1451
2020,6,Weapon Violations,160
2020,7,Aggravated Assault Firearm,334
2020,7,Aggravated Assault No Firearm,535
2020,7,All Other Offenses,1076
2020,7,Arson,45
2020,7,Burglary Non-Residential,110
2020,7,Burglary Residential,281
2020,7,DRIVING UNDER THE INFLUENCE,170
2020,7,Disorderly Conduct,21
2020,7,Embezzlement,9
2020,7,Forgery and Counterfeiting,7
2020,7,Fraud,842
2020,7,Gambling Violations,1
2020,7,Homicide - Criminal,48
2020,7,Liquor Law Violations,10
2020,7,Motor Vehicle Theft,165
2020,7,Narcotic / Drug Law Violations,351
2020,7,Offenses Against Family and Children,45
2020,7,Other Assaults,1966
2020,7,Other Sex Offenses (Not Commercialized),71
2020,7,Public Drunkenness,1
2020,7,Rape,73
2020,7,Receiving Stolen Property,2
2020,7,Robbery Firearm,63
2020,7,Robbery No Firearm,188
2020,7,Theft from Vehicle,856
2020,7,Thefts,1514
2020,7,Vandalism/Criminal Mischief,1272
2020,7,Weapon Violations,198
2020,8,Aggravated Assault Firearm,473
2020,8,Aggravated Assault No Firearm,509
2020,8,All Other Offenses,1074
2020,8,Arson,51
2020,8,Burglary Non-Residential,112
2020,8,Burglary Residential,296
2020,8,DRIVING UNDER THE INFLUENCE,184
2020,8,Disorderly Conduct,34
2020,8,Embezzlement,16
2020,8,Forgery and Counterfeiting,6
2020,8,Fraud,812
2020,8,Gambling Violations,1
2020,8,Homicide - Criminal,52
2020,8,Liquor Law Violations,1
2020,8,Motor Vehicle Theft,230
2020,8,Narcotic / Drug Law Violations,383
2020,8,Offenses Against Family and Children,31
2020,8,Other Assaults,1964
2020,8,Other Sex Offenses (Not Commercialized),64
2020,8,Public Drunkenness,2
2020,8,Rape,73
2020,8,Receiving Stolen Property,3
2020,8,Robbery Firearm,107
2020,8,Robbery No Firearm,244
2020,8,Theft from Vehicle,1008
2020,8,Thefts,1543
2020,8,Vandalism/Criminal Mischief,1263
2020,8,Weapon Violations,377
2020,9,Aggravated Assault Firearm,409
2020,9,Aggravated Assault No Firearm,506
2020,9,All Other Offenses,1148
2020,9,Arson,51
2020,9,Burglary Non-Residential,109
2020,9,Burglary Residential,311
2020,9,DRIVING UNDER THE INFLUENCE,171
2020,9,Disorderly Conduct,21
2020,9,Embezzlement,19
2020,9,Forgery and Counterfeiting,7
2020,9,Fraud,808
2020,9,Gambling Violations,1
2020,9,Homicide - Criminal,45
2020,9,Homicide - Justifiable,1
2020,9,Motor Vehicle Theft,236
2020,9,Narcotic / Drug Law Violations,508
2020,9,Offenses Against Family and Children,42
2020,9,Other Assaults,1922
2020,9,Other Sex Offenses (Not Commercialized),73
2020,9,Prostitution and Commercialized Vice,15
2020,9,Rape,67
2020,9,Robbery Firearm,131
2020,9,Robbery No Firearm,235
2020,9,Theft from Vehicle,1101
2020,9,Thefts,1641
2020,9,Vagrancy/Loitering,2
2020,9,Vandalism/Criminal Mischief,1289
2020,9,Weapon Violations,421
2020,10,Aggravated Assault Firearm,423
2020,10,Aggravated Assault No Firearm,561
2020,10,All Other Offenses,1190
2020,10,Arson,55
2020,10,Burglary Non-Residential,658
2020,10,Burglary Residential,332
2020,10,DRIVING UNDER THE INFLUENCE,117
2020,10,Disorderly Conduct,28
2020,10,Embezzlement,18
2020,10,Forgery and Counterfeiting,11
2020,10,Fraud,806
2020,10,Gambling Violations,1
2020,10,Homicide - Criminal,66
2020,10,Liquor Law Violations,7
2020,10,Motor Vehicle Theft,264
2020,10,Narcotic / Drug Law Violations,542
2020,10,Offenses Against Family and Children,30
2020,10,Other Assaults,1901
2020,10,Other Sex Offenses (Not Commercialized),56
2020,10,Prostitution and Commercialized Vice,24
2020,10,Public Drunkenness,3
2020,10,Rape,94
2020,10,Receiving Stolen Property,2
2020,10,Robbery Firearm,209
2020,10,Robbery No Firearm,291
2020,10,Theft from Vehicle,1274
2020,10,Thefts,1846
2020,10,Vagrancy/Loitering,1
2020,10,Vandalism/Criminal Mischief,1399
2020,10,Weapon Violations,425
2020,11,Aggravated Assault Firearm,378
2020,11,Aggravated Assault No Firearm,414
2020,11,All Other Offenses,842
2020,11,Arson,58
2020,11,Burglary Non-Residential,172
2020,11,Burglary Residential,300
2020,11,DRIVING UNDER THE INFLUENCE,106
2020,11,Disorderly Conduct,15
2020,11,Embezzlement,13
2020,11,Forgery and Counterfeiting,13
2020,11,Fraud,706
2020,11,Homicide - Criminal,40
2020,11,Liquor Law Violations,1
2020,11,Motor Vehicle Theft,298
2020,11,Narcotic / Drug Law Violations,283
2020,11,Offenses Against Family and Children,31
2020,11,Other Assaults,1687
2020,11,Other Sex Offenses (Not Commercialized),56
2020,11,Public Drunkenness,1
2020,11,Rape,65
2020,11,Receiving Stolen Property,4
2020,11,Robbery Firearm,220
2020,11,Robbery No Firearm,205
2020,11,Theft from Vehicle,1064
2020,11,Thefts,1573
2020,11,Vandalism/Criminal Mischief,1222
2020,11,Weapon Violations,365
2020,12,Aggravated Assault Firearm,336
2020,12,Aggravated Assault No Firearm,343
2020,12,All Other Offenses,951
2020,12,Arson,38
2020,12,Burglary Non-Residential,159
2020,12,Burglary Residential,303
2020,12,DRIVING UNDER THE INFLUENCE,99
2020,12,Disorderly Conduct,22
2020,12,Embezzlement,9
2020,12,Forgery and Counterfeiting,18
2020,12,Fraud,729
2020,12,Homicide - Criminal,44
2020,12,Motor Vehicle Theft,308
2020,12,Narcotic / Drug Law Violations,380
2020,12,Offenses Against Family and Children,25
2020,12,Other Assaults,1562
2020,12,Other Sex Offenses (Not Commercialized),40
2020,12,Public Drunkenness,1
2020,12,Rape,72
2020,12,Receiving Stolen Property,6
2020,12,Robbery Firearm,257
2020,12,Robbery No Firearm,187
2020,12,Theft from Vehicle,1026
2020,12,Thefts,1924
2020,12,Vagrancy/Loitering,1
2020,12,Vandalism/Criminal Mischief,1049
2020,12,Weapon Violations,403
2021,1,Aggravated Assault Firearm,361
2021,1,Aggravated Assault No Firearm,364
2021,1,All Other Offenses,987
2021,1,Arson,44
2021,1,Burglary Non-Residential,102
2021,1,Burglary Residential,304
2021,1,DRIVING UNDER THE INFLUENCE,138
2021,1,Disorderly Conduct,13
2021,1,Embezzlement,10
2021,1,Forgery and Counterfeiting,18
2021,1,Fraud,809
2021,1,Homicide - Criminal,50
2021,1,Liquor Law Violations,2
2021,1,Motor Vehicle Theft,318
2021,1,Narcotic / Drug Law Violations,383
2021,1,Offenses Against Family and Children,32
2021,1,Other Assaults,1734
2021,1,Other Sex Offenses (Not Commercialized),53
2021,1,Public Drunkenness,1
2021,1,Rape,77
2021,1,Receiving Stolen Property,4
2021,1,Robbery Firearm,245
2021,1,Robbery No Firearm,239
2021,1,Theft from Vehicle,1163
2021,1,Thefts,2023
2021,1,Vandalism/Criminal Mischief,1141
2021,1,Weapon Violations,418
2021,2,Aggravated Assault Firearm,242
2021,2,Aggravated Assault No Firearm,309
2021,2,All Other Offenses,944
2021,2,Arson,48
2021,2,Burglary Non-Residential,115
2021,2,Burglary Residential,209
2021,2,DRIVING UNDER THE INFLUENCE,156
2021,2,Disorderly Conduct,34
2021,2,Embezzlement,3
2021,2,Forgery and Counterfeiting,5
2021,2,Fraud,821
2021,2,Homicide - Criminal,25
2021,2,Liquor Law Violations,6
2021,2,Motor Vehicle Theft,208
2021,2,Narcotic / Drug Law Violations,373
2021,2,Offenses Against Family and Children,28
2021,2,Other Assaults,1479
2021,2,Other Sex Offenses (Not Commercialized),47
2021,2,Prostitution and Commercialized Vice,1
2021,2,Public Drunkenness,6
2021,2,Rape,66
2021,2,Receiving Stolen Property,1
2021,2,Robbery Firearm,136
2021,2,Robbery No Firearm,167
2021,2,Theft from Vehicle,764
2021,2,Thefts,1356
2021,2,Vagrancy/Loitering,2
2021,2,Vandalism/Criminal Mischief,783
2021,2,Weapon Violations,301
2021,3,Aggravated Assault Firearm,337
2021,3,Aggravated Assault No Firearm,413
2021,3,All Other Offenses,1188
2021,3,Arson,56
2021,3,Burglary Non-Residential,92
2021,3,Burglary Residential,277
2021,3,DRIVING UNDER THE INFLUENCE,163
2021,3,Disorderly Conduct,34
2021,3,Embezzlement,15
2021,3,Forgery and Counterfeiting,7
2021,3,Fraud,883
2021,3,Gambling Violations,1
2021,3,Homicide - Criminal,43
2021,3,Liquor Law Violations,5
2021,3,Motor Vehicle Theft,313
2021,3,Narcotic / Drug Law Violations,455
2021,3,Offenses Against Family and Children,29
2021,3,Other Assaults,1792
2021,3,Other Sex Offenses (Not Commercialized),53
2021,3,Public Drunkenness,4
2021,3,Rape,75
2021,3,Receiving Stolen Property,3
2021,3,Robbery Firearm,142
2021,3,Robbery No Firearm,168
2021,3,Theft from Vehicle,1041
2021,3,Thefts,1692
2021,3,Vagrancy/Loitering,1
2021,3,Vandalism/Criminal Mischief,1006
2021,3,Weapon Violations,336
2021,4,Aggravated Assault Firearm,295
2021,4,Aggravated Assault No Firearm,437
2021,4,All Other Offenses,896
2021,4,Arson,58
2021,4,Burglary Non-Residential,112
2021,4,Burglary Residential,253
2021,4,DRIVING UNDER THE INFLUENCE,124
2021,4,Disorderly Conduct,35
2021,4,Embezzlement,11
2021,4,Forgery and Counterfeiting,29
2021,4,Fraud,620
2021,4,Gambling Violations,4
2021,4,Homicide - Criminal,51
2021,4,Liquor Law Violations,15
2021,4,Motor Vehicle Theft,590
2021,4,Narcotic / Drug Law Violations,328
2021,4,Offenses Against Family and Children,21
2021,4,Other Assaults,2035
2021,4,Other Sex Offenses (Not Commercialized),77
2021,4,Public Drunkenness,13
2021,4,Rape,60
2021,4,Receiving Stolen Property,63
2021,4,Robbery Firearm,116
2021,4,Robbery No Firearm,176
2021,4,Theft from Vehicle,755
2021,4,Thefts,1697
2021,4,Vandalism/Criminal Mischief,1152
2021,4,Weapon Violations,344
2021,5,Aggravated Assault Firearm,310
2021,5,Aggravated Assault No Firearm,468
2021,5,All Other Offenses,935
2021,5,Arson,66
2021,5,Burglary Non-Residential,111
2021,5,Burglary Residential,272
2021,5,DRIVING UNDER THE INFLUENCE,173
2021,5,Disorderly Conduct,41
2021,5,Embezzlement,9
2021,5,Forgery and Counterfeiting,12
2021,5,Fraud,597
2021,5,Gambling Violations,6
2021,5,Homicide - Criminal,44
2021,5,Liquor Law Violations,13
2021,5,Motor Vehicle Theft,596
2021,5,Narcotic / Drug Law Violations,369
2021,5,Offenses Against Family and Children,14
2021,5,Other Assaults,1983
2021,5,Other Sex Offenses (Not Commercialized),75
2021,5,Prostitution and Commercialized Vice,1
2021,5,Public Drunkenness,8
2021,5,Rape,59
2021,5,Receiving Stolen Property,72
2021,5,Robbery Firearm,126
2021,5,Robbery No Firearm,239
2021,5,Theft from Vehicle,830
2021,5,Thefts,1924
2021,5,Vandalism/Criminal Mischief,1242
2021,5,Weapon Violations,313
2021,6,Aggravated Assault Firearm,314
2021,6,Aggravated Assault No Firearm,478
2021,6,All Other Offenses,926
2021,6,Arson,47
2021,6,Burglary Non-Residential,128
2021,6,Burglary Residential,305
2021,6,DRIVING UNDER THE INFLUENCE,169
2021,6,Disorderly Conduct,32
2021,6,Embezzlement,16
2021,6,Forgery and Counterfeiting,12
2021,6,Fraud,713
2021,6,Homicide - Criminal,56
2021,6,Liquor Law Violations,11
2021,6,Motor Vehicle Theft,622
2021,6,Narcotic / Drug Law Violations,309
2021,6,Offenses Against Family and Children,8
2021,6,Other Assaults,2077
2021,6,Other Sex Offenses (Not Commercialized),74
2021,6,Public Drunkenness,8
2021,6,Rape,64
2021,6,Receiving Stolen Property,75
2021,6,Robbery Firearm,129
2021,6,Robbery No Firearm,181
2021,6,Theft from Vehicle,843
2021,6,Thefts,2052
2021,6,Vagrancy/Loitering,1
2021,6,Vandalism/Criminal Mischief,1213
2021,6,Weapon Violations,266
2021,7,Aggravated Assault Firearm,341
2021,7,Aggravated Assault No Firearm,466
2021,7,All Other Offenses,839
2021,7,Arson,51
2021,7,Burglary Non-Residential,109
2021,7,Burglary Residential,320
2021,7,DRIVING UNDER THE INFLUENCE,130
2021,7,Disorderly Conduct,40
2021,7,Embezzlement,7
2021,7,Forgery and Counterfeiting,20
2021,7,Fraud,1023
2021,7,Homicide - Criminal,47
2021,7,Liquor Law Violations,7
2021,7,Motor Vehicle Theft,699
2021,7,Narcotic / Drug Law Violations,341
2021,7,Offenses Against Family and Children,10
2021,7,Other Assaults,2106
2021,7,Other Sex Offenses (Not Commercialized),76
2021,7,Public Drunkenness,5
2021,7,Rape,68
2021,7,Receiving Stolen Property,80
2021,7,Robbery Firearm,151
2021,7,Robbery No Firearm,189
2021,7,Theft from Vehicle,965
2021,7,Thefts,2194
2021,7,Vagrancy/Loitering,1
2021,7,Vandalism/Criminal Mischief,1251
2021,7,Weapon Violations,299
2021,8,Aggravated Assault Firearm,323
2021,8,Aggravated Assault No Firearm,489
2021,8,All Other Offenses,823
2021,8,Arson,66
2021,8,Burglary Non-Residential,143
2021,8,Burglary Residential,309
2021,8,DRIVING UNDER THE INFLUENCE,122
2021,8,Disorderly Conduct,35
2021,8,Embezzlement,14
2021,8,Forgery and Counterfeiting,16
2021,8,Fraud,731
2021,8,Homicide - Criminal,36
2021,8,Homicide - Gross Negligence,1
2021,8,Homicide - Justifiable,1
2021,8,Liquor Law Violations,13
2021,8,Motor Vehicle Theft,756
2021,8,Narcotic / Drug Law Violations,278
2021,8,Offenses Against Family and Children,7
2021,8,Other Assaults,2131
2021,8,Other Sex Offenses (Not Commercialized),86
2021,8,Prostitution and Commercialized Vice,16
2021,8,Public Drunkenness,15
2021,8,Rape,60
2021,8,Receiving Stolen Property,66
2021,8,Robbery Firearm,174
2021,8,Robbery No Firearm,225
2021,8,Theft from Vehicle,1092
2021,8,Thefts,2204
2021,8,Vagrancy/Loitering,3
2021,8,Vandalism/Criminal Mischief,1225
2021,8,Weapon Violations,278
2021,9,Aggravated Assault Firearm,323
2021,9,Aggravated Assault No Firearm,482
2021,9,All Other Offenses,825
2021,9,Arson,46
2021,9,Burglary Non-Residential,171
2021,9,Burglary Residential,350
2021,9,DRIVING UNDER THE INFLUENCE,139
2021,9,Disorderly Conduct,46
2021,9,Embezzlement,10
2021,9,Forgery and Counterfeiting,17
2021,9,Fraud,671
2021,9,Homicide - Criminal,55
2021,9,Liquor Law Violations,5
2021,9,Motor Vehicle Theft,823
2021,9,Narcotic / Drug Law Violations,274
2021,9,Offenses Against Family and Children,10
2021,9,Other Assaults,2174
2021,9,Other Sex Offenses (Not Commercialized),67
2021,9,Prostitution and Commercialized Vice,6
2021,9,Public Drunkenness,4
2021,9,Rape,63
2021,9,Receiving Stolen Property,70
2021,9,Robbery Firearm,205
2021,9,Robbery No Firearm,223
2021,9,Theft from Vehicle,1151
2021,9,Thefts,2341
2021,9,Vagrancy/Loitering,1
2021,9,Vandalism/Criminal Mischief,1225
2021,9,Weapon Violations,301
2021,10,Aggravated Assault Firearm,316
2021,10,Aggravated Assault No Firearm,441
2021,10,All Other Offenses,930
2021,10,Arson,59
2021,10,Burglary Non-Residential,137
2021,10,Burglary Residential,432
2021,10,DRIVING UNDER THE INFLUENCE,85
2021,10,Disorderly Conduct,48
2021,10,Embezzlement,13
2021,10,Forgery and Counterfeiting,23
2021,10,Fraud,647
2021,10,Homicide - Criminal,46
2021,10,Liquor Law Violations,5
2021,10,Motor Vehicle Theft,909
2021,10,Narcotic / Drug Law Violations,296
2021,10,Offenses Against Family and Children,4
2021,10,Other Assaults,2418
2021,10,Other Sex Offenses (Not Commercialized),89
2021,10,Prostitution and Commercialized Vice,14
2021,10,Public Drunkenness,2
2021,10,Rape,50
2021,10,Receiving Stolen Property,92
2021,10,Robbery Firearm,302
2021,10,Robbery No Firearm,236
2021,10,Theft from Vehicle,1364
2021,10,Thefts,2576
2021,10,Vandalism/Criminal Mischief,1279
2021,10,Weapon Violations,278
2021,11,Aggravated Assault Firearm,250
2021,11,Aggravated Assault No Firearm,405
2021,11,All Other Offenses,809
2021,11,Arson,43
2021,11,Burglary Non-Residential,187
2021,11,Burglary Residential,329
2021,11,DRIVING UNDER THE INFLUENCE,91
2021,11,Disorderly Conduct,24
2021,11,Embezzlement,13
2021,11,Forgery and Counterfeiting,22
2021,11,Fraud,600
2021,11,Homicide - Criminal,51
2021,11,Liquor Law Violations,4
2021,11,Motor Vehicle Theft,829
2021,11,Narcotic / Drug Law Violations,255
2021,11,Offenses Against Family and Children,8
2021,11,Other Assaults,2067
2021,11,Other Sex Offenses (Not Commercialized),77
2021,11,Prostitution and Commercialized Vice,13
2021,11,Public Drunkenness,1
2021,11,Rape,65
2021,11,Receiving Stolen Property,57
2021,11,Robbery Firearm,295
2021,11,Robbery No Firearm,239
2021,11,Theft from Vehicle,1208
2021,11,Thefts,2233
2021,11,Vandalism/Criminal Mischief,1088
2021,11,Weapon Violations,230
2021,12,Aggravated Assault Firearm,303
2021,12,Aggravated Assault No Firearm,351
2021,12,All Other Offenses,740
2021,12,Arson,42
2021,12,Burglary Non-Residential,155
2021,12,Burglary Residential,354
2021,12,DRIVING UNDER THE INFLUENCE,68
2021,12,Disorderly Conduct,26
2021,12,Embezzlement,13
2021,12,Forgery and Counterfeiting,28
2021,12,Fraud,642
2021,12,Gambling Violations,1
2021,12,Homicide - Criminal,51
2021,12,Liquor Law Violations,3
2021,12,Motor Vehicle Theft,823
2021,12,Narcotic / Drug Law Violations,183
2021,12,Offenses Against Family and Children,15
2021,12,Other Assaults,1930
2021,12,Other Sex Offenses (Not Commercialized),80
2021,12,Prostitution and Commercialized Vice,11
2021,12,Public Drunkenness,2
2021,12,Rape,40
2021,12,Receiving Stolen Property,71
2021,12,Robbery Firearm,397
2021,12,Robbery No Firearm,240
2021,12,Theft from Vehicle,1293
2021,12,Thefts,2253
2021,12,Vagrancy/Loitering,1
2021,12,Vandalism/Criminal Mischief,1056
2021,12,Weapon Violations,226
2022,1,Aggravated Assault Firearm,280
2022,1,Aggravated Assault No Firearm,350
2022,1,All Other Offenses,715
2022,1,Arson,39
2022,1,Burglary Non-Residential,163
2022,1,Burglary Residential,277
2022,1,DRIVING UNDER THE INFLUENCE,49
2022,1,Disorderly Conduct,26
2022,1,Embezzlement,16
2022,1,Forgery and Counterfeiting,34
2022,1,Fraud,501
2022,1,Homicide - Criminal,43
2022,1,Liquor Law Violations,5
2022,1,Motor Vehicle Theft,906
2022,1,Narcotic / Drug Law Violations,201
2022,1,Offenses Against Family and Children,8
2022,1,Other Assaults,1752
2022,1,Other Sex Offenses (Not Commercialized),61
2022,1,Prostitution and Commercialized Vice,23
2022,1,Public Drunkenness,2
2022,1,Rape,39
2022,1,Receiving Stolen Property,92
2022,1,Robbery Firearm,347
2022,1,Robbery No Firearm,214
2022,1,Theft from Vehicle,1085
2022,1,Thefts,2065
2022,1,Vagrancy/Loitering,1
2022,1,Vandalism/Criminal Mischief,981
2022,1,Weapon Violations,241
2022,2,Aggravated Assault Firearm,243
2022,2,Aggravated Assault No Firearm,348
2022,2,All Other Offenses,869
2022,2,Arson,42
2022,2,Burglary Non-Residential,151
2022,2,Burglary Residential,265
2022,2,DRIVING UNDER THE INFLUENCE,71
2022,2,Disorderly Conduct,33
2022,2,Embezzlement,19
2022,2,Forgery and Counterfeiting,43
2022,2,Fraud,552
2022,2,Homicide - Criminal,39
2022,2,Liquor Law Violations,7
2022,2,Motor Vehicle Theft,831
2022,2,Narcotic / Drug Law Violations,250
2022,2,Offenses Against Family and Children,5
2022,2,Other Assaults,1840
2022,2,Other Sex Offenses (Not Commercialized),67
2022,2,Prostitution and Commercialized Vice,14
2022,2,Public Drunkenness,7
2022,2,Rape,50
2022,2,Receiving Stolen Property,72
2022,2,Robbery Firearm,229
2022,2,Robbery No Firearm,197
2022,2,Theft from Vehicle,936
2022,2,Thefts,2010
2022,2,Vandalism/Criminal Mischief,988
2022,2,Weapon Violations,227
2022,3,Aggravated Assault Firearm,289
2022,3,Aggravated Assault No Firearm,419
2022,3,All Other Offenses,1024
2022,3,Arson,30
2022,3,Burglary Non-Residential,165
2022,3,Burglary Residential,328
2022,3,DRIVING UNDER THE INFLUENCE,80
2022,3,Disorderly Conduct,20
2022,3,Embezzlement,21
2022,3,Forgery and Counterfeiting,42
2022,3,Fraud,550
2022,3,Homicide - Criminal,37
2022,3,Liquor Law Violations,1
2022,3,Motor Vehicle Theft,808
2022,3,Narcotic / Drug Law Violations,307
2022,3,Offenses Against Family and Children,12
2022,3,Other Assaults,2218
2022,3,Other Sex Offenses (Not Commercialized),92
2022,3,Prostitution and Commercialized Vice,27
2022,3,Public Drunkenness,4
2022,3,Rape,52
2022,3,Receiving Stolen Property,75
2022,3,Robbery Firearm,171
2022,3,Robbery No Firearm,218
2022,3,Theft from Vehicle,1127
2022,3,Thefts,2412
2022,3,Vagrancy/Loitering,1
2022,3,Vandalism/Criminal Mischief,1133
2022,3,Weapon Violations,237
2022,4,Aggravated Assault Firearm,325
2022,4,Aggravated Assault No Firearm,414
2022,4,All Other Offenses,1054
2022,4,Arson,39
2022,4,Burglary Non-Residential,164
2022,4,Burglary Residential,308
2022,4,DRIVING UNDER THE INFLUENCE,77
2022,4,Disorderly Conduct,23
2022,4,Embezzlement,32
2022,4,Forgery and Counterfeiting,31
2022,4,Fraud,615
2022,4,Gambling Violations,1
2022,4,Homicide - Criminal,32
2022,4,Liquor Law Violations,9
2022,4,Motor Vehicle Theft,770
2022,4,Narcotic / Drug Law Violations,280
2022,4,Offenses Against Family and Children,15
2022,4,Other Assaults,2119
2022,4,Other Sex Offenses (Not Commercialized),112
2022,4,Prostitution and Commercialized Vice,26
2022,4,Public Drunkenness,5
2022,4,Rape,52
2022,4,Receiving Stolen Property,64
2022,4,Robbery Firearm,204
2022,4,Robbery No Firearm,228
2022,4,Theft from Vehicle,1176
2022,4,Thefts,2497
2022,4,Vagrancy/Loitering,2
2022,4,Vandalism/Criminal Mischief,1193
2022,4,Weapon Violations,259
2022,5,Aggravated Assault Firearm,308
2022,5,Aggravated Assault No Firearm,453
2022,5,All Other Offenses,1081
2022,5,Arson,43
2022,5,Burglary Non-Residential,190
2022,5,Burglary Residential,320
2022,5,DRIVING UNDER THE INFLUENCE,118
2022,5,Disorderly Conduct,24
2022,5,Embezzlement,20
2022,5,Forgery and Counterfeiting,29
2022,5,Fraud,573
2022,5,Homicide - Criminal,54
2022,5,Liquor Law Violations,5
2022,5,Motor Vehicle Theft,809
2022,5,Narcotic / Drug Law Violations,249
2022,5,Offenses Against Family and Children,18
2022,5,Other Assaults,2416
2022,5,Other Sex Offenses (Not Commercialized),114
2022,5,Prostitution and Commercialized Vice,48
2022,5,Public Drunkenness,1
2022,5,Rape,56
2022,5,Receiving Stolen Property,63
2022,5,Robbery Firearm,236
2022,5,Robbery No Firearm,275
2022,5,Theft from Vehicle,1269
2022,5,Thefts,2798
2022,5,Vandalism/Criminal Mischief,1293
2022,5,Weapon Violations,263
2022,6,Aggravated Assault Firearm,328
2022,6,Aggravated Assault No Firearm,483
2022,6,All Other Offenses,1068
2022,6,Arson,40
2022,6,Burglary Non-Residential,169
2022,6,Burglary Residential,359
2022,6,DRIVING UNDER THE INFLUENCE,83
2022,6,Disorderly Conduct,18
2022,6,Embezzlement,13
2022,6,Forgery and Counterfeiting,49
2022,6,Fraud,619
2022,6,Homicide - Criminal,46
2022,6,Homicide - Justifiable,1
2022,6,Liquor Law Violations,2
2022,6,Motor Vehicle Theft,831
2022,6,Narcotic / Drug Law Violations,234
2022,6,Offenses Against Family and Children,9
2022,6,Other Assaults,2284
2022,6,Other Sex Offenses (Not Commercialized),107
2022,6,Prostitution and Commercialized Vice,12
2022,6,Public Drunkenness,12
2022,6,Rape,49
2022,6,Receiving Stolen Property,70
2022,6,Robbery Firearm,270
2022,6,Robbery No Firearm,286
2022,6,Theft from Vehicle,1451
2022,6,Thefts,3007
2022,6,Vandalism/Criminal Mischief,1318
2022,6,Weapon Violations,264
2022,7,Aggravated Assault Firearm,304
2022,7,Aggravated Assault No Firearm,428
2022,7,All Other Offenses,1131
2022,7,Arson,42
2022,7,Burglary Non-Residential,204
2022,7,Burglary Residential,352
2022,7,DRIVING UNDER THE INFLUENCE,88
2022,7,Disorderly Conduct,23
2022,7,Embezzlement,11
2022,7,Forgery and Counterfeiting,45
2022,7,Fraud,655
2022,7,Homicide - Criminal,60
2022,7,Liquor Law Violations,5
2022,7,Motor Vehicle Theft,921
2022,7,Narcotic / Drug Law Violations,225
2022,7,Offenses Against Family and Children,11
2022,7,Other Assaults,2301
2022,7,Other Sex Offenses (Not Commercialized),64
2022,7,Prostitution and Commercialized Vice,9
2022,7,Rape,52
2022,7,Receiving Stolen Property,81
2022,7,Robbery Firearm,268
2022,7,Robbery No Firearm,289
2022,7,Theft from Vehicle,1492
2022,7,Thefts,3109
2022,7,Vandalism/Criminal Mischief,1298
2022,7,Weapon Violations,272
2022,8,Aggravated Assault Firearm,313
2022,8,Aggravated Assault No Firearm,400
2022,8,All Other Offenses,1129
2022,8,Arson,59
2022,8,Burglary Non-Residential,202
2022,8,Burglary Residential,346
2022,8,DRIVING UNDER THE INFLUENCE,77
2022,8,Disorderly Conduct,37
2022,8,Embezzlement,23
2022,8,Forgery and Counterfeiting,49
2022,8,Fraud,646
2022,8,Homicide - Criminal,46
2022,8,Liquor Law Violations,2
2022,8,Motor Vehicle Theft,973
2022,8,Narcotic / Drug Law Violations,247
2022,8,Offenses Against Family and Children,15
2022,8,Other Assaults,2067
2022,8,Other Sex Offenses (Not Commercialized),108
2022,8,Prostitution and Commercialized Vice,33
2022,8,Public Drunkenness,1
2022,8,Rape,42
2022,8,Receiving Stolen Property,92
2022,8,Robbery Firearm,255
2022,8,Robbery No Firearm,226
2022,8,Theft from Vehicle,1568
2022,8,Thefts,3204
2022,8,Vandalism/Criminal Mischief,1329
2022,8,Weapon Violations,296
2022,9,Aggravated Assault Firearm,267
2022,9,Aggravated Assault No Firearm,409
2022,9,All Other Offenses,1011
2022,9,Arson,58
2022,9,Burglary Non-Residential,197
2022,9,Burglary Residential,321
2022,9,DRIVING UNDER THE INFLUENCE,89
2022,9,Disorderly Conduct,42
2022,9,Embezzlement,32
2022,9,Forgery and Counterfeiting,42
2022,9,Fraud,629
2022,9,Homicide - Criminal,40
2022,9,Liquor Law Violations,7
2022,9,Motor Vehicle Theft,972
2022,9,Narcotic / Drug Law Violations,206
2022,9,Offenses Against Family and Children,7
2022,9,Other Assaults,2090
2022,9,Other Sex Offenses (Not Commercialized),67
2022,9,Prostitution and Commercialized Vice,10
2022,9,Public Drunkenness,2
2022,9,Rape,62
2022,9,Receiving Stolen Property,72
2022,9,Robbery Firearm,272
2022,9,Robbery No Firearm,216
2022,9,Theft from Vehicle,1399
2022,9,Thefts,3056
2022,9,Vandalism/Criminal Mischief,1167
2022,9,Weapon Violations,267
2022,10,Aggravated Assault Firearm,274
2022,10,Aggravated Assault No Firearm,391
2022,10,All Other Offenses,977
2022,10,Arson,31
2022,10,Burglary Non-Residential,212
2022,10,Burglary Residential,273
2022,10,DRIVING UNDER THE INFLUENCE,62
2022,10,Disorderly Conduct,29
2022,10,Embezzlement,14
2022,10,Forgery and Counterfeiting,36
2022,10,Fraud,509
2022,10,Homicide - Criminal,40
2022,10,Liquor Law Violations,6
2022,10,Motor Vehicle Theft,1033
2022,10,Narcotic / Drug Law Violations,244
2022,10,Offenses Against Family and Children,19
2022,10,Other Assaults,2134
2022,10,Other Sex Offenses (Not Commercialized),83
2022,10,Prostitution and Commercialized Vice,8
2022,10,Public Drunkenness,6
2022,10,Rape,43
2022,10,Receiving Stolen Property,88
2022,10,Robbery Firearm,235
2022,10,Robbery No Firearm,249
2022,10,Theft from Vehicle,1522
2022,10,Thefts,3078
2022,10,Vandalism/Criminal Mischief,1239
2022,10,Weapon Violations,243
2022,11,Aggravated Assault Firearm,242
2022,11,Aggravated Assault No Firearm,404
2022,11,All Other Offenses,945
2022,11,Arson,53
2022,11,Burglary Non-Residential,183
2022,11,Burglary Residential,309
2022,11,DRIVING UNDER THE INFLUENCE,57
2022,11,Disorderly Conduct,17
2022,11,Embezzlement,15
2022,11,Forgery and Counterfeiting,26
2022,11,Fraud,471
2022,11,Homicide - Criminal,26
2022,11,Homicide - Justifiable,1
2022,11,Liquor Law Violations,6
2022,11,Motor Vehicle Theft,1243
2022,11,Narcotic / Drug Law Violations,259
2022,11,Offenses Against Family and Children,18
2022,11,Other Assaults,2147
2022,11,Other Sex Offenses (Not Commercialized),79
2022,11,Prostitution and Commercialized Vice,24
2022,11,Public Drunkenness,3
2022,11,Rape,48
2022,11,Receiving Stolen Property,106
2022,11,Robbery Firearm,251
2022,11,Robbery No Firearm,220
2022,11,Theft from Vehicle,1230
2022,11,Thefts,2796
2022,11,Vandalism/Criminal Mischief,1160
2022,11,Weapon Violations,222
2022,12,Aggravated Assault Firearm,219
2022,12,Aggravated Assault No Firearm,398
2022,12,All Other Offenses,914
2022,12,Arson,41
2022,12,Burglary Non-Residential,173
2022,12,Burglary Residential,250
2022,12,DRIVING UNDER THE INFLUENCE,56
2022,12,Disorderly Conduct,21
2022,12,Embezzlement,20
2022,12,Forgery and Counterfeiting,31
2022,12,Fraud,569
2022,12,Homicide - Criminal,41
2022,12,Liquor Law Violations,7
2022,12,Motor Vehicle Theft,1622
2022,12,Narcotic / Drug Law Violations,216
2022,12,Offenses Against Family and Children,22
2022,12,Other Assaults,1907
2022,12,Other Sex Offenses (Not Commercialized),81
2022,12,Prostitution and Commercialized Vice,12
2022,12,Public Drunkenness,4
2022,12,Rape,41
2022,12,Receiving Stolen Property,118
2022,12,Robbery Firearm,195
2022,12,Robbery No Firearm,217
2022,12,Theft from Vehicle,1110
2022,12,Thefts,2889
2022,12,Vandalism/Criminal Mischief,1193
2022,12,Weapon Violations,223
2023,1,Aggravated Assault Firearm,229
2023,1,Aggravated Assault No Firearm,386
2023,1,All Other Offenses,947
2023,1,Arson,45
2023,1,Burglary Non-Residential,132
2023,1,Burglary Residential,288
2023,1,DRIVING UNDER THE INFLUENCE,55
2023,1,Disorderly Conduct,27
2023,1,Embezzlement,19
2023,1,Forgery and Counterfeiting,29
2023,1,Fraud,604
2023,1,Gambling Violations,1
2023,1,Homicide - Criminal,30
2023,1,Liquor Law Violations,15
2023,1,Motor Vehicle Theft,1724
2023,1,Narcotic / Drug Law Violations,218
2023,1,Offenses Against Family and Children,29
2023,1,Other Assaults,2138
2023,1,Other Sex Offenses (Not Commercialized),118
2023,1,Prostitution and Commercialized Vice,18
2023,1,Public Drunkenness,3
2023,1,Rape,51
2023,1,Receiving Stolen Property,110
2023,1,Robbery Firearm,250
2023,1,Robbery No Firearm,239
2023,1,Theft from Vehicle,1101
2023,1,Thefts,2821
2023,1,Vandalism/Criminal Mischief,1394
2023,1,Weapon Violations,255
2023,2,Aggravated Assault Firearm,226
2023,2,Aggravated Assault No Firearm,366
2023,2,All Other Offenses,952
2023,2,Arson,39
2023,2,Burglary Non-Residential,105
2023,2,Burglary Residential,238
2023,2,DRIVING UNDER THE INFLUENCE,59
2023,2,Disorderly Conduct,39
2023,2,Embezzlement,12
2023,2,Forgery and Counterfeiting,24
2023,2,Fraud,504
2023,2,Homicide - Criminal,37
2023,2,Homicide - Gross Negligence,1
2023,2,Homicide - Justifiable,1
2023,2,Liquor Law Violations,5
2023,2,Motor Vehicle Theft,1645
2023,2,Narcotic / Drug Law Violations,192
2023,2,Offenses Against Family and Children,40
2023,2,Other Assaults,1993
2023,2,Other Sex Offenses (Not Commercialized),73
2023,2,Prostitution and Commercialized Vice,17
2023,2,Public Drunkenness,1
2023,2,Rape,42
2023,2,Receiving Stolen Property,99
2023,2,Robbery Firearm,189
2023,2,Robbery No Firearm,186
2023,2,Theft from Vehicle,1094
2023,2,Thefts,2402
2023,2,Vandalism/Criminal Mischief,1237
2023,2,Weapon Violations,238
2023,3,Aggravated Assault Firearm,263
2023,3,Aggravated Assault No Firearm,357
2023,3,All Other Offenses,1211
2023,3,Arson,50
2023,3,Burglary Non-Residential,120
2023,3,Burglary Residential,306
2023,3,DRIVING UNDER THE INFLUENCE,63
2023,3,Disorderly Conduct,33
2023,3,Embezzlement,15
2023,3,Forgery and Counterfeiting,34
2023,3,Fraud,632
2023,3,Homicide - Criminal,33
2023,3,Homicide - Justifiable,2
2023,3,Liquor Law Violations,2
2023,3,Motor Vehicle Theft,1564
2023,3,Narcotic / Drug Law Violations,228
2023,3,Offenses Against Family and Children,29
2023,3,Other Assaults,2118
2023,3,Other Sex Offenses (Not Commercialized),74
2023,3,Prostitution and Commercialized Vice,14
2023,3,Public Drunkenness,3
2023,3,Rape,58
2023,3,Receiving Stolen Property,112
2023,3,Robbery Firearm,165
2023,3,Robbery No Firearm,188
2023,3,Theft from Vehicle,1024
2023,3,Thefts,2703
2023,3,Vagrancy/Loitering,4
2023,3,Vandalism/Criminal Mischief,1341
2023,3,Weapon Violations,233
2023,4,Aggravated Assault Firearm,271
2023,4,Aggravated Assault No Firearm,401
2023,4,All Other Offenses,1149
2023,4,Arson,44
2023,4,Burglary Non-Residential,107
2023,4,Burglary Residential,293
2023,4,DRIVING UNDER THE INFLUENCE,64
2023,4,Disorderly Conduct,39
2023,4,Embezzlement,22
2023,4,Forgery and Counterfeiting,25
2023,4,Fraud,586
2023,4,Homicide - Criminal,28
2023,4,Liquor Law Violations,7
2023,4,Motor Vehicle Theft,1720
2023,4,Narcotic / Drug Law Violations,210
2023,4,Offenses Against Family and Children,36
2023,4,Other Assaults,2105
2023,4,Other Sex Offenses (Not Commercialized),59
2023,4,Prostitution and Commercialized Vice,24
2023,4,Public Drunkenness,1
2023,4,Rape,53
2023,4,Receiving Stolen Property,113
2023,4,Robbery Firearm,175
2023,4,Robbery No Firearm,184
2023,4,Theft from Vehicle,803
2023,4,Thefts,2678
2023,4,Vagrancy/Loitering,2
2023,4,Vandalism/Criminal Mischief,1366
2023,4,Weapon Violations,281
2023,5,Aggravated Assault Firearm,338
2023,5,Aggravated Assault No Firearm,458
2023,5,All Other Offenses,1212
2023,5,Arson,56
2023,5,Burglary Non-Residential,133
2023,5,Burglary Residential,301
2023,5,DRIVING UNDER THE INFLUENCE,105
2023,5,Disorderly Conduct,18
2023,5,Embezzlement,27
2023,5,Forgery and Counterfeiting,26
2023,5,Fraud,622
2023,5,Gambling Violations,1
2023,5,Homicide - Criminal,43
2023,5,Liquor Law Violations,6
2023,5,Motor Vehicle Theft,1987
2023,5,Narcotic / Drug Law Violations,258
2023,5,Offenses Against Family and Children,35
2023,5,Other Assaults,2353
2023,5,Other Sex Offenses (Not Commercialized),75
2023,5,Prostitution and Commercialized Vice,30
2023,5,Public Drunkenness,4
2023,5,Rape,42
2023,5,Receiving Stolen Property,143
2023,5,Robbery Firearm,229
2023,5,Robbery No Firearm,243
2023,5,Theft from Vehicle,949
2023,5,Thefts,3064
2023,5,Vagrancy/Loitering,1
2023,5,Vandalism/Criminal Mischief,1419
2023,5,Weapon Violations,298
2023,6,Aggravated Assault Firearm,279
2023,6,Aggravated Assault No Firearm,394
2023,6,All Other Offenses,1264
2023,6,Arson,53
2023,6,Burglary Non-Residential,165
2023,6,Burglary Residential,318
2023,6,DRIVING UNDER THE INFLUENCE,91
2023,6,Disorderly Conduct,30
2023,6,Embezzlement,21
2023,6,Forgery and Counterfeiting,24
2023,6,Fraud,634
2023,6,Homicide - Criminal,33
2023,6,Liquor Law Violations,3
2023,6,Motor Vehicle Theft,2172
2023,6,Narcotic / Drug Law Violations,210
2023,6,Offenses Against Family and Children,41
2023,6,Other Assaults,2027
2023,6,Other Sex Offenses (Not Commercialized),65
2023,6,Prostitution and Commercialized Vice,48
2023,6,Public Drunkenness,1
2023,6,Rape,39
2023,6,Receiving Stolen Property,120
2023,6,Robbery Firearm,191
2023,6,Robbery No Firearm,231
2023,6,Theft from Vehicle,944
2023,6,Thefts,3048
2023,6,Vandalism/Criminal Mischief,1482
2023,6,Weapon Violations,279
2023,7,Aggravated Assault Firearm,320
2023,7,Aggravated Assault No Firearm,481
2023,7,All Other Offenses,1189
2023,7,Arson,69
2023,7,Burglary Non-Residential,161
2023,7,Burglary Residential,362
2023,7,DRIVING UNDER THE INFLUENCE,68
2023,7,Disorderly Conduct,34
2023,7,Embezzlement,20
2023,7,Forgery and Counterfeiting,23
2023,7,Fraud,678
2023,7,Homicide - Criminal,35
2023,7,Liquor Law Violations,2
2023,7,Motor Vehicle Theft,2559
2023,7,Narcotic / Drug Law Violations,196
2023,7,Offenses Against Family and Children,26
2023,7,Other Assaults,2114
2023,7,Other Sex Offenses (Not Commercialized),93
2023,7,Prostitution and Commercialized Vice,58
2023,7,Public Drunkenness,3
2023,7,Rape,41
2023,7,Receiving Stolen Property,133
2023,7,Robbery Firearm,253
2023,7,Robbery No Firearm,230
2023,7,Theft from Vehicle,1091
2023,7,Thefts,3331
2023,7,Vandalism/Criminal Mischief,1646
2023,7,Weapon Violations,269
2023,8,Aggravated Assault Firearm,319
2023,8,Aggravated Assault No Firearm,483
2023,8,All Other Offenses,1115
2023,8,Arson,66
2023,8,Burglary Non-Residential,175
2023,8,Burglary Residential,345
2023,8,DRIVING UNDER THE INFLUENCE,66
2023,8,Disorderly Conduct,40
2023,8,Embezzlement,16
2023,8,Forgery and Counterfeiting,17
2023,8,Fraud,687
2023,8,Homicide - Criminal,44
2023,8,Homicide - Justifiable,1
2023,8,Liquor Law Violations,10
2023,8,Motor Vehicle Theft,2376
2023,8,Narcotic / Drug Law Violations,212
2023,8,Offenses Against Family and Children,20
2023,8,Other Assaults,2169
2023,8,Other Sex Offenses (Not Commercialized),128
2023,8,Prostitution and Commercialized Vice,23
2023,8,Public Drunkenness,2
2023,8,Rape,40
2023,8,Receiving Stolen Property,149
2023,8,Robbery Firearm,222
2023,8,Robbery No Firearm,228
2023,8,Theft from Vehicle,1149
2023,8,Thefts,3533
2023,8,Vandalism/Criminal Mischief,1586
2023,8,Weapon Violations,331
2023,9,Aggravated Assault Firearm,261
2023,9,Aggravated Assault No Firearm,415
2023,9,All Other Offenses,1084
2023,9,Arson,63
2023,9,Burglary Non-Residential,273
2023,9,Burglary Residential,295
2023,9,DRIVING UNDER THE INFLUENCE,104
2023,9,Disorderly Conduct,39
2023,9,Embezzlement,17
2023,9,Forgery and Counterfeiting,11
2023,9,Fraud,638
2023,9,Homicide - Criminal,37
2023,9,Liquor Law Violations,3
2023,9,Motor Vehicle Theft,1686
2023,9,Narcotic / Drug Law Violations,206
2023,9,Offenses Against Family and Children,46
2023,9,Other Assaults,2090
2023,9,Other Sex Offenses (Not Commercialized),91
2023,9,Prostitution and Commercialized Vice,26
2023,9,Public Drunkenness,4
2023,9,Rape,54
2023,9,Receiving Stolen Property,125
2023,9,Robbery Firearm,227
2023,9,Robbery No Firearm,218
2023,9,Theft from Vehicle,1051
2023,9,Thefts,3134
2023,9,Vandalism/Criminal Mischief,1411
2023,9,Weapon Violations,280
2023,10,Aggravated Assault Firearm,271
2023,10,Aggravated Assault No Firearm,424
2023,10,All Other Offenses,1027
2023,10,Arson,53
2023,10,Burglary Non-Residential,181
2023,10,Burglary Residential,336
2023,10,DRIVING UNDER THE INFLUENCE,51
2023,10,Disorderly Conduct,36
2023,10,Embezzlement,20
2023,10,Forgery and Counterfeiting,8
2023,10,Fraud,635
2023,10,Homicide - Criminal,29
2023,10,Liquor Law Violations,4
2023,10,Motor Vehicle Theft,1550
2023,10,Narcotic / Drug Law Violations,192
2023,10,Offenses Against Family and Children,25
2023,10,Other Assaults,2045
2023,10,Other Sex Offenses (Not Commercialized),81
2023,10,Prostitution and Commercialized Vice,8
2023,10,Public Drunkenness,1
2023,10,Rape,40
2023,10,Receiving Stolen Property,81
2023,10,Robbery Firearm,222
2023,10,Robbery No Firearm,230
2023,10,Theft from Vehicle,1071
2023,10,Thefts,3072
2023,10,Vandalism/Criminal Mischief,1427
2023,10,Weapon Violations,231
2023,11,Aggravated Assault Firearm,219
2023,11,Aggravated Assault No Firearm,411
2023,11,All Other Offenses,887
2023,11,Arson,64
2023,11,Burglary Non-Residential,100
2023,11,Burglary Residential,316
2023,11,DRIVING UNDER THE INFLUENCE,58
2023,11,Disorderly Conduct,28
2023,11,Embezzlement,11
2023,11,Forgery and Counterfeiting,8
2023,11,Fraud,586
2023,11,Homicide - Criminal,24
2023,11,Liquor Law Violations,5
2023,11,Motor Vehicle Theft,1305
2023,11,Narcotic / Drug Law Violations,200
2023,11,Offenses Against Family and Children,25
2023,11,Other Assaults,1945
2023,11,Other Sex Offenses (Not Commercialized),63
2023,11,Prostitution and Commercialized Vice,9
2023,11,Public Drunkenness,1
2023,11,Rape,42
2023,11,Receiving Stolen Property,110
2023,11,Robbery Firearm,199
2023,11,Robbery No Firearm,199
2023,11,Theft from Vehicle,907
2023,11,Thefts,2832
2023,11,Vagrancy/Loitering,2
2023,11,Vandalism/Criminal Mischief,1278
2023,11,Weapon Violations,211
2023,12,Aggravated Assault Firearm,207
2023,12,Aggravated Assault No Firearm,377
2023,12,All Other Offenses,867
2023,12,Arson,67
2023,12,Burglary Non-Residential,110
2023,12,Burglary Residential,283
2023,12,DRIVING UNDER THE INFLUENCE,76
2023,12,Disorderly Conduct,16
2023,12,Embezzlement,16
2023,12,Forgery and Counterfeiting,8
2023,12,Fraud,563
2023,12,Gambling Violations,1
2023,12,Homicide - Criminal,26
2023,12,Liquor Law Violations,5
2023,12,Motor Vehicle Theft,1280
2023,12,Narcotic / Drug Law Violations,228
2023,12,Offenses Against Family and Children,28
2023,12,Other Assaults,2015
2023,12,Other Sex Offenses (Not Commercialized),68
2023,12,Prostitution and Commercialized Vice,21
2023,12,Public Drunkenness,3
2023,12,Rape,29
2023,12,Receiving Stolen Property,109
2023,12,Robbery Firearm,170
2023,12,Robbery No Firearm,186
2023,12,Theft from Vehicle,875
2023,12,Thefts,2849
2023,12,Vandalism/Criminal Mischief,1172
2023,12,Weapon Violations,221
2024,1,Aggravated Assault Firearm,228
2024,1,Aggravated Assault No Firearm,408
2024,1,All Other Offenses,1052
2024,1,Arson,53
2024,1,Burglary Non-Residential,155
2024,1,Burglary Residential,282
2024,1,DRIVING UNDER THE INFLUENCE,66
2024,1,Disorderly Conduct,15
2024,1,Embezzlement,22
2024,1,Forgery and Counterfeiting,17
2024,1,Fraud,564
2024,1,Homicide - Criminal,23
2024,1,Homicide - Justifiable,1
2024,1,Liquor Law Violations,5
2024,1,Motor Vehicle Theft,1139
2024,1,Narcotic / Drug Law Violations,307
2024,1,Offenses Against Family and Children,28
2024,1,Other Assaults,1980
2024,1,Other Sex Offenses (Not Commercialized),79
2024,1,Prostitution and Commercialized Vice,13
2024,1,Public Drunkenness,1
2024,1,Rape,38
2024,1,Receiving Stolen Property,109
2024,1,Robbery Firearm,182
2024,1,Robbery No Firearm,195
2024,1,Theft from Vehicle,718
2024,1,Thefts,2929
2024,1,Vagrancy/Loitering,1
2024,1,Vandalism/Criminal Mischief,1029
2024,1,Weapon Violations,215
2024,2,Aggravated Assault Firearm,205
2024,2,Aggravated Assault No Firearm,362
2024,2,All Other Offenses,1262
2024,2,Arson,59
2024,2,Burglary Non-Residential,100
2024,2,Burglary Residential,250
2024,2,DRIVING UNDER THE INFLUENCE,60
2024,2,Disorderly Conduct,39
2024,2,Embezzlement,16
2024,2,Forgery and Counterfeiting,23
2024,2,Fraud,594
2024,2,Homicide - Criminal,26
2024,2,Liquor Law Violations,7
2024,2,Motor Vehicle Theft,939
2024,2,Narcotic / Drug Law Violations,282
2024,2,Offenses Against Family and Children,33
2024,2,Other Assaults,1998
2024,2,Other Sex Offenses (Not Commercialized),76
2024,2,Prostitution and Commercialized Vice,17
2024,2,Rape,30
2024,2,Receiving Stolen Property,79
2024,2,Robbery Firearm,135
2024,2,Robbery No Firearm,175
2024,2,Theft from Vehicle,663
2024,2,Thefts,2816
2024,2,Vandalism/Criminal Mischief,993
2024,2,Weapon Violations,192
2024,3,Aggravated Assault Firearm,208
2024,3,Aggravated Assault No Firearm,398
2024,3,All Other Offenses,1102
2024,3,Arson,49
2024,3,Burglary Non-Residential,115
2024,3,Burglary Residential,273
2024,3,DRIVING UNDER THE INFLUENCE,73
2024,3,Disorderly Conduct,27
2024,3,Embezzlement,23
2024,3,Forgery and Counterfeiting,9
2024,3,Fraud,625
2024,3,Homicide - Criminal,19
2024,3,Liquor Law Violations,7
2024,3,Motor Vehicle Theft,992
2024,3,Narcotic / Drug Law Violations,254
2024,3,Offenses Against Family and Children,32
2024,3,Other Assaults,2052
2024,3,Other Sex Offenses (Not Commercialized),70
2024,3,Prostitution and Commercialized Vice,18
2024,3,Public Drunkenness,3
2024,3,Rape,42
2024,3,Receiving Stolen Property,98
2024,3,Robbery Firearm,108
2024,3,Robbery No Firearm,172
2024,3,Theft from Vehicle,777
2024,3,Thefts,2928
2024,3,Vagrancy/Loitering,3
2024,3,Vandalism/Criminal Mischief,1013
2024,3,Weapon Violations,212
2024,4,Aggravated Assault Firearm,201
2024,4,Aggravated Assault No Firearm,392
2024,4,All Other Offenses,1073
2024,4,Arson,48
2024,4,Burglary Non-Residential,118
2024,4,Burglary Residential,252
2024,4,DRIVING UNDER THE INFLUENCE,64
2024,4,Disorderly Conduct,27
2024,4,Embezzlement,14
2024,4,Forgery and Counterfeiting,13
2024,4,Fraud,522
2024,4,Gambling Violations,7
2024,4,Homicide - Criminal,19
2024,4,Liquor Law Violations,8
2024,4,Motor Vehicle Theft,924
2024,4,Narcotic / Drug Law Violations,218
2024,4,Offenses Against Family and Children,28
2024,4,Other Assaults,2038
2024,4,Other Sex Offenses (Not Commercialized),66
2024,4,Prostitution and Commercialized Vice,35
2024,4,Public Drunkenness,6
2024,4,Rape,41
2024,4,Receiving Stolen Property,89
2024,4,Robbery Firearm,96
2024,4,Robbery No Firearm,195
2024,4,Theft from Vehicle,819
2024,4,Thefts,2905
2024,4,Vagrancy/Loitering,5
2024,4,Vandalism/Criminal Mischief,1030
2024,4,Weapon Violations,218
2024,5,Aggravated Assault Firearm,245
2024,5,Aggravated Assault No Firearm,440
2024,5,All Other Offenses,1189
2024,5,Arson,68
2024,5,Burglary Non-Residential,141
2024,5,Burglary Residential,261
2024,5,DRIVING UNDER THE INFLUENCE,66
2024,5,Disorderly Conduct,27
2024,5,Embezzlement,18
2024,5,Forgery and Counterfeiting,7
2024,5,Fraud,540
2024,5,Gambling Violations,7
2024,5,Homicide - Criminal,18
2024,5,Liquor Law Violations,11
2024,5,Motor Vehicle Theft,1086
2024,5,Narcotic / Drug Law Violations,219
2024,5,Offenses Against Family and Children,31
2024,5,Other Assaults,2378
2024,5,Other Sex Offenses (Not Commercialized),84
2024,5,Prostitution and Commercialized Vice,26
2024,5,Public Drunkenness,3
2024,5,Rape,46
2024,5,Receiving Stolen Property,75
2024,5,Robbery Firearm,103
2024,5,Robbery No Firearm,216
2024,5,Theft from Vehicle,887
2024,5,Thefts,3551
2024,5,Vandalism/Criminal Mischief,1123
2024,5,Weapon Violations,232
2024,6,Aggravated Assault Firearm,233
2024,6,Aggravated Assault No Firearm,485
2024,6,All Other Offenses,1072
2024,6,Arson,64
2024,6,Burglary Non-Residential,107
2024,6,Burglary Residential,271
2024,6,DRIVING UNDER THE INFLUENCE,78
2024,6,Disorderly Conduct,23
2024,6,Embezzlement,23
2024,6,Forgery and Counterfeiting,8
2024,6,Fraud,850
2024,6,Gambling Violations,2
2024,6,Homicide - Criminal,21
2024,6,Liquor Law Violations,8
2024,6,Motor Vehicle Theft,1247
2024,6,Narcotic / Drug Law Violations,226
2024,6,Offenses Against Family and Children,23
2024,6,Other Assaults,2250
2024,6,Other Sex Offenses (Not Commercialized),65
2024,6,Prostitution and Commercialized Vice,12
2024,6,Rape,28
2024,6,Receiving Stolen Property,84
2024,6,Robbery Firearm,115
2024,6,Robbery No Firearm,212
2024,6,Theft from Vehicle,1039
2024,6,Thefts,3481
2024,6,Vagrancy/Loitering,1
2024,6,Vandalism/Criminal Mischief,1312
2024,6,Weapon Violations,205
2024,7,Aggravated Assault Firearm,252
2024,7,Aggravated Assault No Firearm,544
2024,7,All Other Offenses,1419
2024,7,Arson,55
2024,7,Burglary Non-Residential,114
2024,7,Burglary Residential,281
2024,7,DRIVING UNDER THE INFLUENCE,84
2024,7,Disorderly Conduct,36
2024,7,Embezzlement,13
2024,7,Forgery and Counterfeiting,5
2024,7,Fraud,968
2024,7,Gambling Violations,1
2024,7,Homicide - Criminal,26
2024,7,Liquor Law Violations,9
2024,7,Motor Vehicle Theft,1293
2024,7,Narcotic / Drug Law Violations,238
2024,7,Offenses Against Family and Children,18
2024,7,Other Assaults,2309
2024,7,Other Sex Offenses (Not Commercialized),69
2024,7,Prostitution and Commercialized Vice,20
2024,7,Public Drunkenness,9
2024,7,Rape,48
2024,7,Receiving Stolen Property,132
2024,7,Robbery Firearm,170
2024,7,Robbery No Firearm,222
2024,7,Theft from Vehicle,1040
2024,7,Thefts,3505
2024,7,Vandalism/Criminal Mischief,1219
2024,7,Weapon Violations,266
2024,8,Aggravated Assault Firearm,237
2024,8,Aggravated Assault No Firearm,516
2024,8,All Other Offenses,1202
2024,8,Arson,59
2024,8,Burglary Non-Residential,122
2024,8,Burglary Residential,283
2024,8,DRIVING UNDER THE INFLUENCE,86
2024,8,Disorderly Conduct,40
2024,8,Embezzlement,17
2024,8,Forgery and Counterfeiting,17
2024,8,Fraud,834
2024,8,Homicide - Criminal,26
2024,8,Liquor Law Violations,12
2024,8,Motor Vehicle Theft,1334
2024,8,Narcotic / Drug Law Violations,202
2024,8,Offenses Against Family and Children,31
2024,8,Other Assaults,2229
2024,8,Other Sex Offenses (Not Commercialized),83
2024,8,Prostitution and Commercialized Vice,34
2024,8,Public Drunkenness,2
2024,8,Rape,39
2024,8,Receiving Stolen Property,128
2024,8,Robbery Firearm,141
2024,8,Robbery No Firearm,246
2024,8,Theft from Vehicle,923
2024,8,Thefts,3327
2024,8,Vagrancy/Loitering,1
2024,8,Vandalism/Criminal Mischief,1266
2024,8,Weapon Violations,230
2024,9,Aggravated Assault Firearm,258
2024,9,Aggravated Assault No Firearm,504
2024,9,All Other Offenses,1241
2024,9,Arson,57
2024,9,Burglary Non-Residential,169
2024,9,Burglary Residential,298
2024,9,DRIVING UNDER THE INFLUENCE,77
2024,9,Disorderly Conduct,61
2024,9,Embezzlement,8
2024,9,Forgery and Counterfeiting,10
2024,9,Fraud,795
2024,9,Homicide - Criminal,9
2024,9,Liquor Law Violations,3
2024,9,Motor Vehicle Theft,1236
2024,9,Narcotic / Drug Law Violations,252
2024,9,Offenses Against Family and Children,21
2024,9,Other Assaults,2465
2024,9,Other Sex Offenses (Not Commercialized),115
2024,9,Prostitution and Commercialized Vice,27
2024,9,Public Drunkenness,4
2024,9,Rape,49
2024,9,Receiving Stolen Property,93
2024,9,Robbery Firearm,151
2024,9,Robbery No Firearm,260
2024,9,Theft from Vehicle,816
2024,9,Thefts,3261
2024,9,Vandalism/Criminal Mischief,1215
2024,9,Weapon Violations,215
2024,10,Aggravated Assault Firearm,208
2024,10,Aggravated Assault No Firearm,502
2024,10,All Other Offenses,1255
2024,10,Arson,69
2024,10,Burglary Non-Residential,132
2024,10,Burglary Residential,335
2024,10,DRIVING UNDER THE INFLUENCE,58
2024,10,Disorderly Conduct,43
2024,10,Embezzlement,19
2024,10,Forgery and Counterfeiting,17
2024,10,Fraud,685
2024,10,Gambling Violations,19
2024,10,Homicide - Criminal,20
2024,10,Liquor Law Violations,8
2024,10,Motor Vehicle Theft,1329
2024,10,Narcotic / Drug Law Violations,287
2024,10,Offenses Against Family and Children,26
2024,10,Other Assaults,2301
2024,10,Other Sex Offenses (Not Commercialized),104
2024,10,Prostitution and Commercialized Vice,33
2024,10,Public Drunkenness,4
2024,10,Rape,52
2024,10,Receiving Stolen Property,121
2024,10,Robbery Firearm,151
2024,10,Robbery No Firearm,243
2024,10,Theft from Vehicle,1037
2024,10,Thefts,3628
2024,10,Vagrancy/Loitering,2
2024,10,Vandalism/Criminal Mischief,1170
2024,10,Weapon Violations,231
2024,11,Aggravated Assault Firearm,227
2024,11,Aggravated Assault No Firearm,460
2024,11,All Other Offenses,979
2024,11,Arson,57
2024,11,Burglary Non-Residential,133
2024,11,Burglary Residential,254
2024,11,DRIVING UNDER THE INFLUENCE,56
2024,11,Disorderly Conduct,55
2024,11,Embezzlement,9
2024,11,Forgery and Counterfeiting,8
2024,11,Fraud,603
2024,11,Gambling Violations,41
2024,11,Homicide - Criminal,23
2024,11,Liquor Law Violations,9
2024,11,Motor Vehicle Theft,1283
2024,11,Narcotic / Drug Law Violations,205
2024,11,Offenses Against Family and Children,35
2024,11,Other Assaults,2213
2024,11,Other Sex Offenses (Not Commercialized),120
2024,11,Prostitution and Commercialized Vice,16
2024,11,Public Drunkenness,3
2024,11,Rape,51
2024,11,Receiving Stolen Property,117
2024,11,Robbery Firearm,140
2024,11,Robbery No Firearm,219
2024,11,Theft from Vehicle,811
2024,11,Thefts,3294
2024,11,Vagrancy/Loitering,1
2024,11,Vandalism/Criminal Mischief,1116
2024,11,Weapon Violations,185
2024,12,Aggravated Assault Firearm,195
2024,12,Aggravated Assault No Firearm,368
2024,12,All Other Offenses,918
2024,12,Arson,59
2024,12,Burglary Non-Residential,120
2024,12,Burglary Residential,250
2024,12,DRIVING UNDER THE INFLUENCE,74
2024,12,Disorderly Conduct,42
2024,12,Embezzlement,12
2024,12,Forgery and Counterfeiting,16
2024,12,Fraud,703
2024,12,Gambling Violations,4
2024,12,Homicide - Criminal,23
2024,12,Liquor Law Violations,5
2024,12,Motor Vehicle Theft,1101
2024,12,Narcotic / Drug Law Violations,210
2024,12,Offenses Against Family and Children,37
2024,12,Other Assaults,2154
2024,12,Other Sex Offenses (Not Commercialized),71
2024,12,Prostitution and Commercialized Vice,5
2024,12,Public Drunkenness,2
2024,12,Rape,45
2024,12,Receiving Stolen Property,90
2024,12,Robbery Firearm,136
2024,12,Robbery No Firearm,177
2024,12,Theft from Vehicle,751
2024,12,Thefts,3276
2024,12,Vandalism/Criminal Mischief,999
2024,12,Weapon Violations,199
2025,1,Aggravated Assault Firearm,189
2025,1,Aggravated Assault No Firearm,378
2025,1,All Other Offenses,1088
2025,1,Arson,56
2025,1,Burglary Non-Residential,125
2025,1,Burglary Residential,281
2025,1,DRIVING UNDER THE INFLUENCE,66
2025,1,Disorderly Conduct,43
2025,1,Embezzlement,14
2025,1,Forgery and Counterfeiting,4
2025,1,Fraud,720
2025,1,Homicide - Criminal,15
2025,1,Liquor Law Violations,6
2025,1,Motor Vehicle Theft,1079
2025,1,Narcotic / Drug Law Violations,245
2025,1,Offenses Against Family and Children,24
2025,1,Other Assaults,2147
2025,1,Other Sex Offenses (Not Commercialized),95
2025,1,Prostitution and Commercialized Vice,11
2025,1,Public Drunkenness,6
2025,1,Rape,38
2025,1,Receiving Stolen Property,87
2025,1,Robbery Firearm,134
2025,1,Robbery No Firearm,168
2025,1,Theft from Vehicle,647
2025,1,Thefts,3153
2025,1,Vagrancy/Loitering,1
2025,1,Vandalism/Criminal Mischief,889
2025,1,Weapon Violations,243
2025,2,Aggravated Assault Firearm,162
2025,2,Aggravated Assault No Firearm,367
2025,2,All Other Offenses,1034
2025,2,Arson,44
2025,2,Burglary Non-Residential,130
2025,2,Burglary Residential,190
2025,2,DRIVING UNDER THE INFLUENCE,66
2025,2,Disorderly Conduct,50
2025,2,Embezzlement,12
2025,2,Forgery and Counterfeiting,9
2025,2,Fraud,667
2025,2,Homicide - Criminal,14
2025,2,Motor Vehicle Theft,926
2025,2,Narcotic / Drug Law Violations,191
2025,2,Offenses Against Family and Children,30
2025,2,Other Assaults,1872
2025,2,Other Sex Offenses (Not Commercialized),75
2025,2,Prostitution and Commercialized Vice,6
2025,2,Public Drunkenness,2
2025,2,Rape,28
2025,2,Receiving Stolen Property,90
2025,2,Robbery Firearm,98
2025,2,Robbery No Firearm,169
2025,2,Theft from Vehicle,578
2025,2,Thefts,2609
2025,2,Vandalism/Criminal Mischief,884
2025,2,Weapon Violations,174
2025,3,Aggravated Assault Firearm,156
2025,3,Aggravated Assault No Firearm,346
2025,3,All Other Offenses,1220
2025,3,Arson,44
2025,3,Burglary Non-Residential,91
2025,3,Burglary Residential,207
2025,3,DRIVING UNDER THE INFLUENCE,68
2025,3,Disorderly Conduct,82
2025,3,Embezzlement,14
2025,3,Forgery and Counterfeiting,5
2025,3,Fraud,523
2025,3,Homicide - Criminal,17
2025,3,Liquor Law Violations,4
2025,3,Motor Vehicle Theft,988
2025,3,Narcotic / Drug Law Violations,174
2025,3,Offenses Against Family and Children,33
2025,3,Other Assaults,1905
2025,3,Other Sex Offenses (Not Commercialized),78
2025,3,Prostitution and Commercialized Vice,13
2025,3,Public Drunkenness,3
2025,3,Rape,39
2025,3,Receiving Stolen Property,72
2025,3,Robbery Firearm,62
2025,3,Robbery No Firearm,137
2025,3,Theft from Vehicle,629
2025,3,Thefts,2478
2025,3,Vandalism/Criminal Mischief,864
2025,3,Weapon Violations,183
2025,4,Aggravated Assault Firearm,185
2025,4,Aggravated Assault No Firearm,432
2025,4,All Other Offenses,1404
2025,4,Arson,49
2025,4,Burglary Non-Residential,118
2025,4,Burglary Residential,238
2025,4,DRIVING UNDER THE INFLUENCE,81
2025,4,Disorderly Conduct,84
2025,4,Embezzlement,12
2025,4,Forgery and Counterfeiting,15
2025,4,Fraud,611
2025,4,Homicide - Criminal,11
2025,4,Liquor Law Violations,5
2025,4,Motor Vehicle Theft,1042
2025,4,Narcotic / Drug Law Violations,219
2025,4,Offenses Against Family and Children,34
2025,4,Other Assaults,2296
2025,4,Other Sex Offenses (Not Commercialized),104
2025,4,Prostitution and Commercialized Vice,10
2025,4,Public Drunkenness,3
2025,4,Rape,45
2025,4,Receiving Stolen Property,98
2025,4,Robbery Firearm,93
2025,4,Robbery No Firearm,185
2025,4,Theft from Vehicle,802
2025,4,Thefts,3168
2025,4,Vandalism/Criminal Mischief,1069
2025,4,Weapon Violations,182
2025,5,Aggravated Assault Firearm,210
2025,5,Aggravated Assault No Firearm,437
2025,5,All Other Offenses,1500
2025,5,Arson,39
2025,5,Burglary Non-Residential,82
2025,5,Burglary Residential,211
2025,5,DRIVING UNDER THE INFLUENCE,65
2025,5,Disorderly Conduct,90
2025,5,Embezzlement,14
2025,5,Forgery and Counterfeiting,8
2025,5,Fraud,524
2025,5,Homicide - Criminal,27
2025,5,Liquor Law Violations,1
2025,5,Motor Vehicle Theft,1104
2025,5,Narcotic / Drug Law Violations,212
2025,5,Offenses Against Family and Children,34
2025,5,Other Assaults,2214
2025,5,Other Sex Offenses (Not Commercialized),101
2025,5,Prostitution and Commercialized Vice,22
2025,5,Public Drunkenness,4
2025,5,Rape,41
2025,5,Receiving Stolen Property,82
2025,5,Robbery Firearm,93
2025,5,Robbery No Firearm,168
2025,5,Theft from Vehicle,777
2025,5,Thefts,2877
2025,5,Vagrancy/Loitering,1
2025,5,Vandalism/Criminal Mischief,1015
2025,5,Weapon Violations,189
2025,6,Aggravated Assault Firearm,215
2025,6,Aggravated Assault No Firearm,481
2025,6,All Other Offenses,1474
2025,6,Arson,34
2025,6,Burglary Non-Residential,107
2025,6,Burglary Residential,215
2025,6,DRIVING UNDER THE INFLUENCE,46
2025,6,Disorderly Conduct,87
2025,6,Embezzlement,13
2025,6,Forgery and Counterfeiting,10
2025,6,Fraud,1090
2025,6,Gambling Violations,3
2025,6,Homicide - Criminal,19
2025,6,Liquor Law Violations,3
2025,6,Motor Vehicle Theft,1334
2025,6,Narcotic / Drug Law Violations,171
2025,6,Offenses Against Family and Children,24
2025,6,Other Assaults,2060
2025,6,Other Sex Offenses (Not Commercialized),75
2025,6,Prostitution and Commercialized Vice,17
2025,6,Public Drunkenness,6
2025,6,Rape,49
2025,6,Receiving Stolen Property,100
2025,6,Robbery Firearm,88
2025,6,Robbery No Firearm,174
2025,6,Theft from Vehicle,871
2025,6,Thefts,2877
2025,6,Vagrancy/Loitering,8
2025,6,Vandalism/Criminal Mischief,1102
2025,6,Weapon Violations,181
2025,7,Aggravated Assault Firearm,204
2025,7,Aggravated Assault No Firearm,489
2025,7,All Other Offenses,1429
2025,7,Arson,46
2025,7,Burglary Non-Residential,131
2025,7,Burglary Residential,312
2025,7,DRIVING UNDER THE INFLUENCE,35
2025,7,Disorderly Conduct,82
2025,7,Embezzlement,13
2025,7,Forgery and Counterfeiting,8
2025,7,Fraud,1093
2025,7,Homicide - Criminal,20
2025,7,Liquor Law Violations,2
2025,7,Motor Vehicle Theft,1527
2025,7,Narcotic / Drug Law Violations,175
2025,7,Offenses Against Family and Children,31
2025,7,Other Assaults,2272
2025,7,Other Sex Offenses (Not Commercialized),62
2025,7,Prostitution and Commercialized Vice,25
2025,7,Public Drunkenness,10
2025,7,Rape,69
2025,7,Receiving Stolen Property,112
2025,7,Robbery Firearm,127
2025,7,Robbery No Firearm,219
2025,7,Theft from Vehicle,851
2025,7,Thefts,3134
2025,7,Vagrancy/Loitering,5
2025,7,Vandalism/Criminal Mischief,1168
2025,7,Weapon Violations,214
2025,8,Aggravated Assault Firearm,181
2025,8,Aggravated Assault No Firearm,483
2025,8,All Other Offenses,1475
2025,8,Arson,46
2025,8,Burglary Non-Residential,105
2025,8,Burglary Residential,330
2025,8,DRIVING UNDER THE INFLUENCE,68
2025,8,Disorderly Conduct,107
2025,8,Embezzlement,8
2025,8,Forgery and Counterfeiting,7
2025,8,Fraud,1010
2025,8,Homicide - Criminal,16
2025,8,Liquor Law Violations,3
2025,8,Motor Vehicle Theft,1415
2025,8,Narcotic / Drug Law Violations,222
2025,8,Offenses Against Family and Children,29
2025,8,Other Assaults,2057
2025,8,Other Sex Offenses (Not Commercialized),75
2025,8,Prostitution and Commercialized Vice,9
2025,8,Public Drunkenness,11
2025,8,Rape,69
2025,8,Receiving Stolen Property,111
2025,8,Robbery Firearm,107
2025,8,Robbery No Firearm,209
2025,8,Theft from Vehicle,880
2025,8,Thefts,2938
2025,8,Vagrancy/Loitering,13
2025,8,Vandalism/Criminal Mischief,1149
2025,8,Weapon Violations,196
2025,9,Aggravated Assault Firearm,194
2025,9,Aggravated Assault No Firearm,526
2025,9,All Other Offenses,1635
2025,9,Arson,48
2025,9,Burglary Non-Residential,128
2025,9,Burglary Residential,273
2025,9,DRIVING UNDER THE INFLUENCE,58
2025,9,Disorderly Conduct,86
2025,9,Embezzlement,17
2025,9,Forgery and Counterfeiting,6
2025,9,Fraud,702
2025,9,Gambling Violations,1
2025,9,Homicide - Criminal,14
2025,9,Liquor Law Violations,3
2025,9,Motor Vehicle Theft,1383
2025,9,Narcotic / Drug Law Violations,219
2025,9,Offenses Against Family and Children,24
2025,9,Other Assaults,2495
2025,9,Other Sex Offenses (Not Commercialized),47
2025,9,Prostitution and Commercialized Vice,26
2025,9,Public Drunkenness,3
2025,9,Rape,70
2025,9,Receiving Stolen Property,102
2025,9,Robbery Firearm,108
2025,9,Robbery No Firearm,192
2025,9,Theft from Vehicle,1007
2025,9,Thefts,3323
2025,9,Vagrancy/Loitering,6
2025,9,Vandalism/Criminal Mischief,1182
2025,9,Weapon Violations,191
2025,10,Aggravated Assault Firearm,179
2025,10,Aggravated Assault No Firearm,496
2025,10,All Other Offenses,1525
2025,10,Arson,53
2025,10,Burglary Non-Residential,127
2025,10,Burglary Residential,241
2025,10,DRIVING UNDER THE INFLUENCE,57
2025,10,Disorderly Conduct,86
2025,10,Embezzlement,9
2025,10,Forgery and Counterfeiting,5
2025,10,Fraud,686
2025,10,Homicide - Criminal,23
2025,10,Liquor Law Violations,2
2025,10,Motor Vehicle Theft,1284
2025,10,Narcotic / Drug Law Violations,226
2025,10,Offenses Against Family and Children,9
2025,10,Other Assaults,2373
2025,10,Other Sex Offenses (Not Commercialized),83
2025,10,Prostitution and Commercialized Vice,36
2025,10,Public Drunkenness,10
2025,10,Rape,65
2025,10,Receiving Stolen Property,107
2025,10,Robbery Firearm,112
2025,10,Robbery No Firearm,208
2025,10,Theft from Vehicle,940
2025,10,Thefts,3226
2025,10,Vagrancy/Loitering,1
2025,10,Vandalism/Criminal Mischief,1037
2025,10,Weapon Violations,204
2025,11,Aggravated Assault Firearm,171
2025,11,Aggravated Assault No Firearm,458
2025,11,All Other Offenses,1240
2025,11,Arson,50
2025,11,Burglary Non-Residential,93
2025,11,Burglary Residential,270
2025,11,DRIVING UNDER THE INFLUENCE,67
2025,11,Disorderly Conduct,76
2025,11,Embezzlement,8
2025,11,Forgery and Counterfeiting,2
2025,11,Fraud,575
2025,11,Homicide - Criminal,12
2025,11,Liquor Law Violations,3
2025,11,Motor Vehicle Theft,1130
2025,11,Narcotic / Drug Law Violations,216
2025,11,Offenses Against Family and Children,17
2025,11,Other Assaults,2243
2025,11,Other Sex Offenses (Not Commercialized),66
2025,11,Prostitution and Commercialized Vice,15
2025,11,Public Drunkenness,9
2025,11,Rape,47
2025,11,Receiving Stolen Property,93
2025,11,Robbery Firearm,102
2025,11,Robbery No Firearm,183
2025,11,Theft from Vehicle,848
2025,11,Thefts,3035
2025,11,Vagrancy/Loitering,3
2025,11,Vandalism/Criminal Mischief,1004
2025,11,Weapon Violations,170
2025,12,Aggravated Assault Firearm,150
2025,12,Aggravated Assault No Firearm,406
2025,12,All Other Offenses,1180
2025,12,Arson,46
2025,12,Burglary Non-Residential,115
2025,12,Burglary Residential,232
2025,12,DRIVING UNDER THE INFLUENCE,91
2025,12,Disorderly Conduct,74
2025,12,Embezzlement,7
2025,12,Forgery and Counterfeiting,4
2025,12,Fraud,594
2025,12,Homicide - Criminal,18
2025,12,Liquor Law Violations,1
2025,12,Motor Vehicle Theft,974
2025,12,Narcotic / Drug Law Violations,177
2025,12,Offenses Against Family and Children,18
2025,12,Other Assaults,2134
2025,12,Other Sex Offenses (Not Commercialized),74
2025,12,Prostitution and Commercialized Vice,14
2025,12,Public Drunkenness,5
2025,12,Rape,63
2025,12,Receiving Stolen Property,89
2025,12,Robbery Firearm,106
2025,12,Robbery No Firearm,170
2025,12,Theft from Vehicle,658
2025,12,Thefts,2889
2025,12,Vagrancy/Loitering,1
2025,12,Vandalism/Criminal Mischief,972
2025,12,Weapon Violations,172
2026,1,Aggravated Assault Firearm,121
2026,1,Aggravated Assault No Firearm,374
2026,1,All Other Offenses,1220
2026,1,Arson,40
2026,1,Burglary Non-Residential,92
2026,1,Burglary Residential,218
2026,1,DRIVING UNDER THE INFLUENCE,81
2026,1,Disorderly Conduct,57
2026,1,Embezzlement,10
2026,1,Forgery and Counterfeiting,5
2026,1,Fraud,552
2026,1,Homicide - Criminal,8
2026,1,Liquor Law Violations,3
2026,1,Motor Vehicle Theft,931
2026,1,Narcotic / Drug Law Violations,172
2026,1,Offenses Against Family and Children,7
2026,1,Other Assaults,1988
2026,1,Other Sex Offenses (Not Commercialized),68
2026,1,Prostitution and Commercialized Vice,11
2026,1,Public Drunkenness,7
2026,1,Rape,52
2026,1,Receiving Stolen Property,70
2026,1,Robbery Firearm,102
2026,1,Robbery No Firearm,166
2026,1,Theft from Vehicle,606
2026,1,Thefts,2626
2026,1,Vagrancy/Loitering,4
2026,1,Vandalism/Criminal Mischief,867
2026,1,Weapon Violations,207
2026,2,Aggravated Assault Firearm,116
2026,2,Aggravated Assault No Firearm,343
2026,2,All Other Offenses,1185
2026,2,Arson,32
2026,2,Burglary Non-Residential,59
2026,2,Burglary Residential,196
2026,2,DRIVING UNDER THE INFLUENCE,70
2026,2,Disorderly Conduct,54
2026,2,Embezzlement,10
2026,2,Forgery and Counterfeiting,11
2026,2,Fraud,511
2026,2,Homicide - Criminal,6
2026,2,Liquor Law Violations,2
2026,2,Motor Vehicle Theft,821
2026,2,Narcotic / Drug Law Violations,161
2026,2,Offenses Against Family and Children,6
2026,2,Other Assaults,1971
2026,2,Other Sex Offenses (Not Commercialized),52
2026,2,Prostitution and Commercialized Vice,8
2026,2,Public Drunkenness,4
2026,2,Rape,49
2026,2,Receiving Stolen Property,59
2026,2,Robbery Firearm,69
2026,2,Robbery No Firearm,137
2026,2,Theft from Vehicle,538
2026,2,Thefts,2298
2026,2,Vandalism/Criminal Mischief,721
2026,2,Weapon Violations,165
2026,3,Aggravated Assault Firearm,151
2026,3,Aggravated Assault No Firearm,427
2026,3,All Other Offenses,1488
2026,3,Arson,43
2026,3,Burglary Non-Residential,68
2026,3,Burglary Residential,239
2026,3,DRIVING UNDER THE INFLUENCE,83
2026,3,Disorderly Conduct,110
2026,3,Embezzlement,16
2026,3,Forgery and Counterfeiting,5
2026,3,Fraud,569
2026,3,Homicide - Criminal,7
2026,3,Motor Vehicle Theft,1025
2026,3,Narcotic / Drug Law Violations,193
2026,3,Offenses Against Family and Children,10
2026,3,Other Assaults,2298
2026,3,Other Sex Offenses (Not Commercialized),76
2026,3,Prostitution and Commercialized Vice,13
2026,3,Public Drunkenness,19
2026,3,Rape,60
2026,3,Receiving Stolen Property,94
2026,3,Robbery Firearm,63
2026,3,Robbery No Firearm,157
2026,3,Theft from Vehicle,663
2026,3,Thefts,2824
2026,3,Vagrancy/Loitering,48
2026,3,Vandalism/Criminal Mischief,965
2026,3,Weapon Violations,204
2026,4,Aggravated Assault Firearm,172
2026,4,Aggravated Assault No Firearm,504
2026,4,All Other Offenses,1487
2026,4,Arson,47
2026,4,Burglary Non-Residential,95
2026,4,Burglary Residential,250
2026,4,DRIVING UNDER THE INFLUENCE,66
2026,4,Disorderly Conduct,93
2026,4,Embezzlement,15
2026,4,Forgery and Counterfeiting,4
2026,4,Fraud,554
2026,4,Homicide - Criminal,16
2026,4,Liquor Law Violations,4
2026,4,Motor Vehicle Theft,1152
2026,4,Narcotic / Drug Law Violations,226
2026,4,Offenses Against Family and Children,5
2026,4,Other Assaults,2353
2026,4,Other Sex Offenses (Not Commercialized),93
2026,4,Prostitution and Commercialized Vice,26
2026,4,Public Drunkenness,39
2026,4,Rape,63
2026,4,Receiving Stolen Property,81
2026,4,Robbery Firearm,87
2026,4,Robbery No Firearm,174
2026,4,Theft from Vehicle,635
2026,4,Thefts,2975
2026,4,Vagrancy/Loitering,180
2026,4,Vandalism/Criminal Mischief,1071
2026,4,Weapon Violations,191
2026,5,Aggravated Assault Firearm,211
2026,5,Aggravated Assault No Firearm,555
2026,5,All Other Offenses,1869
2026,5,Arson,49
2026,5,Burglary Non-Residential,114
2026,5,Burglary Residential,267
2026,5,DRIVING UNDER THE INFLUENCE,105
2026,5,Disorderly Conduct,186
2026,5,Embezzlement,14
2026,5,Forgery and Counterfeiting,6
2026,5,Fraud,634
2026,5,Homicide - Criminal,15
2026,5,Liquor Law Violations,5
2026,5,Motor Vehicle Theft,1201
2026,5,Narcotic / Drug Law Violations,189
2026,5,Offenses Against Family and Children,13
2026,5,Other Assaults,2575
2026,5,Other Sex Offenses (Not Commercialized),103
2026,5,Prostitution and Commercialized Vice,8
2026,5,Public Drunkenness,44
2026,5,Rape,62
2026,5,Receiving Stolen Property,86
2026,5,Robbery Firearm,83
2026,5,Robbery No Firearm,218
2026,5,Theft from Vehicle,806
2026,5,Thefts,3167
2026,5,Vagrancy/Loitering,165
2026,5,Vandalism/Criminal Mischief,1192
2026,5,Weapon Violations,199
2026,6,Aggravated Assault Firearm,181
2026,6,Aggravated Assault No Firearm,564
2026,6,All Other Offenses,1540
2026,6,Arson,50
2026,6,Burglary Non-Residential,82
2026,6,Burglary Residential,272
2026,6,DRIVING UNDER THE INFLUENCE,98
2026,6,Disorderly Conduct,129
2026,6,Embezzlement,6
2026,6,Forgery and Counterfeiting,10
2026,6,Fraud,713
2026,6,Homicide - Criminal,23
2026,6,Liquor Law Violations,10
2026,6,Motor Vehicle Theft,1256
2026,6,Narcotic / Drug Law Violations,153
2026,6,Offenses Against Family and Children,13
2026,6,Other Assaults,2513
2026,6,Other Sex Offenses (Not Commercialized),99
2026,6,Prostitution and Commercialized Vice,40
2026,6,Public Drunkenness,63
2026,6,Rape,59
2026,6,Receiving Stolen Property,99
2026,6,Robbery Firearm,83
2026,6,Robbery No Firearm,209
2026,6,Theft from Vehicle,915
2026,6,Thefts,3053
2026,6,Vagrancy/Loitering,199
2026,6,Vandalism/Criminal Mischief,1176
2026,6,Weapon Violations,186
2026,7,Aggravated Assault Firearm,201
2026,7,Aggravated Assault No Firearm,536
2026,7,All Other Offenses,1483
2026,7,Arson,42
2026,7,Burglary Non-Residential,107
2026,7,Burglary Residential,311
2026,7,DRIVING UNDER THE INFLUENCE,81
2026,7,Disorderly Conduct,107
2026,7,Embezzlement,9
2026,7,Forgery and Counterfeiting,4
2026,7,Fraud,661
2026,7,Homicide - Criminal,10
2026,7,Liquor Law Violations,1
2026,7,Motor Vehicle Theft,1234
2026,7,Narcotic / Drug Law Violations,138
2026,7,Offenses Against Family and Children,20
2026,7,Other Assaults,2349
2026,7,Other Sex Offenses (Not Commercialized),82
2026,7,Prostitution and Commercialized Vice,30
2026,7,Public Drunkenness,47
2026,7,Rape,58
2026,7,Receiving Stolen Property,95
2026,7,Robbery Firearm,75
2026,7,Robbery No Firearm,189
2026,7,Theft from Vehicle,898
2026,7,Thefts,3222
2026,7,Vagrancy/Loitering,116
2026,7,Vandalism/Criminal Mischief,1231
2026,7,Weapon Violations,168
2026,8,Aggravated Assault Firearm,182
2026,8,Aggravated Assault No Firearm,567
2026,8,All Other Offenses,1450
2026,8,Arson,33
2026,8,Burglary Non-Residential,106
2026,8,Burglary Residential,303
2026,8,DRIVING UNDER THE INFLUENCE,104
2026,8,Disorderly Conduct,173
2026,8,Embezzlement,21
2026,8,Forgery and Counterfeiting,1
2026,8,Fraud,550
2026,8,Homicide - Criminal,18
2026,8,Liquor Law Violations,4
2026,8,Motor Vehicle Theft,1334
2026,8,Narcotic / Drug Law Violations,175
2026,8,Offenses Against Family and Children,20
2026,8,Other Assaults,2427
2026,8,Other Sex Offenses (Not Commercialized),61
2026,8,Prostitution and Commercialized Vice,16
2026,8,Public Drunkenness,113
2026,8,Rape,74
2026,8,Receiving Stolen Property,115
2026,8,Robbery Firearm,91
2026,8,Robbery No Firearm,224
2026,8,Theft from Vehicle,911
2026,8,Thefts,3336
2026,8,Vagrancy/Loitering,92
2026,8,Vandalism/Criminal Mischief,1160
2026,8,Weapon Violations,184
2026,9,Aggravated Assault Firearm,160
2026,9,Aggravated Assault No Firearm,502
2026,9,All Other Offenses,1413
2026,9,Arson,39
2026,9,Burglary Non-Residential,108
2026,9,Burglary Residential,278
2026,9,DRIVING UNDER THE INFLUENCE,102
2026,9,Disorderly Conduct,140
2026,9,Embezzlement,8
2026,9,Forgery and Counterfeiting,4
2026,9,Fraud,552
2026,9,Homicide - Criminal,5
2026,9,Liquor Law Violations,6
2026,9,Motor Vehicle Theft,1202
2026,9,Narcotic / Drug Law Violations,164
2026,9,Offenses Against Family and Children,15
2026,9,Other Assaults,2366
2026,9,Other Sex Offenses (Not Commercialized),65
2026,9,Prostitution and Commercialized Vice,38
2026,9,Public Drunkenness,71
2026,9,Rape,49
2026,9,Receiving Stolen Property,78
2026,9,Robbery Firearm,88
2026,9,Robbery No Firearm,168
2026,9,Theft from Vehicle,744
2026,9,Thefts,2856
2026,9,Vagrancy/Loitering,131
2026,9,Vandalism/Criminal Mischief,1043
2026,9,Weapon Violations,175
