{"type": "FeatureCollection", "name": "Boundaries_District", "crs": {"type": "name", "properties": {"name": "urn:ogc:def:crs:OGC:1.3:CRS84"}}, "features": [{"type": "Feature", "properties": {"objectid": 1, "dist_numc": "24", "Shape__Area": 24312020.33984375, "Shape__Length": 23679.891339329744}, "geometry": {"type": "Polygon", "coordinates": [[[-75.1054900208497, 40.0192075529701], [-75.105502742156, 40.0191996970127], [-75.1055765381903, 40.0191149100719], [-75.1056303112048, 40.0190348654328], [-75.105708914349, 40.018910963588], [-75.1057159743019, 40.0189008760283], [-75.1057679042443, 40.0188405187874], [-75.1057858950507, 40.0188237999573], [-75.1058969007628, 40.0187622351051], [-75.1059970525254, 40.018697018829], [-75.1064115086737, 40.0185330362269], [-75.1068536249469, 40.0183788767039], [-75.1071302743603, 40.0182271008612], [-75.1071576187042, 40.0182120982317], [-75.1072909434696, 40.0180702773073], [-75.10738412689, 40.017936163399], [-75.1074808699276, 40.0177073509291], [-75.1075340126823, 40.017529647977], [-75.1075359915322, 40.0173357626877], [-75.1074834464738, 40.0171576214684], [-75.1074093659771, 40.0169801775574], [-75.1073386796762, 40.0168829818997], [-75.1070798676557, 40.0166806154005], [-75.106973423524, 40.0165937196734], [-75.1068842550266, 40.0165285002823], [-75.1066931403643, 40.0164527165552], [-75.1064930023989, 40.016408448292], [-75.1062556212201, 40.0163885943086], [-75.1060769448042, 40.0163598009154], [-75.1054353253767, 40.0162854324948], [-75.1052873264546, 40.0162576336494], [-75.1049773866742, 40.0161967594355], [-75.1046879686582, 40.016181482675], [-75.1044567803159, 40.0161687965719], [-75.1042774568203, 40.0161646647227], [-75.1041142502294, 40.0161499726559], [-75.1037639886063, 40.0161247695222], [-75.1032243330591, 40.0160436470946], [-75.103006388859, 40.015991283613], [-75.1027734747707, 40.0159669192751], [-75.1027575709138, 40.0159676852048], [-75.1025579706766, 40.0159606846156], [-75.1020909998083, 40.0160120437936], [-75.1020585393268, 40.0160154381624], [-75.1020089595948, 40.0160206236276], [-75.101830744009, 40.0160392582818], [-75.1015702774689, 40.0160407211942], [-75.1013973097084, 40.0160309927534], [-75.1010220713733, 40.0160165058373], [-75.1006128143114, 40.0160372921162], [-75.1002611287189, 40.01609931143], [-75.100016873606, 40.0161724500596], [-75.0997099251201, 40.0162643594207], [-75.0995704042084, 40.016289268315], [-75.0994969065538, 40.0162987986243], [-75.0994221711137, 40.0163101366211], [-75.0993237796548, 40.0163250642147], [-75.0992058602612, 40.0163347681221], [-75.0991703297563, 40.0163346362411], [-75.0990127360702, 40.016350660208], [-75.0987952437624, 40.0163610372342], [-75.098589260051, 40.0163360175638], [-75.0983780540117, 40.0162858443805], [-75.0981634939087, 40.0162087461146], [-75.0981317833907, 40.0161941945781], [-75.0978923115931, 40.0160843030446], [-75.0976386359892, 40.0160211493328], [-75.0974132530307, 40.015996021788], [-75.0971501097791, 40.016001259355], [-75.0969200754353, 40.0159949135661], [-75.0967173005909, 40.0159897459626], [-75.0964400248344, 40.0159655095479], [-75.0961773592902, 40.0159115263822], [-75.095970086661, 40.0158256243631], [-75.0956829914002, 40.0156729751436], [-75.0954343186074, 40.0155244400933], [-75.0950727149357, 40.0153084475597], [-75.0946663550731, 40.015029658215], [-75.0946280941398, 40.0149958414261], [-75.0944543976364, 40.0148561562462], [-75.0943309713746, 40.0147045504726], [-75.094124747575, 40.0144051832231], [-75.0937061837755, 40.0137268499245], [-75.0936001380116, 40.0135286815727], [-75.0935510223539, 40.0134369000964], [-75.0935090302824, 40.0133297873961], [-75.0934718143236, 40.0131749221484], [-75.0934674141699, 40.013004719151], [-75.0934663519904, 40.0129636190444], [-75.0934895195038, 40.0127885125165], [-75.0935356687049, 40.012651575791], [-75.0936499488576, 40.0124611791645], [-75.0937102079862, 40.0123607859686], [-75.0942897994623, 40.0114985832226], [-75.0946153896273, 40.0110142213543], [-75.0948580216353, 40.010667539457], [-75.0949542722952, 40.0105102657803], [-75.0949912458154, 40.0104586228544], [-75.0950195826734, 40.0104045708582], [-75.095032161676, 40.0103718198646], [-75.0950417402266, 40.0103384282293], [-75.0950484691179, 40.0102981732832], [-75.0950520797493, 40.01024282236], [-75.0950507174755, 40.0101714702808], [-75.0950400840127, 40.0100738773929], [-75.0950291333216, 40.0100020143504], [-75.0950181770083, 40.0099589690005], [-75.0949987702754, 40.0098983292335], [-75.0949621006412, 40.0098018723397], [-75.0949004963959, 40.0096651139325], [-75.0948470853163, 40.0095470792711], [-75.0948283100445, 40.0095115253917], [-75.0948092276835, 40.009480408315], [-75.0947639116525, 40.0094183286283], [-75.0947308474959, 40.0093806349866], [-75.0946946523638, 40.0093445917019], [-75.0946553262939, 40.0093101978711], [-75.0946128692881, 40.0092774534911], [-75.0935956766107, 40.0086556031165], [-75.0931192801203, 40.0083643561869], [-75.092953517713, 40.0082630152424], [-75.0929426506664, 40.0082555716682], [-75.0927428010421, 40.0081294099574], [-75.0926432224752, 40.0080175571165], [-75.092625948293, 40.0079989833763], [-75.0925011992966, 40.0078744054252], [-75.0922243481174, 40.0075531077894], [-75.0922077502877, 40.0075308815181], [-75.0921483573175, 40.0074139431842], [-75.0921199457568, 40.0073389066557], [-75.0921125227455, 40.0072906365662], [-75.0921173450264, 40.0072279477533], [-75.0921396001332, 40.0071350570154], [-75.0921582374259, 40.0070684919037], [-75.0921602071548, 40.0070614562574], [-75.0921918850388, 40.0069926584245], [-75.0922288282722, 40.0069324864625], [-75.0922538240897, 40.0068946890675], [-75.0922757054837, 40.0068718272354], [-75.0925483020544, 40.0066082454985], [-75.092780740082, 40.006359543259], [-75.0928007836615, 40.0063359990612], [-75.0928200423725, 40.0063133782773], [-75.0928324319606, 40.0062988267686], [-75.092866386509, 40.006223324593], [-75.0928812934469, 40.0061593013683], [-75.0928815616475, 40.006081137255], [-75.0928566820237, 40.0058780705852], [-75.0928150529188, 40.0057525207479], [-75.0927966943742, 40.0057189764286], [-75.092758407109, 40.0056678781732], [-75.0927033444325, 40.005615115744], [-75.0925782503792, 40.0054985336881], [-75.0924398998287, 40.0053498776647], [-75.092183469249, 40.0051097330008], [-75.0919934829679, 40.0049542089253], [-75.0919248499124, 40.0049033935008], [-75.0916986555106, 40.0047422442456], [-75.0914869594585, 40.0046451209642], [-75.0914063303376, 40.0046081304444], [-75.090364440206, 40.00425465294], [-75.0902731083133, 40.0042252769958], [-75.0900319333153, 40.0041207083833], [-75.089419381654, 40.0038707031496], [-75.0892503611304, 40.0037964391275], [-75.0891772747547, 40.0037643261278], [-75.0890696938005, 40.0037170573054], [-75.0885987430982, 40.003428486303], [-75.0885805451255, 40.0034177547408], [-75.0883820998703, 40.0032526556756], [-75.0882485837505, 40.0031344641301], [-75.0881959742792, 40.0030635571204], [-75.0881108935668, 40.0029488834072], [-75.0880700104109, 40.0028809576578], [-75.0879639694411, 40.0027251690887], [-75.0877681516533, 40.0023105530419], [-75.0877058016576, 40.0021508036822], [-75.0876895396624, 40.0021040383938], [-75.0876469638008, 40.0019816000464], [-75.0876086151256, 40.001846437943], [-75.087569829802, 40.0016593127302], [-75.0875265836315, 40.0012722364483], [-75.0875265610913, 40.0010867346667], [-75.0874926136195, 40.0006304264886], [-75.0874297429353, 40.0003652820993], [-75.0873684586397, 40.0001792594972], [-75.0873173632997, 40.0000999083516], [-75.0872550645951, 40.0000031595573], [-75.0872241887207, 39.9999552073187], [-75.0872038912144, 39.9999236840032], [-75.0871397927453, 39.9998251264535], [-75.0869406523282, 39.999567165415], [-75.0868016430043, 39.9993985242069], [-75.08659589553, 39.9991881894997], [-75.0864697924477, 39.9990695792297], [-75.0862794149021, 39.9988467201876], [-75.0860552328173, 39.9985838540849], [-75.0859057832104, 39.9984482366573], [-75.0855915027992, 39.9981906264846], [-75.0855423858784, 39.9981503651051], [-75.0852877443596, 39.9979416375112], [-75.08520979369, 39.9978819983598], [-75.0851821376268, 39.9978648736254], [-75.08433194794, 39.9972521874151], [-75.084217558494, 39.9971874051925], [-75.0839628344023, 39.9970032619259], [-75.0839171514577, 39.99696999324], [-75.0838128780843, 39.9968755796922], [-75.0832692437693, 39.9963641619036], [-75.0832201108571, 39.9963142931089], [-75.0830992050711, 39.9962025763306], [-75.0827440036336, 39.9958521704112], [-75.0824882092276, 39.9955376255009], [-75.0823935298716, 39.9954114267729], [-75.0823412761766, 39.9953638845123], [-75.0822701048021, 39.9952876621623], [-75.0819191747354, 39.9949411497244], [-75.0818471381436, 39.99482424123], [-75.0818172837586, 39.9947799044782], [-75.080844961109, 39.9936698525023], [-75.0807016600668, 39.9935235762966], [-75.0804229730342, 39.993205757495], [-75.0800422230242, 39.9927715389618], [-75.0795423406979, 39.9922014492169], [-75.0793966670738, 39.9920353147582], [-75.0793819016224, 39.9920199859919], [-75.0790028663373, 39.9916265234375], [-75.0788468200517, 39.9914823593072], [-75.0784609409832, 39.9911258593506], [-75.0782662221039, 39.9909459635767], [-75.0782353737662, 39.9909174636901], [-75.0774440116872, 39.9902958527808], [-75.0768185539394, 39.9898045470027], [-75.0764060189811, 39.9894804888625], [-75.0753680500586, 39.9886651146102], [-75.0752749271733, 39.9885919594576], [-75.0739628908408, 39.9875612470489], [-75.0738797702638, 39.9875026162492], [-75.0738248288561, 39.9874638616995], [-75.0728264804233, 39.9866844626366], [-75.0723273136628, 39.9862947589146], [-75.0718281514238, 39.9859050538902], [-75.0717937730283, 39.9858782132962], [-75.0714463067179, 39.9856366232749], [-75.0712311862568, 39.9854870506811], [-75.0707807863332, 39.9851648237159], [-75.0707219040756, 39.9851226984979], [-75.0681342785007, 39.9832713556574], [-75.0676874731624, 39.9830434599652], [-75.0677885828841, 39.9829716779088], [-75.0712663352416, 39.9805025133465], [-75.0756079784101, 39.978050575054], [-75.0802017856321, 39.9770293724038], [-75.0858339204497, 39.9751117675615], [-75.0908644549789, 39.9747534403304], [-75.0923669299163, 39.9745453548398], [-75.0963738004003, 39.9739903283955], [-75.1022962980138, 39.9725239748462], [-75.107274174413, 39.9706498048496], [-75.1080920171776, 39.9703418820601], [-75.1083717770812, 39.9702250193912], [-75.1132215029058, 39.9767930598024], [-75.1133371006829, 39.9769354874445], [-75.1134373403169, 39.9770589909463], [-75.113488651711, 39.9771222121378], [-75.1137230765559, 39.9773883300638], [-75.1139961905483, 39.9777041675503], [-75.1142840354575, 39.9780253623063], [-75.114529377154, 39.9783121924788], [-75.1147709726937, 39.978577629381], [-75.1151331732565, 39.9789892816628], [-75.1154954981932, 39.9794034557332], [-75.1156720936784, 39.9795942130609], [-75.1161496736761, 39.9801204534435], [-75.1164798210513, 39.9805154280089], [-75.1168489168066, 39.9809297518862], [-75.1173569007586, 39.9814909289308], [-75.1177152084111, 39.9819013134741], [-75.1185251769471, 39.9828347460207], [-75.1191376289369, 39.9834940738939], [-75.119192122935, 39.9835582149176], [-75.1196926119308, 39.9841214722637], [-75.1202538214245, 39.9847647765759], [-75.1206214300091, 39.9851717674173], [-75.1220239851098, 39.9867075581193], [-75.1223433108624, 39.9870400639621], [-75.1229162799048, 39.9874719358002], [-75.1233897465953, 39.9879255137884], [-75.124377448596, 39.9888315219245], [-75.1248451265546, 39.9892566156101], [-75.125252462199, 39.9896268576899], [-75.1254935416664, 39.9898459796952], [-75.1258351412659, 39.9901588761578], [-75.1259499531703, 39.9902390812651], [-75.1270332823095, 39.9903952353988], [-75.1279383553419, 39.9905137781642], [-75.1286992335101, 39.9906134311543], [-75.1289771782438, 39.9906498322102], [-75.1309006610715, 39.9908991257102], [-75.130881871859, 39.9909846457771], [-75.1308613238051, 39.9910781664576], [-75.1307891845234, 39.9914065019316], [-75.1307290227613, 39.9916796760105], [-75.1306943887866, 39.9918392871103], [-75.1305760766416, 39.9924110007897], [-75.1305615058191, 39.9924838351391], [-75.1302546322284, 39.9939763848874], [-75.1302224516125, 39.9941373862965], [-75.1298167981117, 39.9959752350315], [-75.1296897502294, 39.9965763752662], [-75.1296340915763, 39.9968397278246], [-75.1296074850586, 39.996965623549], [-75.1294603779265, 39.9976279025001], [-75.1293808406495, 39.9980283306945], [-75.1292623219347, 39.9985484937041], [-75.1286308518164, 39.9984683310563], [-75.1273391942942, 39.9983003570829], [-75.1264143422176, 39.9981780270233], [-75.1261031607694, 39.9981455595799], [-75.1253831145386, 39.9980530725741], [-75.1249042006225, 39.997988196885], [-75.1241489542006, 39.9978868554145], [-75.1239366252644, 39.9978591553281], [-75.1232124362743, 39.9977620907022], [-75.122708840476, 39.9976970094754], [-75.1222400484205, 39.997642308779], [-75.1217514734833, 39.9975823083749], [-75.1212645431366, 39.997517734775], [-75.1202953999075, 39.9973980681928], [-75.1198137815633, 39.9973277137394], [-75.1193308482536, 39.9972641091503], [-75.1184729717774, 39.9971536508319], [-75.1178994537584, 39.9970810372773], [-75.1171216325437, 39.9969828256919], [-75.1168770389886, 39.9969521089863], [-75.1164160037411, 39.9968904152501], [-75.1159490441697, 39.9968314273484], [-75.1154504911967, 39.9967627913266], [-75.1153455918805, 39.9972508908734], [-75.1152742791069, 39.9976075333086], [-75.1151991889247, 39.9979560743476], [-75.1151489931598, 39.9981792092648], [-75.1150557658528, 39.9986103241881], [-75.115015760194, 39.9988006819328], [-75.1149851016293, 39.9989656956108], [-75.1149054126049, 39.9993185180598], [-75.1148954820358, 39.9994070379499], [-75.1147867688145, 39.9998476076439], [-75.1146721516731, 40.0003786438965], [-75.1146193425075, 40.0006032467949], [-75.1144826218755, 40.0012985657545], [-75.1144681145611, 40.001378956874], [-75.1143721401118, 40.001829849905], [-75.114317761202, 40.0020785976054], [-75.1142785916875, 40.0023152467597], [-75.1141628808916, 40.0028205547483], [-75.1140825742714, 40.0031610824583], [-75.1136299655248, 40.00525851058], [-75.1135449583575, 40.0056569708255], [-75.1133735237654, 40.0064575293573], [-75.1128243129958, 40.0090168779217], [-75.1124989716979, 40.0104989498869], [-75.1124274093686, 40.010840008292], [-75.1120501866728, 40.0126084449675], [-75.1118143575291, 40.0136716295906], [-75.111499720326, 40.0151778092017], [-75.1113622694476, 40.0158761343358], [-75.1112813979972, 40.0162547296613], [-75.1111321075445, 40.0169536078509], [-75.1110751939221, 40.0172200329503], [-75.1109787176833, 40.0177040756908], [-75.1108727795917, 40.0182173501839], [-75.1105056746476, 40.019835908468], [-75.1097522572607, 40.0197342393089], [-75.1090451539128, 40.0196462727252], [-75.1083231369791, 40.0195456352451], [-75.1079372157082, 40.0195000373786], [-75.1074037811424, 40.0194370098999], [-75.107307085866, 40.0194255841057], [-75.1066473893783, 40.0193520460441], [-75.1066273135808, 40.0193495412512], [-75.1056931648056, 40.0192329748565], [-75.1055287898138, 40.0192124626332], [-75.1055080143872, 40.0192098694476], [-75.1054900208497, 40.0192075529701]]]}}, {"type": "Feature", "properties": {"objectid": 2, "dist_numc": "14", "Shape__Area": 51452723.67578125, "Shape__Length": 37264.00760807579}, "geometry": {"type": "Polygon", "coordinates": [[[-75.1408680734235, 40.0642198191917], [-75.1409998216965, 40.063794875194], [-75.1411721672381, 40.0630213465218], [-75.1415146578232, 40.0614766821774], [-75.141844972488, 40.0599572818355], [-75.1421853785959, 40.0584339200653], [-75.1422940810174, 40.0579503612852], [-75.1425219050422, 40.0580251023286], [-75.1427690597775, 40.0580871708449], [-75.1429671671974, 40.0581268204073], [-75.1431691124456, 40.0581526828092], [-75.1441431220017, 40.0581997236783], [-75.1454485142869, 40.0582631610766], [-75.146245083677, 40.0582994993701], [-75.1470595751069, 40.0583351398104], [-75.1476031971745, 40.0583616688205], [-75.1485705068875, 40.0584094969779], [-75.1492216083639, 40.0584419477465], [-75.1493833645685, 40.0582596816069], [-75.1495412137461, 40.0581632279944], [-75.1504956555952, 40.0575816056378], [-75.150826866811, 40.057386927939], [-75.1509249193715, 40.0573699706699], [-75.1525969873827, 40.056377006721], [-75.1529163755668, 40.0561247756644], [-75.1534399235497, 40.0557164402149], [-75.1544837245043, 40.0549131276723], [-75.1551882558371, 40.0543681057842], [-75.1555576155121, 40.0540831822154], [-75.1566060965172, 40.053262999141], [-75.1567610634847, 40.0531848039739], [-75.1568938643663, 40.0530469746686], [-75.1574919416339, 40.0525819875843], [-75.1577490416563, 40.0523820972835], [-75.1577770391469, 40.0519643526581], [-75.1578599266177, 40.0506119578281], [-75.1578740662446, 40.0504071139626], [-75.1579203771536, 40.0496781421584], [-75.157951844496, 40.0492262272921], [-75.1579615702188, 40.0490350504292], [-75.1579860474027, 40.048674245243], [-75.1580207620241, 40.0481352772741], [-75.1580606008919, 40.0476020094017], [-75.1580690689569, 40.0474708405833], [-75.1580951306521, 40.0471164647246], [-75.1581338744083, 40.0464277803564], [-75.1581677326433, 40.0459206240719], [-75.1582206774971, 40.0450854261552], [-75.1582645144128, 40.0437913438398], [-75.1582882846916, 40.0433508602686], [-75.158309732897, 40.0428703687807], [-75.1583202565705, 40.0424176451652], [-75.1583438503728, 40.0420309004434], [-75.1586774940737, 40.0417004885047], [-75.1583609323888, 40.0414962296852], [-75.1584063420825, 40.0407455606534], [-75.1584326663852, 40.0395367173011], [-75.1584469477813, 40.0388808021531], [-75.1584541849929, 40.0385483808681], [-75.1584172567552, 40.037511360189], [-75.1583759101348, 40.0366941478575], [-75.1583664494999, 40.0363555301113], [-75.1590036497445, 40.0357293428544], [-75.1594436511638, 40.0353026998892], [-75.1596491022109, 40.0351034843892], [-75.1576590660778, 40.0338655179435], [-75.1576421490817, 40.0332154361561], [-75.1576427540326, 40.0330370901299], [-75.1576430956699, 40.0329364588812], [-75.157628125829, 40.0320458398649], [-75.1576253923344, 40.0317857260686], [-75.157618980362, 40.031523567726], [-75.157637375211, 40.0314182298024], [-75.1576778585228, 40.0313260181903], [-75.1577585829167, 40.0312015682847], [-75.1578227786849, 40.031133567833], [-75.1581258700087, 40.0308345234221], [-75.1590351593444, 40.0303260454194], [-75.1591026190637, 40.0293676848631], [-75.1591763900085, 40.0283195966549], [-75.1592223924119, 40.0276660151215], [-75.1592985723773, 40.0266009285638], [-75.1593782516372, 40.0255118980211], [-75.1594143157508, 40.0247491116759], [-75.1594672675093, 40.0241159308354], [-75.1594819769642, 40.0240536267554], [-75.1595096216765, 40.0239920235315], [-75.1595363230482, 40.0239575313051], [-75.1595443371392, 40.023947179214], [-75.1595540709621, 40.0239346043666], [-75.1598600807492, 40.0246337669854], [-75.1599000094554, 40.02494299686], [-75.1599336809732, 40.0255644865533], [-75.1600561801289, 40.0260323390496], [-75.1602470972212, 40.0263095738426], [-75.1605772155643, 40.0267328760158], [-75.1609848349837, 40.027262635834], [-75.1614281697767, 40.0277738200589], [-75.1621287097907, 40.0282541768031], [-75.1622711557393, 40.0283433514865], [-75.1632721236712, 40.0289699767245], [-75.163751410985, 40.0292648563188], [-75.1641366359833, 40.0295032487607], [-75.164951793371, 40.0299550164212], [-75.1654930262247, 40.030251434081], [-75.1661230256753, 40.0306094545606], [-75.1664908943167, 40.0308034905115], [-75.1666579048725, 40.0308998192051], [-75.1677446291841, 40.0315257295332], [-75.1685266522927, 40.0319547968661], [-75.1691556547141, 40.0313444865563], [-75.1698285472281, 40.0306915726165], [-75.1702858890367, 40.0302482840711], [-75.1708009068804, 40.0297336324187], [-75.1712380932514, 40.0293092693641], [-75.1714397975223, 40.0291209763614], [-75.1725236892679, 40.0280562646192], [-75.1736131527056, 40.0287001280388], [-75.1745751966999, 40.0292537811207], [-75.1756364908724, 40.0298711679864], [-75.1767078104878, 40.0304692839828], [-75.1784122460559, 40.0314580678917], [-75.1789164449367, 40.0317461491325], [-75.1789896039737, 40.0318007878677], [-75.1790775174358, 40.0318664446077], [-75.1791801752504, 40.0319266477379], [-75.1794137973178, 40.0320636522559], [-75.1800969315836, 40.0324642630555], [-75.1803563765446, 40.0326164072896], [-75.18123826876, 40.0331069833467], [-75.1820872111774, 40.0336026604834], [-75.1829278138854, 40.0340760366206], [-75.184363120132, 40.0349173191949], [-75.1857304061921, 40.0335785583674], [-75.1857611040852, 40.0335539939103], [-75.1859670061864, 40.0333892230012], [-75.1862559544449, 40.0332801181975], [-75.1864578896011, 40.033235609038], [-75.1877362634825, 40.0329690441943], [-75.1877827830976, 40.0329594663418], [-75.1878660270142, 40.0329423256619], [-75.1879929082028, 40.032916383328], [-75.1893010377841, 40.0326489108615], [-75.189794843606, 40.0325479380125], [-75.1908842076679, 40.0322871020701], [-75.1918618138234, 40.0320916584558], [-75.192652672167, 40.0320222465076], [-75.1933463807332, 40.0320725221155], [-75.1940742239725, 40.032273122694], [-75.1941325263815, 40.032289192135], [-75.1952434988685, 40.0326945656367], [-75.1960947451965, 40.0329916151036], [-75.19648474676, 40.0331227917376], [-75.1967360638014, 40.0332024280267], [-75.1969414049167, 40.0332751185625], [-75.1970246580312, 40.0333154744755], [-75.1971247695327, 40.0333850669072], [-75.1971778815004, 40.033339614168], [-75.1972682393202, 40.0332921501795], [-75.1975750510549, 40.0332669076858], [-75.1979208588038, 40.0332523284097], [-75.198680330432, 40.0331114143551], [-75.1990400317424, 40.0329688789105], [-75.1992535269944, 40.0327412076775], [-75.1993971628254, 40.0325980980721], [-75.1996647109206, 40.0323315273568], [-75.1997442469331, 40.0323805745223], [-75.1999661901369, 40.0325178409831], [-75.2000174421946, 40.0325373539753], [-75.2000638929828, 40.0325602454266], [-75.2001055436747, 40.0325865153687], [-75.2001423930999, 40.032616163781], [-75.2001727618513, 40.0326494966657], [-75.2002178374024, 40.0327129576236], [-75.2002611207569, 40.0327684039957], [-75.2002711910429, 40.0327848582287], [-75.2002778276871, 40.0328001099796], [-75.2002857511227, 40.032838391105], [-75.2002849492302, 40.0328787661746], [-75.2002813862047, 40.0328947033072], [-75.2002746361644, 40.0329122014044], [-75.2002387859157, 40.0329804313718], [-75.2002063365043, 40.0330589091557], [-75.2001567208987, 40.0331879070986], [-75.2001450210397, 40.033218037285], [-75.2001345969778, 40.0332446278221], [-75.2001290259054, 40.0332652172994], [-75.2001257490557, 40.0332884480952], [-75.2001239895417, 40.0333745854794], [-75.200120028364, 40.0334095096183], [-75.2001092044987, 40.0334537590486], [-75.200084668726, 40.0335344559728], [-75.2000414217406, 40.0336766841416], [-75.2000405539596, 40.0336793777959], [-75.2000204533946, 40.0337467221024], [-75.2000102578915, 40.0337970798617], [-75.2000063368739, 40.0338374838897], [-75.2000056449587, 40.0338781091771], [-75.2000081798091, 40.0339189556718], [-75.2000139426022, 40.0339600233996], [-75.2000227884237, 40.0339937830632], [-75.2000573372837, 40.0340636219116], [-75.2001056115356, 40.0341612037164], [-75.2002578430801, 40.0346201394959], [-75.2003855005616, 40.0349140829502], [-75.2004791472474, 40.0350955676364], [-75.2005048744992, 40.0351541389807], [-75.2006039421451, 40.035271059076], [-75.2006483833231, 40.0353235062851], [-75.2007789316798, 40.0354898638085], [-75.2009014314897, 40.0356834005914], [-75.2009072504638, 40.0357018957776], [-75.2009078760584, 40.0357473093925], [-75.2008827626083, 40.0357884044914], [-75.2008557709432, 40.035852227143], [-75.2008529731474, 40.0359096093857], [-75.2008512058441, 40.0359458301204], [-75.2008435624686, 40.0359671349844], [-75.2008486322494, 40.0359926251495], [-75.2009070533421, 40.0360817704118], [-75.2009101807802, 40.0361052658938], [-75.2009311582241, 40.0361330615727], [-75.2009481457209, 40.0361748351537], [-75.2009625731558, 40.0361933303712], [-75.2014324159063, 40.03647820384], [-75.2015128886284, 40.0364927313854], [-75.2015899283694, 40.0364714174064], [-75.2017091086359, 40.0364027860405], [-75.2017369042857, 40.0363814984502], [-75.2018062757726, 40.0363297089803], [-75.201985711033, 40.0361708830752], [-75.2020904312952, 40.0360516537111], [-75.2025347824343, 40.0354689928254], [-75.2026051672214, 40.0353715247386], [-75.2026822772015, 40.0352781584637], [-75.2027661147707, 40.0351888922385], [-75.2028566775415, 40.0351037268967], [-75.2029567841006, 40.0350204562041], [-75.2031195073292, 40.0348731972268], [-75.2031641990554, 40.0348378985755], [-75.2032072380412, 40.0348090333569], [-75.2032694598244, 40.0347744333199], [-75.2033331892359, 40.0347438229794], [-75.2034169245882, 40.0347074059286], [-75.2034941215549, 40.0346752083077], [-75.2035458407037, 40.0346573825832], [-75.2035957324726, 40.0346451169509], [-75.2036524383107, 40.0346356513122], [-75.2037165934427, 40.0346286753786], [-75.2038077078866, 40.034622071816], [-75.203878046146, 40.0346184043919], [-75.2039427512256, 40.0346171078267], [-75.2040031473718, 40.0346181583253], [-75.2040597580684, 40.0346215683991], [-75.204142160878, 40.0346308750725], [-75.2042237753909, 40.0346449169986], [-75.2043046027946, 40.0346636942052], [-75.2043846419345, 40.0346872066677], [-75.2049415535279, 40.0347862780507], [-75.2049712023307, 40.0347905435405], [-75.2055032430031, 40.0349295890065], [-75.2055035071173, 40.0349297038788], [-75.2056908847158, 40.035011282423], [-75.2057545771474, 40.0350531690203], [-75.2059005506682, 40.0351839860777], [-75.2059473947395, 40.0352590832889], [-75.2060055627376, 40.0353648950531], [-75.2060884150077, 40.0356522340378], [-75.2060867504103, 40.0356758772858], [-75.2060876645336, 40.035698395535], [-75.206091156209, 40.0357197887593], [-75.2060972254386, 40.0357400569585], [-75.2061058722583, 40.0357591992319], [-75.2061170978073, 40.0357772165053], [-75.2061309009158, 40.0357941087517], [-75.206147281585, 40.0358098759704], [-75.2061554104339, 40.0358165387118], [-75.206183958902, 40.0358445749504], [-75.2062076244826, 40.0358758862978], [-75.2062254088901, 40.0359091487011], [-75.2062366024201, 40.0359430318843], [-75.2062394873264, 40.0359583803619], [-75.2062482379624, 40.0359841049343], [-75.2062635753597, 40.0360114458163], [-75.2062816632703, 40.0360363626495], [-75.2063262737814, 40.0360916755849], [-75.2063439958196, 40.0361171294102], [-75.2064006066031, 40.0362102329711], [-75.2064448835886, 40.0362875850671], [-75.206482259893, 40.0363586881552], [-75.2065136167156, 40.036425331323], [-75.2065374392457, 40.0364910264709], [-75.206569378629, 40.0366103406309], [-75.2065829981675, 40.0366549381397], [-75.2065999474476, 40.036698546198], [-75.2066193965295, 40.0367365684398], [-75.2066479869798, 40.036782109227], [-75.2066798137131, 40.0368266215448], [-75.2067148767341, 40.0368701053906], [-75.2067531772188, 40.0369125607873], [-75.2067938442869, 40.0369660598826], [-75.206822771587, 40.0370000842763], [-75.2068574040434, 40.0370365451488], [-75.2069899801605, 40.0371625716402], [-75.2070409666628, 40.0372148097589], [-75.2071234070413, 40.0373114535715], [-75.2071571701317, 40.0373480374573], [-75.2071959753677, 40.0373852014775], [-75.207241378103, 40.0374247640408], [-75.2073778184064, 40.0375329168455], [-75.2075129467872, 40.037634298249], [-75.2076534077727, 40.0377314582975], [-75.207799201427, 40.0378243951711], [-75.2079503265061, 40.0379131106242], [-75.2084526567187, 40.0381900130208], [-75.2086274398747, 40.0382919623407], [-75.2089648957942, 40.0385992171844], [-75.2089919854838, 40.0386262653377], [-75.209197486224, 40.0388676202928], [-75.2094683570999, 40.0391857479354], [-75.2096690705391, 40.0394816453403], [-75.2100799009455, 40.0400550106206], [-75.21019094806, 40.0402596126136], [-75.2103580208956, 40.0405198672951], [-75.2105275989773, 40.0408204031248], [-75.2106610470047, 40.0411730457515], [-75.2107123028823, 40.0413084908746], [-75.2107215251693, 40.0413621798901], [-75.2107299004058, 40.0414109379289], [-75.2107622547545, 40.0414679187848], [-75.2108286015299, 40.0417198408017], [-75.2108738311367, 40.0418307355305], [-75.2109125355491, 40.0419113178316], [-75.2109740368071, 40.0421367756888], [-75.2110595987838, 40.0423002764946], [-75.211114047455, 40.0423880606133], [-75.2112100200047, 40.0425427849986], [-75.2112356317048, 40.0425993761065], [-75.2113244408501, 40.042765103642], [-75.211384668413, 40.0428500672611], [-75.2114480724124, 40.0429020505818], [-75.2114481372575, 40.0429021033718], [-75.2114761444818, 40.0429250652966], [-75.2116849707175, 40.0430962765837], [-75.2116850893877, 40.0430964260689], [-75.2117185621585, 40.0431248669477], [-75.2117497945171, 40.0431540340706], [-75.2117787877002, 40.0431839256649], [-75.2118055416723, 40.0432145426326], [-75.2118300564311, 40.0432458849751], [-75.2118523320416, 40.0432779508934], [-75.2118723695717, 40.0433107431154], [-75.2118901667435, 40.0433442597901], [-75.2119014870855, 40.0433688116701], [-75.2119107484603, 40.0433934378882], [-75.2119183980006, 40.0434177491818], [-75.2119375118847, 40.0434842949394], [-75.2119583871296, 40.0435450906895], [-75.2119816329901, 40.0436082003208], [-75.2120502868141, 40.0437889943965], [-75.2120968070856, 40.0439189425724], [-75.212111808579, 40.0439632418655], [-75.212121262075, 40.0439945207799], [-75.2121293678931, 40.0440254113211], [-75.2121369808419, 40.044059011089], [-75.2121439361809, 40.0440948037756], [-75.2121500347479, 40.0441313127482], [-75.2121559002295, 40.044171797185], [-75.2121662014535, 40.0442530047699], [-75.2121699485363, 40.0442866578804], [-75.2121774467041, 40.0443638562587], [-75.2121835058147, 40.0444506635341], [-75.2121905778482, 40.0445962410324], [-75.2121932719853, 40.0446839074], [-75.2121932987568, 40.044743561341], [-75.212191427537, 40.0447955049474], [-75.2121879958834, 40.0448387996273], [-75.2121774647219, 40.0449440613507], [-75.212173896903, 40.0450017473838], [-75.2121722653222, 40.045064647928], [-75.212171563131, 40.0451921246893], [-75.2121706056856, 40.0452462472761], [-75.2121657750328, 40.0454050245382], [-75.2121633816089, 40.0454485493839], [-75.2121606015433, 40.0454826961981], [-75.2121601418142, 40.0454873712369], [-75.2121569652516, 40.0455153185267], [-75.212153376502, 40.0455401500653], [-75.2121486383661, 40.0455669384091], [-75.2121427436476, 40.0455955311299], [-75.2121301031416, 40.0456486090348], [-75.2120977836013, 40.0457730014347], [-75.2120901939532, 40.0458052219719], [-75.2120840973138, 40.0458341030542], [-75.2120784418457, 40.0458710605279], [-75.2120691432982, 40.0459569302417], [-75.2120658612536, 40.0459781050919], [-75.2120620177086, 40.045997115951], [-75.2120567155186, 40.0460172307438], [-75.2120503555413, 40.0460358814689], [-75.2120421887552, 40.046054883309], [-75.2120317090816, 40.0460760442001], [-75.2120251950888, 40.0460874348746], [-75.2120171796538, 40.0460998825855], [-75.2119807874536, 40.0461515491344], [-75.2119592837553, 40.0461869527206], [-75.2119433081547, 40.0462150704267], [-75.2119286912007, 40.0462424694189], [-75.2119154394257, 40.0462691318218], [-75.2119031700838, 40.0462958249396], [-75.2118896798563, 40.0463276078556], [-75.2118801725516, 40.0463533600861], [-75.2118736762416, 40.0463774083795], [-75.2118629326773, 40.0464303488741], [-75.2118571920624, 40.0464533750116], [-75.2118491963875, 40.0464763242938], [-75.2118357285989, 40.0465064714858], [-75.2118161831276, 40.046543613996], [-75.2117910672209, 40.046586069151], [-75.2117667519302, 40.0466227909134], [-75.2117402970387, 40.0466587617149], [-75.2117239732946, 40.0466827361157], [-75.2116275845914, 40.0468259698922], [-75.2115994380995, 40.0468742181426], [-75.2115774098441, 40.0469186804334], [-75.2115587122308, 40.0469635181531], [-75.211552513386, 40.0469913932412], [-75.2115506612169, 40.0470158946306], [-75.2115523640813, 40.0470426712125], [-75.211557604051, 40.0470722649918], [-75.2115669738942, 40.0471080723184], [-75.2115797455432, 40.0471449864576], [-75.2115992383905, 40.0471755997597], [-75.2116419281174, 40.0472239329094], [-75.211671264732, 40.0472552817836], [-75.2117067920744, 40.0472887126959], [-75.2118593745484, 40.047418359948], [-75.2119344813105, 40.0474905180353], [-75.2120126430584, 40.0475658195744], [-75.2120730661066, 40.0476173905881], [-75.2121527261129, 40.0476752106055], [-75.2122456692176, 40.0477339060469], [-75.2123536202942, 40.0477948484599], [-75.2125017542046, 40.0478722539273], [-75.2126316958109, 40.047931848275], [-75.2126835228008, 40.0479599968287], [-75.2127348993555, 40.0479948622665], [-75.2127827526462, 40.0480329349064], [-75.2128270815025, 40.0480742147269], [-75.2128678859579, 40.0481187008317], [-75.2128682345708, 40.0481190031576], [-75.2129445820699, 40.0481767773696], [-75.2131594284732, 40.0482797515679], [-75.2135192449139, 40.0485938317441], [-75.2135468834635, 40.0486189905944], [-75.2136278280668, 40.0487357505844], [-75.2136533862358, 40.0488294862239], [-75.2136325440101, 40.0488917616855], [-75.2136231856115, 40.0490093191744], [-75.2136504654642, 40.0490761944143], [-75.2137073700142, 40.0492477088312], [-75.2138163805303, 40.0493921587865], [-75.2139812439059, 40.0498046182122], [-75.2141959129646, 40.0501464996111], [-75.2143274370647, 40.0504463059352], [-75.2145512250093, 40.050795068747], [-75.2149088832385, 40.0511750287957], [-75.2151290828578, 40.0513528333034], [-75.2151572891484, 40.0513811054867], [-75.2152134848846, 40.0514374306089], [-75.2153811939592, 40.0516132934733], [-75.215811730826, 40.0519343527401], [-75.2159606541057, 40.0520302368052], [-75.2161116714983, 40.0521239621138], [-75.2162647806553, 40.0522155286059], [-75.2164199827756, 40.0523049353989], [-75.2164882096085, 40.0523407878185], [-75.2166395042451, 40.0524126188703], [-75.2167036137581, 40.0524452034482], [-75.2167674121846, 40.0524826672385], [-75.2168193970269, 40.0525201651344], [-75.216858104661, 40.0525550384731], [-75.216896850917, 40.0525970431426], [-75.2169311024, 40.0526394469464], [-75.2170113656932, 40.0527452493629], [-75.2170563913852, 40.0527980052685], [-75.2170599130075, 40.0528017535742], [-75.2170841365859, 40.0528275164633], [-75.217115383337, 40.0528661508618], [-75.2171475719966, 40.052912720377], [-75.2171716749656, 40.0529537759167], [-75.2172071409475, 40.0530232345207], [-75.2172528151206, 40.053114501547], [-75.2172829266706, 40.0531823581395], [-75.2173106958651, 40.0532566178292], [-75.2173357690878, 40.0533144343453], [-75.2173585932435, 40.0533592566483], [-75.2173973501979, 40.0534215680408], [-75.2174380796079, 40.0534939537005], [-75.2174749160045, 40.0535674527553], [-75.2175078617199, 40.0536420652604], [-75.2175369144334, 40.0537177902673], [-75.2175620740997, 40.0537946286794], [-75.2175833430501, 40.0538725805506], [-75.2176007189625, 40.0539516449313], [-75.2176142029623, 40.0540318227492], [-75.2177079089501, 40.0546160755465], [-75.2177729589286, 40.0551378359765], [-75.21777299762, 40.0551380873064], [-75.2178225465297, 40.055359068586], [-75.2178050021309, 40.0553922206195], [-75.2177857130286, 40.0554286714899], [-75.2177791646099, 40.0554801281594], [-75.217878438117, 40.0559475963514], [-75.2179167235122, 40.0561085472759], [-75.2182928938232, 40.0566032608471], [-75.2184167645665, 40.0567451492652], [-75.2186805875788, 40.0571627013544], [-75.2188743984193, 40.0573550776576], [-75.2190828981295, 40.0575478447527], [-75.219083489772, 40.0575483920765], [-75.2190835509879, 40.0575484483857], [-75.2192056870578, 40.057661365763], [-75.2193648037784, 40.0577920200449], [-75.2193649892373, 40.0577921718931], [-75.2194832123073, 40.0578892452423], [-75.2195497231805, 40.0579413992516], [-75.2197110879014, 40.0581563664083], [-75.2197951806385, 40.0583096811885], [-75.2199637863784, 40.0586271749917], [-75.2200167262479, 40.0587268637546], [-75.2200254219968, 40.0587521083312], [-75.2202244432818, 40.0591344502795], [-75.2204287341468, 40.0595219128729], [-75.2204287767175, 40.0595219976028], [-75.2205791842427, 40.0597673803357], [-75.2209780190392, 40.0600624836283], [-75.2210250163111, 40.0601122925766], [-75.2214128781965, 40.0604569832158], [-75.2214759123846, 40.060549794418], [-75.2215311549019, 40.0606228807121], [-75.2215618489808, 40.0606744615095], [-75.2215709657631, 40.0606897844398], [-75.2217188577588, 40.0610003251216], [-75.2217628636946, 40.0610910695216], [-75.2218838127223, 40.0613959679215], [-75.2221522010023, 40.0621774505672], [-75.2221581538157, 40.0621920343954], [-75.2222877970494, 40.0624765970645], [-75.22236694822, 40.0625866586155], [-75.2226665068464, 40.0630031998126], [-75.2231314682388, 40.0634278745008], [-75.2232008006281, 40.0634911984174], [-75.2232925822799, 40.0636088224595], [-75.2234162126799, 40.0637672590236], [-75.2235024410242, 40.0639210077959], [-75.2235686691699, 40.0642043203977], [-75.2234949350716, 40.0644026272436], [-75.2234146799386, 40.0645081377562], [-75.223118066374, 40.0646747649801], [-75.2223167830507, 40.0650006205577], [-75.2222776396387, 40.065019347125], [-75.2222476289357, 40.0650299214564], [-75.2218815291772, 40.0652004382974], [-75.2218367795549, 40.0652224858803], [-75.2214721133907, 40.0654021474719], [-75.2213831747846, 40.0654441796581], [-75.2213226564723, 40.0654786399448], [-75.2211200739428, 40.0656164038523], [-75.2210669357542, 40.0656681111074], [-75.2210035994245, 40.0657297400016], [-75.2208181071582, 40.0658703041191], [-75.2205662842662, 40.0660709593847], [-75.2204486652714, 40.0661637757662], [-75.2203594607662, 40.0662464461574], [-75.2203410399073, 40.0662834995305], [-75.2203206580117, 40.0663912811394], [-75.2203290170127, 40.0664790734742], [-75.2203627927409, 40.0666183135725], [-75.2203628008625, 40.0666184416927], [-75.2203628628131, 40.0666186043347], [-75.2204351809493, 40.0668952486752], [-75.2204922513286, 40.0670879223912], [-75.2205056031786, 40.0671802331809], [-75.2205218166713, 40.0672287627123], [-75.2205287305441, 40.0672494648112], [-75.2205981034393, 40.0674121907754], [-75.2206376609857, 40.0674671951153], [-75.2208171860822, 40.0676387065112], [-75.2210104733435, 40.0678331913312], [-75.2212919861337, 40.0681279248841], [-75.2214418801577, 40.0682557056891], [-75.2215859769832, 40.0683785429109], [-75.2218430664093, 40.0686031816925], [-75.2219182134319, 40.0686688425382], [-75.2221380908881, 40.0688734374145], [-75.2222271004528, 40.0689613377134], [-75.2223297113164, 40.0690729098257], [-75.2223308252889, 40.0690743921387], [-75.2223423136314, 40.069085304509], [-75.2224343708197, 40.069188365137], [-75.2225989775833, 40.0693726440642], [-75.2229678800507, 40.0697002911986], [-75.2231404344776, 40.0698287328216], [-75.2231629757666, 40.0698455112527], [-75.2234049132848, 40.0700096419923], [-75.2237458072915, 40.0702492462515], [-75.2239196604609, 40.0703630127612], [-75.2240933765604, 40.0704831207839], [-75.2241621309658, 40.0705306584054], [-75.2247753576336, 40.0709530515334], [-75.2250475327352, 40.0711366008711], [-75.2253596346123, 40.0713731554985], [-75.2254342737742, 40.0714192962167], [-75.2254879217035, 40.0714611501328], [-75.225532601755, 40.0715018321453], [-75.225600274959, 40.0716013513754], [-75.2256037456265, 40.0716077048394], [-75.2256365170825, 40.0716999197462], [-75.2256251986353, 40.0718528761151], [-75.2256153114084, 40.0718755522792], [-75.2255944494833, 40.0719234016977], [-75.2254829350039, 40.0721831619698], [-75.225481394049, 40.0721867519159], [-75.2252155572554, 40.072438300525], [-75.2251940593629, 40.0724639029803], [-75.2249610897639, 40.072653811734], [-75.2243711499197, 40.0729360677539], [-75.2241653162258, 40.0730345158601], [-75.2241499393044, 40.0730410768041], [-75.2240700896526, 40.0730820739352], [-75.2240298642808, 40.0730973365041], [-75.2239926852802, 40.0731195730418], [-75.2239591313772, 40.0731331496055], [-75.2234939923066, 40.0734486962431], [-75.2231780344706, 40.0737037164466], [-75.2231423619745, 40.073762688757], [-75.2231138128264, 40.0738275227816], [-75.2231065355762, 40.0738664938623], [-75.2230708931574, 40.0739291879219], [-75.2230557641038, 40.073948856438], [-75.2230555985933, 40.0739505601833], [-75.2230555032733, 40.0739510410205], [-75.2230201553869, 40.0741309870557], [-75.2229910964736, 40.074259294819], [-75.2229867435378, 40.074424950556], [-75.2230242907829, 40.0745593503986], [-75.2230926241436, 40.0747141679329], [-75.2232960311559, 40.0750212688985], [-75.2233512083267, 40.0752066047009], [-75.2233952170456, 40.075315210425], [-75.2234061234872, 40.0753461209488], [-75.2235546842369, 40.0757554983773], [-75.2237299265185, 40.0760607845679], [-75.2237408370391, 40.0760773918596], [-75.2240509392255, 40.0765493966345], [-75.2240713399261, 40.0765862415707], [-75.2241108665028, 40.0766498221899], [-75.2242802481832, 40.0769020371091], [-75.2242862535827, 40.0769128936188], [-75.2244252903292, 40.0771305424166], [-75.2245750197723, 40.0774915416527], [-75.2245971863791, 40.0775589356397], [-75.2246077832943, 40.0775751890639], [-75.2246831615196, 40.077772725029], [-75.2246969935354, 40.077808974105], [-75.2246977181473, 40.0778106811921], [-75.2246984428262, 40.0778123864787], [-75.2248615723923, 40.078232028952], [-75.2251012063517, 40.0786375772869], [-75.2251016046854, 40.0786382509711], [-75.2251022667223, 40.0786393710346], [-75.2251909258977, 40.0787850173178], [-75.2254677541712, 40.0792231139568], [-75.2254868025112, 40.0792532579401], [-75.2255093875375, 40.0792890008919], [-75.2255708882131, 40.0793888726811], [-75.2256349726779, 40.079487744318], [-75.2257407196405, 40.0796408337277], [-75.2257721119192, 40.0796820075294], [-75.2258546599604, 40.0797784157755], [-75.2258892753067, 40.0798228417344], [-75.2259195777647, 40.0798715571984], [-75.2259303327775, 40.0798946425842], [-75.2259383606629, 40.0799172896604], [-75.2259442818573, 40.079945109024], [-75.2259515583012, 40.0800069508261], [-75.225956938786, 40.080030988558], [-75.2259615578488, 40.0800456086036], [-75.2259759743963, 40.0800840831721], [-75.2259948888532, 40.0801252432673], [-75.2260519704424, 40.0802274422886], [-75.2260705955694, 40.0802578787004], [-75.2261134085272, 40.0803314037816], [-75.2261596936055, 40.0804034743018], [-75.226213205238, 40.0804787263188], [-75.2262732280227, 40.080555141205], [-75.2263399511701, 40.0806329618673], [-75.2264137343617, 40.080712609747], [-75.2264815542724, 40.0807804128325], [-75.2265564328252, 40.0808497971234], [-75.2266391713331, 40.0809215145073], [-75.2267316536117, 40.0809972028833], [-75.2268075579776, 40.0810562733275], [-75.2268854615149, 40.081113915383], [-75.2270286440622, 40.081222562994], [-75.2271082696965, 40.0812897941178], [-75.2272956163788, 40.0814617297707], [-75.2273506203029, 40.081506915395], [-75.2274030829099, 40.0815453111943], [-75.2274718118712, 40.0815894167706], [-75.2276258775707, 40.0816809763568], [-75.2278904411841, 40.0818467137587], [-75.2279185862488, 40.0818590406599], [-75.2282422862731, 40.082010405691], [-75.228268975802, 40.0820241214335], [-75.2283005694393, 40.0820354715412], [-75.2286482727461, 40.0821631253219], [-75.2288824629999, 40.0822486066834], [-75.2289002065813, 40.0822537414114], [-75.2290334042082, 40.0823077798791], [-75.229175550421, 40.0823654499342], [-75.2295641727927, 40.0825317462736], [-75.2299539349878, 40.0826674820732], [-75.2301229254151, 40.0826893997791], [-75.2302103557048, 40.0826843771188], [-75.2303525569305, 40.0826762096045], [-75.2304161281792, 40.0826782221711], [-75.2307202578846, 40.0827228438819], [-75.2309253415502, 40.0827537063864], [-75.2310691763804, 40.0827920964935], [-75.2311837914602, 40.0828646946357], [-75.2312491304165, 40.0829397906685], [-75.2312581263423, 40.082978781801], [-75.2312580427051, 40.083049155522], [-75.2312567238135, 40.0830538108752], [-75.2312070517808, 40.0832291284062], [-75.2313123702391, 40.0832825387773], [-75.2313704836311, 40.0833789695445], [-75.2313737947037, 40.0833875979153], [-75.2313862190029, 40.0834199661876], [-75.231387538758, 40.083423404459], [-75.2313910060045, 40.0834324389945], [-75.2314041316775, 40.0834482912406], [-75.2314301664814, 40.0834712351471], [-75.2314516447499, 40.0834836493263], [-75.2314662477015, 40.0834967723959], [-75.2314702527248, 40.0835059187225], [-75.2314785554596, 40.0835330384953], [-75.2314849893426, 40.0835603560804], [-75.23148996919, 40.0835683317543], [-75.2314999278945, 40.0835759398986], [-75.231509426982, 40.0835792474494], [-75.2315230881784, 40.0835790701619], [-75.2315272054288, 40.0835780881968], [-75.2315713616921, 40.083565528227], [-75.2316542041862, 40.0835333120108], [-75.2317158999106, 40.0835008828933], [-75.2317209246891, 40.0834986783379], [-75.2317372050986, 40.0834834974386], [-75.2317484414484, 40.0834541091122], [-75.2317580630082, 40.0834438206622], [-75.2317703078458, 40.0834404993889], [-75.231790748253, 40.0834416635106], [-75.2318736796003, 40.0834531363597], [-75.2319066671475, 40.0834652349771], [-75.2319386126592, 40.083496457724], [-75.2319632079006, 40.0835180887579], [-75.2320003672412, 40.0835507672849], [-75.2320613435375, 40.0835802329442], [-75.2321032688063, 40.0835878259261], [-75.2322499181441, 40.0835796642727], [-75.2322608821032, 40.0835783331099], [-75.232269316721, 40.083578624187], [-75.2324401995191, 40.0835746060962], [-75.2325350804192, 40.0835764995719], [-75.232642354284, 40.0835710492191], [-75.2327009415318, 40.083570842124], [-75.2327451497761, 40.0835773207896], [-75.2329268107735, 40.0835372181749], [-75.2329692128638, 40.0835278574214], [-75.2329695422277, 40.083527769129], [-75.2330015309856, 40.0835131212585], [-75.2330251852591, 40.0835029111502], [-75.2330428339732, 40.0834956698366], [-75.2330607037211, 40.0834908164819], [-75.2330728243713, 40.0834903656121], [-75.2331656470211, 40.0834956606898], [-75.2235879347103, 40.092954148819], [-75.2196354511592, 40.0906799213818], [-75.2167900634581, 40.0890425243573], [-75.2141332546041, 40.0875135135551], [-75.2137536181847, 40.0872999806747], [-75.210354527596, 40.0853226861211], [-75.20997333879, 40.0851771933915], [-75.2097813936793, 40.0850981056491], [-75.2096378539737, 40.0850310534607], [-75.2094834191243, 40.0849513967809], [-75.2092858648318, 40.0848423431527], [-75.2091573503091, 40.0847634481808], [-75.2089123700513, 40.0845834010097], [-75.2084366788483, 40.0842069511678], [-75.2063259257473, 40.0829789119227], [-75.2062945758193, 40.0829606756655], [-75.2041474748259, 40.0817308612389], [-75.2026754617097, 40.0808876777184], [-75.2004546975225, 40.0796155234413], [-75.1964360401659, 40.0773132345824], [-75.1960700558343, 40.0771035471197], [-75.1950050556169, 40.0764974125286], [-75.1908344356015, 40.0741235499453], [-75.1898756292882, 40.0735777641059], [-75.1896786771562, 40.0734684183875], [-75.189616378609, 40.0735221268364], [-75.1884785993468, 40.0728787440383], [-75.1823014765229, 40.078928755058], [-75.1793456331661, 40.0818507311398], [-75.1771473327751, 40.0840528314115], [-75.176509656524, 40.0847011754465], [-75.1764398922437, 40.0846608160173], [-75.1759265455822, 40.0843638003797], [-75.1758732671499, 40.0843322873748], [-75.1753453249812, 40.0840200394745], [-75.1747873300864, 40.0836900136628], [-75.1741597384293, 40.0833188259937], [-75.1735753925454, 40.0829731926695], [-75.1729391641531, 40.0825968858136], [-75.1717142341142, 40.0818723286426], [-75.1699339731485, 40.0808192636822], [-75.1682685479148, 40.0798340628352], [-75.1676624670878, 40.0794755127884], [-75.1640899246304, 40.0773619151751], [-75.1634075035477, 40.076979818529], [-75.1633935360291, 40.0769720888387], [-75.1591231222449, 40.0746073386602], [-75.1583853054118, 40.0741899306998], [-75.1558356890591, 40.0727420923835], [-75.1546965940871, 40.0720936617361], [-75.1540777228411, 40.071741352306], [-75.1533346909677, 40.0713183586243], [-75.1527579557, 40.0709900238177], [-75.1521872081122, 40.0706650920317], [-75.1515911799858, 40.0703257622643], [-75.1507263920799, 40.0698334226143], [-75.1500423374594, 40.0694439538181], [-75.1483569607188, 40.0684843633594], [-75.1476803229814, 40.068099092449], [-75.146623178087, 40.0674971523653], [-75.1452206944839, 40.066698548058], [-75.1445562007194, 40.066320155679], [-75.1439460775467, 40.0659727079909], [-75.1409039695765, 40.0642402629909], [-75.1408680734235, 40.0642198191917]]]}}, {"type": "Feature", "properties": {"objectid": 3, "dist_numc": "15", "Shape__Area": 48860393.85546875, "Shape__Length": 35748.6436665946}, "geometry": {"type": "Polygon", "coordinates": [[[-75.1128179832278, 40.0273502859879], [-75.1123935148491, 40.0274139149188], [-75.1119009840097, 40.0275084636299], [-75.1117746864277, 40.0275376362369], [-75.1117000514669, 40.027554875696], [-75.1113799049978, 40.0276288220884], [-75.1100417731464, 40.0280567925353], [-75.1072547966227, 40.0289501396348], [-75.1061348202012, 40.0292999889238], [-75.1055082216276, 40.0295058840876], [-75.105134833068, 40.029628573971], [-75.1046160162777, 40.0297860932226], [-75.1046046993719, 40.0297895294769], [-75.104308882289, 40.0298551057835], [-75.1039662197522, 40.0299077147082], [-75.1035982750395, 40.0299395082614], [-75.1030714565288, 40.0299044946915], [-75.1025384577745, 40.0298466211903], [-75.1021595218185, 40.029757342693], [-75.1018083249238, 40.0296284308981], [-75.1012840462244, 40.0293706863053], [-75.1005931730743, 40.028916410988], [-75.099364767865, 40.0281114166226], [-75.0992207670833, 40.0280170479231], [-75.0988110347111, 40.0277485343606], [-75.097463676446, 40.026861157038], [-75.0967361541093, 40.0265701702459], [-75.0963090074464, 40.0264813239519], [-75.0958805199183, 40.0264406999721], [-75.0954365052917, 40.0264471621617], [-75.0950357335812, 40.0265146718644], [-75.0946245512877, 40.0266103319867], [-75.0941296649219, 40.0268123196757], [-75.0931946128364, 40.0273295175083], [-75.0920517123502, 40.0279608758461], [-75.0915598471551, 40.0282325854816], [-75.0907633042586, 40.0286725882635], [-75.090348203677, 40.0289018286503], [-75.0898743631391, 40.0291513472051], [-75.0891657714882, 40.0295558240695], [-75.088132806362, 40.0300945101822], [-75.0867241762505, 40.0308837281723], [-75.0861969298913, 40.031137622457], [-75.0858524771812, 40.0312973039204], [-75.0853839537209, 40.0315001849005], [-75.0852000344577, 40.031579824902], [-75.0847276266656, 40.031761917223], [-75.0835612371493, 40.0321578820647], [-75.083011737598, 40.032320474044], [-75.0824448965306, 40.032474366608], [-75.0814612463611, 40.0327042784411], [-75.0804119727761, 40.0329457541589], [-75.0781271637798, 40.033474807047], [-75.0748791310985, 40.034219177514], [-75.071038955512, 40.0350987131169], [-75.0709194213112, 40.0351124653223], [-75.0706527390919, 40.0351756588016], [-75.0703719647081, 40.0352421919341], [-75.0700043182865, 40.035329308097], [-75.0676015947826, 40.0358974339364], [-75.0661859116805, 40.0362330699838], [-75.0644465080133, 40.0366064317844], [-75.0635282868957, 40.0368315181051], [-75.0632260210764, 40.036931191721], [-75.0628466945992, 40.0371223774593], [-75.0625791805613, 40.0372471041732], [-75.0622118790917, 40.0374728215728], [-75.061941511418, 40.0376760322657], [-75.0615423317986, 40.0380146025983], [-75.0600378901664, 40.0394419506335], [-75.0588785657154, 40.0405128865188], [-75.0583659255931, 40.0409942448939], [-75.0578532476691, 40.0414756317915], [-75.0577255896767, 40.0415954972999], [-75.0575509643674, 40.0417475121501], [-75.0566391684647, 40.0425628688085], [-75.0557805409012, 40.0433170232831], [-75.0551369289937, 40.0438732790426], [-75.0548163453304, 40.044171727711], [-75.0544422297515, 40.0445327648239], [-75.0544365809534, 40.0445379961978], [-75.0542104493768, 40.0447474170211], [-75.0540337211219, 40.0449110848269], [-75.0528292889065, 40.0460264755917], [-75.0522884587086, 40.0465507854255], [-75.0519810508653, 40.0469468267636], [-75.0517264982961, 40.0473900884528], [-75.0515723890719, 40.0478204372895], [-75.0514536592795, 40.0483591570997], [-75.0514110048134, 40.0489254519424], [-75.0513867337034, 40.0492242413175], [-75.0513378658104, 40.0498215907454], [-75.0512030022607, 40.0514553456726], [-75.0510547815687, 40.0520604166224], [-75.0508851991985, 40.0524432242174], [-75.0506443959704, 40.0528449894502], [-75.0504635863715, 40.0530882875014], [-75.0500429485311, 40.0535399750278], [-75.0496203880143, 40.0539555154584], [-75.049330366978, 40.0542359629747], [-75.0492854206993, 40.054282453783], [-75.048206759722, 40.0553775251911], [-75.0475420536569, 40.0560528098607], [-75.0473694187799, 40.0562281891039], [-75.0468597234261, 40.0567459802077], [-75.0468591430452, 40.0567465675517], [-75.0468586846911, 40.0567470352242], [-75.0468559967991, 40.0567456014875], [-75.0468525895459, 40.0567437994164], [-75.0466814411286, 40.0566532339202], [-75.0465390867892, 40.0565767109768], [-75.046395360105, 40.0564970289152], [-75.0452705586746, 40.0558846062738], [-75.0444985814219, 40.0554650109918], [-75.0436423457058, 40.0550047866332], [-75.0428337068632, 40.0545723599949], [-75.0419850875837, 40.0541043261144], [-75.0415638462261, 40.0538777068452], [-75.0411290232963, 40.0536416155505], [-75.0406702009778, 40.0533920057491], [-75.0402495825991, 40.0531675892958], [-75.0395856702007, 40.0528007915566], [-75.0383307329245, 40.0521207672449], [-75.0360393893117, 40.0508902522825], [-75.0330495599048, 40.049264748285], [-75.0321396021438, 40.0487699932892], [-75.0319886648186, 40.0486603113284], [-75.03186107405, 40.0485423404434], [-75.0317413539874, 40.0483714980005], [-75.0316724756521, 40.0482239667832], [-75.0316370974516, 40.0481067603059], [-75.0316265050983, 40.0479354959429], [-75.0316142073389, 40.0478633053372], [-75.0317831652032, 40.0471504070619], [-75.0318114380205, 40.0470045548202], [-75.0318466929456, 40.0468243916679], [-75.0318546269993, 40.0466263439683], [-75.0318398078815, 40.046436376446], [-75.0317783660652, 40.0461504976923], [-75.0316703838917, 40.0459066122513], [-75.0316088533032, 40.0457629437097], [-75.0315433544036, 40.0456903824979], [-75.0309911168938, 40.0449774841049], [-75.030538633653, 40.044381343228], [-75.0301641049748, 40.0439049248687], [-75.0297999733937, 40.0434120989833], [-75.0294170688874, 40.0429118025464], [-75.0289435337033, 40.0422952995017], [-75.0283284611065, 40.0414577997785], [-75.0282587718265, 40.0413729306113], [-75.0281935835294, 40.0412817714634], [-75.0278993699996, 40.0407893566605], [-75.0278479463258, 40.0406872530977], [-75.0275836449439, 40.0400560349434], [-75.0273102267874, 40.0394098298326], [-75.0270342501108, 40.0387535146988], [-75.0266174660014, 40.0378565625697], [-75.0261551084927, 40.0368890573178], [-75.0261323272301, 40.0368302340356], [-75.0258655697805, 40.0362650831412], [-75.025804313839, 40.0362148722817], [-75.0255108773304, 40.0357814203472], [-75.0251858380519, 40.0352894006209], [-75.0248581110238, 40.0347911303247], [-75.0240630210063, 40.0336092390801], [-75.0238979368739, 40.0334559092359], [-75.0221304785029, 40.031632690439], [-75.0113354706745, 40.0217650534271], [-75.0132403708241, 40.0203121299475], [-75.0166734653969, 40.0194438516794], [-75.0196483374082, 40.0184458254598], [-75.0226499939671, 40.0180339778029], [-75.0240747306949, 40.0178384633773], [-75.0275028018386, 40.0170885066763], [-75.030585140628, 40.0162031775828], [-75.0309403149639, 40.0161011638475], [-75.0342186739721, 40.015228706057], [-75.0382897804948, 40.0138404848365], [-75.0412688114612, 40.0127232602935], [-75.0448814676512, 40.0112052357165], [-75.0470935404155, 40.0099510342127], [-75.0499045319076, 40.0072264412473], [-75.0534071832878, 40.0045774114995], [-75.0567033934905, 39.9993405174645], [-75.0580922855802, 39.9974136555405], [-75.0585042759799, 39.9948107158514], [-75.0599494147481, 39.9914600906625], [-75.0620673792678, 39.9886596031482], [-75.0641781164278, 39.9860370498499], [-75.0671369719835, 39.983434281068], [-75.0676874731624, 39.9830434599652], [-75.0681342785007, 39.9832713556574], [-75.0707219040756, 39.9851226984979], [-75.0707807863332, 39.9851648237159], [-75.0712311862568, 39.9854870506811], [-75.0714463067179, 39.9856366232749], [-75.0717937730283, 39.9858782132962], [-75.0718281514238, 39.9859050538902], [-75.0723273136628, 39.9862947589146], [-75.0728264804233, 39.9866844626366], [-75.0738248288561, 39.9874638616995], [-75.0738797702638, 39.9875026162492], [-75.0739628908408, 39.9875612470489], [-75.0752749271733, 39.9885919594576], [-75.0753680500586, 39.9886651146102], [-75.0764060189811, 39.9894804888625], [-75.0768185539394, 39.9898045470027], [-75.0774440116872, 39.9902958527808], [-75.0782353737662, 39.9909174636901], [-75.0782662221039, 39.9909459635767], [-75.0784609409832, 39.9911258593506], [-75.0788468200517, 39.9914823593072], [-75.0790028663373, 39.9916265234375], [-75.0793819016224, 39.9920199859919], [-75.0793966670738, 39.9920353147582], [-75.0795423406979, 39.9922014492169], [-75.0800422230242, 39.9927715389618], [-75.0804229730342, 39.993205757495], [-75.0807016600668, 39.9935235762966], [-75.080844961109, 39.9936698525023], [-75.0818172837586, 39.9947799044782], [-75.0818471381436, 39.99482424123], [-75.0819191747354, 39.9949411497244], [-75.0822701048021, 39.9952876621623], [-75.0823412761766, 39.9953638845123], [-75.0823935298716, 39.9954114267729], [-75.0824882092276, 39.9955376255009], [-75.0827440036336, 39.9958521704112], [-75.0830992050711, 39.9962025763306], [-75.0832201108571, 39.9963142931089], [-75.0832692437693, 39.9963641619036], [-75.0838128780843, 39.9968755796922], [-75.0839171514577, 39.99696999324], [-75.0839628344023, 39.9970032619259], [-75.084217558494, 39.9971874051925], [-75.08433194794, 39.9972521874151], [-75.0851821376268, 39.9978648736254], [-75.08520979369, 39.9978819983598], [-75.0852877443596, 39.9979416375112], [-75.0855423858784, 39.9981503651051], [-75.0855915027992, 39.9981906264846], [-75.0859057832104, 39.9984482366573], [-75.0860552328173, 39.9985838540849], [-75.0862794149021, 39.9988467201876], [-75.0864697924477, 39.9990695792297], [-75.08659589553, 39.9991881894997], [-75.0868016430043, 39.9993985242069], [-75.0869406523282, 39.999567165415], [-75.0871397927453, 39.9998251264535], [-75.0872038912144, 39.9999236840032], [-75.0872241887207, 39.9999552073187], [-75.0872550645951, 40.0000031595573], [-75.0873173632997, 40.0000999083516], [-75.0873684586397, 40.0001792594972], [-75.0874297429353, 40.0003652820993], [-75.0874926136195, 40.0006304264886], [-75.0875265610913, 40.0010867346667], [-75.0875265836315, 40.0012722364483], [-75.087569829802, 40.0016593127302], [-75.0876086151256, 40.001846437943], [-75.0876469638008, 40.0019816000464], [-75.0876895396624, 40.0021040383938], [-75.0877058016576, 40.0021508036822], [-75.0877681516533, 40.0023105530419], [-75.0879639694411, 40.0027251690887], [-75.0880700104109, 40.0028809576578], [-75.0881108935668, 40.0029488834072], [-75.0881959742792, 40.0030635571204], [-75.0882485837505, 40.0031344641301], [-75.0883820998703, 40.0032526556756], [-75.0885805451255, 40.0034177547408], [-75.0885987430982, 40.003428486303], [-75.0890696938005, 40.0037170573054], [-75.0891772747547, 40.0037643261278], [-75.0892503611304, 40.0037964391275], [-75.089419381654, 40.0038707031496], [-75.0900319333153, 40.0041207083833], [-75.0902731083133, 40.0042252769958], [-75.090364440206, 40.00425465294], [-75.0914063303376, 40.0046081304444], [-75.0914869594585, 40.0046451209642], [-75.0916986555106, 40.0047422442456], [-75.0919248499124, 40.0049033935008], [-75.0919934829679, 40.0049542089253], [-75.092183469249, 40.0051097330008], [-75.0924398998287, 40.0053498776647], [-75.0925782503792, 40.0054985336881], [-75.0927033444325, 40.005615115744], [-75.092758407109, 40.0056678781732], [-75.0927966943742, 40.0057189764286], [-75.0928150529188, 40.0057525207479], [-75.0928566820237, 40.0058780705852], [-75.0928815616475, 40.006081137255], [-75.0928812934469, 40.0061593013683], [-75.092866386509, 40.006223324593], [-75.0928324319606, 40.0062988267686], [-75.0928200423725, 40.0063133782773], [-75.0928007836615, 40.0063359990612], [-75.092780740082, 40.006359543259], [-75.0925483020544, 40.0066082454985], [-75.0922757054837, 40.0068718272354], [-75.0922538240897, 40.0068946890675], [-75.0922288282722, 40.0069324864625], [-75.0921918850388, 40.0069926584245], [-75.0921602071548, 40.0070614562574], [-75.0921582374259, 40.0070684919037], [-75.0921396001332, 40.0071350570154], [-75.0921173450264, 40.0072279477533], [-75.0921125227455, 40.0072906365662], [-75.0921199457568, 40.0073389066557], [-75.0921483573175, 40.0074139431842], [-75.0922077502877, 40.0075308815181], [-75.0922243481174, 40.0075531077894], [-75.0925011992966, 40.0078744054252], [-75.092625948293, 40.0079989833763], [-75.0926432224752, 40.0080175571165], [-75.0927428010421, 40.0081294099574], [-75.0929426506664, 40.0082555716682], [-75.092953517713, 40.0082630152424], [-75.0931192801203, 40.0083643561869], [-75.0935956766107, 40.0086556031165], [-75.0946128692881, 40.0092774534911], [-75.0946553262939, 40.0093101978711], [-75.0946946523638, 40.0093445917019], [-75.0947308474959, 40.0093806349866], [-75.0947639116525, 40.0094183286283], [-75.0948092276835, 40.009480408315], [-75.0948283100445, 40.0095115253917], [-75.0948470853163, 40.0095470792711], [-75.0949004963959, 40.0096651139325], [-75.0949621006412, 40.0098018723397], [-75.0949987702754, 40.0098983292335], [-75.0950181770083, 40.0099589690005], [-75.0950291333216, 40.0100020143504], [-75.0950400840127, 40.0100738773929], [-75.0950507174755, 40.0101714702808], [-75.0950520797493, 40.01024282236], [-75.0950484691179, 40.0102981732832], [-75.0950417402266, 40.0103384282293], [-75.095032161676, 40.0103718198646], [-75.0950195826734, 40.0104045708582], [-75.0949912458154, 40.0104586228544], [-75.0949542722952, 40.0105102657803], [-75.0948580216353, 40.010667539457], [-75.0946153896273, 40.0110142213543], [-75.0942897994623, 40.0114985832226], [-75.0937102079862, 40.0123607859686], [-75.0936499488576, 40.0124611791645], [-75.0935356687049, 40.012651575791], [-75.0934895195038, 40.0127885125165], [-75.0934663519904, 40.0129636190444], [-75.0934674141699, 40.013004719151], [-75.0934718143236, 40.0131749221484], [-75.0935090302824, 40.0133297873961], [-75.0935510223539, 40.0134369000964], [-75.0936001380116, 40.0135286815727], [-75.0937061837755, 40.0137268499245], [-75.094124747575, 40.0144051832231], [-75.0943309713746, 40.0147045504726], [-75.0944543976364, 40.0148561562462], [-75.0946280941398, 40.0149958414261], [-75.0946663550731, 40.015029658215], [-75.0950727149357, 40.0153084475597], [-75.0954343186074, 40.0155244400933], [-75.0956829914002, 40.0156729751436], [-75.095970086661, 40.0158256243631], [-75.0961773592902, 40.0159115263822], [-75.0964400248344, 40.0159655095479], [-75.0967173005909, 40.0159897459626], [-75.0969200754353, 40.0159949135661], [-75.0971501097791, 40.016001259355], [-75.0974132530307, 40.015996021788], [-75.0976386359892, 40.0160211493328], [-75.0978923115931, 40.0160843030446], [-75.0981317833907, 40.0161941945781], [-75.0981634939087, 40.0162087461146], [-75.0983780540117, 40.0162858443805], [-75.098589260051, 40.0163360175638], [-75.0987952437624, 40.0163610372342], [-75.0990127360702, 40.016350660208], [-75.0991703297563, 40.0163346362411], [-75.0992058602612, 40.0163347681221], [-75.0993237796548, 40.0163250642147], [-75.0994221711137, 40.0163101366211], [-75.0994969065538, 40.0162987986243], [-75.0995704042084, 40.016289268315], [-75.0997099251201, 40.0162643594207], [-75.100016873606, 40.0161724500596], [-75.1002611287189, 40.01609931143], [-75.1006128143114, 40.0160372921162], [-75.1010220713733, 40.0160165058373], [-75.1013973097084, 40.0160309927534], [-75.1015702774689, 40.0160407211942], [-75.101830744009, 40.0160392582818], [-75.1020089595948, 40.0160206236276], [-75.1020585393268, 40.0160154381624], [-75.1020909998083, 40.0160120437936], [-75.1025579706766, 40.0159606846156], [-75.1027575709138, 40.0159676852048], [-75.1027734747707, 40.0159669192751], [-75.103006388859, 40.015991283613], [-75.1032243330591, 40.0160436470946], [-75.1037639886063, 40.0161247695222], [-75.1041142502294, 40.0161499726559], [-75.1042774568203, 40.0161646647227], [-75.1044567803159, 40.0161687965719], [-75.1046879686582, 40.016181482675], [-75.1049773866742, 40.0161967594355], [-75.1052873264546, 40.0162576336494], [-75.1054353253767, 40.0162854324948], [-75.1060769448042, 40.0163598009154], [-75.1062556212201, 40.0163885943086], [-75.1064930023989, 40.016408448292], [-75.1066931403643, 40.0164527165552], [-75.1068842550266, 40.0165285002823], [-75.106973423524, 40.0165937196734], [-75.1070798676557, 40.0166806154005], [-75.1073386796762, 40.0168829818997], [-75.1074093659771, 40.0169801775574], [-75.1074834464738, 40.0171576214684], [-75.1075359915322, 40.0173357626877], [-75.1075340126823, 40.017529647977], [-75.1074808699276, 40.0177073509291], [-75.10738412689, 40.017936163399], [-75.1072909434696, 40.0180702773073], [-75.1071576187042, 40.0182120982317], [-75.1071302743603, 40.0182271008612], [-75.1068536249469, 40.0183788767039], [-75.1064115086737, 40.0185330362269], [-75.1059970525254, 40.018697018829], [-75.1058969007628, 40.0187622351051], [-75.1057858950507, 40.0188237999573], [-75.1057679042443, 40.0188405187874], [-75.1057159743019, 40.0189008760283], [-75.105708914349, 40.018910963588], [-75.1056303112048, 40.0190348654328], [-75.1055765381903, 40.0191149100719], [-75.105502742156, 40.0191996970127], [-75.1054540719382, 40.0192297644352], [-75.1053430025149, 40.0192813538925], [-75.1052618551046, 40.0193248005094], [-75.1051877848888, 40.0193517022405], [-75.1051498248897, 40.0193590534218], [-75.1048717378112, 40.019369812457], [-75.1045390377018, 40.0193485892158], [-75.104452671406, 40.0193449415134], [-75.1042523652332, 40.0193541121841], [-75.103985309706, 40.0193955826627], [-75.1038690805732, 40.0194203136851], [-75.1037952788857, 40.0194506806867], [-75.1037310381081, 40.0195080899213], [-75.1036830280535, 40.0195885314474], [-75.1036283873945, 40.0200649357349], [-75.1035982155693, 40.0201944125696], [-75.1035747990871, 40.0203256516288], [-75.1034901750618, 40.0205228574434], [-75.1034292477271, 40.0206776084826], [-75.1034112730878, 40.0208056355149], [-75.1033603075902, 40.0208934324229], [-75.1033313738791, 40.0209172267778], [-75.1032429486643, 40.0209458327794], [-75.1031691119837, 40.0210044261697], [-75.103149453453, 40.0210250815318], [-75.1031423632256, 40.0210407384336], [-75.1031146034705, 40.0210982575223], [-75.1031135054527, 40.021166175491], [-75.1031479462524, 40.0212836954578], [-75.1032489076635, 40.0215254486171], [-75.1032728902269, 40.0215849352418], [-75.1033255849318, 40.0216986932803], [-75.1034485966163, 40.0219229292946], [-75.1035551371635, 40.0221565131059], [-75.1036467127676, 40.0223235963118], [-75.1036844501911, 40.0224073708909], [-75.1037514953043, 40.0224809814192], [-75.1037632744122, 40.0224891972665], [-75.1038978949112, 40.0225831163068], [-75.1040068592884, 40.0226832495068], [-75.104139591592, 40.0228449868953], [-75.1041697970136, 40.0229149767518], [-75.1041977662184, 40.0230128110379], [-75.1042011742304, 40.0230991922437], [-75.1042187121665, 40.0231840572961], [-75.1042303420157, 40.0232093658403], [-75.1042626987683, 40.0232596798318], [-75.1044228145822, 40.0234027575546], [-75.1044496697504, 40.0234353142412], [-75.1044784186513, 40.0234652907426], [-75.1045090624199, 40.0234926879844], [-75.1045415999192, 40.0235175050379], [-75.1045760311124, 40.0235397428017], [-75.1046123572036, 40.023559400401], [-75.1046505769842, 40.0235764787071], [-75.1046906904864, 40.023590976818], [-75.1047536427165, 40.0236089591051], [-75.1047792203896, 40.0236138561294], [-75.104802885568, 40.0236164628204], [-75.1048343404745, 40.0236171873794], [-75.1048717481511, 40.023616221755], [-75.1048959545262, 40.0236123093109], [-75.1048995568377, 40.023611296632], [-75.1049281635972, 40.0236018315635], [-75.1049563213463, 40.0235899639054], [-75.1049833247493, 40.0235759891689], [-75.1050083605179, 40.0235603265239], [-75.105029314464, 40.0235435453834], [-75.1050496254971, 40.0235223298688], [-75.1051074471412, 40.0234446014928], [-75.105145129513, 40.0233917399577], [-75.1052022800452, 40.023301392445], [-75.1052359304602, 40.0232508816196], [-75.1053044508476, 40.0231479733367], [-75.1053325767406, 40.0231086729381], [-75.1053658725824, 40.0230687311276], [-75.1054000731582, 40.0230354065997], [-75.1054223883486, 40.0230167690805], [-75.105436134391, 40.0230085898173], [-75.1054530291832, 40.0230010813522], [-75.1055083558586, 40.0229832454986], [-75.105547907334, 40.0229718860713], [-75.1055887813007, 40.0229624988094], [-75.1056498425923, 40.0229529303654], [-75.1057210928276, 40.0229469771844], [-75.1057793951308, 40.0229453237779], [-75.1058378668795, 40.0229468116366], [-75.1058965103887, 40.0229514417143], [-75.1059553244957, 40.022959213984], [-75.1060722895662, 40.0229880829396], [-75.106370447303, 40.0231479335517], [-75.106554628104, 40.0232520988309], [-75.1066313676024, 40.0232877477298], [-75.1067668988726, 40.0233288054011], [-75.1068744158187, 40.0233389083054], [-75.1069293136933, 40.0233306362615], [-75.106961131959, 40.0233173611676], [-75.1070137903077, 40.023295390515], [-75.1071760857143, 40.0232047201915], [-75.1076916898325, 40.0229085921473], [-75.1078869078833, 40.0227926854582], [-75.1081089745488, 40.0226608351941], [-75.1084871272567, 40.0224080003549], [-75.1086407039711, 40.0223003692168], [-75.1086886365623, 40.0222733442657], [-75.108781292083, 40.022240937131], [-75.1091593545763, 40.0221640685454], [-75.1091755010592, 40.0221608663848], [-75.1092496084059, 40.0221521439061], [-75.1093159275024, 40.0221507253418], [-75.1094370849541, 40.0221481340816], [-75.1095145359507, 40.0221598948661], [-75.1096391405976, 40.022181966382], [-75.1099492804835, 40.022256150011], [-75.110073099325, 40.0222761351173], [-75.110465772686, 40.0223441279546], [-75.1106119268637, 40.022386904751], [-75.1107657515498, 40.0224702553501], [-75.1108510256428, 40.0225530682677], [-75.1108510887993, 40.0225531318903], [-75.1108535699574, 40.0225555406032], [-75.1109358560818, 40.0226354510409], [-75.1109798201678, 40.0227792026339], [-75.1109991824588, 40.0228799070509], [-75.1109904605787, 40.0229239471994], [-75.1110005123154, 40.0229753486133], [-75.111077038333, 40.0231559230139], [-75.1112300614362, 40.023399977583], [-75.1113761790176, 40.0237142779427], [-75.1113921206086, 40.0238881033599], [-75.1114656533433, 40.0241625527725], [-75.1115510234065, 40.0244811830931], [-75.1115514167518, 40.0244879480541], [-75.1115575515553, 40.0245936077378], [-75.1115544108387, 40.0246097613268], [-75.1115323754342, 40.0247231065011], [-75.1115320547432, 40.0247247534241], [-75.111413457597, 40.0250768982844], [-75.1113944264248, 40.0252115686676], [-75.111394060703, 40.0252353564693], [-75.1113819601773, 40.0253035666339], [-75.1113643634753, 40.0253763737107], [-75.111356053828, 40.0254496023148], [-75.1113520402734, 40.025504755854], [-75.1113537131303, 40.0255209650788], [-75.1113580141947, 40.0255346883815], [-75.1113658267823, 40.0255478048829], [-75.1113779342701, 40.0255615687951], [-75.1114290191327, 40.0256051621571], [-75.1114590704676, 40.0256326087176], [-75.1114784672006, 40.0256474474352], [-75.1115063631006, 40.0256623552814], [-75.1115414490025, 40.0256746495384], [-75.1115771106023, 40.025683410557], [-75.1116700426992, 40.0257022516551], [-75.1117351665752, 40.0257154765283], [-75.1118865708408, 40.0257388441045], [-75.1119534954267, 40.0257516362772], [-75.1120393623727, 40.0257721456642], [-75.1121220404269, 40.0257945513868], [-75.1121429383076, 40.0258006250123], [-75.112241065632, 40.0258312443026], [-75.1123232705491, 40.0258610932288], [-75.1124017747984, 40.0258937034507], [-75.1124617725339, 40.0259227926328], [-75.1125403746962, 40.025967152631], [-75.1125674547266, 40.0259857528143], [-75.1125897904434, 40.0260041710482], [-75.1126231827732, 40.0260397591358], [-75.1126562731008, 40.026085382253], [-75.1126720411555, 40.0261122373521], [-75.1126940202266, 40.0261559726143], [-75.1127198637602, 40.0262076644104], [-75.1127328517327, 40.0262402826136], [-75.1127417320169, 40.0262747337848], [-75.1127491755319, 40.026320341847], [-75.1127536835336, 40.0263663312079], [-75.1127551128811, 40.0264175920725], [-75.1127516532108, 40.0264901599385], [-75.1127525990516, 40.0268218029109], [-75.1128176895618, 40.0273452352806], [-75.1128179832278, 40.0273502859879]]]}}, {"type": "Feature", "properties": {"objectid": 4, "dist_numc": "19", "Shape__Area": 28236487.2421875, "Shape__Length": 28526.606201538798}, "geometry": {"type": "Polygon", "coordinates": [[[-75.224869856685, 39.9600148180429], [-75.2262112724617, 39.9601683969498], [-75.2268529624658, 39.9602480674658], [-75.2274458417483, 39.9603203415776], [-75.2279779696768, 39.9603866063931], [-75.2286482498994, 39.9604728994975], [-75.2290797036237, 39.960523086619], [-75.2294119361221, 39.9605625796694], [-75.2297874956559, 39.9606084375865], [-75.2302498485003, 39.9606653834395], [-75.2308047670633, 39.9607313733175], [-75.2318765350239, 39.9608591333803], [-75.2328598241783, 39.9609850773495], [-75.2335557092029, 39.9610750711775], [-75.2341439263993, 39.9611452556567], [-75.2346972822027, 39.9612174974403], [-75.2350887546195, 39.9612671150004], [-75.2368108331215, 39.9614800970229], [-75.2387868655469, 39.9617243098371], [-75.2394492671347, 39.9618033426706], [-75.2400250326553, 39.9618795537503], [-75.2404280869267, 39.9619284854842], [-75.241085804117, 39.9620084631889], [-75.2414077304614, 39.9620476760074], [-75.2419967573815, 39.9621223101081], [-75.2427376137952, 39.9622119621783], [-75.2433894944159, 39.9622926072049], [-75.2440336380288, 39.9623737939936], [-75.244712449274, 39.9624603156751], [-75.2454066575872, 39.9625460233537], [-75.2456857532689, 39.9625810671313], [-75.2462049593971, 39.9626459843265], [-75.2467558255896, 39.9627144388427], [-75.2472938972423, 39.9627585181845], [-75.2475678466908, 39.9628033397795], [-75.2476212299563, 39.9628120742213], [-75.2476895282175, 39.9628282724847], [-75.2476614656167, 39.9629419809636], [-75.2476073050996, 39.9630019320025], [-75.247491106537, 39.9631287178567], [-75.2474212579408, 39.9632000845784], [-75.2474007729136, 39.9632584184571], [-75.2474070764497, 39.9633361493502], [-75.2474373665379, 39.9634261613704], [-75.2474821564929, 39.9635376458245], [-75.2475667167135, 39.9636476541896], [-75.2476868728128, 39.9637866488581], [-75.2477810283512, 39.9638851092784], [-75.247905548721, 39.9639889250591], [-75.2480594176057, 39.9640839833309], [-75.2486175461194, 39.964361846704], [-75.2489698449695, 39.9645035490585], [-75.2494672014815, 39.9647307082214], [-75.2498514511545, 39.9649177851406], [-75.2499141829794, 39.9649567684219], [-75.2499916640197, 39.9650101915626], [-75.2500573632038, 39.9650515910031], [-75.250135893736, 39.9650768178755], [-75.250224178844, 39.9650857961119], [-75.2503161240142, 39.9650783929163], [-75.2504493962136, 39.9650272179337], [-75.2506078007223, 39.9649577784867], [-75.2507600858666, 39.9648882064362], [-75.2509159201793, 39.9648469197079], [-75.2510505179457, 39.964842796517], [-75.2511046193462, 39.9648674915656], [-75.2512034771418, 39.964921370425], [-75.2512856840132, 39.9650125119441], [-75.251344239595, 39.9650819740823], [-75.2513387664286, 39.9651476902669], [-75.2513428875419, 39.9652018574603], [-75.2513713489367, 39.9652589153013], [-75.251430510927, 39.9653119294987], [-75.2514995242071, 39.965346345501], [-75.2516057862111, 39.9653651213585], [-75.2517100315523, 39.9653556332872], [-75.251814535753, 39.9653391050135], [-75.2519249747775, 39.9653274000174], [-75.2520965631507, 39.9653146736883], [-75.2523373700701, 39.9652893542954], [-75.2526378906616, 39.9652606219441], [-75.2528459383225, 39.9652533921237], [-75.2529746126949, 39.9652444345778], [-75.2530792891423, 39.9652232057438], [-75.2532239984701, 39.965193432615], [-75.2533171825168, 39.9652354372342], [-75.2534106260634, 39.965270383661], [-75.2535848995432, 39.9653094501782], [-75.2537152465113, 39.9653381436153], [-75.2539391129948, 39.9653994437699], [-75.2540486884909, 39.9654112328804], [-75.2541433408577, 39.9654132927417], [-75.2542252279359, 39.965346886161], [-75.2543039748258, 39.9652827637066], [-75.2543398955375, 39.9652200612883], [-75.2543826886794, 39.9651363440933], [-75.2544589985841, 39.9650557074557], [-75.254546560656, 39.9650011829057], [-75.2546345541299, 39.964934909761], [-75.2547412146252, 39.964859635282], [-75.2549399902046, 39.96477226427], [-75.2551152545486, 39.9647008328589], [-75.2552693921727, 39.9646642083593], [-75.2554108716404, 39.9646390744671], [-75.2555466008476, 39.9646044000516], [-75.2556889439742, 39.964555768779], [-75.2558139245491, 39.9644808916044], [-75.2558549041619, 39.9644465086929], [-75.2558939629009, 39.9643815224599], [-75.255969480941, 39.9643220318958], [-75.2560851273382, 39.9642516556093], [-75.2561952711863, 39.964164698543], [-75.2562836069708, 39.9640890253052], [-75.2563852779497, 39.9639830793735], [-75.2565886744351, 39.9638111491083], [-75.2566894821307, 39.9637287008779], [-75.2567487091188, 39.963697065776], [-75.2568193615521, 39.9636868422452], [-75.2569020558958, 39.9636815843932], [-75.2569839741625, 39.9636974747488], [-75.2571292422667, 39.9637359047888], [-75.2572535549773, 39.9637621124557], [-75.2573384420232, 39.9637804177333], [-75.2574211364405, 39.9637751595073], [-75.2574891776219, 39.9637531308447], [-75.2575455964333, 39.9637143786921], [-75.2576326370478, 39.9636739509332], [-75.2577072049033, 39.9636402970091], [-75.2577907608016, 39.9636115495394], [-75.2578613384606, 39.9636036762296], [-75.2579366340273, 39.9636335216238], [-75.2579957970541, 39.9636865413909], [-75.2580164654834, 39.9637481232713], [-75.2580152847387, 39.9638633070358], [-75.2580163074062, 39.964002054458], [-75.2579942052659, 39.9641050358359], [-75.2579643084432, 39.964170220829], [-75.2579462835906, 39.9642450717941], [-75.257946924146, 39.9643109209428], [-75.2579777563129, 39.9643868321581], [-75.2580105589156, 39.9644087088258], [-75.2580614368436, 39.9644380237865], [-75.2581218934786, 39.9644557978644], [-75.2581920305219, 39.964459672664], [-75.2582744671537, 39.9644614629482], [-75.2583418196383, 39.9644582224446], [-75.2584089018846, 39.9644620307728], [-75.2584718963933, 39.9644939692541], [-75.2585128392543, 39.9645442324864], [-75.2585495092069, 39.9646273259369], [-75.258593561082, 39.9647176244922], [-75.2586403514704, 39.9647750783948], [-75.2586862688855, 39.9648560201081], [-75.258708630476, 39.964912934544], [-75.2587155514096, 39.9649742177771], [-75.2587182123766, 39.9650683297274], [-75.2587146321318, 39.9652492965885], [-75.2587023693715, 39.9653336781859], [-75.258712602564, 39.965387977696], [-75.258740640856, 39.9654567741751], [-75.2587686675378, 39.965525569493], [-75.2588002766615, 39.9655803331069], [-75.2588414657446, 39.9656235549175], [-75.2588921725833, 39.9656575698266], [-75.2589767178011, 39.9656852727266], [-75.2590800148908, 39.9657016247581], [-75.2592173217786, 39.9657069570933], [-75.2593364904864, 39.9657071923802], [-75.2594030571537, 39.9657250983817], [-75.2594258503501, 39.965770264131], [-75.2594300629215, 39.9658220812983], [-75.2594301880333, 39.965902029591], [-75.2594526367673, 39.965956593271], [-75.2595542115568, 39.9660199399588], [-75.2596508853774, 39.9660502481667], [-75.2597807947745, 39.9660906929353], [-75.259910973569, 39.9661240796541], [-75.2600669018266, 39.966205056573], [-75.2603121530041, 39.9662668072649], [-75.2604926801013, 39.9663229545328], [-75.2605858538489, 39.966282638651], [-75.2606639362326, 39.9662790439014], [-75.2607529423732, 39.9662897955532], [-75.2608312833741, 39.9662791425567], [-75.2609354590205, 39.966251417611], [-75.2610287613759, 39.9662075813056], [-75.261118123021, 39.9661460172087], [-75.2611637136658, 39.9660905592503], [-75.2612184653499, 39.9660353008848], [-75.2612859853946, 39.9660067796447], [-75.2613889985732, 39.9660107708779], [-75.2614475303057, 39.9660402692029], [-75.2614825609782, 39.966085122391], [-75.2615498551527, 39.9661253873953], [-75.2616640488777, 39.9661684362978], [-75.2617388682147, 39.9661912320578], [-75.2618142043029, 39.9661999205009], [-75.2618951493878, 39.9661805016867], [-75.2620156763177, 39.966144310578], [-75.2620953708881, 39.9660966545958], [-75.2621057573259, 39.966063363975], [-75.2621189544752, 39.9660160239346], [-75.262141120386, 39.9659741671545], [-75.2621649856926, 39.9659482226144], [-75.2622450673029, 39.9658899883262], [-75.2623448794926, 39.9657933681304], [-75.2623855068429, 39.965748388705], [-75.2624244747038, 39.9656857319578], [-75.2624604509269, 39.965642417606], [-75.2625139761586, 39.9656206469865], [-75.2625618813013, 39.965626975227], [-75.2626200296078, 39.9656352896369], [-75.2626814884503, 39.9656472094542], [-75.262768278356, 39.9656561455761], [-75.2628396083707, 39.9656488702213], [-75.2629209382413, 39.9656188823569], [-75.2629633304425, 39.9655880513512], [-75.2630315697439, 39.9655401374376], [-75.2630950945068, 39.9654956540712], [-75.2631465184735, 39.9654685497268], [-75.2631970382567, 39.9654661128086], [-75.2632537172489, 39.9654832166176], [-75.2633098930841, 39.9655144189499], [-75.2633863488316, 39.9655548823214], [-75.2634700065987, 39.9655866882611], [-75.263533179684, 39.9656145102488], [-75.2636174064346, 39.9656304539196], [-75.263697909064, 39.965623378604], [-75.2637730529759, 39.9656055996207], [-75.2638570639054, 39.9655650817008], [-75.2639313961898, 39.9655384733787], [-75.2639923797397, 39.9655009891946], [-75.2640188598931, 39.9654662802814], [-75.2640591517203, 39.9654301136827], [-75.264134257933, 39.9653823488127], [-75.2642442438246, 39.9653212300958], [-75.264375154417, 39.9652517439174], [-75.2644983583212, 39.9652050288714], [-75.2645562098261, 39.9651904066641], [-75.2646456678777, 39.9651888125771], [-75.2647601339136, 39.9651930578962], [-75.2649215517798, 39.9651983200183], [-75.2650612851803, 39.965201347255], [-75.2652555971627, 39.9652161329474], [-75.2653902275144, 39.9652331569181], [-75.2654509130651, 39.9652662226755], [-75.2655300222526, 39.9653596650939], [-75.2655693204695, 39.9654134309479], [-75.2656588531075, 39.9655353187593], [-75.2657468662239, 39.9656360085247], [-75.2658077713932, 39.9657255238257], [-75.2658600430845, 39.9658007355219], [-75.2659240267021, 39.965869154137], [-75.2660511220835, 39.9659354071368], [-75.2661963061696, 39.9659773555299], [-75.2663164816444, 39.9660134745113], [-75.266398492899, 39.9660275923156], [-75.266547389265, 39.9660308151391], [-75.2667101493722, 39.9660308059532], [-75.2667977016014, 39.9660185913433], [-75.2669123623292, 39.9660175499085], [-75.2670263791076, 39.9660341267188], [-75.2671407696527, 39.9660718756614], [-75.267217614581, 39.9661017672644], [-75.2672954659486, 39.9661669523855], [-75.267367092483, 39.966214362363], [-75.2674773995251, 39.9662696639069], [-75.2675342850443, 39.9662814821465], [-75.2676007066591, 39.966282919186], [-75.2676731707402, 39.9663074169981], [-75.2677816484853, 39.9663503351613], [-75.2679124428058, 39.9664096113424], [-75.2681326201036, 39.9665008055707], [-75.2683949841767, 39.9665982005636], [-75.2684626807043, 39.9666278934476], [-75.2685164893141, 39.9666608078934], [-75.2685700521896, 39.9667007717147], [-75.2687037489167, 39.9668059698907], [-75.2687747977266, 39.9668692418228], [-75.2688495971828, 39.9669555338989], [-75.2689194863854, 39.9670505322851], [-75.2690189787092, 39.9672449538435], [-75.2690469538911, 39.9672949417294], [-75.2690820015651, 39.9673398027523], [-75.2691267129584, 39.9673707542651], [-75.2691606275496, 39.9673838310318], [-75.2692085342583, 39.9673901646002], [-75.2692746468402, 39.9674004146108], [-75.2693590821539, 39.967411060706], [-75.2694467001171, 39.9673970795378], [-75.2694999029653, 39.9673841112467], [-75.2695510672488, 39.9673640531586], [-75.2696161105686, 39.9673407632093], [-75.269671669529, 39.967326088851], [-75.2697428072525, 39.9673241037212], [-75.2698042692333, 39.9673360098208], [-75.2698586581857, 39.9673530607974], [-75.2699215122616, 39.9673897019338], [-75.2699634289862, 39.9674347021329], [-75.2700050236795, 39.9674885250088], [-75.2700333098581, 39.967561450328], [-75.2700571262211, 39.9676625150026], [-75.2700749756897, 39.9677387457002], [-75.270100530914, 39.9677922128667], [-75.2701431325753, 39.9678813310106], [-75.2701943167235, 39.9679865099737], [-75.2703002425195, 39.9681934137401], [-75.2703914899187, 39.9683312090981], [-75.2704039511523, 39.9683667609518], [-75.2704151258578, 39.9684375594624], [-75.2704247034742, 39.9684889144423], [-75.2704504626453, 39.9685370980446], [-75.2705033730395, 39.9685946880893], [-75.2705725307241, 39.9686473404018], [-75.27060153559, 39.9686691312739], [-75.2706537097737, 39.9686843680591], [-75.2707203266744, 39.9686805186796], [-75.2707756292265, 39.9686728929397], [-75.2708405317153, 39.9686531310968], [-75.2709148005767, 39.9686282737902], [-75.2709887477479, 39.9686122301274], [-75.2710458298875, 39.9686187611368], [-75.2711119311041, 39.9686290089105], [-75.2711710379473, 39.9686426301989], [-75.2712433126731, 39.9686724193723], [-75.2713305469834, 39.9687007567101], [-75.2714103332341, 39.9687130667569], [-75.2714926703433, 39.9687183681274], [-75.2715933302158, 39.9687240742074], [-75.2717005488206, 39.9687387334852], [-75.2718050121857, 39.9687656856533], [-75.271865126507, 39.9688146108898], [-75.2719250467042, 39.9688688278871], [-75.2719884597949, 39.968953097837], [-75.2720259218207, 39.968994477278], [-75.2720891644434, 39.9690205389916], [-75.2721990402184, 39.9690564283051], [-75.2723463353127, 39.9691037039526], [-75.272507753831, 39.9691407058916], [-75.2726275528396, 39.9691873865942], [-75.272729285526, 39.9692266314361], [-75.272817720149, 39.969253236609], [-75.272960365097, 39.9693021769894], [-75.2730561954967, 39.9693148223055], [-75.2731880382725, 39.9693141453785], [-75.2732824095541, 39.9693038298656], [-75.2734181422874, 39.9692908841459], [-75.2734939984463, 39.9692854666304], [-75.2735718780751, 39.9692871474397], [-75.273683865599, 39.9692966189821], [-75.2738118944443, 39.9693064455924], [-75.2739145921005, 39.9693192392823], [-75.2740152530665, 39.9693249432382], [-75.2741527663694, 39.9693261444793], [-75.2743281677881, 39.9693255240239], [-75.2744900138832, 39.9693193112754], [-75.2748098658664, 39.9693023982507], [-75.2748926211978, 39.9692962456709], [-75.2750289544778, 39.9692983033736], [-75.2750871074182, 39.9693066123664], [-75.2751995686938, 39.9693346168638], [-75.2752692306612, 39.9693731587152], [-75.2753225428499, 39.9694201685444], [-75.2753655854219, 39.9695128268411], [-75.2753973821932, 39.9695840685828], [-75.2754581771059, 39.9697873441028], [-75.2754962144499, 39.9699389808941], [-75.2755698991725, 39.9701346056508], [-75.2756091979793, 39.9702201184957], [-75.2756544200167, 39.9702687196235], [-75.2757070678751, 39.9703024884915], [-75.2758210951587, 39.9703190565881], [-75.2760072848823, 39.9703213051072], [-75.2761891080935, 39.970333163678], [-75.2762473377251, 39.9703397158956], [-75.2763050425663, 39.9703603580579], [-75.2763736246243, 39.9703971190042], [-75.2764138638274, 39.9704253231639], [-75.2764406035353, 39.9704779403653], [-75.276469667943, 39.9705297156977], [-75.276510118734, 39.9705993867236], [-75.2766145444867, 39.9707850868169], [-75.2766424303091, 39.9708377205597], [-75.2766583996329, 39.9708715804388], [-75.276670500172, 39.9709168192329], [-75.2766771473832, 39.970954883984], [-75.276664312092, 39.9709925396164], [-75.2766390358157, 39.9710255023613], [-75.2765899982214, 39.9710658996007], [-75.2765312778955, 39.9711043221786], [-75.2764736516489, 39.9711445342387], [-75.2764881415614, 39.9711871846778], [-75.2765265606613, 39.9712338719628], [-75.2765848149946, 39.9712712849963], [-75.276691140881, 39.9712629983492], [-75.2767625716255, 39.9712530684298], [-75.2768278074293, 39.9712244897476], [-75.2768991822146, 39.9711845738248], [-75.2770754043097, 39.9711142838348], [-75.2771378653439, 39.971098871613], [-75.2772000372972, 39.9710913997973], [-75.2772688331452, 39.9710911163729], [-75.2773409931525, 39.9710926713259], [-75.2774241594921, 39.9711068068592], [-75.2774936089816, 39.9711197728217], [-75.2775434278015, 39.9711367215751], [-75.2775792735122, 39.971159540971], [-75.2776127733273, 39.9711840757369], [-75.2776596572606, 39.9712186024458], [-75.2776892360298, 39.9712562791337], [-75.2777073595267, 39.9712937090088], [-75.277715186977, 39.9713309260622], [-75.2776914103489, 39.9713542267657], [-75.2776495025421, 39.9713718390406], [-75.2775985287726, 39.971386616987], [-75.2775535012843, 39.9713953503993], [-75.2775265837222, 39.971410644835], [-75.2775108543338, 39.9714332359306], [-75.2775063875877, 39.9714613674777], [-75.2775073980743, 39.971496663628], [-75.2775165852334, 39.971527729252], [-75.2775324576136, 39.9715642366974], [-75.2775566570147, 39.971592093926], [-75.2775944423066, 39.9716246586869], [-75.2776427426767, 39.9716521612194], [-75.2776780438648, 39.9716690043397], [-75.2777679298453, 39.9716877541584], [-75.2778891841685, 39.9717023855614], [-75.27796962079, 39.9717233354701], [-75.2780213639546, 39.9717604984607], [-75.2782991228702, 39.9719370737067], [-75.2783553560972, 39.9720223835538], [-75.2784518942322, 39.9721157684379], [-75.2785395957658, 39.9721945471965], [-75.2786116880712, 39.972272990611], [-75.2786591713717, 39.9723412896043], [-75.2786998822643, 39.9724238584437], [-75.2787268979132, 39.9725397750123], [-75.2787621541458, 39.9726438499321], [-75.2787787785259, 39.9727018798287], [-75.2787830949026, 39.9727548334208], [-75.2787858497105, 39.9728510005388], [-75.278797516931, 39.9729593795924], [-75.2788125692912, 39.9730606236833], [-75.2788335234578, 39.9731715984358], [-75.2788616739547, 39.9732563023389], [-75.2789185192984, 39.9733248028083], [-75.2789543913786, 39.9733688314306], [-75.2789730938701, 39.9734557284644], [-75.2790014074805, 39.9735356345038], [-75.2790495866607, 39.9736279765872], [-75.2790844113228, 39.973700805934], [-75.2791112520889, 39.9738215298626], [-75.2791263077754, 39.9739227649575], [-75.2791736167364, 39.9739958702892], [-75.2792438101785, 39.9740406287827], [-75.2793609971378, 39.9740815976679], [-75.2794684725084, 39.9741319699302], [-75.279603606963, 39.9741949476187], [-75.2798079646477, 39.9743290972058], [-75.2799572136832, 39.9744332288143], [-75.2800293103279, 39.9745116623306], [-75.2800474527876, 39.9745495958433], [-75.2800873612882, 39.9746330577429], [-75.280133276428, 39.9747445694366], [-75.2801952263685, 39.9748444161258], [-75.280306611526, 39.9750008821429], [-75.27943047601, 39.9754458227313], [-75.2763814421959, 39.9770137602667], [-75.2735746459858, 39.9782688179904], [-75.2728772288323, 39.978580653243], [-75.2713389583787, 39.9792629210997], [-75.2692720708073, 39.9801795963377], [-75.2655935267645, 39.9818108813584], [-75.2643846520089, 39.9823469322684], [-75.2637161385105, 39.9826433552231], [-75.2621860996511, 39.983490320879], [-75.2607311761941, 39.9842901257056], [-75.2595112630339, 39.9849607195252], [-75.2587291939253, 39.9853906102615], [-75.2585693989987, 39.9855211554641], [-75.2585025904269, 39.9855757286284], [-75.256839468536, 39.9868086582988], [-75.2562982620449, 39.9872098518271], [-75.256120766254, 39.9873210785572], [-75.2556990751002, 39.9875187200151], [-75.2540022996724, 39.9883139437488], [-75.2515488378814, 39.9894637382174], [-75.2508232311201, 39.9898047703449], [-75.2491913481368, 39.9905717227526], [-75.248012860652, 39.9911255584814], [-75.2456860574534, 39.9922190147271], [-75.2416529682021, 39.9941140937193], [-75.2373350049904, 39.9961427608997], [-75.2352877770807, 39.9970973521976], [-75.2343104773459, 39.9975530251823], [-75.233230633383, 39.998056492228], [-75.2321529642835, 39.9985589339884], [-75.2308893802205, 39.9991480255958], [-75.2304384503397, 39.9993582524922], [-75.229455086524, 39.9998202486266], [-75.2283775135668, 40.000326478483], [-75.2264163438995, 40.0012477675163], [-75.2236315902076, 40.0025558552759], [-75.220698135895, 40.0039336655338], [-75.2192263265922, 40.0046249038267], [-75.2145720117244, 40.0068106099976], [-75.2137570485775, 40.0071551088305], [-75.2130473860721, 40.0074550958463], [-75.2107684429743, 40.0085605300619], [-75.2089258105898, 40.0094542731472], [-75.2089271115517, 40.0094493797694], [-75.2089358003439, 40.0094378122009], [-75.2090548812274, 40.0092792621128], [-75.2092291497027, 40.0090472320907], [-75.2094039213833, 40.0088145291034], [-75.2091170279695, 40.0086252093727], [-75.2088796175096, 40.0084685425913], [-75.2084925279857, 40.0086941564928], [-75.2079531556709, 40.008343729801], [-75.2069396759636, 40.009073486367], [-75.2064670490558, 40.0090234501856], [-75.2049412581148, 40.0087057714423], [-75.2046829104035, 40.0085384782518], [-75.2040682372187, 40.0082469937136], [-75.2039717280941, 40.0081580995978], [-75.2038287321788, 40.0080263877358], [-75.2035836710244, 40.0078005438967], [-75.203864279802, 40.0077397101552], [-75.2043741019768, 40.007629184461], [-75.2046836434421, 40.0075620768647], [-75.2049988071737, 40.0074937487816], [-75.2057065293494, 40.0073493140808], [-75.2060842682943, 40.0072616998873], [-75.2063206110865, 40.0072020345906], [-75.2065477688807, 40.0071264158139], [-75.206806837604, 40.0069937447352], [-75.206926149892, 40.0069176841949], [-75.2074164095683, 40.0065485955508], [-75.2075021944354, 40.0064824282522], [-75.2076008326958, 40.0064168410597], [-75.2070395331208, 40.0062178509484], [-75.2036095269934, 40.0051635477046], [-75.2023565884896, 40.0047783908956], [-75.2021065529267, 40.0046777050668], [-75.2011504380988, 40.004292683301], [-75.2014494695566, 40.0038643379989], [-75.2025452508428, 40.0022946406716], [-75.2033144068707, 40.0016783933157], [-75.2033896065926, 40.0013038376237], [-75.2039200691313, 40.0006383980292], [-75.2045027622954, 40.0005337166012], [-75.2054631649417, 40.0009506639605], [-75.206452158613, 39.9998002136746], [-75.207119692853, 39.9990236690739], [-75.2075710917548, 39.9980328223157], [-75.2116974347542, 39.9973168733971], [-75.2123842777797, 39.9971977269102], [-75.2126966230005, 39.9971178171294], [-75.213543440454, 39.9968871788531], [-75.2155757049653, 39.9962509084299], [-75.2158168152819, 39.9961467600928], [-75.215993810461, 39.9960655229289], [-75.2161556848402, 39.9959657064826], [-75.2163344930955, 39.995835853944], [-75.217131934547, 39.9950202513366], [-75.2174362771234, 39.9947046338501], [-75.2176974862946, 39.9944853711035], [-75.2179974330079, 39.994232655836], [-75.2179136804011, 39.9939359851496], [-75.217537437366, 39.9925922567911], [-75.217325395213, 39.9918188445714], [-75.2169513851222, 39.9904546291647], [-75.2168843740661, 39.9902101984087], [-75.2162241173041, 39.9877377006049], [-75.2156826012215, 39.9857960789389], [-75.2154194810647, 39.9848679947238], [-75.2149471512537, 39.9831499244832], [-75.2147674886041, 39.982496388462], [-75.2147198260291, 39.9823230119869], [-75.2146517431391, 39.9821409798625], [-75.2145029883882, 39.9815579455353], [-75.2141613571138, 39.9803120041414], [-75.213708771898, 39.9786302268958], [-75.2134726076985, 39.9778001758296], [-75.2133069033613, 39.9772264658792], [-75.2131245159246, 39.9765547552145], [-75.2130121378813, 39.9761473779892], [-75.2129215985176, 39.9758224133005], [-75.2128546667716, 39.9755821807611], [-75.2126175243124, 39.9747310070146], [-75.2124235557981, 39.9739929845821], [-75.2122147782393, 39.9732517095527], [-75.213889748125, 39.9730633249716], [-75.2163344652873, 39.9727999079788], [-75.2174662679469, 39.9726707293842], [-75.2177698659099, 39.9726360761666], [-75.218419598989, 39.9730332145706], [-75.2190759082481, 39.9728864543609], [-75.2220126889744, 39.9722623969663], [-75.2222505750703, 39.9722099122609], [-75.2232978451576, 39.9719840880076], [-75.2236746953243, 39.9719038370497], [-75.2253866042565, 39.9715404092982], [-75.2257144522449, 39.9714729679173], [-75.2258441636759, 39.9714398228241], [-75.2258367089383, 39.9713737346389], [-75.2256187108838, 39.97048828038], [-75.2255653332943, 39.9702773132465], [-75.2254531737806, 39.9698340135471], [-75.225375465091, 39.9695268745591], [-75.2252161911519, 39.9685977595868], [-75.2251428217937, 39.9681547822895], [-75.225119835875, 39.9680179726145], [-75.2250590731131, 39.9676563138043], [-75.2250486686467, 39.9675943854049], [-75.2249657526634, 39.9671199242117], [-75.2248898296276, 39.9666520472455], [-75.2248151823042, 39.966215275504], [-75.2247672318989, 39.9659191027613], [-75.2247094661749, 39.9655762711089], [-75.2246430418781, 39.9651930282782], [-75.2245930381508, 39.9649051030168], [-75.2244978140492, 39.9644410039831], [-75.2243221511995, 39.9635848370023], [-75.2242218030413, 39.9630957419725], [-75.2244823076807, 39.9618674267998], [-75.2246084893654, 39.9612773996413], [-75.2247076697471, 39.9608173183082], [-75.2247706496911, 39.9605056968133], [-75.2248696186505, 39.9600159931117], [-75.224869856685, 39.9600148180429]]]}}, {"type": "Feature", "properties": {"objectid": 5, "dist_numc": "01", "Shape__Area": 34168000.26171875, "Shape__Length": 32647.777635825096}, "geometry": {"type": "Polygon", "coordinates": [[[-75.1689595076797, 39.9280447307115], [-75.1691312279764, 39.9272641725929], [-75.1691860197764, 39.9270151118108], [-75.1692299670385, 39.9268153420637], [-75.1694960863951, 39.9256056253855], [-75.1695020394043, 39.9255408330956], [-75.169747403241, 39.9244185024283], [-75.1698867246115, 39.9237838087531], [-75.1699706958526, 39.9234012647507], [-75.1700264833103, 39.9231471128349], [-75.1703123182209, 39.9218949564413], [-75.1705833416689, 39.9206627626172], [-75.1708567874029, 39.9194195133277], [-75.1710173135787, 39.9186673951888], [-75.171180689179, 39.9179049387707], [-75.171307504722, 39.9173176785779], [-75.1713975192289, 39.9168940645705], [-75.1714252735315, 39.9167667149374], [-75.171697419014, 39.9154904416856], [-75.1718195885091, 39.9148936475126], [-75.1718408950954, 39.9147933904939], [-75.1718792816389, 39.9146127803266], [-75.1719282712555, 39.9143822770227], [-75.1718960356466, 39.9143244521591], [-75.1718788174477, 39.9142652854878], [-75.1720631498432, 39.9138868397659], [-75.1722812063186, 39.9134028494387], [-75.1723457278677, 39.9132596377099], [-75.1723917729236, 39.9131574355934], [-75.1725151186254, 39.9130418757342], [-75.1726360753015, 39.9124436814246], [-75.1726439507209, 39.9124047355225], [-75.1726556911978, 39.91234050124], [-75.1726638794406, 39.9122957102809], [-75.1727426089549, 39.9119532421824], [-75.1728795583866, 39.9114326755051], [-75.1729151664699, 39.9113013511883], [-75.1729968534246, 39.9108441539131], [-75.1730281720665, 39.9106261718066], [-75.1730544661233, 39.9105224136688], [-75.1732957268788, 39.9092922251149], [-75.1734807256496, 39.9084737984853], [-75.1736434180152, 39.9077291058072], [-75.1736814155565, 39.9075460555428], [-75.1737930930744, 39.9070080748047], [-75.1738389081382, 39.9067873647996], [-75.1741435790086, 39.9054427422153], [-75.1744760273372, 39.903854191767], [-75.1745655187758, 39.9034265602038], [-75.1748971171043, 39.9019562506242], [-75.1752953532516, 39.9002437967788], [-75.175327172371, 39.9001069690354], [-75.1753372081341, 39.9000638133445], [-75.1754088007018, 39.8997342042438], [-75.1754548874339, 39.8995220244012], [-75.1754856599439, 39.8993803490934], [-75.1754866035879, 39.8993772698997], [-75.1755123070323, 39.8992802764315], [-75.1755234533568, 39.8992382160769], [-75.175549872865, 39.8991664913949], [-75.175551231306, 39.8991305795694], [-75.1755749592834, 39.8985034681847], [-75.1755063500039, 39.8980214607777], [-75.1755482661698, 39.8978159538675], [-75.1755793157699, 39.8976637203932], [-75.1756368164851, 39.8973818007304], [-75.1754015975399, 39.8973516928493], [-75.1738786277598, 39.8971567379502], [-75.1738295578782, 39.8971565478232], [-75.1734049661455, 39.8971069703024], [-75.1733565916795, 39.8971019499495], [-75.1733082254273, 39.8970968982251], [-75.1732598676619, 39.8970918079274], [-75.1732115200296, 39.8970866664791], [-75.1731631875128, 39.8970814658831], [-75.1731148693521, 39.8970761953102], [-75.1730665706665, 39.8970708431623], [-75.173018291763, 39.8970654013372], [-75.1729700365917, 39.8970598582105], [-75.1729218055281, 39.8970542038796], [-75.1728736024541, 39.8970484285206], [-75.1728254290164, 39.8970425195562], [-75.17277728786, 39.897036468937], [-75.1727291804949, 39.8970302676868], [-75.1726811037907, 39.897023905824], [-75.1726330565787, 39.8970173833224], [-75.1725850362488, 39.8970107073315], [-75.1725370461712, 39.897003881531], [-75.1724890863803, 39.8969969050209], [-75.1724411554005, 39.8969897858771], [-75.1723932566702, 39.8969825259789], [-75.1723453923908, 39.8969751289801], [-75.1722975588856, 39.8969675993028], [-75.1722497607276, 39.8969599397533], [-75.1722019989493, 39.8969521539586], [-75.1721542699764, 39.8969442436405], [-75.1721065793801, 39.8969362161326], [-75.1720589271264, 39.896928072335], [-75.1720113130108, 39.8969198176492], [-75.1719637380999, 39.8969114548025], [-75.1719162022574, 39.8969029873957], [-75.1718687088875, 39.8968944182086], [-75.1718212403222, 39.8968857504479], [-75.1717737805398, 39.896876974743], [-75.1717263393688, 39.8968680787008], [-75.171678925742, 39.8968590427], [-75.1716315517909, 39.8968498553004], [-75.1715842286155, 39.8968405014343], [-75.1715369673151, 39.8968309660342], [-75.1714897777868, 39.8968212349067], [-75.1714426711642, 39.8968112920841], [-75.1713956596818, 39.8968011234253], [-75.1713487520678, 39.8967907147107], [-75.1713019605906, 39.8967800508991], [-75.1712552963503, 39.8967691169231], [-75.1712087692436, 39.8967578985893], [-75.1711623915393, 39.8967463808566], [-75.1711161948735, 39.8967344698304], [-75.171070243269, 39.8967219579159], [-75.1710245221974, 39.8967088889363], [-75.1709790106375, 39.8966953236877], [-75.1709671974618, 39.8966916736732], [-75.1709917946356, 39.8968963169342], [-75.1709649415244, 39.8969807271016], [-75.1709061199424, 39.8970765645319], [-75.1708079112368, 39.8971715156626], [-75.1707108529509, 39.8972361292946], [-75.170575097925, 39.8972816535071], [-75.170447911968, 39.8973091536838], [-75.1702471296031, 39.8972878490145], [-75.1699703866302, 39.8972584829582], [-75.1695763048692, 39.8972166653444], [-75.1671438640613, 39.8971193719334], [-75.1669633798394, 39.8970970862538], [-75.1666809536778, 39.8970603588857], [-75.1665627942997, 39.8970576966701], [-75.1662152764826, 39.8970741530889], [-75.1658605749308, 39.8970722288476], [-75.1632307527663, 39.8969825477558], [-75.1629318826609, 39.8969636567589], [-75.162233075715, 39.8968779559667], [-75.1592907539499, 39.8965170634671], [-75.1582784235134, 39.8963939808749], [-75.1560728349992, 39.8961376213729], [-75.1541267387699, 39.8958992420413], [-75.15274677679, 39.8957254031321], [-75.1525104490212, 39.8956956300654], [-75.1488379484282, 39.8952479907665], [-75.1453537294132, 39.8948257666654], [-75.1449733798645, 39.8947778669233], [-75.1352705689281, 39.8936010734543], [-75.1380095123491, 39.8887023768513], [-75.1398145508774, 39.8869721195452], [-75.1404901547805, 39.8863244853621], [-75.1426444125093, 39.884414120277], [-75.1463068270328, 39.8833692516094], [-75.1478883549471, 39.8832395475353], [-75.1497086409426, 39.8830902362554], [-75.155882570573, 39.8828739141273], [-75.1673731392826, 39.8826881279388], [-75.1727044207261, 39.882333154666], [-75.1761015843712, 39.8821720077805], [-75.1805969430706, 39.8815010155866], [-75.1853912859347, 39.8810740300185], [-75.1913941669045, 39.8792488507605], [-75.1929198144398, 39.8783813217566], [-75.193512971571, 39.8801145931915], [-75.1946200321793, 39.8845777682567], [-75.1948139163866, 39.8871196803374], [-75.195157132427, 39.8900487572707], [-75.1954685513055, 39.8911360891879], [-75.1968028003321, 39.8923837114767], [-75.1971106888473, 39.8926058852316], [-75.197111242313, 39.8926062849925], [-75.1973305779091, 39.8927645567572], [-75.1976464999912, 39.8929925229928], [-75.1986749309867, 39.8934747139899], [-75.2004429729815, 39.8939545232941], [-75.2023371081694, 39.8941943234656], [-75.205296773943, 39.8946145247238], [-75.2077047079969, 39.8951571234092], [-75.2101539092389, 39.8962769236738], [-75.2108975608017, 39.8969586282331], [-75.2116245372523, 39.8976707159016], [-75.2118008320943, 39.8978433984451], [-75.2122537682082, 39.8982870447523], [-75.2127044211256, 39.8988158338082], [-75.2133999108316, 39.8996962575649], [-75.2140285104511, 39.9004301247047], [-75.2144481107239, 39.9010879248584], [-75.2150311114617, 39.9031084578275], [-75.215415726484, 39.9046420531836], [-75.2154643115352, 39.9048995254783], [-75.2156269116986, 39.9060401260454], [-75.2156597787232, 39.9070126587409], [-75.2156341780656, 39.908368058991], [-75.2153587123034, 39.9092797249499], [-75.2151261121149, 39.9096401258493], [-75.2147297115388, 39.9100772599987], [-75.213835977893, 39.9104541261509], [-75.2130549364044, 39.910585181957], [-75.2125439109692, 39.9106709267344], [-75.2098985094709, 39.9105303279361], [-75.2077707110769, 39.9105800609571], [-75.2068269763119, 39.9109033271662], [-75.2064001091175, 39.9111338604902], [-75.2054189753939, 39.9122612604112], [-75.2048999082959, 39.912972727525], [-75.2047399530506, 39.9132584991544], [-75.2044540076823, 39.9137693546183], [-75.2040245153826, 39.9145476622284], [-75.2034279666117, 39.9156286728334], [-75.2032522247305, 39.9159688262907], [-75.2025406151843, 39.9173461297367], [-75.2023006510423, 39.9178105606106], [-75.2018719688931, 39.918588041304], [-75.201781032091, 39.9187529712805], [-75.2016963787593, 39.9192046111289], [-75.2016987394949, 39.9195285220016], [-75.2017412635526, 39.9196357353021], [-75.2017701636965, 39.9197086067102], [-75.201770282882, 39.9197087985701], [-75.2018687563006, 39.9199570804982], [-75.2018704915158, 39.9199614546996], [-75.2018716597598, 39.9199643467607], [-75.2019031043852, 39.9200392091342], [-75.2022285894467, 39.9203910864217], [-75.202809582918, 39.9207757791233], [-75.2030370035665, 39.9208762528493], [-75.2030561955925, 39.9208805967252], [-75.2036690554257, 39.9210151699842], [-75.2040613552037, 39.9210920701221], [-75.2043946516616, 39.9211110335393], [-75.2048692049996, 39.9210901382491], [-75.2055251100321, 39.9210612524095], [-75.2064244219237, 39.921003019874], [-75.2080916278114, 39.9208950434062], [-75.2082613816088, 39.9208934599224], [-75.2082739741658, 39.9208939535009], [-75.2087803066914, 39.9209246325154], [-75.2091117728574, 39.9209786312332], [-75.2096720038329, 39.9211169280658], [-75.210183143164, 39.9213375631259], [-75.2105108291813, 39.9215371220568], [-75.2105815104902, 39.9215745978114], [-75.2110909113059, 39.921914165819], [-75.2113111421624, 39.9221306461051], [-75.2118392627197, 39.9227753622085], [-75.2118405856371, 39.9227769763553], [-75.2120431084717, 39.9232834626115], [-75.2123511434876, 39.924218354116], [-75.2123539979889, 39.9243801265225], [-75.2123808099888, 39.9258996876141], [-75.212379047407, 39.9259040806404], [-75.2119181420052, 39.9270528875631], [-75.2118085457526, 39.9272485544448], [-75.2113376810282, 39.9280891870451], [-75.2110042976254, 39.9286843572453], [-75.2099902078707, 39.9304946884152], [-75.2099624977154, 39.9305270063291], [-75.2099555913434, 39.930555227751], [-75.2082711114955, 39.932519664481], [-75.2059715100809, 39.9349229312697], [-75.2058818550105, 39.9350312001611], [-75.20586021354, 39.9349908443335], [-75.2044152948982, 39.9329571827843], [-75.203790560663, 39.9328292828519], [-75.2007131479417, 39.9321583000309], [-75.2003542968516, 39.9320769328326], [-75.1996435921313, 39.9319089040426], [-75.1995890862883, 39.9318162830101], [-75.1989734981231, 39.9311685475726], [-75.1984404347054, 39.9305822255999], [-75.1981773480959, 39.9303012142057], [-75.1978512238683, 39.9299982139767], [-75.1976972324633, 39.9298551415627], [-75.1975083146311, 39.9296796166435], [-75.1972384321752, 39.9294288624514], [-75.1969250353578, 39.9291749646844], [-75.1966535584978, 39.9293232584059], [-75.1962078608567, 39.9295555461761], [-75.1961172548192, 39.9296027684425], [-75.195846277612, 39.9297413153496], [-75.1957355846104, 39.9297979109171], [-75.1955853444341, 39.9298828478582], [-75.1951056487058, 39.9301471834943], [-75.1946505938113, 39.930391174609], [-75.1942464076145, 39.9306078906971], [-75.1937823538622, 39.9308551062884], [-75.193382528272, 39.9310898782477], [-75.1933550082427, 39.9311948304323], [-75.1928188521929, 39.9311256324775], [-75.1923254621388, 39.9310636793454], [-75.1917853259704, 39.9309916639965], [-75.1910087552165, 39.9308839631971], [-75.1902238279791, 39.9307884459171], [-75.1889294425774, 39.9306282061886], [-75.1882696191854, 39.9305453379906], [-75.1880628760687, 39.930519080854], [-75.1870291472428, 39.9303909355589], [-75.1862721767753, 39.9302838512581], [-75.185774674348, 39.9302154832857], [-75.1852422715231, 39.9301555625454], [-75.1838241475919, 39.9299646911036], [-75.1836029326227, 39.9299372000961], [-75.1819473184349, 39.9297389934801], [-75.1803702535512, 39.9295309953345], [-75.1799594760024, 39.9294774981008], [-75.1791983433251, 39.929378369857], [-75.1784469873391, 39.9292805090342], [-75.1768740866332, 39.929070982553], [-75.1763369941397, 39.9290091813252], [-75.1758813107302, 39.9289502825894], [-75.1752921804265, 39.9288763303754], [-75.17373062591, 39.9286697370706], [-75.1731638653766, 39.9285970368281], [-75.1727017699728, 39.928529407203], [-75.1721572940456, 39.9284723010758], [-75.1715979995515, 39.9283966118094], [-75.1711396485424, 39.9283380764703], [-75.1708819696702, 39.9283081584874], [-75.1702726391268, 39.928228286496], [-75.1700517453211, 39.9281963937924], [-75.1695834813471, 39.9281421252168], [-75.1692345276735, 39.9280876593381], [-75.1690550849739, 39.9280596510829], [-75.1689808203771, 39.9280480576172], [-75.1689595076797, 39.9280447307115]]]}}, {"type": "Feature", "properties": {"objectid": 6, "dist_numc": "05", "Shape__Area": 33822411.2265625, "Shape__Length": 28776.799820790962}, "geometry": {"type": "Polygon", "coordinates": [[[-75.2313910060045, 40.0834324389945], [-75.231387538758, 40.083423404459], [-75.2313862190029, 40.0834199661876], [-75.2313737947037, 40.0833875979153], [-75.2313704836311, 40.0833789695445], [-75.2313123702391, 40.0832825387773], [-75.2312070517808, 40.0832291284062], [-75.2312567238135, 40.0830538108752], [-75.2312580427051, 40.083049155522], [-75.2312581263423, 40.082978781801], [-75.2312491304165, 40.0829397906685], [-75.2311837914602, 40.0828646946357], [-75.2310691763804, 40.0827920964935], [-75.2309253415502, 40.0827537063864], [-75.2307202578846, 40.0827228438819], [-75.2304161281792, 40.0826782221711], [-75.2303525569305, 40.0826762096045], [-75.2302103557048, 40.0826843771188], [-75.2301229254151, 40.0826893997791], [-75.2299539349878, 40.0826674820732], [-75.2295641727927, 40.0825317462736], [-75.229175550421, 40.0823654499342], [-75.2290334042082, 40.0823077798791], [-75.2289002065813, 40.0822537414114], [-75.2288824629999, 40.0822486066834], [-75.2286482727461, 40.0821631253219], [-75.2283005694393, 40.0820354715412], [-75.228268975802, 40.0820241214335], [-75.2282422862731, 40.082010405691], [-75.2279185862488, 40.0818590406599], [-75.2278904411841, 40.0818467137587], [-75.2276258775707, 40.0816809763568], [-75.2274718141482, 40.0815894186226], [-75.2274030829099, 40.0815453111943], [-75.227350621475, 40.0815069154208], [-75.2272956186558, 40.0814617316227], [-75.227108270835, 40.0812897950437], [-75.2270286440622, 40.081222562994], [-75.2268854615149, 40.081113915383], [-75.2268075545621, 40.0810562705495], [-75.2267316536117, 40.0809972028833], [-75.2266391701611, 40.0809215144815], [-75.2265564316533, 40.0808497970977], [-75.2264815543059, 40.0807804119322], [-75.2264137343617, 40.080712609747], [-75.2263399499646, 40.0806329627419], [-75.2262732268173, 40.0805551420795], [-75.226213204066, 40.0804787262931], [-75.2261596936055, 40.0804034743018], [-75.226113411775, 40.0803314110609], [-75.2260705955694, 40.0802578787004], [-75.2260519704424, 40.0802274422886], [-75.2259948888532, 40.0801252432673], [-75.2259759732244, 40.0800840831463], [-75.2259615578488, 40.0800456086036], [-75.225956938786, 40.080030988558], [-75.2259515583682, 40.0800069490256], [-75.2259442818908, 40.0799451081237], [-75.2259383606629, 40.0799172896604], [-75.2259303327775, 40.0798946425842], [-75.2259195777647, 40.0798715571984], [-75.2258892752397, 40.079822843535], [-75.2258546610654, 40.0797784176017], [-75.2257721129907, 40.0796820102559], [-75.2257407196405, 40.0796408337277], [-75.2256349726779, 40.079487744318], [-75.2255708904565, 40.0793888754334], [-75.2255093875375, 40.0792890008919], [-75.2254868025112, 40.0792532579401], [-75.2254677541712, 40.0792231139568], [-75.2251909258977, 40.0787850173178], [-75.2251022667223, 40.0786393710346], [-75.2251016046854, 40.0786382509711], [-75.2251012063517, 40.0786375772869], [-75.2248615723923, 40.078232028952], [-75.2246984428262, 40.0778123864787], [-75.2246977181473, 40.0778106811921], [-75.2246969935354, 40.077808974105], [-75.2246831615196, 40.077772725029], [-75.2246077832943, 40.0775751890639], [-75.2245971863791, 40.0775589356397], [-75.2245750197723, 40.0774915416527], [-75.2244252903292, 40.0771305424166], [-75.2242862535827, 40.0769128936188], [-75.2242802481832, 40.0769020371091], [-75.2241108665028, 40.0766498221899], [-75.2240713399261, 40.0765862415707], [-75.2240509392255, 40.0765493966345], [-75.2237408370391, 40.0760773918596], [-75.2237299265185, 40.0760607845679], [-75.2235546842369, 40.0757554983773], [-75.2234061234872, 40.0753461209488], [-75.2233952170456, 40.075315210425], [-75.2233512083267, 40.0752066047009], [-75.2232960311559, 40.0750212688985], [-75.2230926241436, 40.0747141679329], [-75.2230242907829, 40.0745593503986], [-75.2229867435378, 40.074424950556], [-75.2229910964736, 40.074259294819], [-75.2230201553869, 40.0741309870557], [-75.2230555032733, 40.0739510410205], [-75.2230555985933, 40.0739505601833], [-75.2230557641038, 40.073948856438], [-75.2230708931574, 40.0739291879219], [-75.2231065355762, 40.0738664938623], [-75.2231138128264, 40.0738275227816], [-75.2231423619745, 40.073762688757], [-75.2231780344706, 40.0737037164466], [-75.2234939923066, 40.0734486962431], [-75.2239591313772, 40.0731331496055], [-75.2239926852802, 40.0731195730418], [-75.2240298642808, 40.0730973365041], [-75.2240700896526, 40.0730820739352], [-75.2241499393044, 40.0730410768041], [-75.2241653162258, 40.0730345158601], [-75.2243711499197, 40.0729360677539], [-75.2249610897639, 40.072653811734], [-75.2251940593629, 40.0724639029803], [-75.2252155572554, 40.072438300525], [-75.225481394049, 40.0721867519159], [-75.2254829350039, 40.0721831619698], [-75.2255944494833, 40.0719234016977], [-75.2256153114084, 40.0718755522792], [-75.2256251986353, 40.0718528761151], [-75.2256365170825, 40.0716999197462], [-75.2256037456265, 40.0716077048394], [-75.225600274959, 40.0716013513754], [-75.225532601755, 40.0715018321453], [-75.2254879217035, 40.0714611501328], [-75.2254342737742, 40.0714192962167], [-75.2253596346123, 40.0713731554985], [-75.2250475327352, 40.0711366008711], [-75.2247753576336, 40.0709530515334], [-75.2241621309658, 40.0705306584054], [-75.2240933765604, 40.0704831207839], [-75.2239196604609, 40.0703630127612], [-75.2237458072915, 40.0702492462515], [-75.2234049132848, 40.0700096419923], [-75.2231629757666, 40.0698455112527], [-75.2231404344776, 40.0698287328216], [-75.2229678800507, 40.0697002911986], [-75.2225989775833, 40.0693726440642], [-75.2224343708197, 40.069188365137], [-75.2223423136314, 40.069085304509], [-75.2223308252889, 40.0690743921387], [-75.2223297113164, 40.0690729098257], [-75.2222271004528, 40.0689613377134], [-75.2221380908881, 40.0688734374145], [-75.2219182134319, 40.0686688425382], [-75.2218430664093, 40.0686031816925], [-75.2215859769832, 40.0683785429109], [-75.2214418801577, 40.0682557056891], [-75.2212919861337, 40.0681279248841], [-75.2210104733435, 40.0678331913312], [-75.2208171860822, 40.0676387065112], [-75.2206376609857, 40.0674671951153], [-75.2205981034393, 40.0674121907754], [-75.2205287305441, 40.0672494648112], [-75.2205218166713, 40.0672287627123], [-75.2205056031786, 40.0671802331809], [-75.2204922513286, 40.0670879223912], [-75.2204351809493, 40.0668952486752], [-75.2203628628131, 40.0666186043347], [-75.2203628008625, 40.0666184416927], [-75.2203627927409, 40.0666183135725], [-75.2203290170127, 40.0664790734742], [-75.2203206580117, 40.0663912811394], [-75.2203410399073, 40.0662834995305], [-75.2203594607662, 40.0662464461574], [-75.2204486652714, 40.0661637757662], [-75.2205662842662, 40.0660709593847], [-75.2208181071582, 40.0658703041191], [-75.2210035994245, 40.0657297400016], [-75.2210669357542, 40.0656681111074], [-75.2211200739428, 40.0656164038523], [-75.2213226564723, 40.0654786399448], [-75.2213831747846, 40.0654441796581], [-75.2214721133907, 40.0654021474719], [-75.2218367795549, 40.0652224858803], [-75.2218815291772, 40.0652004382974], [-75.2222476289357, 40.0650299214564], [-75.2222776396387, 40.065019347125], [-75.2223167830507, 40.0650006205577], [-75.223118066374, 40.0646747649801], [-75.2234146799386, 40.0645081377562], [-75.2234949350716, 40.0644026272436], [-75.2235686691699, 40.0642043203977], [-75.2235024410242, 40.0639210077959], [-75.2234162126799, 40.0637672590236], [-75.2232925822799, 40.0636088224595], [-75.2232008006281, 40.0634911984174], [-75.2231314682388, 40.0634278745008], [-75.2226665068464, 40.0630031998126], [-75.22236694822, 40.0625866586155], [-75.2222877970494, 40.0624765970645], [-75.2221581538157, 40.0621920343954], [-75.2221522010023, 40.0621774505672], [-75.2218838127223, 40.0613959679215], [-75.2217628636946, 40.0610910695216], [-75.2217188577588, 40.0610003251216], [-75.2215709657631, 40.0606897844398], [-75.2215618489808, 40.0606744615095], [-75.2215311549019, 40.0606228807121], [-75.2214759123846, 40.060549794418], [-75.2214128781965, 40.0604569832158], [-75.2210250163111, 40.0601122925766], [-75.2209780190392, 40.0600624836283], [-75.2205791842427, 40.0597673803357], [-75.2204287767175, 40.0595219976028], [-75.2204287341468, 40.0595219128729], [-75.2202244432818, 40.0591344502795], [-75.2200254219968, 40.0587521083312], [-75.2200167262479, 40.0587268637546], [-75.2199637863784, 40.0586271749917], [-75.2197951806385, 40.0583096811885], [-75.2197110879014, 40.0581563664083], [-75.2195497231805, 40.0579413992516], [-75.2194832123073, 40.0578892452423], [-75.2193649892373, 40.0577921718931], [-75.2193648037784, 40.0577920200449], [-75.2192056870578, 40.057661365763], [-75.2190835509879, 40.0575484483857], [-75.219083489772, 40.0575483920765], [-75.2190828981295, 40.0575478447527], [-75.2188743984193, 40.0573550776576], [-75.2186805875788, 40.0571627013544], [-75.2184167645665, 40.0567451492652], [-75.2182928938232, 40.0566032608471], [-75.2179167235122, 40.0561085472759], [-75.217878438117, 40.0559475963514], [-75.2177791646099, 40.0554801281594], [-75.2177857130286, 40.0554286714899], [-75.2178050021309, 40.0553922206195], [-75.2178225465297, 40.055359068586], [-75.21777299762, 40.0551380873064], [-75.2177729589286, 40.0551378359765], [-75.2177079089501, 40.0546160755465], [-75.2176142029623, 40.0540318227492], [-75.2176007189289, 40.0539516458315], [-75.2175833430164, 40.0538725814508], [-75.217562075204, 40.0537946305057], [-75.2175369143661, 40.0537177920679], [-75.2175078616527, 40.0536420670609], [-75.2174749171088, 40.0535674545816], [-75.2174380795743, 40.0534939546007], [-75.2173973501979, 40.0534215680408], [-75.2173585932435, 40.0533592566483], [-75.2173357668456, 40.0533144315929], [-75.2173106958651, 40.0532566178292], [-75.2172829266706, 40.0531823581395], [-75.2172528173292, 40.0531145051997], [-75.2172071409475, 40.0530232345207], [-75.2171716715856, 40.0529537722382], [-75.2171475719966, 40.052912720377], [-75.2171153821992, 40.0528661499357], [-75.2170841365859, 40.0528275164633], [-75.2170599130075, 40.0528017535742], [-75.2170563913852, 40.0527980052685], [-75.2170113668311, 40.0527452502889], [-75.2169311035378, 40.0526394478724], [-75.2168968520549, 40.0525970440687], [-75.2168581046274, 40.0525550393733], [-75.2168193970269, 40.0525201651344], [-75.2167674110131, 40.0524826672127], [-75.2167036125866, 40.0524452034224], [-75.2166395030736, 40.0524126188444], [-75.2164882096085, 40.0523407878185], [-75.2164199827756, 40.0523049353989], [-75.216264773761, 40.0522155248498], [-75.2161116622946, 40.0521239574058], [-75.2159606472113, 40.0520302330492], [-75.215811730826, 40.0519343527401], [-75.2153811939592, 40.0516132934733], [-75.2152134848846, 40.0514374306089], [-75.2151572891484, 40.0513811054867], [-75.2151290828578, 40.0513528333034], [-75.2149088832385, 40.0511750287957], [-75.2145512250093, 40.050795068747], [-75.2143274370647, 40.0504463059352], [-75.2141959129646, 40.0501464996111], [-75.2139812439059, 40.0498046182122], [-75.2138163805303, 40.0493921587865], [-75.2137073700142, 40.0492477088312], [-75.2136504654642, 40.0490761944143], [-75.2136231856115, 40.0490093191744], [-75.2136325440101, 40.0488917616855], [-75.2136533862358, 40.0488294862239], [-75.2136278280668, 40.0487357505844], [-75.2135468834635, 40.0486189905944], [-75.2135192449139, 40.0485938317441], [-75.2131594284732, 40.0482797515679], [-75.2129445820699, 40.0481767773696], [-75.2128682345708, 40.0481190031576], [-75.2128678859579, 40.0481187008317], [-75.2128270803311, 40.048074214701], [-75.2127827514412, 40.0480329357808], [-75.2127348993218, 40.0479948631668], [-75.2126835228008, 40.0479599968287], [-75.2126316992578, 40.0479318501532], [-75.2125017542046, 40.0478722539273], [-75.2123536225697, 40.0477948503122], [-75.2122456703554, 40.047733906973], [-75.2121527260792, 40.0476752115058], [-75.2120730661066, 40.0476173905881], [-75.2120126465052, 40.0475658214526], [-75.2119344813105, 40.0474905180353], [-75.2118593745484, 40.047418359948], [-75.2117067954539, 40.0472887163746], [-75.211671265836, 40.04725528361], [-75.2116419281174, 40.0472239329094], [-75.2115992383905, 40.0471755997597], [-75.2115797455432, 40.0471449864576], [-75.2115669738942, 40.0471080723184], [-75.2115576039499, 40.0470722676926], [-75.2115523640139, 40.047042673013], [-75.2115506599782, 40.0470158964052], [-75.211552513386, 40.0469913932412], [-75.2115587122308, 40.0469635181531], [-75.2115774098441, 40.0469186804334], [-75.2115994381332, 40.0468742172423], [-75.2116275858302, 40.0468259681176], [-75.2117239732946, 40.0466827361157], [-75.2117402970387, 40.0466587617149], [-75.2117667519302, 40.0466227909134], [-75.2117910672209, 40.046586069151], [-75.2118161831276, 40.046543613996], [-75.2118357285989, 40.0465064714858], [-75.2118491963875, 40.0464763242938], [-75.2118571920624, 40.0464533750116], [-75.2118629326773, 40.0464303488741], [-75.2118736762416, 40.0463774083795], [-75.2118801725516, 40.0463533600861], [-75.2118896798563, 40.0463276078556], [-75.2119031700838, 40.0462958249396], [-75.2119154394257, 40.0462691318218], [-75.2119286912007, 40.0462424694189], [-75.2119433081547, 40.0462150704267], [-75.2119592837553, 40.0461869527206], [-75.2119807874536, 40.0461515491344], [-75.2120171796538, 40.0460998825855], [-75.2120251950888, 40.0460874348746], [-75.2120317090816, 40.0460760442001], [-75.2120421887552, 40.046054883309], [-75.2120503555413, 40.0460358814689], [-75.2120567155186, 40.0460172307438], [-75.2120620177086, 40.045997115951], [-75.2120658612536, 40.0459781050919], [-75.2120691432982, 40.0459569302417], [-75.2120784418457, 40.0458710605279], [-75.2120840973138, 40.0458341030542], [-75.2120901939532, 40.0458052219719], [-75.2120977836013, 40.0457730014347], [-75.2121301031416, 40.0456486090348], [-75.2121427436476, 40.0455955311299], [-75.2121486383661, 40.0455669384091], [-75.212153376502, 40.0455401500653], [-75.2121569652516, 40.0455153185267], [-75.2121601418142, 40.0454873712369], [-75.2121606015433, 40.0454826961981], [-75.2121633816089, 40.0454485493839], [-75.2121657750328, 40.0454050245382], [-75.2121706056856, 40.0452462472761], [-75.212171563131, 40.0451921246893], [-75.2121722653222, 40.045064647928], [-75.212173896903, 40.0450017473838], [-75.2121774647219, 40.0449440613507], [-75.2121879958834, 40.0448387996273], [-75.212191427537, 40.0447955049474], [-75.2121932987568, 40.044743561341], [-75.2121932719853, 40.0446839074], [-75.2121905778482, 40.0445962410324], [-75.2121835058147, 40.0444506635341], [-75.2121774467041, 40.0443638562587], [-75.2121699485363, 40.0442866578804], [-75.2121662014535, 40.0442530047699], [-75.2121559002295, 40.044171797185], [-75.2121500347479, 40.0441313127482], [-75.2121439361809, 40.0440948037756], [-75.2121369808419, 40.044059011089], [-75.2121293678931, 40.0440254113211], [-75.212121262075, 40.0439945207799], [-75.212111808579, 40.0439632418655], [-75.2120968070856, 40.0439189425724], [-75.2120502868141, 40.0437889943965], [-75.2119816329901, 40.0436082003208], [-75.2119583871296, 40.0435450906895], [-75.2119375118847, 40.0434842949394], [-75.2119183980006, 40.0434177491818], [-75.2119107484603, 40.0433934378882], [-75.2119014870855, 40.0433688116701], [-75.2118901667435, 40.0433442597901], [-75.2118723695717, 40.0433107431154], [-75.2118523320416, 40.0432779508934], [-75.2118300564311, 40.0432458849751], [-75.2118055416723, 40.0432145426326], [-75.2117787877002, 40.0431839256649], [-75.2117497945171, 40.0431540340706], [-75.2117185621585, 40.0431248669477], [-75.2116850893877, 40.0430964260689], [-75.2116849707175, 40.0430962765837], [-75.2114761444818, 40.0429250652966], [-75.2114481372575, 40.0429021033718], [-75.2114480724124, 40.0429020505818], [-75.211384668413, 40.0428500672611], [-75.2113244408501, 40.042765103642], [-75.2112356317048, 40.0425993761065], [-75.2112100200047, 40.0425427849986], [-75.211114047455, 40.0423880606133], [-75.2110595987838, 40.0423002764946], [-75.2109740368071, 40.0421367756888], [-75.2109125355491, 40.0419113178316], [-75.2108738311367, 40.0418307355305], [-75.2108286015299, 40.0417198408017], [-75.2107622547545, 40.0414679187848], [-75.2107299004058, 40.0414109379289], [-75.2107215251693, 40.0413621798901], [-75.2107123028823, 40.0413084908746], [-75.2106610470047, 40.0411730457515], [-75.2105275989773, 40.0408204031248], [-75.2103580208956, 40.0405198672951], [-75.21019094806, 40.0402596126136], [-75.2100799009455, 40.0400550106206], [-75.2096690705391, 40.0394816453403], [-75.2094683570999, 40.0391857479354], [-75.209197486224, 40.0388676202928], [-75.2089919854838, 40.0386262653377], [-75.2089648957942, 40.0385992171844], [-75.2086274398747, 40.0382919623407], [-75.2084526567187, 40.0381900130208], [-75.2079503265061, 40.0379131106242], [-75.2077992002895, 40.037824394245], [-75.2076534066689, 40.037731456471], [-75.2075129456497, 40.0376342973227], [-75.2073778184064, 40.0375329168455], [-75.2072413792405, 40.037424764967], [-75.2071959765052, 40.0373852024037], [-75.2071571701317, 40.0373480374573], [-75.2071234092826, 40.0373114563242], [-75.2070409666628, 40.0372148097589], [-75.2069899812643, 40.0371625734666], [-75.2068574051809, 40.037036546075], [-75.206822771587, 40.0370000842763], [-75.2067938442869, 40.0369660598826], [-75.2067531772188, 40.0369125607873], [-75.2067148778716, 40.0368701063167], [-75.2066798136793, 40.036826622445], [-75.2066479869461, 40.0367821101272], [-75.2066193965295, 40.0367365684398], [-75.2065999485852, 40.0366985471242], [-75.2065829992375, 40.0366549408664], [-75.2065693808364, 40.0366103442838], [-75.2065374403494, 40.0364910282974], [-75.2065136167156, 40.036425331323], [-75.2064822611316, 40.0363586863806], [-75.2064448836561, 40.0362875832666], [-75.2064006054994, 40.0362102311446], [-75.2063439958196, 40.0361171294102], [-75.2063262737814, 40.0360916755849], [-75.2062816620991, 40.0360363626235], [-75.2062635753597, 40.0360114458163], [-75.2062482379624, 40.0359841049343], [-75.2062394873264, 40.0359583803619], [-75.2062366024201, 40.0359430318843], [-75.2062254100276, 40.0359091496273], [-75.2062076244488, 40.0358758871981], [-75.2061839588683, 40.0358445758506], [-75.2061554104339, 40.0358165387118], [-75.206147281585, 40.0358098759704], [-75.2061309009158, 40.0357941087517], [-75.2061170966361, 40.0357772164793], [-75.2061058722583, 40.0357591992319], [-75.2060972242675, 40.0357400569325], [-75.2060911550378, 40.0357197887333], [-75.2060876633625, 40.035698395509], [-75.2060867504103, 40.0356758772858], [-75.2060884150077, 40.0356522340378], [-75.2060055627376, 40.0353648950531], [-75.2059473947395, 40.0352590832889], [-75.2059005506682, 40.0351839860777], [-75.2057545771474, 40.0350531690203], [-75.2056908847158, 40.035011282423], [-75.2055035071173, 40.0349297038788], [-75.2055032430031, 40.0349295890065], [-75.2049712023307, 40.0347905435405], [-75.2049415535279, 40.0347862780507], [-75.2043846419345, 40.0346872066677], [-75.2043046028284, 40.0346636933049], [-75.2042237765958, 40.0346449161244], [-75.2041421609118, 40.0346308741723], [-75.2040597580684, 40.0346215683991], [-75.2040031474056, 40.034618157425], [-75.2039427500882, 40.0346171069005], [-75.2038780450087, 40.0346184034657], [-75.2038077078866, 40.034622071816], [-75.2037165958189, 40.0346286745303], [-75.203652440653, 40.0346356513641], [-75.2035957324726, 40.0346451169509], [-75.2035458407037, 40.0346573825832], [-75.203494122726, 40.0346752083336], [-75.2034169245882, 40.0347074059286], [-75.203333188031, 40.0347438238537], [-75.2032694598244, 40.0347744333199], [-75.2032072380412, 40.0348090333569], [-75.2031641978505, 40.0348378994498], [-75.2031195049193, 40.0348731989754], [-75.2029567841006, 40.0350204562041], [-75.2028566775415, 40.0351037268967], [-75.2027661160095, 40.0351888904639], [-75.2026822796452, 40.0352781558149], [-75.2026051684264, 40.0353715238644], [-75.2025347824343, 40.0354689928254], [-75.2020904312952, 40.0360516537111], [-75.201985711033, 40.0361708830752], [-75.2018062757726, 40.0363297089803], [-75.2017369042857, 40.0363814984502], [-75.2017091086359, 40.0364027860405], [-75.2015899283694, 40.0364714174064], [-75.2015128886284, 40.0364927313854], [-75.2014324159063, 40.03647820384], [-75.2009625731558, 40.0361933303712], [-75.2009481457209, 40.0361748351537], [-75.2009311582241, 40.0361330615727], [-75.2009101807802, 40.0361052658938], [-75.2009070533421, 40.0360817704118], [-75.2008486322494, 40.0359926251495], [-75.2008435624686, 40.0359671349844], [-75.2008512058441, 40.0359458301204], [-75.2008529731474, 40.0359096093857], [-75.2008557709432, 40.035852227143], [-75.2008827626083, 40.0357884044914], [-75.2009078760584, 40.0357473093925], [-75.2009072504638, 40.0357018957776], [-75.2009014314897, 40.0356834005914], [-75.2007789316798, 40.0354898638085], [-75.2006483833231, 40.0353235062851], [-75.2006039421451, 40.035271059076], [-75.2005048744992, 40.0351541389807], [-75.2004791472474, 40.0350955676364], [-75.2003855005616, 40.0349140829502], [-75.2002578430801, 40.0346201394959], [-75.2001056115356, 40.0341612037164], [-75.2000573372837, 40.0340636219116], [-75.2000227884237, 40.0339937830632], [-75.2000139426022, 40.0339600233996], [-75.2000081797753, 40.033918956572], [-75.2000056449249, 40.0338781100773], [-75.2000063380113, 40.033837484816], [-75.2000102578915, 40.0337970798617], [-75.2000204546334, 40.0337467203278], [-75.2000405539596, 40.0336793777959], [-75.2000414217406, 40.0336766841416], [-75.200084668726, 40.0335344559728], [-75.2001092044311, 40.0334537608491], [-75.200120028364, 40.0334095096183], [-75.2001239895755, 40.0333745845792], [-75.2001257490895, 40.0332884471949], [-75.2001290259054, 40.0332652172994], [-75.2001345969778, 40.0332446278221], [-75.2001450210397, 40.033218037285], [-75.2001567208987, 40.0331879070986], [-75.200206336572, 40.0330589073551], [-75.2002387859157, 40.0329804313718], [-75.2002746374031, 40.0329121996299], [-75.2002813873758, 40.0328947033331], [-75.2002849492302, 40.0328787661746], [-75.20028575226, 40.0328383920312], [-75.2002778276871, 40.0328001099796], [-75.2002711898718, 40.0327848582026], [-75.2002611207569, 40.0327684039957], [-75.2002178374024, 40.0327129576236], [-75.200172760714, 40.0326494957394], [-75.2001423930999, 40.032616163781], [-75.2001055425036, 40.0325865153427], [-75.2000638918117, 40.0325602454006], [-75.2000174410235, 40.0325373539493], [-75.1999661901369, 40.0325178409831], [-75.1997442469331, 40.0323805745223], [-75.1996647109206, 40.0323315273568], [-75.1996656948428, 40.0323305463887], [-75.1995537133444, 40.0322627405804], [-75.1993394473099, 40.032127328659], [-75.1992415661589, 40.0320732615307], [-75.1991906285445, 40.0320374451977], [-75.1989433283079, 40.0318635575772], [-75.198730433929, 40.0317521479336], [-75.1986041206344, 40.0316531057492], [-75.1984205317625, 40.0314856184269], [-75.1982031424536, 40.0312129732746], [-75.1981586385466, 40.0311354135382], [-75.1980662599499, 40.0309143719425], [-75.1980580038922, 40.0308169917987], [-75.1980765075132, 40.0307471669939], [-75.1981118525531, 40.0306203936312], [-75.1981188509857, 40.0305873831813], [-75.1981278011758, 40.0305451699967], [-75.1981319264042, 40.0305128570532], [-75.1981465139128, 40.0303985824978], [-75.1981987456959, 40.0301320016406], [-75.1982257138163, 40.0299782850118], [-75.1983313792518, 40.0296338570763], [-75.1983349203655, 40.0295030090816], [-75.1983214603472, 40.0293807474397], [-75.1983205833091, 40.0293780132289], [-75.1983186372993, 40.0293719449791], [-75.1983170059899, 40.0293668586075], [-75.198314022486, 40.0293575543265], [-75.1983094128193, 40.0293431827091], [-75.1982917140437, 40.0292879949195], [-75.1982644897216, 40.0292031074254], [-75.1982623151, 40.0291963241038], [-75.1982566669303, 40.0291787128256], [-75.1982563889547, 40.0291778452895], [-75.1982562252899, 40.0291773352889], [-75.1982561633047, 40.0291771447008], [-75.198256056379, 40.0291768089536], [-75.1982524208445, 40.0291663927605], [-75.198184401509, 40.0289773176374], [-75.1981607201138, 40.0289114875809], [-75.1980848440228, 40.0287271167454], [-75.1980241438532, 40.0286335781139], [-75.1980071494903, 40.0286073894184], [-75.1979737412991, 40.0285559070021], [-75.1979694594062, 40.0285448844752], [-75.197964750917, 40.0285327703626], [-75.1979621060211, 40.0285259648708], [-75.1979610756941, 40.0285233182515], [-75.1978890354557, 40.0283379503952], [-75.1978655876034, 40.0283019540942], [-75.1977958636075, 40.0281949159719], [-75.1977704046484, 40.028155834067], [-75.1977636655848, 40.0281411511058], [-75.197758960894, 40.0281309012451], [-75.1977543557148, 40.0281208725395], [-75.1977525813413, 40.0281170056412], [-75.1977516507995, 40.0281149784251], [-75.1977502859074, 40.0281120036109], [-75.1977497712638, 40.0281108848397], [-75.1977493922023, 40.0281100565018], [-75.1977489945195, 40.028109193512], [-75.1977479243208, 40.0281068595538], [-75.1977455204488, 40.0281016244564], [-75.1977428111216, 40.0280957230357], [-75.1977152696563, 40.028035724878], [-75.1976855086921, 40.0279602296704], [-75.1976502451868, 40.0277776773886], [-75.1974825068626, 40.0276356758382], [-75.1973878500199, 40.0275726235142], [-75.197330914282, 40.0275440197206], [-75.1972720240853, 40.0275182403505], [-75.1972153965869, 40.0274965567547], [-75.1971640039494, 40.0274798432059], [-75.1970954130355, 40.0274626022629], [-75.1970148154594, 40.027447681151], [-75.1969433866204, 40.0274393654472], [-75.1967922341073, 40.0274293836113], [-75.1966702175903, 40.027414989327], [-75.1966387289114, 40.0274129656506], [-75.1966105156219, 40.0274129465434], [-75.196573369642, 40.0274151588281], [-75.1965395859089, 40.0274189982892], [-75.196515282648, 40.0274236161685], [-75.196488893278, 40.0274307861553], [-75.1964035419861, 40.0274607577804], [-75.1963714334671, 40.0274705666558], [-75.1962902782012, 40.0274906871141], [-75.1962101576586, 40.0275076959306], [-75.1961313471762, 40.0275215334569], [-75.1960540555308, 40.027532164694], [-75.1959550399831, 40.0275407837489], [-75.1958080000261, 40.0275474309227], [-75.195706694901, 40.0275520785713], [-75.1955953776546, 40.0275548762211], [-75.1955075570639, 40.0275514776178], [-75.1954457737889, 40.0275433232723], [-75.1952919795527, 40.0275112313101], [-75.1952545056306, 40.0275050276982], [-75.1952207070582, 40.0275011934866], [-75.1951478126971, 40.0274975022561], [-75.1950668806933, 40.0274980434842], [-75.1949775633343, 40.0275025265027], [-75.1948445058903, 40.0275127442625], [-75.1947048678836, 40.027524570607], [-75.1946573340611, 40.0275306759421], [-75.1946149753561, 40.0275380091513], [-75.1945312719452, 40.0275560624398], [-75.1945015721114, 40.0275646125339], [-75.1944756324543, 40.0275739941275], [-75.1944255152069, 40.027597661035], [-75.1943303924078, 40.0276381933262], [-75.1942323199091, 40.027674419767], [-75.1941312977588, 40.0277063394497], [-75.1940273271089, 40.0277339532928], [-75.1938302009076, 40.0277819638036], [-75.1936126785163, 40.027780288138], [-75.1934800750621, 40.0277621273649], [-75.1933204248618, 40.0277071276807], [-75.19330303126, 40.0276994315007], [-75.1931353921377, 40.0275510545945], [-75.1931354431608, 40.0275507268635], [-75.1931424318548, 40.0275062088068], [-75.1931609541007, 40.0274619475315], [-75.1931690552562, 40.0274425922936], [-75.193169494463, 40.0274415424896], [-75.1932093583734, 40.0273462783059], [-75.1932313429636, 40.0273077028635], [-75.1932322803997, 40.0272913425539], [-75.1932530980059, 40.0272640820826], [-75.1932804564857, 40.0272130239081], [-75.1932846511241, 40.0271979966196], [-75.1934075039042, 40.0271217125317], [-75.1935399697556, 40.0270279591808], [-75.1936121903254, 40.026947368119], [-75.1936813263146, 40.0268534500607], [-75.1937049881221, 40.0268213027011], [-75.1937838558775, 40.0267311899127], [-75.1939756998134, 40.0265638121314], [-75.1942273324307, 40.0263953463582], [-75.1944173541185, 40.0262762788681], [-75.1945293717569, 40.0261916669046], [-75.1948880753468, 40.0258951464844], [-75.1949945848333, 40.0258036467946], [-75.1950987599563, 40.0256557786641], [-75.1951651867405, 40.0254727414769], [-75.1951764011078, 40.0254109774951], [-75.1952243189687, 40.0251487122034], [-75.1952310216463, 40.0250253146159], [-75.1952400175905, 40.0249098950867], [-75.1952584896841, 40.0248310410165], [-75.1952949921056, 40.0247674870684], [-75.1953486733873, 40.024666719034], [-75.195363528159, 40.0245955051917], [-75.1953702161402, 40.0245634448455], [-75.1953702788452, 40.0245631489088], [-75.1953804907662, 40.0245141848132], [-75.195403607498, 40.0244662096717], [-75.1954639938751, 40.0243725546147], [-75.1957780971496, 40.0241531557757], [-75.195778174159, 40.0241531025273], [-75.1957786267122, 40.0241527864293], [-75.1958890880565, 40.0240851937519], [-75.1960233585694, 40.0240030287515], [-75.1961331987982, 40.0239379763846], [-75.1962188781585, 40.0238896705944], [-75.196219839624, 40.0238891288479], [-75.1962480593996, 40.0238713687022], [-75.1962529795589, 40.0238679660009], [-75.1962733137466, 40.0238538985018], [-75.1962733834923, 40.0238538513986], [-75.1965863575705, 40.0236564206694], [-75.1970029302878, 40.0234206633492], [-75.1972877936055, 40.0232842102163], [-75.1974043575241, 40.0232283738552], [-75.1976373040252, 40.0231019356065], [-75.1981035718931, 40.0228926016992], [-75.1981642727001, 40.0228642616048], [-75.1983141648869, 40.0228126076967], [-75.1983266730762, 40.0228088644524], [-75.1987114491375, 40.0226869410802], [-75.1988654214354, 40.0226284826358], [-75.1989921012076, 40.0225865574984], [-75.199008358686, 40.0225798737014], [-75.199451243861, 40.0223865529788], [-75.1994696151874, 40.0223785339287], [-75.199524431744, 40.0223531907304], [-75.199579017975, 40.0223218435082], [-75.1997948014557, 40.0222103423215], [-75.2001772572866, 40.0218812255165], [-75.2004815047977, 40.0215617877774], [-75.2005841417491, 40.0213860444008], [-75.2006657572201, 40.0212150231365], [-75.2007075725539, 40.02107172602], [-75.2008241769229, 40.0208359225988], [-75.2009182260565, 40.0206569465306], [-75.2009337270697, 40.0206103168142], [-75.2010103641766, 40.0204304505004], [-75.2010666242401, 40.0202767609851], [-75.2012267999643, 40.0200218364969], [-75.2015749649832, 40.0194635670915], [-75.201591757669, 40.0194366384722], [-75.2018940790347, 40.0188788356458], [-75.2022369426737, 40.0182681489901], [-75.2022608042858, 40.0182256492168], [-75.2023750367345, 40.0179681217672], [-75.2026079725261, 40.0174747853312], [-75.2026437389491, 40.0173756557554], [-75.2027402760172, 40.0171425193216], [-75.2027887359915, 40.0170405637384], [-75.2028507252598, 40.0169101419334], [-75.2029091789493, 40.0168146023906], [-75.2029665767252, 40.0167414536506], [-75.20307948248, 40.0166089725009], [-75.2031223166744, 40.016565238257], [-75.2032364403309, 40.0164888281629], [-75.2032621001916, 40.0164787924825], [-75.203571424813, 40.0163697161709], [-75.2038535394543, 40.0163513144735], [-75.2040336241641, 40.0163517882713], [-75.2040595189546, 40.0163518560636], [-75.2043715237054, 40.0164095585828], [-75.2049124799315, 40.0165496321907], [-75.2051611791117, 40.0165990573975], [-75.2052403899259, 40.0166020616962], [-75.2052992121773, 40.0165970925307], [-75.2053546417896, 40.016580843286], [-75.2056321192808, 40.0164620655142], [-75.2056917210774, 40.0164375130228], [-75.2060119767271, 40.0162306938678], [-75.2061363702309, 40.0160963605384], [-75.2063515029344, 40.0158162647952], [-75.2064069113926, 40.0156157614826], [-75.2064200202374, 40.0155758933121], [-75.2064358638411, 40.0155351243519], [-75.2064684187111, 40.0154513504382], [-75.2065577079277, 40.0152215779977], [-75.2065610482514, 40.015216430683], [-75.2066812683272, 40.0150141021659], [-75.2067071012871, 40.0149105275499], [-75.2067259621979, 40.0148349088601], [-75.2067263718576, 40.0148332636944], [-75.2067269176996, 40.0148310800429], [-75.2068727249972, 40.0144483041088], [-75.2069195053372, 40.0143254975065], [-75.2070051044766, 40.0141007778547], [-75.2070060182419, 40.0140983752983], [-75.2071790411508, 40.0136575195422], [-75.2072789936144, 40.0134028394229], [-75.2073612321783, 40.0131932909797], [-75.207361848791, 40.0131913755895], [-75.2074783935069, 40.0128289686663], [-75.2075275546503, 40.0126837381866], [-75.2076024078333, 40.0127286689873], [-75.2076310453696, 40.0127458545024], [-75.2086537567647, 40.0134477342784], [-75.2100090785882, 40.0141145174924], [-75.2116643264501, 40.0151275200023], [-75.2130855450064, 40.0162485467963], [-75.2138514440131, 40.0169305497531], [-75.2146462129512, 40.017825451169], [-75.2154257872531, 40.0186351100431], [-75.2162579159981, 40.0195166692656], [-75.2173464625716, 40.0204321852153], [-75.2185648267439, 40.0213222462424], [-75.2193912834157, 40.0218640419363], [-75.2205653657449, 40.0222153776062], [-75.2212599931923, 40.0223438763278], [-75.2222241730655, 40.0226481172913], [-75.22304857043, 40.0232464508451], [-75.2239475968648, 40.0238181005479], [-75.2251934446619, 40.0244681327609], [-75.226311102434, 40.0251011783684], [-75.2279547802057, 40.0259438884567], [-75.2296807435236, 40.0268025147628], [-75.2307474986616, 40.0273211991342], [-75.2317049715112, 40.0278091758227], [-75.2329084060584, 40.0286138475596], [-75.2339248142475, 40.0294993094141], [-75.2350200476562, 40.0302449868537], [-75.2357006430754, 40.0307551563545], [-75.2371401541963, 40.0316498571118], [-75.2383224202245, 40.0322841959722], [-75.239811954741, 40.0333214590774], [-75.2404915698881, 40.0338598863839], [-75.2412711140698, 40.0346835033703], [-75.241888264166, 40.0354186583031], [-75.2424249461019, 40.0358407515707], [-75.242981068797, 40.0362349582903], [-75.243524029634, 40.0364873717138], [-75.2443755359076, 40.0368597150012], [-75.2449521646931, 40.0371977597742], [-75.2455976799569, 40.0376646566188], [-75.2461725609321, 40.0382998104122], [-75.2470028578815, 40.0397471224245], [-75.2479224103012, 40.0407718501547], [-75.2490422736918, 40.0418575412983], [-75.2509877495907, 40.0432724870334], [-75.2528852387131, 40.0447429620678], [-75.2543205952138, 40.0457646934239], [-75.2558951711597, 40.0465064269408], [-75.2576586517121, 40.0476201370792], [-75.2596242868162, 40.0492476291251], [-75.2610999976061, 40.050680517543], [-75.2626789033058, 40.0523137281856], [-75.2644327234214, 40.0541033451852], [-75.263870436033, 40.0545589535716], [-75.2434598348455, 40.0733436795616], [-75.2432904242771, 40.0735041977423], [-75.24306864604, 40.0737143467624], [-75.2421169220578, 40.0746546234665], [-75.2331656470211, 40.0834956606898], [-75.2330728243713, 40.0834903656121], [-75.2330607037211, 40.0834908164819], [-75.2330428339732, 40.0834956698366], [-75.2330251852591, 40.0835029111502], [-75.2330015309856, 40.0835131212585], [-75.2329695422277, 40.083527769129], [-75.2329692128638, 40.0835278574214], [-75.2329268107735, 40.0835372181749], [-75.2327451497761, 40.0835773207896], [-75.2327009415318, 40.083570842124], [-75.232642354284, 40.0835710492191], [-75.2325350804192, 40.0835764995719], [-75.2324401995191, 40.0835746060962], [-75.232269316721, 40.083578624187], [-75.2322608821032, 40.0835783331099], [-75.2322499181441, 40.0835796642727], [-75.2321032688063, 40.0835878259261], [-75.2320613435375, 40.0835802329442], [-75.2320003672412, 40.0835507672849], [-75.2319632079006, 40.0835180887579], [-75.2319386126592, 40.083496457724], [-75.2319066671475, 40.0834652349771], [-75.2318736796003, 40.0834531363597], [-75.231790748253, 40.0834416635106], [-75.2317703078458, 40.0834404993889], [-75.2317580630082, 40.0834438206622], [-75.2317484414484, 40.0834541091122], [-75.2317372050986, 40.0834834974386], [-75.2317209246891, 40.0834986783379], [-75.2317158999106, 40.0835008828933], [-75.2316542041862, 40.0835333120108], [-75.2315713616921, 40.083565528227], [-75.2315272054288, 40.0835780881968], [-75.2315230881784, 40.0835790701619], [-75.231509426982, 40.0835792474494], [-75.2314999278945, 40.0835759398986], [-75.23148996919, 40.0835683317543], [-75.2314849893426, 40.0835603560804], [-75.2314785554596, 40.0835330384953], [-75.2314702527248, 40.0835059187225], [-75.2314662477015, 40.0834967723959], [-75.2314516447499, 40.0834836493263], [-75.2314301664814, 40.0834712351471], [-75.2314041316775, 40.0834482912406], [-75.2313910060045, 40.0834324389945]]]}}, {"type": "Feature", "properties": {"objectid": 7, "dist_numc": "39", "Shape__Area": 25034342.5078125, "Shape__Length": 23171.688549500865}, "geometry": {"type": "Polygon", "coordinates": [[[-75.18123826876, 40.0331069833467], [-75.1803563765446, 40.0326164072896], [-75.1800969315836, 40.0324642630555], [-75.179905863367, 40.0323522160425], [-75.1797172324083, 40.0322415972806], [-75.1794985440933, 40.0321133511827], [-75.1792370161252, 40.0319599806771], [-75.1790775174358, 40.0318664446077], [-75.1789164449367, 40.0317461491325], [-75.1784122460559, 40.0314580678917], [-75.1767078104878, 40.0304692839828], [-75.1756364908724, 40.0298711679864], [-75.1745751966999, 40.0292537811207], [-75.1736131527056, 40.0287001280388], [-75.1725236892679, 40.0280562646192], [-75.1714397975223, 40.0291209763614], [-75.1712380932514, 40.0293092693641], [-75.1708009068804, 40.0297336324187], [-75.1702858890367, 40.0302482840711], [-75.1698285472281, 40.0306915726165], [-75.1691556547141, 40.0313444865563], [-75.1685266522927, 40.0319547968661], [-75.1677446291841, 40.0315257295332], [-75.1666579048725, 40.0308998192051], [-75.1664908943167, 40.0308034905115], [-75.1661230256753, 40.0306094545606], [-75.1654930262247, 40.030251434081], [-75.164951793371, 40.0299550164212], [-75.1641366359833, 40.0295032487607], [-75.163751410985, 40.0292648563188], [-75.1632721236712, 40.0289699767245], [-75.1622711557393, 40.0283433514865], [-75.1621287097907, 40.0282541768031], [-75.1614281697767, 40.0277738200589], [-75.1609848349837, 40.027262635834], [-75.1605772155643, 40.0267328760158], [-75.1602470972212, 40.0263095738426], [-75.1600561801289, 40.0260323390496], [-75.1599336809732, 40.0255644865533], [-75.1599000094554, 40.02494299686], [-75.1598600807492, 40.0246337669854], [-75.1595540685171, 40.0239346070145], [-75.1595227245202, 40.0238665787749], [-75.1594812932683, 40.0237766607545], [-75.1591406403037, 40.0230373283185], [-75.1590378292358, 40.0228099790828], [-75.1581110725079, 40.0227112795964], [-75.1573678699321, 40.022623728585], [-75.1573067523027, 40.0226165281322], [-75.1565129841214, 40.0225100266812], [-75.1559632780188, 40.0224418149072], [-75.1557140500753, 40.0224100218518], [-75.1554867833256, 40.022372499313], [-75.1549316183596, 40.0222993712118], [-75.1543891974727, 40.022237356885], [-75.1539089390798, 40.0221733692232], [-75.1538495172794, 40.0221654511003], [-75.1533604164819, 40.0220973237646], [-75.1528456908136, 40.0220367023063], [-75.1525863067225, 40.0220026544165], [-75.1523535893813, 40.0219708075778], [-75.1517922866359, 40.0219035414047], [-75.1512392289481, 40.0218339326023], [-75.1507756795519, 40.0217727903506], [-75.150211680171, 40.0217016836788], [-75.1497985205953, 40.0216476204735], [-75.1494501123602, 40.0216020285068], [-75.1485693367058, 40.0214852045645], [-75.1486940103085, 40.0209623924525], [-75.1487405356689, 40.0207202604827], [-75.1488346266682, 40.0202872042503], [-75.148861836676, 40.0201619590846], [-75.1489387379203, 40.0198346543343], [-75.1489560663452, 40.0197530433151], [-75.148956406765, 40.0197514382022], [-75.1489957817798, 40.019581879844], [-75.1490392782381, 40.0193854058866], [-75.1490441246423, 40.0193635226911], [-75.1492326650309, 40.0185118657493], [-75.1493492769204, 40.0179669171777], [-75.1495886374814, 40.0169416996308], [-75.1497289621204, 40.0162240867379], [-75.1497721849126, 40.016030882479], [-75.1498415661235, 40.0156812310997], [-75.14993399428, 40.0153347884167], [-75.1500413974226, 40.0148277790266], [-75.1500982710838, 40.0145773032739], [-75.1502053850588, 40.0139960856218], [-75.1502474308514, 40.013771153134], [-75.1503969081829, 40.0131752222259], [-75.1505755717686, 40.012379618539], [-75.1508856159131, 40.0108464623116], [-75.1510933273237, 40.0099436834819], [-75.1512486883828, 40.0092883086649], [-75.1513714226529, 40.0087366394882], [-75.1514556574876, 40.0083127435726], [-75.1516052781135, 40.0076746371356], [-75.1519233326245, 40.0061765998293], [-75.1522379406855, 40.0046990343168], [-75.1525525195458, 40.0031909112689], [-75.1527795195971, 40.0022310888095], [-75.1527862815333, 40.0022024966012], [-75.1529282931356, 40.001602015353], [-75.1532735545559, 40.0000140366315], [-75.1533774123874, 39.9995437918783], [-75.1534322067656, 39.9993309772796], [-75.1535185360835, 39.9989517559688], [-75.1535679500511, 39.9987329918365], [-75.1536112156299, 39.9985246710837], [-75.1539872246816, 39.9967911662738], [-75.1541443222354, 39.9960008066143], [-75.1542557306591, 39.9955348298565], [-75.1543209936312, 39.9952312010783], [-75.1543460111494, 39.9951116349425], [-75.1543715907405, 39.9949893757551], [-75.1543944005797, 39.9948803637732], [-75.1545904553173, 39.9939476362078], [-75.1548236681863, 39.9939763194153], [-75.155054926402, 39.9940050859005], [-75.1554420580483, 39.9940555254294], [-75.1554913350175, 39.9940619453506], [-75.1562309067709, 39.9941582969854], [-75.1567892209898, 39.9942350244859], [-75.1572503222614, 39.9942867541179], [-75.1577937971156, 39.99435203826], [-75.158361276698, 39.994391895379], [-75.1588098785459, 39.9944402369855], [-75.1593695578936, 39.9945344587566], [-75.1599207274975, 39.994600837154], [-75.1609486691501, 39.9947462043209], [-75.1613524249247, 39.9948213459456], [-75.1618606128114, 39.9948870393416], [-75.1625454214975, 39.9949773424384], [-75.1631961902467, 39.9950712676531], [-75.1635427336779, 39.9951223092447], [-75.1640975242755, 39.9951781034863], [-75.1659666417752, 39.9954216306866], [-75.1675702014031, 39.9956306531323], [-75.1681419589437, 39.9957042070531], [-75.1686089330148, 39.9957714147615], [-75.1691789219296, 39.9958363856869], [-75.1697344288138, 39.9959135324923], [-75.1702039400881, 39.9959769649747], [-75.1707704071092, 39.9960452933479], [-75.1713283511528, 39.9961232223502], [-75.1717911214132, 39.996179543726], [-75.1723575616054, 39.9962498611375], [-75.1739511773726, 39.9964416150381], [-75.1744207014474, 39.9965075180883], [-75.1755412354984, 39.9966483794997], [-75.1760007638183, 39.9967114019658], [-75.1767182154977, 39.9968097949131], [-75.1769514565779, 39.996841780632], [-75.1775043657833, 39.9969202178899], [-75.1779907522554, 39.9969722174703], [-75.1785787261667, 39.997049088027], [-75.1792067341828, 39.9971280549807], [-75.1801917667151, 39.9972626075441], [-75.1817938758975, 39.9974535145618], [-75.1823436614514, 39.9975285012315], [-75.1843983173669, 39.9978027939543], [-75.1850318807199, 39.9978871472289], [-75.1865482164759, 39.9980753462791], [-75.1876076179865, 39.9982048467645], [-75.1875917810602, 39.9985695277061], [-75.1875587044186, 39.9986527813509], [-75.1870343944204, 39.9999830445146], [-75.1869552543628, 40.0001941407975], [-75.1868632652955, 40.0004184905013], [-75.1869519997466, 40.0003734994305], [-75.1871982623008, 40.0002954271211], [-75.1873433372311, 40.0002695965625], [-75.1875138271451, 40.0002588682027], [-75.1877452056926, 40.0002622154688], [-75.1881154299066, 40.0002795622324], [-75.1882905772925, 40.0002823544708], [-75.1884503245615, 40.0002810798427], [-75.1885628573086, 40.0002643011479], [-75.1888175054612, 40.0002136004312], [-75.1895796152348, 39.9999048841408], [-75.1904231114333, 39.999677449181], [-75.1917201939245, 39.9993635547771], [-75.1917082051207, 39.9994028075641], [-75.1916298982669, 39.9996591711683], [-75.1914760293893, 40.000652115944], [-75.1913332182131, 40.0019015417002], [-75.1913447684896, 40.002602646479], [-75.1913868159913, 40.0038360376093], [-75.1915448931551, 40.0046592055709], [-75.1916313220231, 40.0050621319101], [-75.191683120619, 40.005199268846], [-75.1917096284486, 40.0052547524783], [-75.192051810441, 40.0058490864577], [-75.1921123866495, 40.005927371267], [-75.192182892036, 40.0060184877456], [-75.1924050188359, 40.0063055487252], [-75.1925008893236, 40.0064365634909], [-75.1925528223802, 40.0065075303447], [-75.1925937048499, 40.0065634006261], [-75.1927208026464, 40.006678753023], [-75.1927389004005, 40.0066890735174], [-75.1928844597888, 40.0067720637354], [-75.1931117229104, 40.0069016363091], [-75.1932608917712, 40.0069866841242], [-75.1932986408543, 40.007008206475], [-75.1934511854349, 40.0070689308617], [-75.1953504742068, 40.0077815566681], [-75.1963073116981, 40.0079923465188], [-75.1973313864152, 40.0083376899436], [-75.1975180542549, 40.0084006379017], [-75.199032579862, 40.0089113466516], [-75.2017311147429, 40.009789279791], [-75.2030804312655, 40.0102417912862], [-75.204561283163, 40.0108612492064], [-75.2053442382749, 40.0112552101381], [-75.2054456482014, 40.0113142415195], [-75.2055176645593, 40.0113662882607], [-75.2056702960964, 40.0114765962531], [-75.2059424966858, 40.0116733151447], [-75.2060917925988, 40.0117812114356], [-75.2061530939361, 40.0118255131992], [-75.2061406662089, 40.0118346803562], [-75.2061447114566, 40.0118373594625], [-75.2064071509937, 40.0120112079274], [-75.2075275546503, 40.0126837381866], [-75.2074783935069, 40.0128289686663], [-75.207361848791, 40.0131913755895], [-75.2073612321783, 40.0131932909797], [-75.2072789936144, 40.0134028394229], [-75.2071790411508, 40.0136575195422], [-75.2070060182419, 40.0140983752983], [-75.2070051044766, 40.0141007778547], [-75.2069195053372, 40.0143254975065], [-75.2068727249972, 40.0144483041088], [-75.2067269176996, 40.0148310800429], [-75.2067263718576, 40.0148332636944], [-75.2067259621979, 40.0148349088601], [-75.2067071012871, 40.0149105275499], [-75.2066812683272, 40.0150141021659], [-75.2065610482514, 40.015216430683], [-75.2065577079277, 40.0152215779977], [-75.2064684187111, 40.0154513504382], [-75.2064358638411, 40.0155351243519], [-75.2064200202374, 40.0155758933121], [-75.2064069113926, 40.0156157614826], [-75.2063515029344, 40.0158162647952], [-75.2061363702309, 40.0160963605384], [-75.2060119767271, 40.0162306938678], [-75.2056917210774, 40.0164375130228], [-75.2056321192808, 40.0164620655142], [-75.2053546417896, 40.016580843286], [-75.2052992121773, 40.0165970925307], [-75.2052403899259, 40.0166020616962], [-75.2051611791117, 40.0165990573975], [-75.2049124799315, 40.0165496321907], [-75.2043715237054, 40.0164095585828], [-75.2040595189546, 40.0163518560636], [-75.2040336241641, 40.0163517882713], [-75.2038535394543, 40.0163513144735], [-75.203571424813, 40.0163697161709], [-75.2032621001916, 40.0164787924825], [-75.2032364403309, 40.0164888281629], [-75.2031223166744, 40.016565238257], [-75.20307948248, 40.0166089725009], [-75.2029665767252, 40.0167414536506], [-75.2029091789493, 40.0168146023906], [-75.2028507252598, 40.0169101419334], [-75.2027887359915, 40.0170405637384], [-75.2027402760172, 40.0171425193216], [-75.2026437389491, 40.0173756557554], [-75.2026079725261, 40.0174747853312], [-75.2023750367345, 40.0179681217672], [-75.2022608042858, 40.0182256492168], [-75.2022369426737, 40.0182681489901], [-75.2018940790347, 40.0188788356458], [-75.201591757669, 40.0194366384722], [-75.2015749649832, 40.0194635670915], [-75.2012267999643, 40.0200218364969], [-75.2010666242401, 40.0202767609851], [-75.2010103641766, 40.0204304505004], [-75.2009337270697, 40.0206103168142], [-75.2009182260565, 40.0206569465306], [-75.2008241769229, 40.0208359225988], [-75.2007075725539, 40.02107172602], [-75.2006657572201, 40.0212150231365], [-75.2005841417491, 40.0213860444008], [-75.2004815047977, 40.0215617877774], [-75.2001772572866, 40.0218812255165], [-75.1997948014557, 40.0222103423215], [-75.199579017975, 40.0223218435082], [-75.199524431744, 40.0223531907304], [-75.1994696151874, 40.0223785339287], [-75.199451243861, 40.0223865529788], [-75.199008358686, 40.0225798737014], [-75.1989921012076, 40.0225865574984], [-75.1988654214354, 40.0226284826358], [-75.1987114491375, 40.0226869410802], [-75.1983266730762, 40.0228088644524], [-75.1983141648869, 40.0228126076967], [-75.1981642727001, 40.0228642616048], [-75.1981035718931, 40.0228926016992], [-75.1976373040252, 40.0231019356065], [-75.1974043575241, 40.0232283738552], [-75.1972877936055, 40.0232842102163], [-75.1970029302878, 40.0234206633492], [-75.1965863575705, 40.0236564206694], [-75.1962733834923, 40.0238538513986], [-75.1962733137466, 40.0238538985018], [-75.1962529795589, 40.0238679660009], [-75.1962480593996, 40.0238713687022], [-75.196219839624, 40.0238891288479], [-75.1962188781585, 40.0238896705944], [-75.1961331987982, 40.0239379763846], [-75.1960233585694, 40.0240030287515], [-75.1958890880565, 40.0240851937519], [-75.1957786267122, 40.0241527864293], [-75.195778174159, 40.0241531025273], [-75.1957780971496, 40.0241531557757], [-75.1954639938751, 40.0243725546147], [-75.195403607498, 40.0244662096717], [-75.1953804907662, 40.0245141848132], [-75.1953702788452, 40.0245631489088], [-75.1953702161402, 40.0245634448455], [-75.195363528159, 40.0245955051917], [-75.1953486733873, 40.024666719034], [-75.1952949921056, 40.0247674870684], [-75.1952584896841, 40.0248310410165], [-75.1952400175905, 40.0249098950867], [-75.1952310216463, 40.0250253146159], [-75.1952243189687, 40.0251487122034], [-75.1951764011078, 40.0254109774951], [-75.1951651867405, 40.0254727414769], [-75.1950987599563, 40.0256557786641], [-75.1949945848333, 40.0258036467946], [-75.1948880753468, 40.0258951464844], [-75.1945293717569, 40.0261916669046], [-75.1944173541185, 40.0262762788681], [-75.1942273324307, 40.0263953463582], [-75.1939756998134, 40.0265638121314], [-75.1937838558775, 40.0267311899127], [-75.1937049881221, 40.0268213027011], [-75.1936813263146, 40.0268534500607], [-75.1936121903254, 40.026947368119], [-75.1935399697556, 40.0270279591808], [-75.1934075039042, 40.0271217125317], [-75.1932846511241, 40.0271979966196], [-75.1932804564857, 40.0272130239081], [-75.1932530980059, 40.0272640820826], [-75.1932322803997, 40.0272913425539], [-75.1932313429636, 40.0273077028635], [-75.1932093583734, 40.0273462783059], [-75.193169494463, 40.0274415424896], [-75.1931690552562, 40.0274425922936], [-75.1931609541007, 40.0274619475315], [-75.1931424318548, 40.0275062088068], [-75.1931354431608, 40.0275507268635], [-75.1931353921377, 40.0275510545945], [-75.19330303126, 40.0276994315007], [-75.1933204248618, 40.0277071276807], [-75.1934800750621, 40.0277621273649], [-75.1936126785163, 40.027780288138], [-75.1938302009076, 40.0277819638036], [-75.1940273271089, 40.0277339532928], [-75.1941312977588, 40.0277063394497], [-75.1942323199091, 40.027674419767], [-75.1943303924078, 40.0276381933262], [-75.1944255152069, 40.027597661035], [-75.1944756324543, 40.0275739941275], [-75.1945015721114, 40.0275646125339], [-75.1945312719452, 40.0275560624398], [-75.1946149753561, 40.0275380091513], [-75.1946573340611, 40.0275306759421], [-75.1947048678836, 40.027524570607], [-75.1948445058903, 40.0275127442625], [-75.1949775633343, 40.0275025265027], [-75.1950668806933, 40.0274980434842], [-75.1951478126971, 40.0274975022561], [-75.1952207070582, 40.0275011934866], [-75.1952545056306, 40.0275050276982], [-75.1952919795527, 40.0275112313101], [-75.1954457737889, 40.0275433232723], [-75.1955075570639, 40.0275514776178], [-75.1955953776546, 40.0275548762211], [-75.195706694901, 40.0275520785713], [-75.1958080000261, 40.0275474309227], [-75.1959550399831, 40.0275407837489], [-75.1960540555308, 40.027532164694], [-75.1961313471762, 40.0275215334569], [-75.1962101576586, 40.0275076959306], [-75.1962902782012, 40.0274906871141], [-75.1963714334671, 40.0274705666558], [-75.1964035419861, 40.0274607577804], [-75.196488893278, 40.0274307861553], [-75.196515282648, 40.0274236161685], [-75.1965395859089, 40.0274189982892], [-75.196573369642, 40.0274151588281], [-75.1966105156219, 40.0274129465434], [-75.1966387289114, 40.0274129656506], [-75.1966702175903, 40.027414989327], [-75.1967922341073, 40.0274293836113], [-75.1969433866204, 40.0274393654472], [-75.1970148154594, 40.027447681151], [-75.1970954130355, 40.0274626022629], [-75.1971640039494, 40.0274798432059], [-75.1972153965869, 40.0274965567547], [-75.1972720240853, 40.0275182403505], [-75.197330914282, 40.0275440197206], [-75.1973878500199, 40.0275726235142], [-75.1974825068626, 40.0276356758382], [-75.1976502451868, 40.0277776773886], [-75.1976855086921, 40.0279602296704], [-75.1977152696563, 40.028035724878], [-75.1977428111216, 40.0280957230357], [-75.1977455204488, 40.0281016244564], [-75.1977479243208, 40.0281068595538], [-75.1977489945195, 40.028109193512], [-75.1977493922023, 40.0281100565018], [-75.1977497712638, 40.0281108848397], [-75.1977502859074, 40.0281120036109], [-75.1977516507995, 40.0281149784251], [-75.1977525813413, 40.0281170056412], [-75.1977543557148, 40.0281208725395], [-75.197758960894, 40.0281309012451], [-75.1977636655848, 40.0281411511058], [-75.1977704046484, 40.028155834067], [-75.1977958636075, 40.0281949159719], [-75.1978655876034, 40.0283019540942], [-75.1978890354557, 40.0283379503952], [-75.1979610756941, 40.0285233182515], [-75.1979621060211, 40.0285259648708], [-75.197964750917, 40.0285327703626], [-75.1979694594062, 40.0285448844752], [-75.1979737412991, 40.0285559070021], [-75.1980071494903, 40.0286073894184], [-75.1980241438532, 40.0286335781139], [-75.1980848440228, 40.0287271167454], [-75.1981607201138, 40.0289114875809], [-75.198184401509, 40.0289773176374], [-75.1982524208445, 40.0291663927605], [-75.198256056379, 40.0291768089536], [-75.1982561633047, 40.0291771447008], [-75.1982562252899, 40.0291773352889], [-75.1982563889547, 40.0291778452895], [-75.1982566669303, 40.0291787128256], [-75.1982623151, 40.0291963241038], [-75.1982644897216, 40.0292031074254], [-75.1982917140437, 40.0292879949195], [-75.1983094128193, 40.0293431827091], [-75.198314022486, 40.0293575543265], [-75.1983170059899, 40.0293668586075], [-75.1983186372993, 40.0293719449791], [-75.1983205833091, 40.0293780132289], [-75.1983214603472, 40.0293807474397], [-75.1983349203655, 40.0295030090816], [-75.1983313792518, 40.0296338570763], [-75.1982257138163, 40.0299782850118], [-75.1981987456959, 40.0301320016406], [-75.1981465139128, 40.0303985824978], [-75.1981319264042, 40.0305128570532], [-75.1981278011758, 40.0305451699967], [-75.1981188509857, 40.0305873831813], [-75.1981118525531, 40.0306203936312], [-75.1980765075132, 40.0307471669939], [-75.1980580038922, 40.0308169917987], [-75.1980662599499, 40.0309143719425], [-75.1981586385466, 40.0311354135382], [-75.1982031424536, 40.0312129732746], [-75.1984205317625, 40.0314856184269], [-75.1986041206344, 40.0316531057492], [-75.198730433929, 40.0317521479336], [-75.1989433283079, 40.0318635575772], [-75.1991906285445, 40.0320374451977], [-75.1992415661589, 40.0320732615307], [-75.1993394473099, 40.032127328659], [-75.1995537133444, 40.0322627405804], [-75.1995759131579, 40.0322767702346], [-75.1996647109206, 40.0323315273568], [-75.1993971628254, 40.0325980980721], [-75.1992535269944, 40.0327412076775], [-75.1990400317424, 40.0329688789105], [-75.198680330432, 40.0331114143551], [-75.1979208588038, 40.0332523284097], [-75.1975750510549, 40.0332669076858], [-75.1972682393202, 40.0332921501795], [-75.1971778815004, 40.033339614168], [-75.1971247695327, 40.0333850669072], [-75.1970246580312, 40.0333154744755], [-75.1969414049167, 40.0332751185625], [-75.1967360638014, 40.0332024280267], [-75.19648474676, 40.0331227917376], [-75.1960947451965, 40.0329916151036], [-75.1952434988685, 40.0326945656367], [-75.1941325263815, 40.032289192135], [-75.1940742239725, 40.032273122694], [-75.1933463807332, 40.0320725221155], [-75.192652672167, 40.0320222465076], [-75.1918618138234, 40.0320916584558], [-75.1908842076679, 40.0322871020701], [-75.189794843606, 40.0325479380125], [-75.1893010377841, 40.0326489108615], [-75.1879929082028, 40.032916383328], [-75.1878660270142, 40.0329423256619], [-75.1877827830976, 40.0329594663418], [-75.1877362634825, 40.0329690441943], [-75.1864578896011, 40.033235609038], [-75.1862559544449, 40.0332801181975], [-75.1859670061864, 40.0333892230012], [-75.1857611040852, 40.0335539939103], [-75.1857304061921, 40.0335785583674], [-75.184363120132, 40.0349173191949], [-75.1829278138854, 40.0340760366206], [-75.1820872111774, 40.0336026604834], [-75.18123826876, 40.0331069833467]]]}}, {"type": "Feature", "properties": {"objectid": 8, "dist_numc": "35", "Shape__Area": 24507767.66015625, "Shape__Length": 20606.053857706673}, "geometry": {"type": "Polygon", "coordinates": [[[-75.1595540709621, 40.0239346043666], [-75.1595443371392, 40.023947179214], [-75.1595363230482, 40.0239575313051], [-75.1595096216765, 40.0239920235315], [-75.1594819769642, 40.0240536267554], [-75.1594672675093, 40.0241159308354], [-75.1594143157508, 40.0247491116759], [-75.1593782516372, 40.0255118980211], [-75.1592985723773, 40.0266009285638], [-75.1592223924119, 40.0276660151215], [-75.1591763900085, 40.0283195966549], [-75.1591026190637, 40.0293676848631], [-75.1590351593444, 40.0303260454194], [-75.1581258700087, 40.0308345234221], [-75.1578227786849, 40.031133567833], [-75.1577585829167, 40.0312015682847], [-75.1576778585228, 40.0313260181903], [-75.157637375211, 40.0314182298024], [-75.157618980362, 40.031523567726], [-75.1576253923344, 40.0317857260686], [-75.157628125829, 40.0320458398649], [-75.1576430956699, 40.0329364588812], [-75.1576427540326, 40.0330370901299], [-75.1576421490817, 40.0332154361561], [-75.1576590660778, 40.0338655179435], [-75.1596491022109, 40.0351034843892], [-75.1594436511638, 40.0353026998892], [-75.1590036497445, 40.0357293428544], [-75.1583664494999, 40.0363555301113], [-75.1583759101348, 40.0366941478575], [-75.1584172567552, 40.037511360189], [-75.1584541849929, 40.0385483808681], [-75.1584469477813, 40.0388808021531], [-75.1584326663852, 40.0395367173011], [-75.1584063420825, 40.0407455606534], [-75.1583609323888, 40.0414962296852], [-75.1586774940737, 40.0417004885047], [-75.1583438503728, 40.0420309004434], [-75.1583202565705, 40.0424176451652], [-75.158309732897, 40.0428703687807], [-75.1582882846916, 40.0433508602686], [-75.1582645144128, 40.0437913438398], [-75.1582206774971, 40.0450854261552], [-75.1581677326433, 40.0459206240719], [-75.1581338744083, 40.0464277803564], [-75.1580951306521, 40.0471164647246], [-75.1580690689569, 40.0474708405833], [-75.1580606008919, 40.0476020094017], [-75.1580207620241, 40.0481352772741], [-75.1579860474027, 40.048674245243], [-75.1579615702188, 40.0490350504292], [-75.157951844496, 40.0492262272921], [-75.1579203771536, 40.0496781421584], [-75.1578740662446, 40.0504071139626], [-75.1578599266177, 40.0506119578281], [-75.1577770391469, 40.0519643526581], [-75.1577490416563, 40.0523820972835], [-75.1574919416339, 40.0525819875843], [-75.1568938643663, 40.0530469746686], [-75.1567610634847, 40.0531848039739], [-75.1566060965172, 40.053262999141], [-75.1555576155121, 40.0540831822154], [-75.1551882558371, 40.0543681057842], [-75.1544837245043, 40.0549131276723], [-75.1534399235497, 40.0557164402149], [-75.1529163755668, 40.0561247756644], [-75.1525969873827, 40.056377006721], [-75.1509249193715, 40.0573699706699], [-75.150826866811, 40.057386927939], [-75.1504956555952, 40.0575816056378], [-75.1495412137461, 40.0581632279944], [-75.1493833645685, 40.0582596816069], [-75.1492216083639, 40.0584419477465], [-75.1485705068875, 40.0584094969779], [-75.1476031971745, 40.0583616688205], [-75.1470595751069, 40.0583351398104], [-75.146245083677, 40.0582994993701], [-75.1454485142869, 40.0582631610766], [-75.1441431220017, 40.0581997236783], [-75.1431691124456, 40.0581526828092], [-75.1429671671974, 40.0581268204073], [-75.1427690597775, 40.0580871708449], [-75.1425219050422, 40.0580251023286], [-75.1422940810174, 40.0579503612852], [-75.1421853785959, 40.0584339200653], [-75.141844972488, 40.0599572818355], [-75.1415146578232, 40.0614766821774], [-75.1411721672381, 40.0630213465218], [-75.1409998216965, 40.063794875194], [-75.1408680734235, 40.0642198191917], [-75.1394669327787, 40.0634218242888], [-75.1394172040528, 40.0633945729957], [-75.1368391843203, 40.0619814381583], [-75.1330714304012, 40.059656237061], [-75.1253555978865, 40.0550201217089], [-75.1221240725172, 40.0531689564956], [-75.1208083281153, 40.0524223998814], [-75.1199919770337, 40.0519589666644], [-75.1185668490405, 40.0511499337489], [-75.1170620030783, 40.0502955906547], [-75.1170494985438, 40.050288501305], [-75.114509110046, 40.048815551501], [-75.1123660539971, 40.0475728873451], [-75.1120581707364, 40.0473943518323], [-75.1110808724308, 40.0468317112213], [-75.1110723834789, 40.0468268200448], [-75.1110724224323, 40.0468267830964], [-75.1111803377815, 40.0467366939882], [-75.1111965726987, 40.0466924479607], [-75.1112033065023, 40.0466740991093], [-75.111212898115, 40.046647954425], [-75.1112164309014, 40.0466317260476], [-75.1112741163837, 40.046366663655], [-75.1112864223634, 40.0462532959128], [-75.1112869886004, 40.0462480811481], [-75.1112811421818, 40.0461028306865], [-75.1112787500017, 40.0460433961069], [-75.111276184949, 40.0459586224156], [-75.1112737590931, 40.045878559799], [-75.1112729584954, 40.0458520880906], [-75.1112691870544, 40.0456057321393], [-75.1112325655473, 40.0452960531962], [-75.1112294173661, 40.0452694446638], [-75.1112194915634, 40.0451855047225], [-75.1111701357278, 40.0449645296793], [-75.1111669455787, 40.0449502453598], [-75.111150790061, 40.0448779099177], [-75.1111374681056, 40.0448182665918], [-75.1110926269713, 40.0446750170912], [-75.1111067444497, 40.0444987928175], [-75.1111345355831, 40.0444260072775], [-75.1111986336988, 40.0443381913656], [-75.1112649355165, 40.0442816404032], [-75.1113380276372, 40.0442192958889], [-75.1117904240512, 40.043917772339], [-75.1119528829985, 40.0437869942185], [-75.1121286681793, 40.0436071274961], [-75.1122218837686, 40.043466837024], [-75.1123495660846, 40.0432578271465], [-75.1123586360126, 40.0432425458246], [-75.1124233649979, 40.0430538933959], [-75.1124665185999, 40.0429555611485], [-75.1126130969939, 40.0425154222486], [-75.1126284926172, 40.0424890097718], [-75.1126565668615, 40.042440848327], [-75.1127147014462, 40.0422165068702], [-75.1127216586449, 40.0421970331841], [-75.1127500255913, 40.0421626912145], [-75.1127500575835, 40.0421626523037], [-75.1128092698085, 40.0421006604225], [-75.1129259641823, 40.0419897837694], [-75.1129673871226, 40.0419643039664], [-75.1129960859931, 40.0419446428166], [-75.1130371700316, 40.0419141265671], [-75.1132167241178, 40.0417681505649], [-75.1132724924894, 40.0417078490266], [-75.1132852435556, 40.0416940622507], [-75.1132855602558, 40.0416936955936], [-75.1133396804037, 40.041631097311], [-75.113425601523, 40.0415317155286], [-75.1135705873765, 40.0413177648309], [-75.1136144928039, 40.0412539894997], [-75.1137533055187, 40.0409655944759], [-75.1137766464109, 40.0409223059385], [-75.1138148869587, 40.0408513779076], [-75.1138230023897, 40.0408363277661], [-75.1138888262293, 40.0407226202984], [-75.1139194408995, 40.0406697369238], [-75.1139459319855, 40.0406241122027], [-75.1139589488057, 40.0406016950983], [-75.1139889941015, 40.0405499465511], [-75.1140517170777, 40.0404617300215], [-75.1142108945853, 40.0402405131161], [-75.1143400487852, 40.040108493702], [-75.1144300568213, 40.0400062973994], [-75.1144783364631, 40.0399404443547], [-75.1145005644767, 40.0398951830289], [-75.1145166866854, 40.0398633691132], [-75.1145394954593, 40.0397827791633], [-75.1145437210377, 40.0397161450437], [-75.1145168639958, 40.0395560656848], [-75.1145032465925, 40.0395144239548], [-75.1144483294498, 40.0393464961039], [-75.1143823720645, 40.0391946910824], [-75.1143254099228, 40.0391026378051], [-75.114267546668, 40.0389631057377], [-75.1142338568004, 40.0388722180615], [-75.1142442008351, 40.038789612154], [-75.1142428487022, 40.0387246178601], [-75.1142193271616, 40.0386599834199], [-75.1141679083774, 40.0385296545108], [-75.1141205072534, 40.0382270302558], [-75.1140673628591, 40.0380732682768], [-75.1140177967696, 40.0379298466008], [-75.1139914779055, 40.0377789275568], [-75.1139881600078, 40.0377598982701], [-75.1139780747931, 40.0377020622399], [-75.1139744134323, 40.0376810716395], [-75.1139413580732, 40.0375647930023], [-75.1139310213245, 40.0375284317198], [-75.1138882553745, 40.0373779947481], [-75.1137874936233, 40.0372408143029], [-75.1136422324161, 40.037021535069], [-75.1135870634621, 40.0369382516793], [-75.113404462531, 40.0367019613617], [-75.1133191848258, 40.036627002357], [-75.1132906610414, 40.0365964207722], [-75.1132582216888, 40.0365738747706], [-75.1131290911619, 40.0364841249388], [-75.1130790118695, 40.0364493181623], [-75.1129517319581, 40.0363608549284], [-75.1127922985769, 40.036227031602], [-75.1126865232879, 40.0361222558258], [-75.1126505669354, 40.0360866405478], [-75.1126218764199, 40.0360582210299], [-75.1125062657647, 40.0359437025565], [-75.1124926081988, 40.0359297455418], [-75.1124566018155, 40.0358929496018], [-75.1123589475418, 40.0357809310034], [-75.1122818643455, 40.0356263317589], [-75.1122529597713, 40.0355683552617], [-75.112107367459, 40.0352200001058], [-75.1120955032403, 40.0351868724762], [-75.1120484737446, 40.0350555530083], [-75.1120381801786, 40.0350216748472], [-75.1119453708572, 40.0349023399408], [-75.1117403543772, 40.0347313114997], [-75.111290024316, 40.0343572312948], [-75.1111983317989, 40.0343068420579], [-75.1110381073053, 40.0341760902519], [-75.1109175808277, 40.0340227713652], [-75.1108239521837, 40.0338073407249], [-75.1107933556205, 40.0336498151829], [-75.1107675670826, 40.0334735803026], [-75.1107646533851, 40.0334146184249], [-75.1107583303681, 40.0332133821581], [-75.1107926729644, 40.0330148229668], [-75.1108422107807, 40.0328616635404], [-75.1108946373525, 40.032530827002], [-75.1109118458505, 40.0324067244214], [-75.1110226254498, 40.032009173915], [-75.1110946165254, 40.0313343690687], [-75.1111119040252, 40.0311598358341], [-75.1111357024609, 40.0309532304695], [-75.1111369902715, 40.0307120822744], [-75.1111313016119, 40.0303584369628], [-75.1111265078568, 40.0303279269637], [-75.1110941084873, 40.030121683689], [-75.1110612025953, 40.029990176407], [-75.1110572412341, 40.0299743425854], [-75.1109313840724, 40.0296960335738], [-75.1108959291041, 40.0295843975376], [-75.1108965810757, 40.029574262416], [-75.1108981523846, 40.0295498292507], [-75.1109156399547, 40.0292779776657], [-75.1109595734604, 40.029124032594], [-75.1109813676982, 40.0289776447868], [-75.1110297275326, 40.0288584315976], [-75.111131556842, 40.0286878025488], [-75.1111562984729, 40.0286463452194], [-75.1114657515585, 40.0282536945311], [-75.1115482247432, 40.0281535801493], [-75.1116385667091, 40.0280930584396], [-75.1117010819328, 40.0280567946495], [-75.1117316321596, 40.0280420402204], [-75.1117612383329, 40.0280299527691], [-75.1117902612236, 40.0280203874089], [-75.1118188919584, 40.0280132818546], [-75.111879621255, 40.0280036312089], [-75.1119259175417, 40.0280004391462], [-75.1119567717496, 40.028001894861], [-75.1120250009702, 40.0280107911214], [-75.1120534101787, 40.028011555421], [-75.1120790755894, 40.0280090328039], [-75.1121074430255, 40.0280036646231], [-75.1122135765343, 40.0279751718956], [-75.1123283760835, 40.0279488829045], [-75.1124117362119, 40.0279224727156], [-75.1124906032763, 40.0278911892267], [-75.1125631308327, 40.0278557676304], [-75.1126280534124, 40.0278168321233], [-75.1126799895185, 40.0277808826013], [-75.1127188879342, 40.0277503840233], [-75.1127501744031, 40.0277210765905], [-75.1127742981482, 40.0276924092837], [-75.1127933489451, 40.0276631154944], [-75.112809069882, 40.0276323144011], [-75.1128214598614, 40.0276000041775], [-75.1128305199882, 40.0275661866522], [-75.1128188083751, 40.0273644925483], [-75.1128180763319, 40.0273502728085], [-75.1129504038989, 40.027330435247], [-75.1136095999855, 40.0272316171136], [-75.1172357193928, 40.0266800338807], [-75.1183378045766, 40.0265317052256], [-75.1196766742684, 40.026348063324], [-75.1197244399535, 40.0263415112416], [-75.119760812709, 40.0263365218793], [-75.1198189676718, 40.0263434780436], [-75.121989090545, 40.0259991502836], [-75.1234549062454, 40.0257940150871], [-75.1245505484684, 40.0256443682333], [-75.1254146601139, 40.0255144817317], [-75.1266773139801, 40.0253292884104], [-75.1267912397552, 40.025311504251], [-75.126899052896, 40.0252946742008], [-75.1276738449947, 40.0251737231489], [-75.1279348486751, 40.0251329773807], [-75.1288833479152, 40.0249322034796], [-75.1305684607076, 40.0245914383264], [-75.1314605772707, 40.0243802020705], [-75.1322452473213, 40.0241365696242], [-75.1332552828338, 40.0239064596946], [-75.1332628792006, 40.0239048595783], [-75.1354281980711, 40.0234488431752], [-75.1358671260837, 40.0233493607672], [-75.1364355565116, 40.0231737603612], [-75.1370074121107, 40.0229312405254], [-75.1381711757329, 40.0223603145364], [-75.1384454390624, 40.0222206497394], [-75.1386118969163, 40.0221358828166], [-75.1398137514956, 40.0215238401217], [-75.1415312328093, 40.0206744039897], [-75.1423704831815, 40.0202434035429], [-75.1429095905936, 40.020006288154], [-75.1433431487661, 40.0198397552191], [-75.1436562289476, 40.0197647635601], [-75.1440104280989, 40.0196795802537], [-75.1443408020309, 40.0196094645161], [-75.1447363560547, 40.0195291314512], [-75.1450820393027, 40.0194972488539], [-75.1456714130275, 40.0194730990464], [-75.1459523906486, 40.0194816779482], [-75.1462040652694, 40.0194944941496], [-75.1462244464443, 40.0194960357253], [-75.1462632936212, 40.0194989736238], [-75.1464449224791, 40.0195127094176], [-75.1469476598532, 40.0195770744754], [-75.1470794335158, 40.0195938769241], [-75.147146972411, 40.0196026232374], [-75.1489387379203, 40.0198346543343], [-75.148861836676, 40.0201619590846], [-75.1488346266682, 40.0202872042503], [-75.1487405356689, 40.0207202604827], [-75.1486940103085, 40.0209623924525], [-75.1485693367058, 40.0214852045645], [-75.1494501123602, 40.0216020285068], [-75.1497985205953, 40.0216476204735], [-75.150211680171, 40.0217016836788], [-75.1507756795519, 40.0217727903506], [-75.1512392289481, 40.0218339326023], [-75.1517922866359, 40.0219035414047], [-75.1523535893813, 40.0219708075778], [-75.1525863067225, 40.0220026544165], [-75.1528456908136, 40.0220367023063], [-75.1533604164819, 40.0220973237646], [-75.1538495172794, 40.0221654511003], [-75.1539089390798, 40.0221733692232], [-75.1543891974727, 40.022237356885], [-75.1549316183596, 40.0222993712118], [-75.1554867833256, 40.022372499313], [-75.1557140500753, 40.0224100218518], [-75.1559632780188, 40.0224418149072], [-75.1565129841214, 40.0225100266812], [-75.1573067523027, 40.0226165281322], [-75.1573678699321, 40.022623728585], [-75.1581110725079, 40.0227112795964], [-75.1590378292358, 40.0228099790828], [-75.1591406403037, 40.0230373283185], [-75.1594812932683, 40.0237766607545], [-75.1595227245202, 40.0238665787749], [-75.1595540709621, 40.0239346043666]]]}}, {"type": "Feature", "properties": {"objectid": 9, "dist_numc": "08", "Shape__Area": 75048813.3515625, "Shape__Length": 40794.68447419824}, "geometry": {"type": "Polygon", "coordinates": [[[-75.0113354706745, 40.0217650534271], [-75.0221304785029, 40.031632690439], [-75.0238979368739, 40.0334559092359], [-75.0240630210063, 40.0336092390801], [-75.0248581110238, 40.0347911303247], [-75.0251858380519, 40.0352894006209], [-75.0255108773304, 40.0357814203472], [-75.025804313839, 40.0362148722817], [-75.0258655697805, 40.0362650831412], [-75.0261323272301, 40.0368302340356], [-75.0261551084927, 40.0368890573178], [-75.0266174660014, 40.0378565625697], [-75.0270342501108, 40.0387535146988], [-75.0273102267874, 40.0394098298326], [-75.0275836449439, 40.0400560349434], [-75.0278479463258, 40.0406872530977], [-75.0278993699996, 40.0407893566605], [-75.0281935835294, 40.0412817714634], [-75.0282587718265, 40.0413729306113], [-75.0283284611065, 40.0414577997785], [-75.0289435337033, 40.0422952995017], [-75.0294170688874, 40.0429118025464], [-75.0297999733937, 40.0434120989833], [-75.0301641049748, 40.0439049248687], [-75.030538633653, 40.044381343228], [-75.0309911168938, 40.0449774841049], [-75.0315433544036, 40.0456903824979], [-75.0316088533032, 40.0457629437097], [-75.0316703838917, 40.0459066122513], [-75.0317783660652, 40.0461504976923], [-75.0318398078815, 40.046436376446], [-75.0318546269993, 40.0466263439683], [-75.0318466929456, 40.0468243916679], [-75.0318114380205, 40.0470045548202], [-75.0317831652032, 40.0471504070619], [-75.0316142073389, 40.0478633053372], [-75.0316265050983, 40.0479354959429], [-75.0316370974516, 40.0481067603059], [-75.0316724756521, 40.0482239667832], [-75.0317413539874, 40.0483714980005], [-75.03186107405, 40.0485423404434], [-75.0319886648186, 40.0486603113284], [-75.0321396021438, 40.0487699932892], [-75.0330495599048, 40.049264748285], [-75.0360393893117, 40.0508902522825], [-75.0383307329245, 40.0521207672449], [-75.0395856702007, 40.0528007915566], [-75.0402495825991, 40.0531675892958], [-75.0406702009778, 40.0533920057491], [-75.0411290232963, 40.0536416155505], [-75.0415638462261, 40.0538777068452], [-75.0419850875837, 40.0541043261144], [-75.0428337068632, 40.0545723599949], [-75.0436423457058, 40.0550047866332], [-75.0444985814219, 40.0554650109918], [-75.0452705586746, 40.0558846062738], [-75.046395360105, 40.0564970289152], [-75.0465390867892, 40.0565767109768], [-75.0466814411286, 40.0566532339202], [-75.0468525895459, 40.0567437994164], [-75.0468559967991, 40.0567456014875], [-75.0468586859343, 40.0567470334514], [-75.0464808716869, 40.0571405590507], [-75.0459562400524, 40.0576052791074], [-75.0449671827934, 40.0585126946406], [-75.0448177511533, 40.0586739980081], [-75.0444837209374, 40.0591010736079], [-75.0442401863141, 40.0594124457285], [-75.0442032542826, 40.0594861197746], [-75.0433820365441, 40.0613512911733], [-75.0428202713087, 40.0626310498729], [-75.0424526310169, 40.0634815515266], [-75.0419785726553, 40.0645389391009], [-75.0409270293154, 40.0668842742558], [-75.0405785426635, 40.0676614948632], [-75.0401100616664, 40.068710760053], [-75.0399072860244, 40.0690571666386], [-75.0395758131155, 40.0695737876893], [-75.0391914014154, 40.0700423350658], [-75.038992542615, 40.0702904991832], [-75.0381356844107, 40.0711732047908], [-75.0380028580561, 40.0713086048421], [-75.037597446905, 40.0717218651454], [-75.0373633021073, 40.0719605391948], [-75.0361921624119, 40.0732062647982], [-75.0360470544143, 40.0733365241653], [-75.0349525463494, 40.074467614033], [-75.0348327478014, 40.0745932753694], [-75.0341978987876, 40.0752591808395], [-75.0333942405852, 40.0761021329675], [-75.0328285964955, 40.0766736296466], [-75.0304109516806, 40.0791863554751], [-75.029054888377, 40.0805870682482], [-75.0287772169653, 40.0808738741899], [-75.0268357754699, 40.0828899308259], [-75.0263154133482, 40.08342649077], [-75.0257277327166, 40.0840324532531], [-75.0250644683382, 40.0847163327554], [-75.0228744608377, 40.0869928380375], [-75.021333460349, 40.088570474326], [-75.0209490929618, 40.0889854738091], [-75.0197470019452, 40.0902164344742], [-75.0188693641552, 40.0911288793029], [-75.0180352563178, 40.0919904336895], [-75.0170635790179, 40.0929940503655], [-75.0153696451447, 40.0947435726261], [-75.0152559611539, 40.0948592345011], [-75.0149502822142, 40.0951810241972], [-75.0147283072609, 40.0953945371657], [-75.0139029947096, 40.0962234737432], [-75.0133473665917, 40.0966789909983], [-75.012758716572, 40.0971458738088], [-75.0121557390259, 40.0975777813211], [-75.0117000202171, 40.0978978312596], [-75.0094882817069, 40.0994159993446], [-75.009407477608, 40.0994709126894], [-75.0079451122662, 40.1004701222396], [-75.0062411545163, 40.1016447946928], [-75.005282134949, 40.102300294655], [-75.0044584807648, 40.1028733750177], [-75.0039810370768, 40.1032055640682], [-75.0031357040415, 40.103793701471], [-75.002242763613, 40.1044040884966], [-75.0016480639747, 40.1048106002288], [-75.000506781641, 40.1055978374665], [-74.99983639091, 40.1060602502939], [-74.9990473999196, 40.1066044538609], [-74.9969597176412, 40.1080162856232], [-74.9969431059338, 40.1080275196613], [-74.9968326336616, 40.108103445122], [-74.9967988318241, 40.1081268328097], [-74.9930855347817, 40.1106959541779], [-74.9924256117091, 40.1111525038876], [-74.990866355485, 40.1122311912897], [-74.990062016722, 40.1127930371642], [-74.9896814587515, 40.1130700626063], [-74.9879243469538, 40.1142532171109], [-74.9847056895327, 40.1164891699149], [-74.9836166806769, 40.1173082704763], [-74.9832439425954, 40.1176382681257], [-74.9822067984882, 40.1184010034023], [-74.9812126184239, 40.1191094920591], [-74.9802138814162, 40.119812050951], [-74.9801584694213, 40.1198510308654], [-74.9801231818426, 40.1198726895272], [-74.9798519760426, 40.1196473047871], [-74.9797633632589, 40.1195726063468], [-74.9797130887151, 40.1195075465509], [-74.97960097818, 40.1194293903726], [-74.9794703979105, 40.1193870561092], [-74.9792846925633, 40.119352107705], [-74.9791335028086, 40.1193513661876], [-74.9790094569921, 40.1193803109238], [-74.9788922515289, 40.1194268199625], [-74.9788006563808, 40.1194942741264], [-74.9786890546641, 40.1195423696271], [-74.9786047222124, 40.119547589896], [-74.9784796856106, 40.1195082994499], [-74.9783681031155, 40.1194635302731], [-74.9782441745027, 40.1194895665761], [-74.9779768271062, 40.1196021180231], [-74.9777381127317, 40.1196616636776], [-74.9776475839486, 40.1197030117246], [-74.977588210089, 40.1197683403327], [-74.9775494837357, 40.1198370591403], [-74.9775209374999, 40.120026469896], [-74.9773840202548, 40.1200696097763], [-74.9772479442864, 40.120069230224], [-74.9771435548008, 40.1200333376097], [-74.9770422999926, 40.1199670463979], [-74.9769304793252, 40.1199280729525], [-74.9767960530695, 40.1199335355139], [-74.9766129264032, 40.1199741003586], [-74.9764000582477, 40.1200487828346], [-74.9761379043257, 40.1201498496457], [-74.9760672509193, 40.1202134447991], [-74.9760302314201, 40.120286557366], [-74.9760677996853, 40.1203846887732], [-74.9760313163388, 40.1204447569075], [-74.9759321756854, 40.1204655858529], [-74.9758159262802, 40.1204424714092], [-74.9757326128521, 40.1203998233519], [-74.975733751322, 40.1203258461446], [-74.9757250830909, 40.1202603357595], [-74.9756728171757, 40.1201981275151], [-74.975567717564, 40.1201796249487], [-74.9753912128287, 40.1201971352432], [-74.9752275677681, 40.120223661684], [-74.9751020466154, 40.120219182126], [-74.9749735322932, 40.1201725404247], [-74.9748070743759, 40.1200829039139], [-74.9746892457839, 40.1200060555619], [-74.9746134372076, 40.1199186055776], [-74.9745375098919, 40.1198572755318], [-74.9744281119714, 40.119805293505], [-74.9742887241023, 40.1197932238439], [-74.9740769352325, 40.119795365111], [-74.9736092600322, 40.1198145487336], [-74.9733677295647, 40.1198043648588], [-74.9731122606166, 40.1197880410075], [-74.9729926397646, 40.1198011111486], [-74.9728690659545, 40.1198184459717], [-74.9727724678464, 40.1198233666658], [-74.9726733877961, 40.1197963114889], [-74.9725722104081, 40.119728557465], [-74.9725483835276, 40.1196641322577], [-74.9725072815718, 40.1195601113308], [-74.9724299910451, 40.1195089019536], [-74.9722404673466, 40.1194288685207], [-74.9720573205213, 40.1193083506136], [-74.971934548618, 40.1192139622501], [-74.971859978791, 40.1191424981939], [-74.9717863584354, 40.1190478463922], [-74.9717113410542, 40.1188951130267], [-74.9716043240165, 40.1188083594311], [-74.9714958213161, 40.1187346335289], [-74.9712977680382, 40.118586181437], [-74.9712083374352, 40.1184621237474], [-74.9711428174413, 40.1183546107447], [-74.9710213257603, 40.1181136834567], [-74.9709154548671, 40.1179297296949], [-74.9708439798858, 40.1177596645194], [-74.9707519616801, 40.1176529615512], [-74.9706151499933, 40.1175321094163], [-74.9704526823879, 40.117391769459], [-74.9703481705303, 40.1171976938004], [-74.9702693076716, 40.1170927501209], [-74.9701799964178, 40.1170122340884], [-74.9700834650041, 40.1169692622005], [-74.9699876435664, 40.1169553389533], [-74.9699173584739, 40.1169637947504], [-74.9698671956934, 40.1169887039646], [-74.9698148478804, 40.1170208148399], [-74.9697390763497, 40.1170247947244], [-74.9696471378881, 40.1170080546232], [-74.969593452822, 40.1169806354357], [-74.9694805269691, 40.1169227584932], [-74.9693264165918, 40.1168551820804], [-74.9692038604458, 40.1168246456112], [-74.9690875434546, 40.1168494053731], [-74.968918003035, 40.116881582123], [-74.9686867824778, 40.1169427499422], [-74.9684410972481, 40.1170340334897], [-74.968321167783, 40.1171007850798], [-74.9682178703122, 40.1171766522548], [-74.9681261631054, 40.1172237672596], [-74.9680360793051, 40.1172999539503], [-74.9678917691048, 40.117408205153], [-74.9677335793885, 40.1175320774135], [-74.9675651339961, 40.1176295792838], [-74.9675174242834, 40.117686471783], [-74.9674850456982, 40.1178075859883], [-74.9674630137523, 40.1178839682233], [-74.9673550032921, 40.1179365000439], [-74.9671237949287, 40.1179512239639], [-74.966951230844, 40.1180108974823], [-74.9667226073272, 40.1180546976347], [-74.9665341732162, 40.1180864226681], [-74.9663853341842, 40.1181205476053], [-74.9660807376802, 40.1182423242229], [-74.9659210896713, 40.1183095634513], [-74.9657742680201, 40.1183408440224], [-74.9655935447917, 40.1184148252429], [-74.9654317684597, 40.1184878232839], [-74.9653340697427, 40.1185652652805], [-74.9652617687969, 40.1186230121163], [-74.9651492076256, 40.1186710804569], [-74.9649944846159, 40.118664430949], [-74.96483693817, 40.1186344931458], [-74.9647345165072, 40.1185971859917], [-74.9646288452639, 40.1185467354], [-74.9645353346594, 40.1184762673305], [-74.9644892190178, 40.118402595996], [-74.9645089290552, 40.1182448894879], [-74.9644890949029, 40.1181297747489], [-74.9644183319168, 40.1179887459515], [-74.9643341306722, 40.1178299828604], [-74.9642819342308, 40.1176284543716], [-74.9642070769916, 40.1174031661621], [-74.9641168865124, 40.1172979436126], [-74.9639986590795, 40.1172312283958], [-74.9638307615889, 40.1171313855019], [-74.9637361213762, 40.1170884630287], [-74.963576230459, 40.1170468517719], [-74.9634434670191, 40.1170117095906], [-74.9633788753161, 40.1169738671592], [-74.9632951046341, 40.1168963812987], [-74.9632210418755, 40.116766876595], [-74.9631754084593, 40.116682709852], [-74.963151406771, 40.1165068877117], [-74.9631420872777, 40.1163658964087], [-74.963156315181, 40.1162037140154], [-74.9631339282165, 40.1161044860565], [-74.9631153174915, 40.1160053586245], [-74.9631120146546, 40.1158790284994], [-74.963147455105, 40.1157986197798], [-74.9632499491718, 40.1156501832913], [-74.9633174513702, 40.1155255700475], [-74.9633306252918, 40.1154808988006], [-74.9633957862711, 40.1152981808326], [-74.9634142265528, 40.1152173600541], [-74.9633495964066, 40.1151345351232], [-74.9632611180399, 40.1150337045487], [-74.9632373016567, 40.1149692773913], [-74.9631460382993, 40.1147755156527], [-74.9630907479316, 40.1146493771249], [-74.9631122471162, 40.114586047345], [-74.9632493763992, 40.1144689245886], [-74.963457594661, 40.1142084068595], [-74.9636702913182, 40.1140002405506], [-74.9640014960369, 40.1136904570628], [-74.9640918250274, 40.1135620443343], [-74.9641390653321, 40.113470315447], [-74.9641569225086, 40.1133807760924], [-74.9641380249292, 40.1132888955017], [-74.9640225433936, 40.1130176312834], [-74.9639200191812, 40.1126378404259], [-74.9638790343101, 40.1124394855692], [-74.9638840817211, 40.1122016248941], [-74.9638805625878, 40.1120114314858], [-74.9638502690713, 40.1119207245065], [-74.9637846712892, 40.1117464445257], [-74.9637771479087, 40.1116533887375], [-74.9637964313031, 40.1115522781819], [-74.9638522740842, 40.1114810761499], [-74.9639357463685, 40.1113815119523], [-74.9640463896338, 40.1112187651179], [-74.9641054506302, 40.1110692756364], [-74.9641213043463, 40.1109593676723], [-74.9641213413162, 40.1108664950943], [-74.9640406875977, 40.1107136203344], [-74.9639030273408, 40.1105680685183], [-74.9638392354168, 40.1104649439801], [-74.963840923195, 40.1103779142957], [-74.9638130139819, 40.1102292188985], [-74.9637467470256, 40.1100941012285], [-74.963710452548, 40.1099655208671], [-74.9637103732803, 40.1098755469041], [-74.963771777628, 40.1097609408115], [-74.9638913796369, 40.1096100170669], [-74.9639783859737, 40.1095163495329], [-74.9640751797398, 40.1094606478761], [-74.9642349697545, 40.1094354960269], [-74.9644097016424, 40.1095064808898], [-74.9645091976918, 40.1094769664179], [-74.9646026818297, 40.109409578343], [-74.9646800100472, 40.1093214787472], [-74.964738353398, 40.1091893803156], [-74.9647650655377, 40.1090913510427], [-74.9648101761333, 40.1090053732589], [-74.9648773523796, 40.1089344462384], [-74.9649360140862, 40.1088865245396], [-74.9650593500746, 40.1088285635769], [-74.9651180233214, 40.1087806411688], [-74.9652060989022, 40.1086608784021], [-74.9653870961963, 40.1083953452882], [-74.9655164879608, 40.1082359518348], [-74.9655922845025, 40.108139111135], [-74.9656090518345, 40.1080988788747], [-74.9655619903893, 40.108048405482], [-74.9655039606554, 40.1079889521694], [-74.9654322499151, 40.1078943419661], [-74.9653688040003, 40.1077825141709], [-74.9652957009539, 40.1076298231136], [-74.965212345593, 40.1074507616079], [-74.9651235362445, 40.107312205356], [-74.9650572509135, 40.1072235292015], [-74.9649789079345, 40.107198410874], [-74.9647263959912, 40.1071806790773], [-74.9644216087487, 40.1071471819461], [-74.9641956415851, 40.1071271906556], [-74.9639583484175, 40.1071069325726], [-74.9637105666172, 40.1070660925223], [-74.9635171927972, 40.1069888517013], [-74.9633364562283, 40.1068799927522], [-74.963249888976, 40.1067792081703], [-74.9632010700978, 40.1066793484202], [-74.9632198277877, 40.1066489584788], [-74.96326991467, 40.1065678244166], [-74.9633738966669, 40.1065210110281], [-74.963397046491, 40.1065128037877], [-74.9634659469349, 40.1064884057147], [-74.963596114229, 40.1064480305841], [-74.9636591569908, 40.1063857075721], [-74.963670758538, 40.1062873123135], [-74.9636066225863, 40.1061464431652], [-74.9636286060426, 40.1060715111439], [-74.9636929487673, 40.1059772946354], [-74.9637864265472, 40.1059099071508], [-74.9639076530159, 40.1058112580387], [-74.9639636217649, 40.1057371585427], [-74.9639636601202, 40.1056442859594], [-74.963927806089, 40.1055969749461], [-74.9637975479454, 40.105547386054], [-74.9635926168888, 40.1054756680726], [-74.9633994875807, 40.105392620941], [-74.9631844133198, 40.1052916328153], [-74.9629647413035, 40.1052108429896], [-74.9626934919343, 40.1051433185792], [-74.9625560427925, 40.105084840524], [-74.9624993308012, 40.1049934934013], [-74.9624291773051, 40.104861190067], [-74.9624332308868, 40.1047626118742], [-74.9624678403063, 40.1046560611738], [-74.9625399828613, 40.1045562315023], [-74.9625391876977, 40.1044836488352], [-74.9623782986924, 40.1043520469292], [-74.9620920043108, 40.1041448413179], [-74.9619929446019, 40.1040263538851], [-74.9617671905327, 40.1038177131669], [-74.9615648791622, 40.1036821967692], [-74.9614026808537, 40.103582486665], [-74.9612285518521, 40.1034970041036], [-74.9611105901434, 40.1034244806255], [-74.9610200170442, 40.1033294098021], [-74.9609898504444, 40.1032358043518], [-74.9609950977439, 40.1031082306365], [-74.9610247539858, 40.1030305837335], [-74.9610896356955, 40.1027854609508], [-74.9611991014317, 40.1026052706209], [-74.9612026026072, 40.1024283126711], [-74.9612349886513, 40.1022839795319], [-74.9612905224856, 40.1021286029687], [-74.9612948163974, 40.1020242186685], [-74.9612692384295, 40.1019568458005], [-74.9611780576096, 40.1018762765997], [-74.9611016308567, 40.1018047606004], [-74.9610615723948, 40.1016760886904], [-74.9611256518232, 40.101404824319], [-74.9612264600652, 40.1012969784065], [-74.961394657839, 40.1011588420575], [-74.9614777618473, 40.1010679833381], [-74.9616432557935, 40.1009036679623], [-74.9617013711108, 40.100777368408], [-74.9617441364628, 40.100656508455], [-74.9617682558567, 40.1005293924431], [-74.9618006503029, 40.1003850602822], [-74.9618469925973, 40.1001772154446], [-74.9618541067533, 40.1000961301025], [-74.9618900588663, 40.0999112449027], [-74.9619325845599, 40.0997961910039], [-74.9619774541991, 40.099716010506], [-74.9620138090929, 40.0996588450515], [-74.9620202183526, 40.0995951513418], [-74.961985920019, 40.0995101493861], [-74.9619179975986, 40.0994156284759], [-74.9618158552627, 40.0993260804752], [-74.9617390727474, 40.0992632686832], [-74.9616734932547, 40.099203630924], [-74.961686498794, 40.0991633169764], [-74.9617306526369, 40.0991005378614], [-74.9617858900859, 40.0990438304673], [-74.962070946509, 40.0987750146006], [-74.9620941106629, 40.0986710969277], [-74.9620622872723, 40.0986180809282], [-74.9619082451081, 40.0985040626497], [-74.9617241185515, 40.098386403994], [-74.9616067601005, 40.098299388147], [-74.9615790576072, 40.0982377666849], [-74.9615967785869, 40.0981743464644], [-74.9616601746349, 40.0981033207457], [-74.9617748911611, 40.0980248444058], [-74.9618125581135, 40.0979357858202], [-74.9618081098601, 40.0978602121342], [-74.961788682993, 40.0977813836041], [-74.9617233448482, 40.0977159397639], [-74.9616194152306, 40.0976698880288], [-74.9614145102807, 40.0975981661281], [-74.96119084077, 40.0975230781595], [-74.9610601349121, 40.0974850806822], [-74.9609243311137, 40.0974788844064], [-74.9607911205529, 40.0975017744752], [-74.9606796015496, 40.0975484113956], [-74.9605690368211, 40.0975718506953], [-74.9604632125454, 40.0975721842507], [-74.9600781550518, 40.0974699651356], [-74.9597341508576, 40.0973803479152], [-74.9596268082113, 40.097325498103], [-74.9594760701848, 40.0972231624245], [-74.9593755604164, 40.097185895998], [-74.9587840036445, 40.0969132229665], [-74.9585158725811, 40.0968167398643], [-74.9582522331081, 40.0967029465263], [-74.9581681457965, 40.0966341527645], [-74.9581109572479, 40.0965544063892], [-74.9580799633174, 40.096481090092], [-74.9579964736889, 40.0963977934944], [-74.9576529310151, 40.0961137282049], [-74.9573547407258, 40.095967178243], [-74.9572091704771, 40.0959230032121], [-74.9570588807116, 40.0959019439402], [-74.9568995991462, 40.0959154817279], [-74.9566404792508, 40.0959672335556], [-74.9564624335098, 40.0959774232215], [-74.956286549251, 40.0959354117885], [-74.9561869987129, 40.095874953194], [-74.9560965612417, 40.0957769708553], [-74.9560877488043, 40.0957158079332], [-74.9561091290446, 40.09565537884], [-74.956119306013, 40.0955917759891], [-74.9558379774806, 40.0952656770918], [-74.9557599402295, 40.0951418827001], [-74.9557484166258, 40.0950545307569], [-74.9557738217884, 40.0949883966333], [-74.955880721409, 40.0947326927972], [-74.9560086303176, 40.0944716866945], [-74.9562350368447, 40.0940215238077], [-74.956392442469, 40.0937322105889], [-74.9564033845249, 40.0935583346861], [-74.9564025261325, 40.0933957868574], [-74.956382307835, 40.0932443743707], [-74.9563742600178, 40.0930729375096], [-74.9564545922988, 40.092865921433], [-74.9566915730432, 40.0924798640849], [-74.9568237963279, 40.0922973294812], [-74.9569424277808, 40.0921696012733], [-74.9570653100345, 40.0920303793993], [-74.9571170596924, 40.0918749028591], [-74.9571985597479, 40.0916853324944], [-74.9572867453648, 40.0915626761652], [-74.9574426969384, 40.0913545943526], [-74.9574731752351, 40.0912566490577], [-74.9576437071272, 40.091153409892], [-74.9578152759228, 40.0908412192426], [-74.9579606302461, 40.0905690291935], [-74.9579797840692, 40.090470817719], [-74.9579646166729, 40.0903804769519], [-74.957909105428, 40.090260131665], [-74.9578238792191, 40.0901274595722], [-74.9577937232725, 40.0900338442001], [-74.9577907123284, 40.0899234884714], [-74.9578285099221, 40.0898315328376], [-74.957891172708, 40.0897779092214], [-74.9579936053667, 40.0897223492474], [-74.9580673626004, 40.0896747988543], [-74.9581133042461, 40.0895685327464], [-74.9581171244908, 40.0894757517317], [-74.9581093844174, 40.0893884919437], [-74.9581228550236, 40.0893365757074], [-74.9581550874454, 40.0892880148413], [-74.9582342891689, 40.0891999662219], [-74.9582516528907, 40.0891452421686], [-74.9582303572833, 40.0890199260345], [-74.9581819003749, 40.0887285208963], [-74.958010723878, 40.0882512796457], [-74.9578697998196, 40.0879111867522], [-74.9577142117541, 40.087651997274], [-74.9576095451842, 40.087211206584], [-74.9576104281563, 40.0870980349488], [-74.9576385292089, 40.0870580782547], [-74.9580177871376, 40.0868409143966], [-74.9580275753788, 40.0866031601703], [-74.9580343569575, 40.0864843280039], [-74.9580261758362, 40.0863157903916], [-74.9580495912064, 40.086206075679], [-74.9580820490862, 40.0861517192128], [-74.9582037259285, 40.0860414808311], [-74.9582253978287, 40.0858823817624], [-74.9582160676443, 40.0856499651631], [-74.9582519946019, 40.0852822439827], [-74.9582986958188, 40.0850656956786], [-74.9583409796365, 40.0849564401251], [-74.9586276827942, 40.0846006117702], [-74.9586798037139, 40.0843900078061], [-74.9586305421665, 40.0843017396109], [-74.9585489200024, 40.0842649306747], [-74.958422492403, 40.0842154194603], [-74.9583659227907, 40.0841211707104], [-74.9583733966414, 40.0840313798771], [-74.9583836890694, 40.0839648782144], [-74.9584229885739, 40.0839280957276], [-74.958592846594, 40.0839322203564], [-74.9587222572992, 40.0839092501699], [-74.9589034193199, 40.0837307945963], [-74.9589657637036, 40.0835930023826], [-74.9589844714223, 40.083459943482], [-74.9589445482831, 40.0833283721452], [-74.9589076701303, 40.0832142835092], [-74.9590186150383, 40.0830892773721], [-74.959134884612, 40.0829266634105], [-74.9591546322447, 40.0828139579959], [-74.9591319167961, 40.0827234340467], [-74.9590391405124, 40.0825905693681], [-74.9590008420076, 40.0825112818253], [-74.959051960365, 40.08241674791], [-74.9591029486927, 40.0823715446818], [-74.9592499115589, 40.0823809162822], [-74.9592796088872, 40.082376753568], [-74.9596666902299, 40.0823224820466], [-74.9597439600603, 40.0823116438562], [-74.9598595855589, 40.0822564127105], [-74.9599548263896, 40.0821455318002], [-74.9600113636792, 40.0820569319682], [-74.9600506148052, 40.081929751063], [-74.9600736205064, 40.0817934092291], [-74.9600782864569, 40.0816799960734], [-74.9600795654232, 40.0815431259137], [-74.9600612813758, 40.0814592064842], [-74.9600405839952, 40.081328479798], [-74.9600430541598, 40.0812684389678], [-74.9601072818138, 40.0811865216424], [-74.960181014903, 40.0810848050316], [-74.960627475983, 40.0807984673629], [-74.9608157541214, 40.0806594587237], [-74.9608837791583, 40.0805909879852], [-74.9609866632928, 40.0805200291904], [-74.9610765395635, 40.0804487546475], [-74.9611221519212, 40.0803964358988], [-74.9612738961063, 40.0801947632234], [-74.9614064077499, 40.0800377044638], [-74.9615238302262, 40.0799303692835], [-74.9616359566778, 40.0798462721609], [-74.9617298929979, 40.0797817717093], [-74.9617498633602, 40.0797682264904], [-74.9618944239935, 40.0796701284905], [-74.9619579445853, 40.0796270302675], [-74.9620159008864, 40.0795917075583], [-74.9621074087528, 40.0794804019678], [-74.9621330996975, 40.0793841948363], [-74.9621306720206, 40.0793373882086], [-74.9621567577938, 40.0791259982084], [-74.9622003639252, 40.0790168627193], [-74.9622702935416, 40.0789016996044], [-74.9623339678848, 40.0788331216421], [-74.9623927461983, 40.0787777797107], [-74.9624699993755, 40.0786961780284], [-74.962506790123, 40.0786469877919], [-74.9625353195141, 40.0785875781218], [-74.9625334387184, 40.0785274317515], [-74.9625185401783, 40.0784669678322], [-74.9624816535264, 40.0784126484412], [-74.9624313649216, 40.0782611745162], [-74.9624241732926, 40.0781190898832], [-74.962431526564, 40.0780458117657], [-74.9624595062472, 40.0779997427041], [-74.962513936293, 40.077944295257], [-74.9626298581967, 40.0778736513546], [-74.9631842474779, 40.0773929194254], [-74.9632873132594, 40.0772117707896], [-74.9633952909954, 40.0771225687341], [-74.9635063138822, 40.0770651591261], [-74.9636375425834, 40.0770449671013], [-74.9637805694505, 40.0770551117875], [-74.9643240349125, 40.0770515897435], [-74.9649743632328, 40.0771975749667], [-74.9650424805935, 40.0772040743943], [-74.9651496233132, 40.0772143019923], [-74.9652557834961, 40.0772244344963], [-74.9654419525006, 40.077242300357], [-74.9657366766785, 40.0772627950912], [-74.9660318232986, 40.0772732883759], [-74.9661840004992, 40.077271963898], [-74.9662988222567, 40.077227997571], [-74.966489919105, 40.0771257770467], [-74.9665975515154, 40.0770449085614], [-74.9666707228593, 40.0769565284043], [-74.9667508770913, 40.076698022637], [-74.9667753627858, 40.0765249878968], [-74.9668220747495, 40.0764459867736], [-74.9669417766489, 40.0763887832332], [-74.9672692220195, 40.0763532989455], [-74.9675526915761, 40.0763301119045], [-74.9678087446069, 40.0763396541755], [-74.9682832745865, 40.076321090725], [-74.9687455958022, 40.0762821990108], [-74.9688937085961, 40.0762740965903], [-74.9690414912643, 40.0762743299205], [-74.969127376427, 40.0762997820496], [-74.9692968196673, 40.0764073892409], [-74.969481481714, 40.0764619470342], [-74.9696284323157, 40.076482199311], [-74.9697501558829, 40.0764818012435], [-74.9698251979571, 40.076453565952], [-74.9699014823357, 40.0763953099152], [-74.9700123619613, 40.0763412255853], [-74.9701106210941, 40.0762768231542], [-74.9702517597714, 40.0762268126352], [-74.9703689986521, 40.0762296484218], [-74.9705117502589, 40.0762464550354], [-74.9706937059748, 40.076260875653], [-74.9708387825063, 40.0762209795778], [-74.9709419233025, 40.0761433325228], [-74.9710547150133, 40.0760425530675], [-74.9711718536802, 40.0759418795227], [-74.9712618383015, 40.0758672570477], [-74.9713488551227, 40.0757591690354], [-74.9713825298438, 40.0756798509655], [-74.9714160009712, 40.0756055289118], [-74.9713981142823, 40.0755116093577], [-74.9713499685239, 40.075413616084], [-74.9712903093254, 40.0752786077034], [-74.9712332065741, 40.0751870747326], [-74.971237306852, 40.0750870008439], [-74.9712500895289, 40.0749871468106], [-74.9712811960328, 40.0748643530412], [-74.9713199010538, 40.0747684597703], [-74.9713674162321, 40.0746694356369], [-74.9714526521546, 40.0746047181479], [-74.9715935131015, 40.0745613763097], [-74.9716231827291, 40.0744736084182], [-74.9716170976719, 40.0744100168497], [-74.9715764169584, 40.0743422548754], [-74.9714879637918, 40.0742733369246], [-74.9712717054155, 40.0741412280035], [-74.9710805524403, 40.074033090551], [-74.9710286193392, 40.0739216516276], [-74.9710317630557, 40.073844928403], [-74.971042905883, 40.0737850972798], [-74.9711062920774, 40.0737231847421], [-74.9712002120503, 40.0736586774576], [-74.9715394919954, 40.0734398291504], [-74.9717336202783, 40.0733693994598], [-74.9718740687831, 40.0733360591752], [-74.9720145051376, 40.0733027256371], [-74.9721298628081, 40.073245412806], [-74.9722203891902, 40.0731574488983], [-74.972272657463, 40.0730485293325], [-74.9722980583333, 40.0729589911289], [-74.9723326884577, 40.0728563122178], [-74.972414069778, 40.0724609419719], [-74.9724351348575, 40.0723712989435], [-74.9725017180197, 40.0722309985727], [-74.972575287608, 40.0721326037548], [-74.9726559013041, 40.0720744506887], [-74.9727979843449, 40.0720010863227], [-74.9729180960825, 40.0719338677491], [-74.9730635590098, 40.0718839585373], [-74.9732133687914, 40.0718341541857], [-74.9733817733765, 40.0717547482286], [-74.9734754142232, 40.0716969093882], [-74.9735298415947, 40.0716414650898], [-74.9735670290215, 40.0715822630559], [-74.9736039550847, 40.0715297307321], [-74.9736065496736, 40.071466348105], [-74.9736179629274, 40.0713998454843], [-74.9736328923311, 40.071353458626], [-74.9736698182187, 40.0713009262803], [-74.9738080306187, 40.0712157794187], [-74.9739769907192, 40.0711230321899], [-74.9741191961095, 40.0710463352626], [-74.9742597749788, 40.0710096604889], [-74.9744174453514, 40.0709800753151], [-74.9746119046687, 40.0709013059774], [-74.9748017427931, 40.0708290926385], [-74.9748998530828, 40.0707680176637], [-74.9749814174136, 40.0706865113331], [-74.9750414183389, 40.0706011421469], [-74.975071559081, 40.0705017069959], [-74.9751015638367, 40.0704055935053], [-74.9751234434596, 40.0702959380432], [-74.9751216895396, 40.0702324522055], [-74.9750979148023, 40.0700699367616], [-74.9751062205236, 40.0699733082791], [-74.9751657994212, 40.0698979487579], [-74.9752508902717, 40.0698365681356], [-74.9753488624688, 40.069778823445], [-74.9754594537812, 40.0697314113859], [-74.9755821188256, 40.06970766541], [-74.9757237870181, 40.0696442984903], [-74.9759684405936, 40.0695066284196], [-74.976184878206, 40.0694217011994], [-74.9764021218664, 40.0693167622477], [-74.9766093178856, 40.0692449641448], [-74.9767334822474, 40.0691845165261], [-74.9768285488144, 40.0690916479684], [-74.976872669934, 40.0689691760566], [-74.9769118989462, 40.0688599309174], [-74.977007186204, 40.0686552186194], [-74.9770791375567, 40.0684900046927], [-74.9771533795342, 40.0683749265788], [-74.9772048181467, 40.0682860157875], [-74.9772709219105, 40.0681573873652], [-74.9773300875795, 40.0680920376395], [-74.9774602887394, 40.067989996501], [-74.9776285540241, 40.0679139242633], [-74.977858545569, 40.0678159672208], [-74.9780097062761, 40.0677327949499], [-74.9781610038213, 40.0676462936335], [-74.9783721306453, 40.0675846072318], [-74.9786178484981, 40.0675270896121], [-74.9788825647963, 40.0674299681023], [-74.9790934189296, 40.0673749516569], [-74.9791829749295, 40.0673103239746], [-74.9794132463649, 40.0672056937461], [-74.979557073675, 40.0670889580714], [-74.9796067488063, 40.067043408291], [-74.9797135991685, 40.066980872278], [-74.9797813068719, 40.0669190702791], [-74.9798053334544, 40.0668628812641], [-74.9798383141778, 40.0668002320934], [-74.9798456578865, 40.0667269548694], [-74.9799099733442, 40.066641695481], [-74.9800492005189, 40.0665315261605], [-74.9801657544685, 40.0664441748529], [-74.9802687447054, 40.0663698683495], [-74.9803791910244, 40.0663257822255], [-74.9805151493691, 40.0662956656583], [-74.9806772782223, 40.0662628457261], [-74.9807538141542, 40.0661979120954], [-74.9808584380156, 40.0660835649085], [-74.9809230226935, 40.0659916354634], [-74.9809714135246, 40.0658709221467], [-74.980965591612, 40.0658006606544], [-74.9809478305903, 40.0657034037529], [-74.9809222049019, 40.065585926548], [-74.9809459577607, 40.0655364076493], [-74.9810268275726, 40.0654715783037], [-74.9810862596115, 40.065399555375], [-74.9811239937218, 40.0653270005367], [-74.9811577893361, 40.0652443399032], [-74.9811523755284, 40.0651640773792], [-74.9811008296133, 40.0650426317267], [-74.9810540508239, 40.0649112819404], [-74.9809679943247, 40.0646771467423], [-74.9809270488387, 40.0645092089918], [-74.9809080964584, 40.0642282755612], [-74.9809147688065, 40.0640648301484], [-74.9809383957843, 40.0639118024173], [-74.9809826542022, 40.0637859885933], [-74.9810212715181, 40.0635849085682], [-74.9810406991864, 40.0634284465663], [-74.9810846742341, 40.0633093037059], [-74.9810977116794, 40.0632027691199], [-74.9810928430755, 40.0631091559612], [-74.9810173089287, 40.062937051602], [-74.9809349662783, 40.062824875398], [-74.9808660716955, 40.0627030114606], [-74.9808049619546, 40.0626030337505], [-74.980808774643, 40.0625096397104], [-74.9808303705219, 40.0624066453712], [-74.9808694527031, 40.0623007466234], [-74.9809131538525, 40.062188274153], [-74.9809868366465, 40.0620865351147], [-74.9810088286511, 40.0619735394174], [-74.981030560014, 40.0618672143581], [-74.9810164537896, 40.0617867414146], [-74.9810027678901, 40.0616962596095], [-74.9809546168924, 40.0615982702529], [-74.9809098151687, 40.0614185535166], [-74.9809185072907, 40.0613119142146], [-74.9809358933922, 40.0612054835444], [-74.9809444494851, 40.0611021749186], [-74.9809272460199, 40.0609915775491], [-74.9809184396462, 40.0608878594786], [-74.9808872548991, 40.0608002889579], [-74.9808438491572, 40.0606923940079], [-74.9807688403456, 40.0606137879875], [-74.9805490909824, 40.0604615799871], [-74.9804824234212, 40.0603915187296], [-74.9804257302919, 40.0602899892367], [-74.9804338900738, 40.0601966909668], [-74.980486135547, 40.0600877585847], [-74.9805579097426, 40.0600327294334], [-74.9806680732106, 40.0599953142766], [-74.9808167616075, 40.0599721904261], [-74.9809351971432, 40.0599449942864], [-74.9810891863248, 40.0598986150971], [-74.9812095277983, 40.0598247171419], [-74.9813127806322, 40.0597437303401], [-74.9814027310823, 40.059669108832], [-74.9815260682369, 40.0595218176824], [-74.9816127739923, 40.0594204011368], [-74.9819912533799, 40.058983760491], [-74.98210522509, 40.058852948956], [-74.9821873118582, 40.0587580985577], [-74.982298560945, 40.0586940003772], [-74.9824766907922, 40.0585880987666], [-74.9826103286909, 40.0585078428015], [-74.9827559032905, 40.0584545908872], [-74.9829595297706, 40.0583626574108], [-74.9833291632869, 40.0581428400395], [-74.9835155636797, 40.0580471568374], [-74.9836867704288, 40.0580045408751], [-74.9838408879675, 40.0579548272825], [-74.9839983888659, 40.0579285677587], [-74.9841126094965, 40.0578979249197], [-74.9842093442816, 40.0578702030858], [-74.9842885713274, 40.0578453936639], [-74.9843732194098, 40.0577940061192], [-74.9845400958214, 40.0576444359971], [-74.9849150747786, 40.0573996927084], [-74.9850668842575, 40.0572998406092], [-74.9851532409773, 40.0572067570665], [-74.9851874367788, 40.0571140851802], [-74.9851825626032, 40.0570204811653], [-74.9851680448233, 40.0569500106677], [-74.9851226073079, 40.056892149886], [-74.9849512876426, 40.0567244198268], [-74.9848212087262, 40.056611106447], [-74.9846946493302, 40.0565178984594], [-74.9845903395957, 40.0564118819725], [-74.984494983747, 40.0562994040015], [-74.9844115670345, 40.056213921015], [-74.9843392120802, 40.0560702690663], [-74.9842966302359, 40.0559423645346], [-74.9842715466853, 40.0558115382702], [-74.9842647760193, 40.0556577782447], [-74.9842609913154, 40.0555374845992], [-74.9842490701552, 40.0554036412398], [-74.9842538300423, 40.0552868872486], [-74.9842448835744, 40.0551864991852], [-74.9842122020469, 40.0551356310097], [-74.9841797811316, 40.0550780840705], [-74.9840656380594, 40.0550002130477], [-74.9839214497564, 40.0549132664997], [-74.9837984244396, 40.054840182268], [-74.9837371250896, 40.0547452113839], [-74.9836812481582, 40.0546236633549], [-74.9836211612691, 40.0544986799635], [-74.9834769746379, 40.0544117319553], [-74.9827928180119, 40.0539277889951], [-74.9825405905298, 40.053826550415], [-74.9823240960094, 40.0538079820013], [-74.982121975948, 40.0537563640774], [-74.9818287101066, 40.0537025513948], [-74.9815925622799, 40.0536334247841], [-74.9813939736965, 40.0536019223302], [-74.981207049782, 40.0536040942999], [-74.9810117168252, 40.0535993863573], [-74.9808326558377, 40.053621787027], [-74.9806451872731, 40.0536372988091], [-74.9804927113896, 40.0536469769517], [-74.9802884255539, 40.0536487378878], [-74.9800888841456, 40.0536405839461], [-74.9798381460513, 40.0536094973872], [-74.9796590980106, 40.0535250386556], [-74.9795116727279, 40.0534113005797], [-74.9793820063685, 40.0532879697998], [-74.97925180731, 40.0531779807746], [-74.9791428940735, 40.0530785248964], [-74.9790086223825, 40.0529617604148], [-74.9788659553572, 40.0528381154208], [-74.9787049507541, 40.0527373935289], [-74.9785567124831, 40.0526436653269], [-74.9784044012852, 40.0525431617274], [-74.978274479731, 40.0524542632634], [-74.9739836965647, 40.0486045424132], [-74.9778487154797, 40.0453819951046], [-74.9807819927703, 40.043552630626], [-74.9831869535183, 40.0414135756143], [-74.9876442451232, 40.0381956490153], [-74.9909869367595, 40.035782105366], [-74.9940954740325, 40.0334222144672], [-74.9971170005122, 40.0312976786609], [-74.9981671622093, 40.0305219432341], [-75.0006205485241, 40.0287095864701], [-75.003856354764, 40.0270056572636], [-75.0103717546796, 40.0225000953697], [-75.0113354706745, 40.0217650534271]]]}}, {"type": "Feature", "properties": {"objectid": 10, "dist_numc": "02", "Shape__Area": 30530520.12109375, "Shape__Length": 25319.466686284475}, "geometry": {"type": "Polygon", "coordinates": [[[-75.0468586846911, 40.0567470352242], [-75.0468591430452, 40.0567465675517], [-75.0468597234261, 40.0567459802077], [-75.0473694187799, 40.0562281891039], [-75.0475420536569, 40.0560528098607], [-75.048206759722, 40.0553775251911], [-75.0492854206993, 40.054282453783], [-75.049330366978, 40.0542359629747], [-75.0496203880143, 40.0539555154584], [-75.0500429485311, 40.0535399750278], [-75.0504635863715, 40.0530882875014], [-75.0506443959704, 40.0528449894502], [-75.0508851991985, 40.0524432242174], [-75.0510547815687, 40.0520604166224], [-75.0512030022607, 40.0514553456726], [-75.0513378658104, 40.0498215907454], [-75.0513867337034, 40.0492242413175], [-75.0514110048134, 40.0489254519424], [-75.0514536592795, 40.0483591570997], [-75.0515723890719, 40.0478204372895], [-75.0517264982961, 40.0473900884528], [-75.0519810508653, 40.0469468267636], [-75.0522884587086, 40.0465507854255], [-75.0528292889065, 40.0460264755917], [-75.0540337211219, 40.0449110848269], [-75.0542104493768, 40.0447474170211], [-75.0544365809534, 40.0445379961978], [-75.0544422297515, 40.0445327648239], [-75.0548163453304, 40.044171727711], [-75.0551369289937, 40.0438732790426], [-75.0557805409012, 40.0433170232831], [-75.0566391684647, 40.0425628688085], [-75.0575509643674, 40.0417475121501], [-75.0577255896767, 40.0415954972999], [-75.0578532476691, 40.0414756317915], [-75.0583659255931, 40.0409942448939], [-75.0588785657154, 40.0405128865188], [-75.0600378901664, 40.0394419506335], [-75.0615423317986, 40.0380146025983], [-75.061941511418, 40.0376760322657], [-75.0622118790917, 40.0374728215728], [-75.0625791805613, 40.0372471041732], [-75.0628466945992, 40.0371223774593], [-75.0632260210764, 40.036931191721], [-75.0635282868957, 40.0368315181051], [-75.0644465080133, 40.0366064317844], [-75.0661859116805, 40.0362330699838], [-75.0676015947826, 40.0358974339364], [-75.0700043182865, 40.035329308097], [-75.0703719647081, 40.0352421919341], [-75.0706527390919, 40.0351756588016], [-75.0709194213112, 40.0351124653223], [-75.071038955512, 40.0350987131169], [-75.0748791310985, 40.034219177514], [-75.0781271637798, 40.033474807047], [-75.0804119727761, 40.0329457541589], [-75.0814612463611, 40.0327042784411], [-75.0824448965306, 40.032474366608], [-75.083011737598, 40.032320474044], [-75.0835612371493, 40.0321578820647], [-75.0847276266656, 40.031761917223], [-75.0852000344577, 40.031579824902], [-75.0853839537209, 40.0315001849005], [-75.0858524771812, 40.0312973039204], [-75.0861969298913, 40.031137622457], [-75.0867241762505, 40.0308837281723], [-75.088132806362, 40.0300945101822], [-75.0891657714882, 40.0295558240695], [-75.0898743631391, 40.0291513472051], [-75.090348203677, 40.0289018286503], [-75.0907633042586, 40.0286725882635], [-75.0915598471551, 40.0282325854816], [-75.0920517123502, 40.0279608758461], [-75.0931946128364, 40.0273295175083], [-75.0941296649219, 40.0268123196757], [-75.0946245512877, 40.0266103319867], [-75.0950357335812, 40.0265146718644], [-75.0954365052917, 40.0264471621617], [-75.0958805199183, 40.0264406999721], [-75.0963090074464, 40.0264813239519], [-75.0967361541093, 40.0265701702459], [-75.097463676446, 40.026861157038], [-75.0988110347111, 40.0277485343606], [-75.0992207670833, 40.0280170479231], [-75.099364767865, 40.0281114166226], [-75.1005931730743, 40.028916410988], [-75.1012840462244, 40.0293706863053], [-75.1018083249238, 40.0296284308981], [-75.1021595218185, 40.029757342693], [-75.1025384577745, 40.0298466211903], [-75.1030714565288, 40.0299044946915], [-75.1035982750395, 40.0299395082614], [-75.1039662197522, 40.0299077147082], [-75.104308882289, 40.0298551057835], [-75.1046046993719, 40.0297895294769], [-75.1046160162777, 40.0297860932226], [-75.105134833068, 40.029628573971], [-75.1055082216276, 40.0295058840876], [-75.1061348202012, 40.0292999889238], [-75.1072547966227, 40.0289501396348], [-75.1100417731464, 40.0280567925353], [-75.1113799049978, 40.0276288220884], [-75.1117000514669, 40.027554875696], [-75.1117746864277, 40.0275376362369], [-75.1119009840097, 40.0275084636299], [-75.1123935148491, 40.0274139149188], [-75.1128179832278, 40.0273502859879], [-75.1128188083751, 40.0273644925483], [-75.1128305199882, 40.0275661866522], [-75.1128214598614, 40.0276000041775], [-75.112809069882, 40.0276323144011], [-75.1127933489451, 40.0276631154944], [-75.1127742981482, 40.0276924092837], [-75.1127501744031, 40.0277210765905], [-75.1127188879342, 40.0277503840233], [-75.1126799895185, 40.0277808826013], [-75.1126280534124, 40.0278168321233], [-75.1125631308327, 40.0278557676304], [-75.1124906032763, 40.0278911892267], [-75.1124117362119, 40.0279224727156], [-75.1123283760835, 40.0279488829045], [-75.1122135765343, 40.0279751718956], [-75.1121074430255, 40.0280036646231], [-75.1120790755894, 40.0280090328039], [-75.1120534101787, 40.028011555421], [-75.1120250009702, 40.0280107911214], [-75.1119567717496, 40.028001894861], [-75.1119259175417, 40.0280004391462], [-75.111879621255, 40.0280036312089], [-75.1118188919584, 40.0280132818546], [-75.1117902612236, 40.0280203874089], [-75.1117612383329, 40.0280299527691], [-75.1117316321596, 40.0280420402204], [-75.1117010819328, 40.0280567946495], [-75.1116385667091, 40.0280930584396], [-75.1115482247432, 40.0281535801493], [-75.1114657515585, 40.0282536945311], [-75.1111562984729, 40.0286463452194], [-75.111131556842, 40.0286878025488], [-75.1110297275326, 40.0288584315976], [-75.1109813676982, 40.0289776447868], [-75.1109595734604, 40.029124032594], [-75.1109156399547, 40.0292779776657], [-75.1108981523846, 40.0295498292507], [-75.1108965810757, 40.029574262416], [-75.1108959291041, 40.0295843975376], [-75.1109313840724, 40.0296960335738], [-75.1110572412341, 40.0299743425854], [-75.1110612025953, 40.029990176407], [-75.1110941084873, 40.030121683689], [-75.1111265078568, 40.0303279269637], [-75.1111313016119, 40.0303584369628], [-75.1111369902715, 40.0307120822744], [-75.1111357024609, 40.0309532304695], [-75.1111119040252, 40.0311598358341], [-75.1110946165254, 40.0313343690687], [-75.1110226254498, 40.032009173915], [-75.1109118458505, 40.0324067244214], [-75.1108946373525, 40.032530827002], [-75.1108422107807, 40.0328616635404], [-75.1107926729644, 40.0330148229668], [-75.1107583303681, 40.0332133821581], [-75.1107646533851, 40.0334146184249], [-75.1107675670826, 40.0334735803026], [-75.1107933556205, 40.0336498151829], [-75.1108239521837, 40.0338073407249], [-75.1109175808277, 40.0340227713652], [-75.1110381073053, 40.0341760902519], [-75.1111983317989, 40.0343068420579], [-75.111290024316, 40.0343572312948], [-75.1117403543772, 40.0347313114997], [-75.1119453708572, 40.0349023399408], [-75.1120381801786, 40.0350216748472], [-75.1120484737446, 40.0350555530083], [-75.1120955032403, 40.0351868724762], [-75.112107367459, 40.0352200001058], [-75.1122529597713, 40.0355683552617], [-75.1122818643455, 40.0356263317589], [-75.1123589475418, 40.0357809310034], [-75.1124566018155, 40.0358929496018], [-75.1124926081988, 40.0359297455418], [-75.1125062657647, 40.0359437025565], [-75.1126218764199, 40.0360582210299], [-75.1126505669354, 40.0360866405478], [-75.1126865232879, 40.0361222558258], [-75.1127922985769, 40.036227031602], [-75.1129517319581, 40.0363608549284], [-75.1130790118695, 40.0364493181623], [-75.1131290911619, 40.0364841249388], [-75.1132582216888, 40.0365738747706], [-75.1132906610414, 40.0365964207722], [-75.1133191848258, 40.036627002357], [-75.113404462531, 40.0367019613617], [-75.1135870634621, 40.0369382516793], [-75.1136422324161, 40.037021535069], [-75.1137874936233, 40.0372408143029], [-75.1138882553745, 40.0373779947481], [-75.1139310213245, 40.0375284317198], [-75.1139413580732, 40.0375647930023], [-75.1139744134323, 40.0376810716395], [-75.1139780747931, 40.0377020622399], [-75.1139881600078, 40.0377598982701], [-75.1139914779055, 40.0377789275568], [-75.1140177967696, 40.0379298466008], [-75.1140673628591, 40.0380732682768], [-75.1141205072534, 40.0382270302558], [-75.1141679083774, 40.0385296545108], [-75.1142193271616, 40.0386599834199], [-75.1142428487022, 40.0387246178601], [-75.1142442008351, 40.038789612154], [-75.1142338568004, 40.0388722180615], [-75.114267546668, 40.0389631057377], [-75.1143254099228, 40.0391026378051], [-75.1143823720645, 40.0391946910824], [-75.1144483294498, 40.0393464961039], [-75.1145032465925, 40.0395144239548], [-75.1145168639958, 40.0395560656848], [-75.1145437210377, 40.0397161450437], [-75.1145394954593, 40.0397827791633], [-75.1145166866854, 40.0398633691132], [-75.1145005644767, 40.0398951830289], [-75.1144783364631, 40.0399404443547], [-75.1144300568213, 40.0400062973994], [-75.1143400487852, 40.040108493702], [-75.1142108945853, 40.0402405131161], [-75.1140517170777, 40.0404617300215], [-75.1139889941015, 40.0405499465511], [-75.1139589476345, 40.0406016950714], [-75.1139459319855, 40.0406241122027], [-75.1139194408995, 40.0406697369238], [-75.1138888262293, 40.0407226202984], [-75.1138230023897, 40.0408363277661], [-75.1138148869587, 40.0408513779076], [-75.1137766464109, 40.0409223059385], [-75.1137533055187, 40.0409655944759], [-75.1136144928039, 40.0412539894997], [-75.1135705873765, 40.0413177648309], [-75.113425601523, 40.0415317155286], [-75.1133396804037, 40.041631097311], [-75.1132855602558, 40.0416936955936], [-75.1132852435556, 40.0416940622507], [-75.1132724924894, 40.0417078490266], [-75.1132167241178, 40.0417681505649], [-75.1130371700316, 40.0419141265671], [-75.1129960920243, 40.04194463845], [-75.1129673871226, 40.0419643039664], [-75.1129259641823, 40.0419897837694], [-75.1128092698085, 40.0421006604225], [-75.1127500575835, 40.0421626523037], [-75.1127500255913, 40.0421626912145], [-75.1127216586449, 40.0421970331841], [-75.1127147014462, 40.0422165068702], [-75.1126565668615, 40.042440848327], [-75.1126284926172, 40.0424890097718], [-75.1126130969939, 40.0425154222486], [-75.1124665185999, 40.0429555611485], [-75.1124233649979, 40.0430538933959], [-75.1123586360126, 40.0432425458246], [-75.1123495660846, 40.0432578271465], [-75.1122218837686, 40.043466837024], [-75.1121286681793, 40.0436071274961], [-75.1119528829985, 40.0437869942185], [-75.1117904240512, 40.043917772339], [-75.1113380276372, 40.0442192958889], [-75.1112649355165, 40.0442816404032], [-75.1111986336988, 40.0443381913656], [-75.1111345355831, 40.0444260072775], [-75.1111067444497, 40.0444987928175], [-75.1110926269713, 40.0446750170912], [-75.1111374681056, 40.0448182665918], [-75.111150790061, 40.0448779099177], [-75.1111583755585, 40.0449118736759], [-75.1111669455787, 40.0449502453598], [-75.1111701357278, 40.0449645296793], [-75.1112194915634, 40.0451855047225], [-75.1112294173661, 40.0452694446638], [-75.1112325655473, 40.0452960531962], [-75.1112691870544, 40.0456057321393], [-75.1112729584954, 40.0458520880906], [-75.1112737590931, 40.045878559799], [-75.111276184949, 40.0459586224156], [-75.1112787500017, 40.0460433961069], [-75.1112811421818, 40.0461028306865], [-75.1112869886004, 40.0462480811481], [-75.1112864223634, 40.0462532959128], [-75.1112741163837, 40.046366663655], [-75.1112164309014, 40.0466317260476], [-75.111212898115, 40.046647954425], [-75.1112033065023, 40.0466740991093], [-75.1111965726987, 40.0466924479607], [-75.1111803377815, 40.0467366939882], [-75.1110724224323, 40.0468267830964], [-75.1110723834789, 40.0468268200448], [-75.1092664475878, 40.0457870932779], [-75.1089074931279, 40.0461363974951], [-75.1090471027619, 40.0462188798662], [-75.1081053358568, 40.0471759072411], [-75.1082139489933, 40.0472393778047], [-75.1074293546001, 40.0480308010657], [-75.1076469278509, 40.0481486058478], [-75.1074927990253, 40.0483371430341], [-75.1063131557714, 40.0492998034411], [-75.1007529722519, 40.0525970461029], [-75.1001662346999, 40.0529560388107], [-75.0998320157359, 40.0531619101598], [-75.0993770121134, 40.0533081026929], [-75.0991120852084, 40.053571561797], [-75.0988041725579, 40.053723057176], [-75.098465005525, 40.0538969229867], [-75.0976672169696, 40.0543745719848], [-75.0974894475563, 40.0544880435496], [-75.0965066265081, 40.0551801483664], [-75.095759165753, 40.0556387099163], [-75.0951209569783, 40.055945894942], [-75.093617470208, 40.0574298017779], [-75.0920766212684, 40.0589749073004], [-75.0897646088141, 40.0612943069493], [-75.0877154950704, 40.0633498030849], [-75.0874661444949, 40.0635933779155], [-75.0878986292887, 40.063845030394], [-75.0887666947658, 40.064350131025], [-75.0895394614316, 40.064799759013], [-75.0903722022025, 40.0652842693312], [-75.0967398827906, 40.0689887651502], [-75.0940442090881, 40.071641364847], [-75.0938221670113, 40.0718603377335], [-75.0895215595876, 40.0761041079805], [-75.0879399174612, 40.0776066872117], [-75.0869493622129, 40.0786685178612], [-75.086450677955, 40.0782639280589], [-75.0861250671002, 40.0779817708441], [-75.0852465840909, 40.07716907935], [-75.0833961304573, 40.0767689439083], [-75.0832229656708, 40.076728977143], [-75.0825029755466, 40.0765700777921], [-75.0816064649125, 40.076337383768], [-75.080917979812, 40.075899787014], [-75.0801609672487, 40.0754640484942], [-75.0795830447611, 40.0751007407358], [-75.0791753494947, 40.0748667070724], [-75.0783142294391, 40.0743679792865], [-75.0775974077691, 40.0739273322183], [-75.0759019565665, 40.0728938547626], [-75.0740318868258, 40.0719921283191], [-75.0731632543647, 40.0715754320981], [-75.0723005977389, 40.0711502579644], [-75.0714190362689, 40.0707212286965], [-75.0704141187285, 40.0702297175502], [-75.069821381933, 40.0699452819646], [-75.0673582760656, 40.0687364447185], [-75.0658485267585, 40.0678401915432], [-75.064059933598, 40.066778346948], [-75.063042555467, 40.0661528797032], [-75.0625593801385, 40.0658467064202], [-75.062183222484, 40.0656127913688], [-75.061338343407, 40.0650658792983], [-75.0596265959333, 40.0639834730013], [-75.0576998975224, 40.062796902852], [-75.0561480665946, 40.0618414871636], [-75.0541863171976, 40.0607270694039], [-75.0527666149418, 40.0599451036328], [-75.0516848475053, 40.0593639175835], [-75.0505844490636, 40.0587786600492], [-75.0485668674542, 40.0576775298309], [-75.0485541240439, 40.0576596750732], [-75.0481480978982, 40.0574475302697], [-75.0478072143242, 40.0572567815487], [-75.0474052294199, 40.0570406788416], [-75.0473933004678, 40.0570397125325], [-75.0471890131155, 40.0569276072163], [-75.0468595802647, 40.0567475131272], [-75.0468586846911, 40.0567470352242]]]}}, {"type": "Feature", "properties": {"objectid": 11, "dist_numc": "25", "Shape__Area": 18758570.21875, "Shape__Length": 19890.784628431353}, "geometry": {"type": "Polygon", "coordinates": [[[-75.1054900208497, 40.0192075529701], [-75.1055080143872, 40.0192098694476], [-75.1055287898138, 40.0192124626332], [-75.1056931648056, 40.0192329748565], [-75.1066273135808, 40.0193495412512], [-75.1066473893783, 40.0193520460441], [-75.107307085866, 40.0194255841057], [-75.1074037811424, 40.0194370098999], [-75.1079372157082, 40.0195000373786], [-75.1083231369791, 40.0195456352451], [-75.1090451539128, 40.0196462727252], [-75.1097522572607, 40.0197342393089], [-75.1105056746476, 40.019835908468], [-75.1108727795917, 40.0182173501839], [-75.1109787176833, 40.0177040756908], [-75.1110751939221, 40.0172200329503], [-75.1111321075445, 40.0169536078509], [-75.1112813979972, 40.0162547296613], [-75.1113622694476, 40.0158761343358], [-75.111499720326, 40.0151778092017], [-75.1118143575291, 40.0136716295906], [-75.1120501866728, 40.0126084449675], [-75.1124274093686, 40.010840008292], [-75.1124989716979, 40.0104989498869], [-75.1128243129958, 40.0090168779217], [-75.1133735237654, 40.0064575293573], [-75.1135449583575, 40.0056569708255], [-75.1136299655248, 40.00525851058], [-75.1140825742714, 40.0031610824583], [-75.1141628808916, 40.0028205547483], [-75.1142785916875, 40.0023152467597], [-75.114317761202, 40.0020785976054], [-75.1143721401118, 40.001829849905], [-75.1144681145611, 40.001378956874], [-75.1144826218755, 40.0012985657545], [-75.1146193425075, 40.0006032467949], [-75.1146721516731, 40.0003786438965], [-75.1147867688145, 39.9998476076439], [-75.1148954820358, 39.9994070379499], [-75.1149054126049, 39.9993185180598], [-75.1149851016293, 39.9989656956108], [-75.115015760194, 39.9988006819328], [-75.1150557658528, 39.9986103241881], [-75.1151489931598, 39.9981792092648], [-75.1151991889247, 39.9979560743476], [-75.1152742791069, 39.9976075333086], [-75.1153455918805, 39.9972508908734], [-75.1154504911967, 39.9967627913266], [-75.1159490441697, 39.9968314273484], [-75.1164160037411, 39.9968904152501], [-75.1168770389886, 39.9969521089863], [-75.1171216325437, 39.9969828256919], [-75.1178994537584, 39.9970810372773], [-75.1184729717774, 39.9971536508319], [-75.1193308482536, 39.9972641091503], [-75.1198137815633, 39.9973277137394], [-75.1202953999075, 39.9973980681928], [-75.1212645431366, 39.997517734775], [-75.1217514734833, 39.9975823083749], [-75.1222400484205, 39.997642308779], [-75.122708840476, 39.9976970094754], [-75.1232124362743, 39.9977620907022], [-75.1239366252644, 39.9978591553281], [-75.1241489542006, 39.9978868554145], [-75.1249042006225, 39.997988196885], [-75.1253831145386, 39.9980530725741], [-75.1261031607694, 39.9981455595799], [-75.1264143422176, 39.9981780270233], [-75.1273391942942, 39.9983003570829], [-75.1286308518164, 39.9984683310563], [-75.1292623219347, 39.9985484937041], [-75.1293808406495, 39.9980283306945], [-75.1294603779265, 39.9976279025001], [-75.1296074850586, 39.996965623549], [-75.1296340915763, 39.9968397278246], [-75.1296897502294, 39.9965763752662], [-75.1298167981117, 39.9959752350315], [-75.1302224516125, 39.9941373862965], [-75.1302546322284, 39.9939763848874], [-75.1305615058191, 39.9924838351391], [-75.1305760766416, 39.9924110007897], [-75.1306943887866, 39.9918392871103], [-75.1307290227613, 39.9916796760105], [-75.1307891845234, 39.9914065019316], [-75.1308613238051, 39.9910781664576], [-75.130881871859, 39.9909846457771], [-75.1309006610715, 39.9908991257102], [-75.1314398879049, 39.9909695963303], [-75.1319621223433, 39.9910392686443], [-75.1324222922692, 39.991092507597], [-75.1328954376014, 39.9911531595402], [-75.133072949165, 39.9911755427197], [-75.1335139890989, 39.9912314874768], [-75.1338062494221, 39.9912689301846], [-75.1343356313184, 39.9913393978381], [-75.1348709065725, 39.9914170415058], [-75.1354681411348, 39.9914885578475], [-75.1361617211028, 39.9915740901577], [-75.1370666579971, 39.991699265258], [-75.1387293375083, 39.9919095384802], [-75.1392631558977, 39.9919786541893], [-75.1397107567721, 39.9920376533613], [-75.1401997676836, 39.9920960020189], [-75.1408656578534, 39.9921833024987], [-75.1415138436328, 39.992264893319], [-75.1421760075262, 39.9923524852761], [-75.1430008579238, 39.992458949839], [-75.1438322380084, 39.9925594909994], [-75.1444687821426, 39.992642042254], [-75.144661330062, 39.9926668129005], [-75.1452814855829, 39.99274816408], [-75.1456047366461, 39.9927927508454], [-75.1460913670975, 39.9928576741962], [-75.1468841329071, 39.9929581946459], [-75.1477605274003, 39.9930713853428], [-75.1478285620891, 39.9930801719328], [-75.1478888066958, 39.9930879493404], [-75.1479124152454, 39.9930909956817], [-75.1484738506069, 39.9931633341908], [-75.1492408890074, 39.9932621594613], [-75.1508161543188, 39.9934694796642], [-75.1523923686814, 39.993668144326], [-75.1532966989103, 39.9937830580187], [-75.1545330249138, 39.9939390159567], [-75.1545904553173, 39.9939476362078], [-75.1543944005797, 39.9948803637732], [-75.1543715907405, 39.9949893757551], [-75.1543460111494, 39.9951116349425], [-75.1543209936312, 39.9952312010783], [-75.1542557306591, 39.9955348298565], [-75.1541443222354, 39.9960008066143], [-75.1539872246816, 39.9967911662738], [-75.1536112156299, 39.9985246710837], [-75.1535679500511, 39.9987329918365], [-75.1535185360835, 39.9989517559688], [-75.1534322067656, 39.9993309772796], [-75.1533774123874, 39.9995437918783], [-75.1532735545559, 40.0000140366315], [-75.1529282931356, 40.001602015353], [-75.1527862815333, 40.0022024966012], [-75.1527795195971, 40.0022310888095], [-75.1525525195458, 40.0031909112689], [-75.1522379406855, 40.0046990343168], [-75.1519233326245, 40.0061765998293], [-75.1516052781135, 40.0076746371356], [-75.1514556574876, 40.0083127435726], [-75.1513714226529, 40.0087366394882], [-75.1512486883828, 40.0092883086649], [-75.1510933273237, 40.0099436834819], [-75.1508856159131, 40.0108464623116], [-75.1505755717686, 40.012379618539], [-75.1503969081829, 40.0131752222259], [-75.1502474308514, 40.013771153134], [-75.1502053850588, 40.0139960856218], [-75.1500982710838, 40.0145773032739], [-75.1500413974226, 40.0148277790266], [-75.14993399428, 40.0153347884167], [-75.1498415661235, 40.0156812310997], [-75.1497721849126, 40.016030882479], [-75.1497289621204, 40.0162240867379], [-75.1495886374814, 40.0169416996308], [-75.1493492769204, 40.0179669171777], [-75.1492326650309, 40.0185118657493], [-75.1490441246423, 40.0193635226911], [-75.1490392782381, 40.0193854058866], [-75.1489957817798, 40.019581879844], [-75.148956406765, 40.0197514382022], [-75.1489560663452, 40.0197530433151], [-75.1489387378168, 40.019834657035], [-75.147146972411, 40.0196026232374], [-75.1470794335158, 40.0195938769241], [-75.1469476598532, 40.0195770744754], [-75.1464449224791, 40.0195127094176], [-75.1462632936212, 40.0194989736238], [-75.1462244464443, 40.0194960357253], [-75.1462040652694, 40.0194944941496], [-75.1459523906486, 40.0194816779482], [-75.1456714130275, 40.0194730990464], [-75.1450820393027, 40.0194972488539], [-75.1447363560547, 40.0195291314512], [-75.1443408020309, 40.0196094645161], [-75.1440104280989, 40.0196795802537], [-75.1436562289476, 40.0197647635601], [-75.1433431487661, 40.0198397552191], [-75.1429095905936, 40.020006288154], [-75.1423704831815, 40.0202434035429], [-75.1415312328093, 40.0206744039897], [-75.1398137514956, 40.0215238401217], [-75.1386118969163, 40.0221358828166], [-75.1384454390624, 40.0222206497394], [-75.1381711757329, 40.0223603145364], [-75.1370074121107, 40.0229312405254], [-75.1364355565116, 40.0231737603612], [-75.1358671260837, 40.0233493607672], [-75.1354281980711, 40.0234488431752], [-75.1332628792006, 40.0239048595783], [-75.1332552828338, 40.0239064596946], [-75.1322452473213, 40.0241365696242], [-75.1314605772707, 40.0243802020705], [-75.1305684607076, 40.0245914383264], [-75.1288833479152, 40.0249322034796], [-75.1279348486751, 40.0251329773807], [-75.1276738449947, 40.0251737231489], [-75.126899052896, 40.0252946742008], [-75.1267912397552, 40.025311504251], [-75.1266773139801, 40.0253292884104], [-75.1254146601139, 40.0255144817317], [-75.1245505484684, 40.0256443682333], [-75.1234549062454, 40.0257940150871], [-75.121989090545, 40.0259991502836], [-75.1198189676718, 40.0263434780436], [-75.119760812709, 40.0263365218793], [-75.1197244399535, 40.0263415112416], [-75.1196766742684, 40.026348063324], [-75.1183378045766, 40.0265317052256], [-75.1172357193928, 40.0266800338807], [-75.1136095999855, 40.0272316171136], [-75.1129504038989, 40.027330435247], [-75.1128180763319, 40.0273502728085], [-75.1128188083751, 40.0273644925483], [-75.1128176894569, 40.0273452379813], [-75.1127525990516, 40.0268218029109], [-75.1127516532108, 40.0264901599385], [-75.1127551128811, 40.0264175920725], [-75.1127536835336, 40.0263663312079], [-75.1127491755319, 40.026320341847], [-75.1127417320169, 40.0262747337848], [-75.1127328517327, 40.0262402826136], [-75.1127198637602, 40.0262076644104], [-75.1126940202266, 40.0261559726143], [-75.1126720411555, 40.0261122373521], [-75.1126562731008, 40.026085382253], [-75.1126231827732, 40.0260397591358], [-75.1125897904434, 40.0260041710482], [-75.1125674547266, 40.0259857528143], [-75.1125403746962, 40.025967152631], [-75.1124617725339, 40.0259227926328], [-75.1124017747984, 40.0258937034507], [-75.1123232705491, 40.0258610932288], [-75.112241065632, 40.0258312443026], [-75.1121429383076, 40.0258006250123], [-75.1121220404269, 40.0257945513868], [-75.1120393623727, 40.0257721456642], [-75.1119534954267, 40.0257516362772], [-75.1118865708408, 40.0257388441045], [-75.1117351665752, 40.0257154765283], [-75.1116700426992, 40.0257022516551], [-75.1115771106023, 40.025683410557], [-75.1115414490025, 40.0256746495384], [-75.1115063631006, 40.0256623552814], [-75.1114784672006, 40.0256474474352], [-75.1114590704676, 40.0256326087176], [-75.1114290191327, 40.0256051621571], [-75.1113779342701, 40.0255615687951], [-75.1113658267823, 40.0255478048829], [-75.1113580141947, 40.0255346883815], [-75.1113537131303, 40.0255209650788], [-75.1113520402734, 40.025504755854], [-75.111356053828, 40.0254496023148], [-75.1113643634753, 40.0253763737107], [-75.1113819601773, 40.0253035666339], [-75.111394060703, 40.0252353564693], [-75.1113944264248, 40.0252115686676], [-75.111413457597, 40.0250768982844], [-75.1115320547432, 40.0247247534241], [-75.1115323754342, 40.0247231065011], [-75.1115544108387, 40.0246097613268], [-75.1115575515553, 40.0245936077378], [-75.1115514167518, 40.0244879480541], [-75.1115510234065, 40.0244811830931], [-75.1114656533433, 40.0241625527725], [-75.1113921206086, 40.0238881033599], [-75.1113761790176, 40.0237142779427], [-75.1112300614362, 40.023399977583], [-75.111077038333, 40.0231559230139], [-75.1110005123154, 40.0229753486133], [-75.1109904605787, 40.0229239471994], [-75.1109991824588, 40.0228799070509], [-75.1109798201678, 40.0227792026339], [-75.1109358560818, 40.0226354510409], [-75.1108535699574, 40.0225555406032], [-75.1108510887993, 40.0225531318903], [-75.1108510256428, 40.0225530682677], [-75.1107657515498, 40.0224702553501], [-75.1106119268637, 40.022386904751], [-75.110465772686, 40.0223441279546], [-75.110073099325, 40.0222761351173], [-75.1099492804835, 40.022256150011], [-75.1096391405976, 40.022181966382], [-75.1095145359507, 40.0221598948661], [-75.1094370849541, 40.0221481340816], [-75.1093159275024, 40.0221507253418], [-75.1092496084059, 40.0221521439061], [-75.1091755010592, 40.0221608663848], [-75.1091593545763, 40.0221640685454], [-75.108781292083, 40.022240937131], [-75.1086886365623, 40.0222733442657], [-75.1086407039711, 40.0223003692168], [-75.1084871272567, 40.0224080003549], [-75.1081089745488, 40.0226608351941], [-75.1078869078833, 40.0227926854582], [-75.1076916898325, 40.0229085921473], [-75.1071760857143, 40.0232047201915], [-75.1070137903077, 40.023295390515], [-75.106961131959, 40.0233173611676], [-75.1069293136933, 40.0233306362615], [-75.1068744158187, 40.0233389083054], [-75.1067668988726, 40.0233288054011], [-75.1066313676024, 40.0232877477298], [-75.106554628104, 40.0232520988309], [-75.106370447303, 40.0231479335517], [-75.1060722895662, 40.0229880829396], [-75.1059553244957, 40.022959213984], [-75.1058965103887, 40.0229514417143], [-75.1058378668795, 40.0229468116366], [-75.1057793951308, 40.0229453237779], [-75.1057210928276, 40.0229469771844], [-75.1056498425923, 40.0229529303654], [-75.1055887813007, 40.0229624988094], [-75.105547907334, 40.0229718860713], [-75.1055083558586, 40.0229832454986], [-75.1054530291832, 40.0230010813522], [-75.105436134391, 40.0230085898173], [-75.1054223883486, 40.0230167690805], [-75.1054000731582, 40.0230354065997], [-75.1053658725824, 40.0230687311276], [-75.1053325767406, 40.0231086729381], [-75.1053044508476, 40.0231479733367], [-75.1052359304602, 40.0232508816196], [-75.1052022800452, 40.023301392445], [-75.105145129513, 40.0233917399577], [-75.1051074471412, 40.0234446014928], [-75.1050496254971, 40.0235223298688], [-75.105029314464, 40.0235435453834], [-75.1050083605179, 40.0235603265239], [-75.1049833247493, 40.0235759891689], [-75.1049563213463, 40.0235899639054], [-75.1049281635972, 40.0236018315635], [-75.1048995568377, 40.023611296632], [-75.1048959545262, 40.0236123093109], [-75.1048717481511, 40.023616221755], [-75.1048343404745, 40.0236171873794], [-75.104802885568, 40.0236164628204], [-75.1047792203896, 40.0236138561294], [-75.1047536427165, 40.0236089591051], [-75.1046906904864, 40.023590976818], [-75.1046505769842, 40.0235764787071], [-75.1046123572036, 40.023559400401], [-75.1045760311124, 40.0235397428017], [-75.1045415999192, 40.0235175050379], [-75.1045090624199, 40.0234926879844], [-75.1044784186513, 40.0234652907426], [-75.1044496697504, 40.0234353142412], [-75.1044228145822, 40.0234027575546], [-75.1042626987683, 40.0232596798318], [-75.1042303420157, 40.0232093658403], [-75.1042187121665, 40.0231840572961], [-75.1042011742304, 40.0230991922437], [-75.1041977662184, 40.0230128110379], [-75.1041697970136, 40.0229149767518], [-75.104139591592, 40.0228449868953], [-75.1040068592884, 40.0226832495068], [-75.1038978949112, 40.0225831163068], [-75.1037632744122, 40.0224891972665], [-75.1037514953043, 40.0224809814192], [-75.1036844501911, 40.0224073708909], [-75.1036467127676, 40.0223235963118], [-75.1035551371635, 40.0221565131059], [-75.1034485966163, 40.0219229292946], [-75.1033255849318, 40.0216986932803], [-75.1032728902269, 40.0215849352418], [-75.1032489076635, 40.0215254486171], [-75.1031479462524, 40.0212836954578], [-75.1031135054527, 40.021166175491], [-75.1031146034705, 40.0210982575223], [-75.1031423632256, 40.0210407384336], [-75.103149453453, 40.0210250815318], [-75.1031691119837, 40.0210044261697], [-75.1032429486643, 40.0209458327794], [-75.1033313738791, 40.0209172267778], [-75.1033603075902, 40.0208934324229], [-75.1034112730878, 40.0208056355149], [-75.1034292477271, 40.0206776084826], [-75.1034901750618, 40.0205228574434], [-75.1035747990871, 40.0203256516288], [-75.1035982155693, 40.0201944125696], [-75.1036283873945, 40.0200649357349], [-75.1036830280535, 40.0195885314474], [-75.1037310381081, 40.0195080899213], [-75.1037952788857, 40.0194506806867], [-75.1038690805732, 40.0194203136851], [-75.103985309706, 40.0193955826627], [-75.1042523652332, 40.0193541121841], [-75.104452671406, 40.0193449415134], [-75.1045390377018, 40.0193485892158], [-75.1048717378112, 40.019369812457], [-75.1051498248897, 40.0193590534218], [-75.1051877848888, 40.0193517022405], [-75.1052618551046, 40.0193248005094], [-75.1053430025149, 40.0192813538925], [-75.1054540719382, 40.0192297644352], [-75.1054900208497, 40.0192075529701]]]}}, {"type": "Feature", "properties": {"objectid": 12, "dist_numc": "07", "Shape__Area": 55282553.8046875, "Shape__Length": 36035.56127910825}, "geometry": {"type": "Polygon", "coordinates": [[[-74.9801231818426, 40.1198726895272], [-74.9801584694213, 40.1198510308654], [-74.9802138814162, 40.119812050951], [-74.9812126184239, 40.1191094920591], [-74.9822067984882, 40.1184010034023], [-74.9832439425954, 40.1176382681257], [-74.9836166806769, 40.1173082704763], [-74.9847056895327, 40.1164891699149], [-74.9879243469538, 40.1142532171109], [-74.9896814587515, 40.1130700626063], [-74.990062016722, 40.1127930371642], [-74.990866355485, 40.1122311912897], [-74.9924256117091, 40.1111525038876], [-74.9930855347817, 40.1106959541779], [-74.9967988318241, 40.1081268328097], [-74.9968326336616, 40.108103445122], [-74.9969431059338, 40.1080275196613], [-74.9969597176412, 40.1080162856232], [-74.9990473999196, 40.1066044538609], [-74.99983639091, 40.1060602502939], [-75.000506781641, 40.1055978374665], [-75.0016480639747, 40.1048106002288], [-75.002242763613, 40.1044040884966], [-75.0031357040415, 40.103793701471], [-75.0039810370768, 40.1032055640682], [-75.0044584807648, 40.1028733750177], [-75.005282134949, 40.102300294655], [-75.0062411545163, 40.1016447946928], [-75.0079451122662, 40.1004701222396], [-75.009407477608, 40.0994709126894], [-75.0094882817069, 40.0994159993446], [-75.0117000202171, 40.0978978312596], [-75.0121557390259, 40.0975777813211], [-75.012758716572, 40.0971458738088], [-75.0133473665917, 40.0966789909983], [-75.0139029947096, 40.0962234737432], [-75.0147283072609, 40.0953945371657], [-75.0149502822142, 40.0951810241972], [-75.0152559611539, 40.0948592345011], [-75.0153696451447, 40.0947435726261], [-75.0170635790179, 40.0929940503655], [-75.0180352563178, 40.0919904336895], [-75.0188693641552, 40.0911288793029], [-75.0197470019452, 40.0902164344742], [-75.0209490929618, 40.0889854738091], [-75.021333460349, 40.088570474326], [-75.0228744608377, 40.0869928380375], [-75.0250644683382, 40.0847163327554], [-75.0257277327166, 40.0840324532531], [-75.0263154133482, 40.08342649077], [-75.0268357754699, 40.0828899308259], [-75.0287772169653, 40.0808738741899], [-75.029054888377, 40.0805870682482], [-75.0304109516806, 40.0791863554751], [-75.0328285964955, 40.0766736296466], [-75.0333942405852, 40.0761021329675], [-75.0341978987876, 40.0752591808395], [-75.0348327478014, 40.0745932753694], [-75.0349525463494, 40.074467614033], [-75.0360470544143, 40.0733365241653], [-75.0361921624119, 40.0732062647982], [-75.0373633021073, 40.0719605391948], [-75.037597446905, 40.0717218651454], [-75.0380028580561, 40.0713086048421], [-75.0381356844107, 40.0711732047908], [-75.038992542615, 40.0702904991832], [-75.0391914014154, 40.0700423350658], [-75.0395758131155, 40.0695737876893], [-75.0399072860244, 40.0690571666386], [-75.0401100616664, 40.068710760053], [-75.0405785426635, 40.0676614948632], [-75.0409270293154, 40.0668842742558], [-75.0419785726553, 40.0645389391009], [-75.0424526310169, 40.0634815515266], [-75.0428202713087, 40.0626310498729], [-75.0433820365441, 40.0613512911733], [-75.0442032542826, 40.0594861197746], [-75.0442401863141, 40.0594124457285], [-75.0444837209374, 40.0591010736079], [-75.0448177511533, 40.0586739980081], [-75.0449671827934, 40.0585126946406], [-75.0459562400524, 40.0576052791074], [-75.0464808716869, 40.0571405590507], [-75.046858692007, 40.056747028188], [-75.0471890131155, 40.0569276072163], [-75.0473933004678, 40.0570397125325], [-75.0474052294199, 40.0570406788416], [-75.0478072143242, 40.0572567815487], [-75.0481480978982, 40.0574475302697], [-75.0485541240439, 40.0576596750732], [-75.0485668674542, 40.0576775298309], [-75.0505844490636, 40.0587786600492], [-75.0516848475053, 40.0593639175835], [-75.0527666149418, 40.0599451036328], [-75.0541863171976, 40.0607270694039], [-75.0561480665946, 40.0618414871636], [-75.0576998975224, 40.062796902852], [-75.0596265959333, 40.0639834730013], [-75.061338343407, 40.0650658792983], [-75.062183222484, 40.0656127913688], [-75.0625593801385, 40.0658467064202], [-75.063042555467, 40.0661528797032], [-75.064059933598, 40.066778346948], [-75.0658485267585, 40.0678401915432], [-75.0673582760656, 40.0687364447185], [-75.069821381933, 40.0699452819646], [-75.0704141187285, 40.0702297175502], [-75.0714190362689, 40.0707212286965], [-75.0723005977389, 40.0711502579644], [-75.0731632543647, 40.0715754320981], [-75.0740318868258, 40.0719921283191], [-75.0759019565665, 40.0728938547626], [-75.0775974077691, 40.0739273322183], [-75.0783142294391, 40.0743679792865], [-75.0791753494947, 40.0748667070724], [-75.0795830447611, 40.0751007407358], [-75.0801609672487, 40.0754640484942], [-75.080917979812, 40.075899787014], [-75.0816064649125, 40.076337383768], [-75.0825029755466, 40.0765700777921], [-75.0832229656708, 40.076728977143], [-75.0833961304573, 40.0767689439083], [-75.0852465840909, 40.07716907935], [-75.0861250671002, 40.0779817708441], [-75.086450677955, 40.0782639280589], [-75.0869493622129, 40.0786685178612], [-75.0869493071098, 40.0786685769537], [-75.0868784017837, 40.0786150964869], [-75.0834173197091, 40.0819625265454], [-75.0811907609284, 40.0841259227143], [-75.0778039845795, 40.0857786873431], [-75.0762866442195, 40.0873499181386], [-75.0762126257128, 40.0874265686066], [-75.07071041807, 40.0931234057523], [-75.0694577149612, 40.0944202535976], [-75.0671762029147, 40.0967820018758], [-75.06567187699, 40.098339108058], [-75.0649352247209, 40.0991015761984], [-75.0637466293043, 40.1003307097469], [-75.0614186153354, 40.1027379674919], [-75.0603172428521, 40.1038767592889], [-75.0592296239284, 40.1050012762322], [-75.058427206395, 40.1058308809486], [-75.0582928829176, 40.1059248866632], [-75.0553412259247, 40.1079905103797], [-75.0542745592104, 40.108736936419], [-75.0529749110054, 40.1096463564724], [-75.0485439245449, 40.1127385549007], [-75.0390451787072, 40.1193658019036], [-75.0383392833764, 40.1198792097879], [-75.0379103018691, 40.1201766309097], [-75.0257885705311, 40.1285790285769], [-75.0253569728173, 40.1288984731445], [-75.0248944730996, 40.1292258250687], [-75.0205738692132, 40.1322836923787], [-75.0179523833823, 40.1348574080229], [-75.0149672753799, 40.1379348249052], [-75.0145622573987, 40.1376887483069], [-75.0140146944003, 40.1373560673747], [-75.0138700207373, 40.137267457532], [-75.0122355318241, 40.136266381728], [-75.0114609227576, 40.1357919351362], [-75.0106237867641, 40.1352791767935], [-75.0104293449758, 40.1351600756758], [-75.0094647862504, 40.1345792253407], [-75.0090954112223, 40.1343642802386], [-75.0083375593687, 40.1339232615721], [-75.0069033704183, 40.1330886568838], [-75.0032716005381, 40.1309759327402], [-75.0009533105838, 40.1296193679535], [-74.9985362783787, 40.1282060309078], [-74.9978866455971, 40.127826025707], [-74.9978034925601, 40.1279118351307], [-74.9975737863804, 40.1281276833333], [-74.997451245476, 40.1282592707342], [-74.9941968761679, 40.1315182339537], [-74.9938483962914, 40.131862748152], [-74.9937728467347, 40.1318104062054], [-74.9936747603783, 40.1317424583756], [-74.993509439367, 40.1316238534497], [-74.9934326497872, 40.1315596154739], [-74.9933569220259, 40.1314692793288], [-74.993212364296, 40.1313279521485], [-74.9931025200966, 40.1311932687082], [-74.9929983407088, 40.131058720943], [-74.9929231451482, 40.1309553318505], [-74.9928424676164, 40.1308242487216], [-74.9927818463532, 40.1307342751956], [-74.992752685556, 40.1306145810544], [-74.992745484688, 40.1305128317774], [-74.9927733463792, 40.1304322329911], [-74.9928151840901, 40.1303098896805], [-74.9928655248005, 40.1302341809864], [-74.9929423109349, 40.130205548725], [-74.9930485515296, 40.1301964888905], [-74.9931053816179, 40.1301006266353], [-74.9931141130045, 40.1300253720482], [-74.9931021333376, 40.1299017386094], [-74.9931354151089, 40.1298038602651], [-74.9931878210337, 40.1297702814114], [-74.9932797229787, 40.129742010362], [-74.9933905658166, 40.129712743413], [-74.9934826327312, 40.1296801240339], [-74.9935259513052, 40.1296376319916], [-74.9935041639654, 40.1295224668962], [-74.9934509891282, 40.1294355735943], [-74.9934186929326, 40.1291837548527], [-74.993423821444, 40.1290111884837], [-74.9935078658887, 40.1287810173792], [-74.9936617893647, 40.1287614860823], [-74.9936932942402, 40.1286838839454], [-74.9937846625626, 40.1286222244365], [-74.9938135707191, 40.1285155287504], [-74.9937965768282, 40.1284686889092], [-74.9936617094503, 40.1283914444592], [-74.9936886158003, 40.1282179493081], [-74.9936698509025, 40.1281217257869], [-74.9937536511094, 40.1279205718625], [-74.9938953965061, 40.127758542067], [-74.9940061757191, 40.1276842821951], [-74.9941016119877, 40.127615466409], [-74.9942382910143, 40.1275084507469], [-74.9944089671444, 40.1272861667163], [-74.9944743456182, 40.1271193960499], [-74.9945280405542, 40.1269610595854], [-74.9945456773012, 40.126690118602], [-74.9944822820931, 40.1265289677071], [-74.9944279864812, 40.1264231878472], [-74.9943518407209, 40.1262269053429], [-74.9942774748801, 40.126149668575], [-74.9941548369675, 40.1260973877856], [-74.9939259060166, 40.1260556250088], [-74.9934826823851, 40.1260072740523], [-74.9931486965876, 40.1259455741184], [-74.9928777465772, 40.1259144076304], [-74.9926374894236, 40.1259188114418], [-74.9923653068111, 40.1259413093595], [-74.9920455541623, 40.125994588683], [-74.9917037221048, 40.1260792640056], [-74.9914553812765, 40.1261429587014], [-74.9910678655991, 40.1262120292815], [-74.9907835799268, 40.1262763118567], [-74.990621755233, 40.126304353876], [-74.9902955113137, 40.1262384792555], [-74.9900828108096, 40.126239177875], [-74.9897423947099, 40.1262426227093], [-74.9895609120693, 40.1262426189128], [-74.989339427884, 40.1262039271178], [-74.9891574168789, 40.1261705346327], [-74.9890603344073, 40.126117411095], [-74.9890434529525, 40.1260212309475], [-74.9890137810279, 40.1259145815413], [-74.9889785513405, 40.1258049044801], [-74.9889928325854, 40.1257326847478], [-74.9890683199678, 40.1256430742705], [-74.989073862778, 40.1255764575011], [-74.9890150918579, 40.1254879768549], [-74.9889400834327, 40.1254266779636], [-74.9887990339631, 40.1253159118318], [-74.9887145897738, 40.1251615046579], [-74.988696113851, 40.1251044751843], [-74.9885017877546, 40.124700735489], [-74.9884842717268, 40.1245740669301], [-74.9883913832709, 40.1242787016222], [-74.9883632463879, 40.1241808012333], [-74.9882747788436, 40.1240785506071], [-74.9882089169344, 40.1240247252896], [-74.9880590827992, 40.1239674325256], [-74.987840544867, 40.1239491273773], [-74.9877081206872, 40.1239053087131], [-74.9875442441419, 40.123798344741], [-74.9873868002465, 40.1236726667802], [-74.9873162804164, 40.1235940579081], [-74.9871964266769, 40.1235200747484], [-74.9870465868721, 40.1234860008905], [-74.9868457661214, 40.1233346088585], [-74.9866710297686, 40.1231693352076], [-74.9865485842969, 40.1230662576828], [-74.9864926436176, 40.1230475048587], [-74.9864261312371, 40.1230560615018], [-74.9862448845211, 40.1231431277477], [-74.9860379712148, 40.1232571493983], [-74.9859211732733, 40.1233399621748], [-74.9856759025711, 40.1234907888138], [-74.9855291768352, 40.1236120600882], [-74.9851343428696, 40.1238376557743], [-74.9850000156558, 40.1239098903262], [-74.9848664656317, 40.1239400547], [-74.9846999859797, 40.1239433052507], [-74.9845540406127, 40.123906420357], [-74.9844561937641, 40.123848922238], [-74.9843877424925, 40.1237660090975], [-74.9843594933548, 40.1236710054085], [-74.9843075009181, 40.1236015534634], [-74.9842143243258, 40.123568838586], [-74.9840801163076, 40.1235685122102], [-74.9839766073992, 40.1236037502124], [-74.9836783448347, 40.1236168958577], [-74.9835450789121, 40.12363981106], [-74.9834396744637, 40.1236285711197], [-74.9831385511109, 40.1234573418316], [-74.9829072266351, 40.1233356828179], [-74.9828206514133, 40.1232799051799], [-74.9826829263737, 40.1231576054594], [-74.9826125375228, 40.1230296534821], [-74.9825865815701, 40.1229245503665], [-74.9825860680453, 40.1227982897733], [-74.9826033720885, 40.122745011716], [-74.9827391222845, 40.1225451143454], [-74.9827578479111, 40.1224570443102], [-74.9827239853891, 40.1223604552521], [-74.9826350618741, 40.1222233538622], [-74.9825069758659, 40.1219576190809], [-74.9824485062275, 40.1219083203419], [-74.9823273518901, 40.121912658138], [-74.9822594837383, 40.1219081232927], [-74.9821919776029, 40.1218484519227], [-74.982194819382, 40.121778867069], [-74.982253024667, 40.1216960994504], [-74.9823798595945, 40.1215293643004], [-74.9823897262623, 40.1214265739551], [-74.9824135312841, 40.1213067014669], [-74.9824560872813, 40.121236621677], [-74.9826016114444, 40.1211907814806], [-74.982771169042, 40.121158584883], [-74.9829322806507, 40.1211015136472], [-74.9830038188368, 40.1210161650691], [-74.983069094703, 40.1208987401347], [-74.9830823808559, 40.1208047372191], [-74.9830792745239, 40.1206493900361], [-74.9830348574701, 40.1204640174413], [-74.9829844205592, 40.1203568737187], [-74.9829228734671, 40.1202900925608], [-74.9827892238773, 40.1202302806221], [-74.9827157596262, 40.1201777197236], [-74.9826747551016, 40.1201172356257], [-74.9826196442042, 40.1200549613229], [-74.9825161422973, 40.1199973252732], [-74.9823725086971, 40.1199503379968], [-74.9821656793464, 40.1199235893056], [-74.9819825625396, 40.1199177318527], [-74.9818347324221, 40.1199272379046], [-74.9816988274171, 40.1199689483916], [-74.9815885816629, 40.1200301438662], [-74.9815087300282, 40.1200877188335], [-74.981359658291, 40.1201508807891], [-74.9812053363702, 40.1201805406711], [-74.9810537902884, 40.1201885064494], [-74.9808709806968, 40.1201754001583], [-74.9807266372492, 40.1201458023088], [-74.9804134707578, 40.120084565765], [-74.9802925613256, 40.1200134519706], [-74.9801231818426, 40.1198726895272]]]}}, {"type": "Feature", "properties": {"objectid": 13, "dist_numc": "22", "Shape__Area": 19017090.45703125, "Shape__Length": 18206.70302092462}, "geometry": {"type": "Polygon", "coordinates": [[[-75.1530210017083, 39.9685583586064], [-75.153185297607, 39.9685993918477], [-75.1532436103138, 39.9686139592396], [-75.1541572762346, 39.9688421953539], [-75.1545514065666, 39.9689406481231], [-75.1553306676415, 39.9691328012784], [-75.1560870197813, 39.9693192998602], [-75.157185225366, 39.9695896546235], [-75.1576223373609, 39.9696972581297], [-75.1589082518879, 39.9700152226084], [-75.1597050624984, 39.9702111800744], [-75.1598551883437, 39.9702296979562], [-75.1605624932844, 39.9703289572418], [-75.1614063097955, 39.9704377007659], [-75.1617472562268, 39.9704797746295], [-75.1622512222049, 39.9705419648656], [-75.1629830402015, 39.9706322696918], [-75.1645569341557, 39.9708260122077], [-75.1653131030151, 39.9709195123062], [-75.1659885774226, 39.9709989111813], [-75.1667347083226, 39.9710936957904], [-75.1668144415818, 39.971105691174], [-75.1677057197382, 39.9712210120488], [-75.1684792197768, 39.971318741062], [-75.1688953606419, 39.9713639709279], [-75.1692762291785, 39.9714155609398], [-75.1705537398222, 39.9715792801367], [-75.171319808455, 39.9716596170101], [-75.1719947655044, 39.9717428393419], [-75.1726611958445, 39.971832586809], [-75.1729555948994, 39.9718642452594], [-75.17362460549, 39.9719438221307], [-75.1743692891922, 39.9720441392548], [-75.1749463968666, 39.972111302741], [-75.1753702520338, 39.9721660390558], [-75.175949992317, 39.972241439513], [-75.1765446624531, 39.9723198127104], [-75.1770306436256, 39.9723835983148], [-75.1775405080541, 39.9724466252102], [-75.1778647217024, 39.9724890991503], [-75.1781101959289, 39.9725186429589], [-75.1785794829722, 39.9725827559668], [-75.1791447629773, 39.9726518243602], [-75.1794913630346, 39.9726914677704], [-75.1799417788476, 39.9727511330051], [-75.1803234857157, 39.972796833783], [-75.1807315179593, 39.9728503335034], [-75.1814386663631, 39.9729308201247], [-75.1821504430292, 39.9730187779901], [-75.18292021056, 39.9731189327552], [-75.1833082760186, 39.973169422184], [-75.1837724517683, 39.9732298125005], [-75.1848507936995, 39.9733591951323], [-75.1853965529301, 39.9734263661758], [-75.1869918677707, 39.9736238502999], [-75.1876741937017, 39.9746056590171], [-75.1877525453784, 39.9747183956777], [-75.1878900897506, 39.9749163062772], [-75.1882161416072, 39.9751844005789], [-75.1892460062924, 39.9753189145111], [-75.1896995662638, 39.9753781515186], [-75.1899634600409, 39.9754126171629], [-75.1906254524938, 39.9754956529002], [-75.1909975814656, 39.9755401886331], [-75.1913366590273, 39.9755538610189], [-75.1918194369046, 39.9755021845817], [-75.1919627619765, 39.9754868422535], [-75.1921698613891, 39.9754635787215], [-75.1929864555765, 39.9753718445524], [-75.1930293160526, 39.9753670295319], [-75.1930769283883, 39.9753626023904], [-75.1931389857284, 39.9755131919112], [-75.1932946513508, 39.9757767584506], [-75.1932986401394, 39.9757835120694], [-75.1935869549577, 39.9760745994267], [-75.1943421931568, 39.9766447441057], [-75.1961916314053, 39.9777692622319], [-75.1989541010231, 39.9789228913046], [-75.2000830720138, 39.9795553783094], [-75.2015848130456, 39.9805559680495], [-75.2039781122737, 39.9826654745358], [-75.2042513133211, 39.9836473418299], [-75.2043510826313, 39.9851460624386], [-75.2040917454432, 39.9856159002975], [-75.2040450553141, 39.9856576109125], [-75.203869255771, 39.9858146600747], [-75.2020589557368, 39.9873398680545], [-75.2005289681061, 39.9888749673583], [-75.1991134949557, 39.9901548548779], [-75.1986393713388, 39.9905672541025], [-75.1981818419302, 39.9910317354163], [-75.1981811903875, 39.9910323966851], [-75.1970390584281, 39.9921918493489], [-75.1969385216848, 39.9922712803521], [-75.1959525696285, 39.993210811274], [-75.1959521236854, 39.9932112374382], [-75.194214815883, 39.9948666679202], [-75.1942141767644, 39.9948672771864], [-75.1939482151507, 39.9951921389208], [-75.1937863034176, 39.99538990566], [-75.1928906294403, 39.9964838962533], [-75.1922156584457, 39.9977414278153], [-75.1917201950951, 39.9993635548032], [-75.1904231114333, 39.999677449181], [-75.1895796152348, 39.9999048841408], [-75.1888175054612, 40.0002136004312], [-75.1885628573086, 40.0002643011479], [-75.1884503245615, 40.0002810798427], [-75.1882905772925, 40.0002823544708], [-75.1881154299066, 40.0002795622324], [-75.1877452056926, 40.0002622154688], [-75.1875138271451, 40.0002588682027], [-75.1873433372311, 40.0002695965625], [-75.1871982623008, 40.0002954271211], [-75.1869519997466, 40.0003734994305], [-75.1868632652955, 40.0004184905013], [-75.1869552543628, 40.0001941407975], [-75.1870343944204, 39.9999830445146], [-75.1875587044186, 39.9986527813509], [-75.1875917810602, 39.9985695277061], [-75.1876076179865, 39.9982048467645], [-75.1865482164759, 39.9980753462791], [-75.1850318807199, 39.9978871472289], [-75.1843983173669, 39.9978027939543], [-75.1823436614514, 39.9975285012315], [-75.1817938758975, 39.9974535145618], [-75.1801917667151, 39.9972626075441], [-75.1792067341828, 39.9971280549807], [-75.1785787261667, 39.997049088027], [-75.1779907522554, 39.9969722174703], [-75.1775043657833, 39.9969202178899], [-75.1769514565779, 39.996841780632], [-75.1767182154977, 39.9968097949131], [-75.1760007638183, 39.9967114019658], [-75.1755412354984, 39.9966483794997], [-75.1744207014474, 39.9965075180883], [-75.1739511773726, 39.9964416150381], [-75.1723575616054, 39.9962498611375], [-75.1717911214132, 39.996179543726], [-75.1713283511528, 39.9961232223502], [-75.1707704071092, 39.9960452933479], [-75.1702039400881, 39.9959769649747], [-75.1697344288138, 39.9959135324923], [-75.1691789219296, 39.9958363856869], [-75.1686089330148, 39.9957714147615], [-75.1681419589437, 39.9957042070531], [-75.1675702014031, 39.9956306531323], [-75.1659666417752, 39.9954216306866], [-75.1640975242755, 39.9951781034863], [-75.1635427336779, 39.9951223092447], [-75.1631961902467, 39.9950712676531], [-75.1625454214975, 39.9949773424384], [-75.1618606128114, 39.9948870393416], [-75.1613524249247, 39.9948213459456], [-75.1609486691501, 39.9947462043209], [-75.1599207274975, 39.994600837154], [-75.1593695578936, 39.9945344587566], [-75.1588098785459, 39.9944402369855], [-75.158361276698, 39.994391895379], [-75.1577937971156, 39.99435203826], [-75.1572503222614, 39.9942867541179], [-75.1567892209898, 39.9942350244859], [-75.1562309067709, 39.9941582969854], [-75.1554913350175, 39.9940619453506], [-75.1554420580483, 39.9940555254294], [-75.1553114241586, 39.9940385049641], [-75.155054926402, 39.9940050859005], [-75.1548236716977, 39.9939763194947], [-75.1545904553173, 39.9939476362078], [-75.1545330249138, 39.9939390159567], [-75.1532966989103, 39.9937830580187], [-75.1523923686814, 39.993668144326], [-75.1508161543188, 39.9934694796642], [-75.1492408890074, 39.9932621594613], [-75.1484738506069, 39.9931633341908], [-75.1478888053874, 39.9930879529148], [-75.1480837915793, 39.9923843784427], [-75.1483103286011, 39.9915131821809], [-75.1483802100815, 39.9912257224935], [-75.1483479903203, 39.9910780430194], [-75.1483087278526, 39.9909776723404], [-75.1481549091353, 39.9907336006525], [-75.1482118902662, 39.9905622505286], [-75.1483427525021, 39.9899800222507], [-75.1485477040055, 39.989017329786], [-75.1486657217264, 39.9884857231551], [-75.1487886101484, 39.9879577020576], [-75.1488784024208, 39.9875206050948], [-75.1489975952465, 39.9869919144169], [-75.1491137978874, 39.9864620377206], [-75.1492012914085, 39.9860302639683], [-75.1493442690562, 39.9854015068145], [-75.1494350192376, 39.9849705041181], [-75.1495056262549, 39.9846383148315], [-75.1496881509265, 39.9838167818989], [-75.150015100202, 39.9823242722469], [-75.1503400463478, 39.9808304461053], [-75.1506631350826, 39.9793348040208], [-75.1508783658214, 39.978355144507], [-75.1510044612149, 39.9777766326853], [-75.1511377724283, 39.9771509211784], [-75.1513083796045, 39.976391580574], [-75.1516191995315, 39.9749686692379], [-75.1519183727782, 39.9735978959973], [-75.1520250234278, 39.9731143556783], [-75.1521901764766, 39.9723276753492], [-75.1524520531756, 39.9711532223305], [-75.1525763145815, 39.970579769322], [-75.1526933624141, 39.9700640218059], [-75.1527852694956, 39.9696324784558], [-75.1529088926016, 39.9690752065646], [-75.1530210017083, 39.9685583586064]]]}}, {"type": "Feature", "properties": {"objectid": 14, "dist_numc": "26", "Shape__Area": 15398089.609375, "Shape__Length": 15460.078441163625}, "geometry": {"type": "Polygon", "coordinates": [[[-75.1083717770812, 39.9702250193912], [-75.1123081515099, 39.9685806512736], [-75.1142889746501, 39.9677531040543], [-75.1195442289477, 39.9655580350034], [-75.1241167590996, 39.9630502287948], [-75.1282966122984, 39.9607114093054], [-75.1307056973092, 39.9590871690463], [-75.1357043059936, 39.9620560603415], [-75.1361025677524, 39.9623273778129], [-75.1362982836024, 39.9624607092472], [-75.1367586821083, 39.962775637526], [-75.1371726025314, 39.9628289156841], [-75.1380846709704, 39.9629457131442], [-75.1384368914225, 39.9630925553782], [-75.1394530442702, 39.9635619226075], [-75.1394531098484, 39.9635619529324], [-75.1397566646857, 39.9637003898816], [-75.1399337343432, 39.9637858526665], [-75.140708187143, 39.9641477769168], [-75.1416331598772, 39.9645818054278], [-75.1425314325897, 39.9649945274485], [-75.1433792901654, 39.9653889467892], [-75.14400431094, 39.9656791005808], [-75.1445880990971, 39.965953546808], [-75.1449078403276, 39.9661046766904], [-75.1457595950104, 39.9665019972995], [-75.1458930847472, 39.9665562321234], [-75.1465065470847, 39.9668508929838], [-75.1471496108131, 39.9671359169718], [-75.1479122652853, 39.9673343870538], [-75.1486920084212, 39.9675257465019], [-75.1495602712837, 39.9677416322795], [-75.150517414225, 39.9679804448828], [-75.1509753247057, 39.9680870343632], [-75.15150297691, 39.9681918640397], [-75.1520024703658, 39.96830724885], [-75.1520992684798, 39.9683311136566], [-75.1525431410128, 39.9684405433134], [-75.1530210031881, 39.9685583505307], [-75.1529088926016, 39.9690752065646], [-75.1527852694956, 39.9696324784558], [-75.1526933624141, 39.9700640218059], [-75.1525763145815, 39.970579769322], [-75.1524520531756, 39.9711532223305], [-75.1521901764766, 39.9723276753492], [-75.1520250234278, 39.9731143556783], [-75.1519183727782, 39.9735978959973], [-75.1516191995315, 39.9749686692379], [-75.1513083796045, 39.976391580574], [-75.1511377724283, 39.9771509211784], [-75.1510044612149, 39.9777766326853], [-75.1508783658214, 39.978355144507], [-75.1506631350826, 39.9793348040208], [-75.1503400463478, 39.9808304461053], [-75.150015100202, 39.9823242722469], [-75.1496881509265, 39.9838167818989], [-75.1495056262549, 39.9846383148315], [-75.1494350192376, 39.9849705041181], [-75.1493442690562, 39.9854015068145], [-75.1492012914085, 39.9860302639683], [-75.1491137978874, 39.9864620377206], [-75.1489975952465, 39.9869919144169], [-75.1488784024208, 39.9875206050948], [-75.1487886101484, 39.9879577020576], [-75.1486657217264, 39.9884857231551], [-75.1485477040055, 39.989017329786], [-75.1483427525021, 39.9899800222507], [-75.1482118902662, 39.9905622505286], [-75.1481549091353, 39.9907336006525], [-75.1483087278526, 39.9909776723404], [-75.1483479903203, 39.9910780430194], [-75.1483802100815, 39.9912257224935], [-75.1483103286011, 39.9915131821809], [-75.1480837915793, 39.9923843784427], [-75.1478888066958, 39.9930879493404], [-75.1478285620891, 39.9930801719328], [-75.1477605274003, 39.9930713853428], [-75.1468841329071, 39.9929581946459], [-75.1460913670975, 39.9928576741962], [-75.1456047366461, 39.9927927508454], [-75.1452814855829, 39.99274816408], [-75.144661330062, 39.9926668129005], [-75.1444687821426, 39.992642042254], [-75.1438322380084, 39.9925594909994], [-75.1430008579238, 39.992458949839], [-75.1421760075262, 39.9923524852761], [-75.1415138436328, 39.992264893319], [-75.1408656578534, 39.9921833024987], [-75.1401997676836, 39.9920960020189], [-75.1397107567721, 39.9920376533613], [-75.1392631558977, 39.9919786541893], [-75.1387293375083, 39.9919095384802], [-75.1370666579971, 39.991699265258], [-75.1361617211028, 39.9915740901577], [-75.1354681411348, 39.9914885578475], [-75.1348709065725, 39.9914170415058], [-75.1343356313184, 39.9913393978381], [-75.1338062494221, 39.9912689301846], [-75.1335139890989, 39.9912314874768], [-75.133072949165, 39.9911755427197], [-75.1328954376014, 39.9911531595402], [-75.1324222922692, 39.991092507597], [-75.1319621223433, 39.9910392686443], [-75.1314398879049, 39.9909695963303], [-75.1309006610715, 39.9908991257102], [-75.1289771782438, 39.9906498322102], [-75.1286992335101, 39.9906134311543], [-75.1279383553419, 39.9905137781642], [-75.1270332823095, 39.9903952353988], [-75.1259499531703, 39.9902390812651], [-75.1258351412659, 39.9901588761578], [-75.1254935416664, 39.9898459796952], [-75.125252462199, 39.9896268576899], [-75.1248451265546, 39.9892566156101], [-75.124377448596, 39.9888315219245], [-75.1233897465953, 39.9879255137884], [-75.1229162799048, 39.9874719358002], [-75.1223433108624, 39.9870400639621], [-75.1220239851098, 39.9867075581193], [-75.1206214300091, 39.9851717674173], [-75.1202538214245, 39.9847647765759], [-75.1196926119308, 39.9841214722637], [-75.119192122935, 39.9835582149176], [-75.1191376289369, 39.9834940738939], [-75.1185251769471, 39.9828347460207], [-75.1177152084111, 39.9819013134741], [-75.1173569007586, 39.9814909289308], [-75.1168489168066, 39.9809297518862], [-75.1164798210513, 39.9805154280089], [-75.1161496736761, 39.9801204534435], [-75.1156720936784, 39.9795942130609], [-75.1154954981932, 39.9794034557332], [-75.1151331732565, 39.9789892816628], [-75.1147709726937, 39.978577629381], [-75.114529377154, 39.9783121924788], [-75.1142840354575, 39.9780253623063], [-75.1139961905483, 39.9777041675503], [-75.1137230765559, 39.9773883300638], [-75.113488651711, 39.9771222121378], [-75.1134373403169, 39.9770589909463], [-75.1133371006829, 39.9769354874445], [-75.1132215029058, 39.9767930598024], [-75.1083717770812, 39.9702250193912]]]}}, {"type": "Feature", "properties": {"objectid": 15, "dist_numc": "09", "Shape__Area": 20206423.90625, "Shape__Length": 20806.91325871582}, "geometry": {"type": "Polygon", "coordinates": [[[-75.1363820628695, 39.9410785387657], [-75.1414500653012, 39.9415645058137], [-75.1416706035765, 39.9415760618702], [-75.1420149443521, 39.9415851652372], [-75.1425777075614, 39.9416025526141], [-75.1439860165611, 39.941959778208], [-75.1452561796057, 39.9421247244387], [-75.1454519825725, 39.9421693844347], [-75.145645685182, 39.942226705316], [-75.1463575920936, 39.9423126079079], [-75.1473849258265, 39.942446147664], [-75.1484163437524, 39.9425715570573], [-75.1502819211701, 39.9428002079185], [-75.1505409819519, 39.9428320585512], [-75.1509628556532, 39.9428881079392], [-75.1513332611718, 39.9429303411588], [-75.1521207440186, 39.9430338661722], [-75.153696720988, 39.9432276407805], [-75.1545760934553, 39.9433377437423], [-75.1552700476867, 39.9434243898395], [-75.1558275664723, 39.9434952839855], [-75.1568439676315, 39.9436245219633], [-75.1570489966201, 39.9436514816547], [-75.1577209932462, 39.9437388841324], [-75.1584172909328, 39.9438237304007], [-75.1599873134579, 39.9440183293226], [-75.1603974788192, 39.9440634076401], [-75.1607733159729, 39.9441139797485], [-75.161557957218, 39.9442054997973], [-75.1623510766364, 39.944308210722], [-75.1626892468333, 39.94435376132], [-75.1631392982392, 39.9443977877584], [-75.1633155855811, 39.9444211082652], [-75.1636257420943, 39.9444621364357], [-75.164157623377, 39.944532492709], [-75.1645266913844, 39.9445788749556], [-75.1651835616335, 39.9446531204326], [-75.1652037666121, 39.944656404042], [-75.1653431728045, 39.944673666191], [-75.1662730293759, 39.9447982305554], [-75.166973204155, 39.9448863617092], [-75.1672904828361, 39.9449253021391], [-75.1681299591193, 39.9450219021029], [-75.1685388733373, 39.9450650586937], [-75.1701070649507, 39.9452766409575], [-75.1716963850027, 39.9454657826234], [-75.1727321076266, 39.9455881380349], [-75.1735157650496, 39.9456861128335], [-75.1740393426303, 39.9457592132805], [-75.1748413271049, 39.9458516330159], [-75.1767504506712, 39.9460991338447], [-75.1775473484574, 39.9461828715724], [-75.1783453894096, 39.946284455878], [-75.1789542702988, 39.9463616391843], [-75.179511456537, 39.9464358452481], [-75.1805315360292, 39.946558459313], [-75.1816425226671, 39.9467055232189], [-75.1828738848547, 39.9468590473726], [-75.1830746592009, 39.9468831906843], [-75.1834414286491, 39.9469272940424], [-75.1834594588598, 39.9469294616475], [-75.1834604784843, 39.9469250604989], [-75.1834704477022, 39.946926298097], [-75.1835150295939, 39.9469318312888], [-75.1837464599899, 39.9469605570948], [-75.1840269643172, 39.9469953727215], [-75.1864335993449, 39.9473093467525], [-75.1854169051905, 39.9479551337578], [-75.1833101042306, 39.9495076687004], [-75.1824047037877, 39.950529135509], [-75.1818335451188, 39.9514459897271], [-75.1817260536773, 39.9516185388405], [-75.1814269031039, 39.9520987356718], [-75.1804730633403, 39.954307644446], [-75.1803411704994, 39.9546130694572], [-75.1803284436591, 39.9546431430619], [-75.1802155968594, 39.9549097816548], [-75.180151826121, 39.9550421668644], [-75.1800213070015, 39.9553584624101], [-75.1799316023338, 39.9555758464201], [-75.1797554329202, 39.9560027606539], [-75.1796262173035, 39.956315883735], [-75.1795612982595, 39.9564732018641], [-75.1795141490268, 39.9566576385199], [-75.1794076540088, 39.9571951475646], [-75.1793662290489, 39.9576393975339], [-75.1793449246834, 39.9580036452039], [-75.1793622901892, 39.958387765291], [-75.1793939697254, 39.9585439374865], [-75.1795697031089, 39.9590931536588], [-75.1797716159486, 39.9596088572076], [-75.1799350455958, 39.9599474856368], [-75.1800743966576, 39.9602362215327], [-75.180125857706, 39.9603428493539], [-75.1804485252878, 39.9608044664462], [-75.1805049247819, 39.960898343642], [-75.1807399310172, 39.9613077903523], [-75.1814434177548, 39.9620387213052], [-75.1829687025184, 39.9637307989879], [-75.1833879498864, 39.9642924292128], [-75.1835537397871, 39.9645145210637], [-75.1843044041649, 39.9653937331316], [-75.1859173934173, 39.9671269700866], [-75.1859296382024, 39.9671401290558], [-75.1859821681605, 39.9671965717426], [-75.1864721074592, 39.9677230135027], [-75.1866369723996, 39.9678837390867], [-75.1873255066762, 39.9682793386315], [-75.1879126851193, 39.968485608671], [-75.1886475276301, 39.968743746235], [-75.1893181468352, 39.9688871862693], [-75.1899702161506, 39.9692237792827], [-75.1904754034091, 39.969538148448], [-75.1907837949733, 39.9698481253166], [-75.1910385073129, 39.9702758723847], [-75.1914843097138, 39.9716352726537], [-75.1921782141203, 39.9734967456434], [-75.1922279671698, 39.9736690595816], [-75.1925406018571, 39.974367881546], [-75.193012207591, 39.9752055581318], [-75.1930234707018, 39.9752328915755], [-75.1930769283883, 39.9753626023904], [-75.1930293160526, 39.9753670295319], [-75.1929864555765, 39.9753718445524], [-75.1921698613891, 39.9754635787215], [-75.1919627619765, 39.9754868422535], [-75.1918194369046, 39.9755021845817], [-75.1913366590273, 39.9755538610189], [-75.1909975814656, 39.9755401886331], [-75.1906254524938, 39.9754956529002], [-75.1899634600409, 39.9754126171629], [-75.1896995662638, 39.9753781515186], [-75.1892460062924, 39.9753189145111], [-75.1882161416072, 39.9751844005789], [-75.1878900897506, 39.9749163062772], [-75.1877525453784, 39.9747183956777], [-75.1876741937017, 39.9746056590171], [-75.1869918677707, 39.9736238502999], [-75.1853965529301, 39.9734263661758], [-75.1848507936995, 39.9733591951323], [-75.1837724517683, 39.9732298125005], [-75.1833082760186, 39.973169422184], [-75.18292021056, 39.9731189327552], [-75.1821504430292, 39.9730187779901], [-75.1814386663631, 39.9729308201247], [-75.1807315179593, 39.9728503335034], [-75.1803234857157, 39.972796833783], [-75.1799417788476, 39.9727511330051], [-75.1794913630346, 39.9726914677704], [-75.1791447629773, 39.9726518243602], [-75.1785794829722, 39.9725827559668], [-75.1781101959289, 39.9725186429589], [-75.1778647217024, 39.9724890991503], [-75.1775405080541, 39.9724466252102], [-75.1770306436256, 39.9723835983148], [-75.1765446624531, 39.9723198127104], [-75.175949992317, 39.972241439513], [-75.1753702520338, 39.9721660390558], [-75.1749463968666, 39.972111302741], [-75.1743692891922, 39.9720441392548], [-75.17362460549, 39.9719438221307], [-75.1729555948994, 39.9718642452594], [-75.1726611958445, 39.971832586809], [-75.1719947655044, 39.9717428393419], [-75.171319808455, 39.9716596170101], [-75.1705537398222, 39.9715792801367], [-75.1692762291785, 39.9714155609398], [-75.1688953606419, 39.9713639709279], [-75.1684792197768, 39.971318741062], [-75.1677057197382, 39.9712210120488], [-75.1668144415818, 39.971105691174], [-75.1667347083226, 39.9710936957904], [-75.1659885774226, 39.9709989111813], [-75.1653131030151, 39.9709195123062], [-75.1645569341557, 39.9708260122077], [-75.1629830402015, 39.9706322696918], [-75.1622512222049, 39.9705419648656], [-75.1617472562268, 39.9704797746295], [-75.1614063097955, 39.9704377007659], [-75.1605624932844, 39.9703289572418], [-75.1598551883437, 39.9702296979562], [-75.1597050624984, 39.9702111800744], [-75.1589082518879, 39.9700152226084], [-75.1576223373609, 39.9696972581297], [-75.157185225366, 39.9695896546235], [-75.1560870197813, 39.9693192998602], [-75.1553306676415, 39.9691328012784], [-75.1545514065666, 39.9689406481231], [-75.1541572762346, 39.9688421953539], [-75.1532436103138, 39.9686139592396], [-75.153185297607, 39.9685993918477], [-75.1530210017083, 39.9685583586064], [-75.1530173291946, 39.9685574447456], [-75.1525431410128, 39.9684405433134], [-75.1520992684798, 39.9683311136566], [-75.1520024703658, 39.96830724885], [-75.15150297691, 39.9681918640397], [-75.1509753247057, 39.9680870343632], [-75.150517414225, 39.9679804448828], [-75.1495602712837, 39.9677416322795], [-75.1486920084212, 39.9675257465019], [-75.1479122652853, 39.9673343870538], [-75.1471496108131, 39.9671359169718], [-75.1465065470847, 39.9668508929838], [-75.1458930847472, 39.9665562321234], [-75.1457595950104, 39.9665019972995], [-75.1449078403276, 39.9661046766904], [-75.1445880990971, 39.965953546808], [-75.14400431094, 39.9656791005808], [-75.1433792901654, 39.9653889467892], [-75.1425314325897, 39.9649945274485], [-75.1416331598772, 39.9645818054278], [-75.140708187143, 39.9641477769168], [-75.1399337343432, 39.9637858526665], [-75.1397566646857, 39.9637003898816], [-75.1394531098484, 39.9635619529324], [-75.1394530442702, 39.9635619226075], [-75.1384368914225, 39.9630925553782], [-75.1380846709704, 39.9629457131442], [-75.1371726025314, 39.9628289156841], [-75.1367586821083, 39.962775637526], [-75.1362982836024, 39.9624607092472], [-75.1361025677524, 39.9623273778129], [-75.1357043059936, 39.9620560603415], [-75.1307056973092, 39.9590871690463], [-75.1315182639359, 39.9585393157925], [-75.1322575009367, 39.9580408792492], [-75.1337005045386, 39.9546299978633], [-75.1352409952111, 39.9506869435827], [-75.1359585817299, 39.9460719841902], [-75.1362705672752, 39.9432912272661], [-75.1363107383841, 39.9429331013644], [-75.1363739040195, 39.9412907388351], [-75.1363820628695, 39.9410785387657]]]}}, {"type": "Feature", "properties": {"objectid": 16, "dist_numc": "12", "Shape__Area": 49441827.45703125, "Shape__Length": 43830.77218962956}, "geometry": {"type": "Polygon", "coordinates": [[[-75.2208839796265, 39.9478465050704], [-75.2203950230757, 39.9474407827577], [-75.2197789776674, 39.9469285768889], [-75.2191134791447, 39.9463633256023], [-75.2184264158893, 39.9457950336237], [-75.2181967067207, 39.9455948772121], [-75.2175255077942, 39.9450218921592], [-75.2171644029495, 39.9447277097517], [-75.2166924265082, 39.9443111506619], [-75.2165221186953, 39.9441802299578], [-75.2158601380363, 39.943618879049], [-75.2152494667786, 39.9430964081229], [-75.2148176828916, 39.9427381480343], [-75.2141696606332, 39.9421838545706], [-75.2131565486858, 39.9413267876242], [-75.2126041836141, 39.9408593874161], [-75.2119675319994, 39.9403155955684], [-75.2113868881377, 39.9398442575765], [-75.2107706825758, 39.9393116916969], [-75.2100234582477, 39.9386571280595], [-75.2098197268131, 39.9386203168999], [-75.2096251814509, 39.9385728301281], [-75.2090795448526, 39.9383450115668], [-75.2089534939297, 39.938292381735], [-75.2069568417488, 39.9374586852252], [-75.2067229762443, 39.9373610312317], [-75.2058818527726, 39.9350311974084], [-75.2059715100809, 39.9349229312697], [-75.2082711115292, 39.9325196635807], [-75.2099555913434, 39.930555227751], [-75.2099624977154, 39.9305270063291], [-75.2099902078707, 39.9304946884152], [-75.2110042976254, 39.9286843572453], [-75.2113376810282, 39.9280891870451], [-75.2118085457526, 39.9272485544448], [-75.2119181420052, 39.9270528875631], [-75.212379047407, 39.9259040806404], [-75.2123808099888, 39.9258996876141], [-75.2123539979553, 39.9243801274228], [-75.2123511434876, 39.924218354116], [-75.2120431084717, 39.9232834626115], [-75.2118405856371, 39.9227769763553], [-75.2118392627197, 39.9227753622085], [-75.2113111421624, 39.9221306461051], [-75.2110909113059, 39.921914165819], [-75.2105815104902, 39.9215745978114], [-75.2105108291813, 39.9215371220568], [-75.210183143164, 39.9213375631259], [-75.2096720038329, 39.9211169280658], [-75.2091117728574, 39.9209786312332], [-75.2087803066577, 39.9209246334157], [-75.2082739741321, 39.9208939544011], [-75.2082613816088, 39.9208934599224], [-75.2080916278114, 39.9208950434062], [-75.2064244219237, 39.921003019874], [-75.2055251100321, 39.9210612524095], [-75.2048692049996, 39.9210901382491], [-75.2043946516279, 39.9211110344396], [-75.2040613552037, 39.9210920701221], [-75.2036690554257, 39.9210151699842], [-75.2030561955925, 39.9208805967252], [-75.2030370035665, 39.9208762528493], [-75.202809582918, 39.9207757791233], [-75.2022285894467, 39.9203910864217], [-75.2019031043852, 39.9200392091342], [-75.2018716597598, 39.9199643467607], [-75.2018704915158, 39.9199614546996], [-75.2018687563343, 39.919957079598], [-75.201770282882, 39.9197087985701], [-75.2017701636965, 39.9197086067102], [-75.2017412635526, 39.9196357353021], [-75.2016987394949, 39.9195285220016], [-75.2016963787593, 39.9192046111289], [-75.201781032091, 39.9187529712805], [-75.2018719688931, 39.918588041304], [-75.2023006510423, 39.9178105606106], [-75.2025406151843, 39.9173461297367], [-75.2032522247305, 39.9159688262907], [-75.2034279666117, 39.9156286728334], [-75.2040245153826, 39.9145476622284], [-75.2044540076823, 39.9137693546183], [-75.2047399530506, 39.9132584991544], [-75.2048999082622, 39.9129727284253], [-75.2054189753939, 39.9122612604112], [-75.2064001091511, 39.9111338595899], [-75.2068269763119, 39.9109033271662], [-75.2077707110769, 39.9105800609571], [-75.2098985094709, 39.9105303279361], [-75.2125439109692, 39.9106709267344], [-75.2130549364044, 39.910585181957], [-75.213835977893, 39.9104541261509], [-75.2147297115388, 39.9100772599987], [-75.2151261121149, 39.9096401258493], [-75.2153587123034, 39.9092797249499], [-75.2156341780656, 39.908368058991], [-75.2156597787232, 39.9070126587409], [-75.2156269116986, 39.9060401260454], [-75.2154643115687, 39.9048995245781], [-75.215415726484, 39.9046420531836], [-75.2150311114617, 39.9031084578275], [-75.2144481107239, 39.9010879248584], [-75.2140285104511, 39.9004301247047], [-75.2133999108316, 39.8996962575649], [-75.2127044211256, 39.8988158338082], [-75.2122537682082, 39.8982870447523], [-75.2118008320943, 39.8978433984451], [-75.2116245372523, 39.8976707159016], [-75.2108975608017, 39.8969586282331], [-75.2101539092389, 39.8962769236738], [-75.2077047079969, 39.8951571234092], [-75.205296773943, 39.8946145247238], [-75.2023371082031, 39.8941943225653], [-75.2004429729815, 39.8939545232941], [-75.1986749309867, 39.8934747139899], [-75.1976464999912, 39.8929925229928], [-75.1973305779091, 39.8927645567572], [-75.197111242313, 39.8926062849925], [-75.1971106888473, 39.8926058852316], [-75.1968028003659, 39.8923837105765], [-75.1954685513055, 39.8911360891879], [-75.195157132427, 39.8900487572707], [-75.1948139163866, 39.8871196803374], [-75.1946200321793, 39.8845777682567], [-75.193512971571, 39.8801145931915], [-75.1929198144398, 39.8783813217566], [-75.193251515032, 39.8781927051482], [-75.1943078449208, 39.8775920128915], [-75.1973998690141, 39.8752859451644], [-75.2044783129463, 39.8714653213118], [-75.2114665383496, 39.8670134320972], [-75.2160397842917, 39.8711243417157], [-75.2157289089228, 39.8760272225625], [-75.2157245529281, 39.8760964330876], [-75.2157239220398, 39.8761133669794], [-75.2159020216697, 39.8760688138696], [-75.2160494617986, 39.876033925096], [-75.2162057695096, 39.8760002251235], [-75.2163504845643, 39.8759669074256], [-75.2163729576519, 39.8759616460266], [-75.2167023452858, 39.8758859472701], [-75.2168475339682, 39.8758524583251], [-75.2170155194882, 39.8758163124204], [-75.2175182458779, 39.8757547395799], [-75.2177031359874, 39.8757290746208], [-75.2178615678438, 39.8757101768653], [-75.2180360014481, 39.8756921009967], [-75.218321062499, 39.8756874973737], [-75.2183320254804, 39.8756876575981], [-75.2187962939185, 39.8756815528779], [-75.2188268296364, 39.875681164222], [-75.2188873636059, 39.8756828888061], [-75.2189231644644, 39.8756786520222], [-75.2192427316575, 39.8756008802828], [-75.2194460528483, 39.8755531414358], [-75.2196235408546, 39.8755117478528], [-75.2196497968745, 39.8755006605948], [-75.2197065058835, 39.875485432651], [-75.2197369139046, 39.8754825010139], [-75.2197732101562, 39.875488834635], [-75.2208670336983, 39.8755795655599], [-75.2210426614632, 39.875595073759], [-75.2212325872551, 39.8756113116855], [-75.2212824895673, 39.8756156015882], [-75.2220855238389, 39.8756836519171], [-75.2227008364727, 39.8757393906397], [-75.2228722059204, 39.8757600008654], [-75.2230691317457, 39.8757833106877], [-75.2231552271937, 39.8757935795622], [-75.2231835649909, 39.8757969849416], [-75.2231863740253, 39.8758096050184], [-75.2232368486519, 39.8760437363802], [-75.223274101353, 39.8762165352381], [-75.2234804073242, 39.8772864900983], [-75.2251196221061, 39.878479641165], [-75.2256149209488, 39.8787055713672], [-75.2268126474133, 39.8793549871428], [-75.227449556039, 39.8796743909474], [-75.2279146730795, 39.8797328725738], [-75.2283821349949, 39.8798593526699], [-75.2290230526786, 39.8801416794279], [-75.2296177230533, 39.8804521848763], [-75.2299358969468, 39.8807226790688], [-75.2301754735191, 39.8809993602564], [-75.2304315012388, 39.8813261989368], [-75.2306326873991, 39.88159801836], [-75.2308185158883, 39.8818483723009], [-75.2309576184275, 39.8821536994026], [-75.2311542159392, 39.8825081474222], [-75.2314203108307, 39.883007965758], [-75.2317388217053, 39.8837548713954], [-75.2320132655663, 39.8843805219645], [-75.2322923082921, 39.8850092731175], [-75.2329004321088, 39.8864976235496], [-75.2330958741376, 39.8871378826859], [-75.2332413773129, 39.8873971070631], [-75.2335122942612, 39.8878970355828], [-75.2338693537467, 39.8884737787603], [-75.2340775792895, 39.8888945499843], [-75.2344786749519, 39.8896487827238], [-75.2348410666951, 39.8902757141922], [-75.235022272888, 39.8907003819707], [-75.2351024707497, 39.8909663678894], [-75.2353653359886, 39.8916468446449], [-75.235508349362, 39.8918215769707], [-75.2364656711937, 39.8914623092045], [-75.2365204269078, 39.8914417599722], [-75.2365646524387, 39.8914141448382], [-75.2365647781147, 39.8914140674056], [-75.2373359220066, 39.8909325530829], [-75.2374927641959, 39.8908365575719], [-75.2379828958935, 39.8905365720783], [-75.237985967802, 39.8905346923559], [-75.2384337899993, 39.8901792909148], [-75.238441904171, 39.8901728509162], [-75.2388669640307, 39.8897167773436], [-75.2388736209446, 39.8897096350476], [-75.2391048437842, 39.8894461845714], [-75.2392427514005, 39.8892890566244], [-75.2392828593793, 39.8892486174326], [-75.2392829079875, 39.8892485680417], [-75.2395345600175, 39.8889948364398], [-75.2395694971143, 39.8889624045565], [-75.239897066174, 39.8886583269639], [-75.2403086666053, 39.8882442211434], [-75.2404477058041, 39.8881083305587], [-75.2407094119753, 39.8878525498158], [-75.2409933513901, 39.8875244485941], [-75.2414391159222, 39.8869463968824], [-75.2416547514109, 39.8865995306265], [-75.241744663157, 39.8864548985901], [-75.2418041366615, 39.8863592280029], [-75.2420513404263, 39.8859886476405], [-75.2420551806719, 39.8859828914341], [-75.2421147645293, 39.8858566731101], [-75.2421548553901, 39.8857717451332], [-75.2424466286309, 39.8852307323882], [-75.2428480630834, 39.8842359097299], [-75.2436438575379, 39.8823527730827], [-75.2438025427478, 39.882000391578], [-75.2440252604759, 39.8815058043793], [-75.2445136287803, 39.8805865503389], [-75.2449980208993, 39.8799771844317], [-75.2454554244222, 39.8794935136214], [-75.2456398628574, 39.8793398896499], [-75.2458662062312, 39.8791513594459], [-75.2460933952176, 39.878962124703], [-75.2465223288368, 39.8786442971151], [-75.2471167285162, 39.8782841612943], [-75.2477991891002, 39.8779603858888], [-75.2488694198187, 39.8774964243352], [-75.2490137539161, 39.877448491925], [-75.2492475194698, 39.8773644063129], [-75.2492363350482, 39.8773500644066], [-75.2490596325271, 39.8771204671185], [-75.248986334397, 39.8770252272368], [-75.2488763041326, 39.876881647414], [-75.2488091662344, 39.8767928190789], [-75.2486609982706, 39.8766009206806], [-75.2485759547176, 39.8764922903582], [-75.2485629603836, 39.8764759122715], [-75.2522589252283, 39.8759465082701], [-75.2625316337517, 39.8765707728287], [-75.2648337094107, 39.8806553890606], [-75.2650051059327, 39.8809908684251], [-75.2651140702746, 39.8816649453634], [-75.2645467154234, 39.8821216968093], [-75.2642996064857, 39.8822502239483], [-75.2630834361857, 39.8823638256553], [-75.2622645454776, 39.8825798755648], [-75.2619472632404, 39.8828969217085], [-75.2618872154931, 39.8830767437197], [-75.2619664924176, 39.8832482210232], [-75.2624342237703, 39.8836423227937], [-75.2641360028277, 39.8841418075491], [-75.2644457643747, 39.8843229484587], [-75.2646398867557, 39.8847417948399], [-75.2642290285097, 39.8850102620557], [-75.2631548757089, 39.8853086751812], [-75.2627311903901, 39.8855620925939], [-75.2626186237275, 39.8858130344199], [-75.2626845187238, 39.8860339912649], [-75.2628054204826, 39.8860911159463], [-75.2636854745765, 39.8861533239882], [-75.2639831312705, 39.8861049379977], [-75.2642853182623, 39.8862010418012], [-75.2648001412535, 39.8864534561346], [-75.2648531781879, 39.8865451104175], [-75.2649357487424, 39.8866818147455], [-75.2650393756609, 39.8868414642126], [-75.265106951668, 39.8869890894079], [-75.2651370519682, 39.8871640011289], [-75.265130690024, 39.8873381330981], [-75.2650975734533, 39.8875454080448], [-75.2649801947011, 39.8877621012084], [-75.2648792475783, 39.8879285502013], [-75.2647274680637, 39.8880882836823], [-75.264598387662, 39.8882260205789], [-75.2644482387069, 39.8883408126735], [-75.2642628699611, 39.888421115841], [-75.2639981149106, 39.8884772081156], [-75.2637275056158, 39.8884938176376], [-75.2633781260524, 39.8884693803767], [-75.2629785328576, 39.8884213547478], [-75.2626814236788, 39.8883643166065], [-75.2624748033323, 39.8884272892122], [-75.2622948743601, 39.8885582978144], [-75.2622016226806, 39.8887136763284], [-75.2621354747795, 39.888925847682], [-75.2620976862008, 39.8891611313974], [-75.2620825854944, 39.889374419836], [-75.2620895043429, 39.8896837450914], [-75.2621029576929, 39.8899145189643], [-75.2621249368373, 39.8901117448977], [-75.2621112745267, 39.8902857093929], [-75.2621040825621, 39.8904823111185], [-75.2620375333037, 39.8907057180812], [-75.2618838763406, 39.8913151185802], [-75.2618566536354, 39.8914606868558], [-75.261791951783, 39.8916335514251], [-75.2617351593859, 39.8917897130644], [-75.2616070828017, 39.8918993668358], [-75.2615065841408, 39.8919533984559], [-75.2613151426597, 39.8919998313814], [-75.2611001879804, 39.8920907316556], [-75.2607316835277, 39.8921895330163], [-75.2601433831202, 39.8923116686407], [-75.2599306893123, 39.8923407810167], [-75.25974736138, 39.8923648998549], [-75.2595429770855, 39.8923660811987], [-75.259351531901, 39.8924125117201], [-75.2591092541885, 39.8924522240588], [-75.2589601272133, 39.8925389198113], [-75.2587797701952, 39.8926811583215], [-75.2585704451298, 39.8928171456148], [-75.2583888519456, 39.8929930816087], [-75.2582143447346, 39.8931748007673], [-75.2580246320784, 39.8933730484059], [-75.2578310670928, 39.8935768341674], [-75.2576717609748, 39.8937420084494], [-75.2574354055083, 39.8940179423952], [-75.2569122767993, 39.8945518448931], [-75.2567448479547, 39.8947393309162], [-75.2566673973057, 39.89486131603], [-75.2566643081699, 39.8949455715779], [-75.2567118477871, 39.8950421745995], [-75.2567935887967, 39.8952013465717], [-75.2569699255412, 39.8953682071815], [-75.2571266470711, 39.8954728068672], [-75.2572762820653, 39.8955716210281], [-75.2573914622009, 39.8957146622238], [-75.2573644352348, 39.8958546108567], [-75.2572786615222, 39.8960045262676], [-75.2571489335545, 39.8961590988619], [-75.2569369186955, 39.8963681042611], [-75.2567640454201, 39.8965048814069], [-75.2564520769237, 39.8968522472793], [-75.256238421714, 39.8971061842079], [-75.2560926473897, 39.897299761844], [-75.255983958475, 39.8974772896047], [-75.2558067553659, 39.8977320180296], [-75.2556198455239, 39.897952810916], [-75.2555088893699, 39.8981921148879], [-75.25533229968, 39.8984299903696], [-75.2552275225129, 39.8985007893243], [-75.2551583874598, 39.8985948526635], [-75.2550975786854, 39.898660986292], [-75.2550940751834, 39.8987564780837], [-75.2551193213798, 39.8988638309735], [-75.2551687293213, 39.8989098756682], [-75.2552362959611, 39.8990575048726], [-75.2553415673163, 39.8991722314473], [-75.2554891474819, 39.8993272140773], [-75.2556219473532, 39.899487507865], [-75.2556677065572, 39.8995264983633], [-75.255519737341, 39.899678347847], [-75.2555221186962, 39.8996813549168], [-75.2537142232989, 39.9016677632179], [-75.2512909558681, 39.9044126859159], [-75.2534919577842, 39.9055973495633], [-75.252478153389, 39.9066373491014], [-75.2523959921634, 39.9066408299197], [-75.2521540716162, 39.9066692831512], [-75.2519925841405, 39.9066938753699], [-75.2517569151239, 39.9067505749198], [-75.2516302497308, 39.9068208939515], [-75.2514993058643, 39.9069079861608], [-75.2513047190663, 39.9070386595678], [-75.2510584614777, 39.9071850648015], [-75.2508719931496, 39.9072934347373], [-75.250715735079, 39.9073743439537], [-75.2504465585246, 39.9075483673181], [-75.2503192593108, 39.9076355295991], [-75.2502724061107, 39.9077188308973], [-75.2502249214266, 39.9078189867758], [-75.2502064087184, 39.9079253866594], [-75.2501864501616, 39.9080711103319], [-75.250200073267, 39.9082962687886], [-75.25019408455, 39.9084591546327], [-75.2501678623878, 39.9085766397948], [-75.2501183238116, 39.9087329547228], [-75.2500466941244, 39.9088944182077], [-75.2500044389129, 39.9090509000288], [-75.2499346676807, 39.909161805186], [-75.2498936491251, 39.9092845808106], [-75.2499197298198, 39.9093694733836], [-75.2499933711885, 39.9094489159553], [-75.2500361583702, 39.9094788158751], [-75.2501514049878, 39.9095206842287], [-75.2502816663438, 39.9095516264605], [-75.2504713063926, 39.9095557621273], [-75.2506524127347, 39.9095934427607], [-75.250883539883, 39.9096603172339], [-75.2511069586398, 39.9097382666853], [-75.2512284808484, 39.9098083726415], [-75.2512985268981, 39.9098886009203], [-75.2512864854136, 39.9100176316381], [-75.2512379804002, 39.9101458658175], [-75.2511234075784, 39.9102839061285], [-75.2510019536134, 39.9104105510692], [-75.2508721835687, 39.910565125547], [-75.2507215491149, 39.9106911350166], [-75.2506153029543, 39.9108012454447], [-75.2505380284039, 39.9109176077921], [-75.2504009625617, 39.9110720236226], [-75.2501945919801, 39.9112249272824], [-75.2499282908746, 39.9113203018425], [-75.2497503438497, 39.9113951238242], [-75.2495201041811, 39.9115025282679], [-75.2493348601312, 39.9115771895753], [-75.2491637818204, 39.9116634039722], [-75.2489845934752, 39.9117719218579], [-75.2488566758853, 39.9118759439158], [-75.2487643948857, 39.912003223064], [-75.2487221327519, 39.9121596962544], [-75.2486869725169, 39.9123219546759], [-75.2485992978926, 39.9125224136799], [-75.2485591028282, 39.9126227181228], [-75.248510992114, 39.9127397263309], [-75.2484337128962, 39.9128560881838], [-75.248379145238, 39.9129504657937], [-75.2482960174257, 39.9130273446101], [-75.2482133025008, 39.9130929979078], [-75.2480568080499, 39.913179528999], [-75.2478334413046, 39.9132983246116], [-75.2476033869139, 39.9134001162724], [-75.247402109772, 39.9135137710139], [-75.2472022687062, 39.9135881113231], [-75.2471183115355, 39.9136874600008], [-75.2470708180716, 39.913787613667], [-75.2470660619149, 39.91391680317], [-75.2471194607095, 39.9140528844162], [-75.2472245234856, 39.9141732250485], [-75.2473357358271, 39.9143076940258], [-75.2474880845981, 39.9145420879496], [-75.2474966723795, 39.914558628406], [-75.2475544967439, 39.9145913621747], [-75.2476342422923, 39.9146455494594], [-75.2477082826713, 39.9147310838349], [-75.2477176478355, 39.9148466702108], [-75.247656561465, 39.9149642229451], [-75.2475566591798, 39.9150879111503], [-75.2474881250729, 39.9152227814046], [-75.2473495949233, 39.9154085696569], [-75.2471900603476, 39.9156411022497], [-75.247138881027, 39.9157361398634], [-75.2470593906758, 39.9158602813683], [-75.246990645027, 39.9159391951067], [-75.2469220263604, 39.9160146238371], [-75.2468440789479, 39.916096840568], [-75.2467844708681, 39.916174204857], [-75.2467547316495, 39.916241742695], [-75.2467659485624, 39.9163381424235], [-75.2467887938083, 39.9164575181571], [-75.246836919346, 39.9165687151848], [-75.2468791606385, 39.916716490165], [-75.2469418289542, 39.916879569335], [-75.2469635982594, 39.9169359872034], [-75.247002978024, 39.9169761842169], [-75.2470418141666, 39.917000638019], [-75.2471051825326, 39.9170369798388], [-75.2471572740659, 39.9170713374473], [-75.2471901388958, 39.9171035256127], [-75.2472033823026, 39.9171449008556], [-75.2472118859665, 39.9171914164119], [-75.247194914555, 39.9172207597833], [-75.2471739090497, 39.9172456101412], [-75.2472410802105, 39.9174116696865], [-75.2473065207962, 39.9176247151081], [-75.2473491170554, 39.9177949323364], [-75.2473598035344, 39.9180020794033], [-75.24734981949, 39.9184392032099], [-75.247334548137, 39.9186881123223], [-75.2473358090076, 39.918819810877], [-75.2473924541985, 39.9190232569732], [-75.2474990505443, 39.9192795300244], [-75.2475859169417, 39.919408392811], [-75.2476243154402, 39.9195267932111], [-75.2476248837722, 39.9196772893548], [-75.247597925589, 39.9199118338895], [-75.2475827785654, 39.9199914483685], [-75.247529466893, 39.9201125504327], [-75.247489041644, 39.9202151282102], [-75.2474784410352, 39.9203371624174], [-75.247467667422, 39.9204638951276], [-75.2474628240911, 39.920595460447], [-75.247470187378, 39.9207272930774], [-75.2474700013772, 39.9209812337172], [-75.2474624392704, 39.9213525757585], [-75.2474872478766, 39.9215083041241], [-75.2475181486544, 39.9216641564292], [-75.2475077205406, 39.921781500235], [-75.2474732366933, 39.9218889027652], [-75.2473937677617, 39.9220564657283], [-75.2472916264496, 39.9221765010929], [-75.2471652552627, 39.9222913133368], [-75.2470702548708, 39.9223832853019], [-75.2469375934969, 39.9225026640912], [-75.2466434338016, 39.9227783973155], [-75.2465229794969, 39.9228980322451], [-75.2463641832072, 39.9230638626257], [-75.2462683152065, 39.9231793309388], [-75.2461900651224, 39.9233139984033], [-75.246160458683, 39.9234544275704], [-75.246142193706, 39.9236186229943], [-75.2461354437855, 39.9238018735744], [-75.24613128971, 39.9239146502254], [-75.2460969757099, 39.9240173529364], [-75.2460743375398, 39.9241344291505], [-75.2460335617865, 39.9242463971114], [-75.2459924396431, 39.9243677647619], [-75.2459464368817, 39.9244561116553], [-75.2458681835877, 39.9245907770718], [-75.245796716823, 39.9247067779181], [-75.2457279643918, 39.9248322542791], [-75.2456381965274, 39.9249478553606], [-75.245554878033, 39.9250541998792], [-75.2454405203419, 39.9251739669498], [-75.2452663946579, 39.925424100443], [-75.2452003464311, 39.9255590320464], [-75.2451290503186, 39.9256703429774], [-75.2450518330883, 39.925776811431], [-75.2449941401214, 39.9258507930708], [-75.2448699980415, 39.9259045103196], [-75.2447639936306, 39.9259633358861], [-75.2446278155958, 39.9260120867477], [-75.2445218228325, 39.9260709033431], [-75.2444030908883, 39.926143551047], [-75.2443377226146, 39.9262596852248], [-75.2443034043899, 39.9263623963985], [-75.2443324604073, 39.9264852969722], [-75.2444144500961, 39.9265811422386], [-75.2445093171684, 39.926658457864], [-75.2445787534434, 39.9267634269831], [-75.2445993468643, 39.9268673379531], [-75.2445817817562, 39.9270127357771], [-75.2445814776682, 39.9271867199162], [-75.2445534259562, 39.9272848648925], [-75.2444997438621, 39.9274153640545], [-75.2444281087915, 39.9275360717752], [-75.2443439193633, 39.9276659043047], [-75.2442715910616, 39.9278054023222], [-75.2442009832455, 39.9278979051475], [-75.2441232431201, 39.9280184801978], [-75.244057018019, 39.9281581105622], [-75.2440032680258, 39.9283732545587], [-75.2439869035202, 39.9284857571677], [-75.2439684575109, 39.9286546516066], [-75.2439686712687, 39.9288145474468], [-75.2439732977067, 39.9291861460963], [-75.2439686607856, 39.9294776061901], [-75.2439697420386, 39.929614005061], [-75.243984068584, 39.9297224805731], [-75.2440116440752, 39.9298030300977], [-75.2441009436998, 39.9298661138526], [-75.2441909353209, 39.9299103999168], [-75.2442802337185, 39.9299734934093], [-75.2443568049999, 39.9300503975823], [-75.2444074013486, 39.9301690754559], [-75.2444301923165, 39.9302965413581], [-75.244383305962, 39.9304083753549], [-75.2442762549334, 39.930495388759], [-75.2441329365914, 39.9305722023292], [-75.243952472809, 39.9306623135667], [-75.2438152462818, 39.9307392598767], [-75.2436958231404, 39.9308306956637], [-75.243637592843, 39.9309187745542], [-75.2436069379939, 39.9310874012346], [-75.2435598881036, 39.9312039354471], [-75.2435180641689, 39.9313440988888], [-75.2434767716659, 39.9314701643775], [-75.2434361590068, 39.9315774418823], [-75.2434199649963, 39.9316852431811], [-75.2434042916993, 39.931778955313], [-75.2434022122871, 39.9318353399812], [-75.243344684528, 39.9319046213615], [-75.2432812268361, 39.9319690690126], [-75.2431875936011, 39.9320234605752], [-75.2431063308419, 39.9320734111818], [-75.243051162587, 39.9321615567472], [-75.2429367896996, 39.9322813213341], [-75.2428461404739, 39.9324204181015], [-75.2427239288231, 39.9325870429907], [-75.2426263078574, 39.9327494941052], [-75.2425311118376, 39.9328461706697], [-75.2424547501145, 39.9329291494106], [-75.242352583747, 39.9330491803573], [-75.2422879102522, 39.9331465250293], [-75.2422415385878, 39.9332442599581], [-75.2421711071214, 39.9333320713887], [-75.2421266422484, 39.9333781219223], [-75.2420143567931, 39.9334415020739], [-75.2418907184201, 39.9334811269085], [-75.2417187764432, 39.9335055765977], [-75.241559376974, 39.9335209030015], [-75.2413994699402, 39.9335503276484], [-75.2411905537897, 39.9335833750588], [-75.240975543216, 39.9336162959705], [-75.2407613893588, 39.933625720182], [-75.2405181128101, 39.9335968821329], [-75.2402457009214, 39.9335297876582], [-75.2399048249317, 39.9334141630709], [-75.2396146217153, 39.9333325689963], [-75.2394226001956, 39.933239022964], [-75.2392856930698, 39.9331419700967], [-75.2391131999079, 39.9330159287028], [-75.238857342027, 39.9328316233833], [-75.238653981236, 39.9327143108569], [-75.2384975478568, 39.9326497436529], [-75.2383156549389, 39.9326128468101], [-75.2381278306776, 39.9325711075586], [-75.2379522162348, 39.9325296444521], [-75.2377884519899, 39.9324978380377], [-75.2375612343856, 39.9325304869093], [-75.2374377691637, 39.9325653976536], [-75.2373254701549, 39.9326287729858], [-75.2372189278476, 39.9327016807353], [-75.237123204104, 39.9328124519022], [-75.237014924089, 39.932932344339], [-75.2369117055457, 39.9330805667665], [-75.2367918472969, 39.9332660419215], [-75.2367191371603, 39.9334149327566], [-75.2366589972301, 39.9335546926402], [-75.236643855952, 39.9337989008601], [-75.2366506783447, 39.93394483232], [-75.2366634315324, 39.9340955960464], [-75.2366529831421, 39.9342129289397], [-75.2366050385796, 39.9343529560725], [-75.2365550203732, 39.9345493670823], [-75.2365253890387, 39.9346897964382], [-75.2364702965206, 39.934857886047], [-75.2363942191006, 39.9351807040563], [-75.2363213454013, 39.9353342862007], [-75.2361717177266, 39.9354156551493], [-75.2360149526044, 39.9355250866352], [-75.2358646408105, 39.935625243981], [-75.2356656648298, 39.9357196400895], [-75.2354598872869, 39.9358326914214], [-75.2352654502049, 39.9359695061439], [-75.2349808624595, 39.9362313128998], [-75.2349217595742, 39.9363428845619], [-75.2349235044134, 39.9364604847564], [-75.2349182878501, 39.9366014482814], [-75.2348478434463, 39.9366892552104], [-75.234774868207, 39.9367628979036], [-75.2347455801051, 39.9368939271258], [-75.2347886795773, 39.9370500598451], [-75.234783288737, 39.9371957236469], [-75.2348021315001, 39.9373466211955], [-75.2348710419625, 39.9374656943246], [-75.2349224968213, 39.9375608794455], [-75.2349701254641, 39.9377594302665], [-75.2349772925092, 39.9378959621469], [-75.2349844584136, 39.9380324940009], [-75.2350050522445, 39.9381364078303], [-75.235075516947, 39.9382131951221], [-75.2351646454312, 39.9382809852089], [-75.2352972026531, 39.9383309164418], [-75.2354913198921, 39.9383680938813], [-75.2357832653537, 39.9384027033425], [-75.2359475656128, 39.9384204135845], [-75.2361484707471, 39.9384389277057], [-75.2363490400915, 39.938466839604], [-75.2365016510453, 39.9384701841732], [-75.2366854711855, 39.9384553996616], [-75.2368814998849, 39.9384408823679], [-75.2371460604815, 39.9383902497071], [-75.2374506511549, 39.9383310869928], [-75.2376234754987, 39.9382831467615], [-75.237771011806, 39.9382581593269], [-75.2379673882772, 39.9382342414263], [-75.2381749310911, 39.9382387868991], [-75.2383278769477, 39.9382327390074], [-75.2384996599382, 39.9382129848153], [-75.2387387690842, 39.9381900004389], [-75.2388740946464, 39.9381647541481], [-75.2390090861136, 39.938148895957], [-75.239185930671, 39.9381574716098], [-75.2393383557347, 39.9381655124405], [-75.2394545104807, 39.9381633509567], [-75.2395647338922, 39.9381563572386], [-75.2397112288967, 39.9381595636818], [-75.2398209315897, 39.9381666669916], [-75.2399241822541, 39.9381830362737], [-75.2400389488127, 39.9382184621303], [-75.2401413318526, 39.9382583281768], [-75.2402602829138, 39.938345579564], [-75.2404116097551, 39.9384664525536], [-75.2405944202441, 39.9386444533466], [-75.2407131982124, 39.9387363946281], [-75.2407657138623, 39.938803379198], [-75.2407629380742, 39.9388785595831], [-75.2407409797818, 39.9389768380447], [-75.2407003598559, 39.9390841046897], [-75.240628879196, 39.9392001124219], [-75.240546056307, 39.9392923460963], [-75.240426602851, 39.939383788139], [-75.2403439527048, 39.9394713303772], [-75.2402422934207, 39.9395772612537], [-75.2401455239271, 39.9397162222793], [-75.2400184009451, 39.9398498239028], [-75.2399528501276, 39.9399706552029], [-75.2398815411993, 39.940081953173], [-75.2397987158894, 39.9401741953091], [-75.2396378401514, 39.9403117529195], [-75.2395292054611, 39.9404410455958], [-75.2394127408448, 39.9406171995993], [-75.2394016017298, 39.9407533311926], [-75.2394328395658, 39.9408997967487], [-75.239464437645, 39.9410368628956], [-75.2394961965898, 39.9411692293609], [-75.2395644235849, 39.9413070972002], [-75.239633162217, 39.9414308684211], [-75.239736795325, 39.9416024315919], [-75.2398479110137, 39.9417365355937], [-75.2399885246728, 39.9418995041392], [-75.2400762734982, 39.9420048774098], [-75.2401523324965, 39.9420958933513], [-75.2402542008164, 39.9421498565692], [-75.2403691477898, 39.942180582701], [-75.2405212349781, 39.9421980198434], [-75.240791843598, 39.9422321583259], [-75.2409559683463, 39.9422545524027], [-75.2411813200698, 39.9422735921956], [-75.2414497428443, 39.9422841662644], [-75.2415849141832, 39.9422636056243], [-75.2418297840084, 39.9422501567863], [-75.2420375127721, 39.9422499958768], [-75.242293898483, 39.9422556015866], [-75.2426108181533, 39.9422766305874], [-75.2430684820611, 39.9422913376068], [-75.2431774866042, 39.942317236836], [-75.2433355184736, 39.942339502433], [-75.243436351117, 39.942421652028], [-75.2435329830188, 39.9424519738026], [-75.2438463194025, 39.9424870396208], [-75.244071499449, 39.9425107722338], [-75.2444117895384, 39.9425605259067], [-75.244660858578, 39.9425988887461], [-75.2450149316993, 39.9426066220355], [-75.2452280625996, 39.9426253779235], [-75.245411545383, 39.9426199863327], [-75.2455643392933, 39.9426186194465], [-75.2457417158642, 39.9426130858928], [-75.2458885659249, 39.9426068856218], [-75.2460532135224, 39.942615184134], [-75.2461934505595, 39.9426229477489], [-75.2463511264639, 39.942654599636], [-75.246472528302, 39.9426760622173], [-75.2465689908092, 39.9427110898897], [-75.2466644139077, 39.9427743048623], [-75.2467465878759, 39.9428654505788], [-75.2468248442589, 39.9429800167226], [-75.246873895886, 39.9431409772684], [-75.2469667249604, 39.9432746749395], [-75.2470236250911, 39.9433887748879], [-75.2470340957764, 39.9434387633699], [-75.2467116784683, 39.94352549625], [-75.2464254162741, 39.9436244654053], [-75.2458560649864, 39.9438232944086], [-75.2452201161475, 39.9440666701623], [-75.2444429142339, 39.9443426057525], [-75.243420773564, 39.9446995693393], [-75.2417736609236, 39.9453068624226], [-75.2402693876896, 39.9458751832505], [-75.2400549547082, 39.9459266421688], [-75.2396234319688, 39.9460222629929], [-75.238299374293, 39.9462793590285], [-75.2379830258795, 39.9463410053855], [-75.2372729865078, 39.9464722086143], [-75.2361402999874, 39.9467426126568], [-75.2358734789434, 39.9468153460464], [-75.235809998177, 39.9468450741502], [-75.2357527425449, 39.946859714549], [-75.2350508188428, 39.94700168594], [-75.2343646523393, 39.9471832721749], [-75.233607199611, 39.9473602632297], [-75.2312732359181, 39.9479181626318], [-75.2304076897675, 39.9478219882129], [-75.2303048402553, 39.9478105596184], [-75.229451375137, 39.9477888971784], [-75.2276285478681, 39.9477794897727], [-75.2274220154653, 39.9477797999399], [-75.2261167071008, 39.94776869904], [-75.2253258614848, 39.9477572656883], [-75.2249495409369, 39.9477536171895], [-75.2233179836443, 39.9479349988354], [-75.2226450851796, 39.9480020803018], [-75.2221280579579, 39.9480639820822], [-75.221814467528, 39.948101527189], [-75.2212391010133, 39.9481704076588], [-75.2208839796265, 39.9478465050704]]]}}, {"type": "Feature", "properties": {"objectid": 17, "dist_numc": "77", "Shape__Area": 3373766.83203125, "Shape__Length": 9104.342390303149}, "geometry": {"type": "Polygon", "coordinates": [[[-75.2234804073242, 39.8772864900983], [-75.223274101353, 39.8762165352381], [-75.2232368486519, 39.8760437363802], [-75.2231863740253, 39.8758096050184], [-75.2231835649909, 39.8757969849416], [-75.2237675760114, 39.8758671689408], [-75.2246557864635, 39.8760324118616], [-75.2248593177489, 39.8760693782387], [-75.2250302281849, 39.8761027062077], [-75.2259543516896, 39.8762759661982], [-75.2268464922288, 39.8764118518621], [-75.2268918218149, 39.8764136518682], [-75.2271207843592, 39.8764450924033], [-75.2284733199312, 39.8766404313791], [-75.2287272007263, 39.8766766606972], [-75.2289084265171, 39.8767018404038], [-75.229987981125, 39.8768562125698], [-75.2304784377936, 39.8768980999496], [-75.2306464059097, 39.8769105867514], [-75.2308489235674, 39.8769283378423], [-75.2309990074282, 39.8769421969069], [-75.2310578547715, 39.8769478153135], [-75.2318719900125, 39.8770192102487], [-75.2319307028412, 39.8770256541655], [-75.2323121242555, 39.8770656430357], [-75.2325510200247, 39.8770910640763], [-75.2326594720264, 39.8771024295771], [-75.2328165353691, 39.8771204670286], [-75.2329933283748, 39.8771375149608], [-75.2332726929628, 39.877164023414], [-75.2339581870907, 39.8771866704397], [-75.2340205986879, 39.87718857238], [-75.2341239135713, 39.8771902370909], [-75.2343046870181, 39.877145201628], [-75.2344835606108, 39.877103815561], [-75.2346551461828, 39.8770627774031], [-75.234686751659, 39.8770549738718], [-75.2350272016539, 39.8769737614052], [-75.2355406198474, 39.8767609058296], [-75.2357983941172, 39.8765884341442], [-75.2359299827594, 39.8764974654189], [-75.2360525211091, 39.8764130446544], [-75.236372303489, 39.8761966841032], [-75.2366428060561, 39.8757457848063], [-75.236716166738, 39.8756234529025], [-75.2367756648931, 39.8754842286807], [-75.2369349432108, 39.875126017297], [-75.2375018362884, 39.8750896148313], [-75.2375931988871, 39.8749911750995], [-75.2375383165278, 39.8749209816135], [-75.2375029851108, 39.8748764635843], [-75.2374625383325, 39.8748134080199], [-75.2381126524899, 39.874602205253], [-75.2382478573023, 39.874455864239], [-75.2383280636811, 39.8743716043484], [-75.2383793121102, 39.8743109284241], [-75.2386914944897, 39.873968318942], [-75.2389953689223, 39.8738455955639], [-75.2391739572985, 39.8736180434015], [-75.2392629288841, 39.8734996731915], [-75.2393501725493, 39.8733812209098], [-75.2394063041974, 39.8733089025852], [-75.2401014239566, 39.8730392355568], [-75.2401069638171, 39.8728678516549], [-75.2401036877078, 39.8727401810169], [-75.2401020428466, 39.8726386569385], [-75.2401040887704, 39.8726066263411], [-75.2404735351829, 39.8723909374475], [-75.240899796841, 39.8724092193508], [-75.2409398653748, 39.8724144134249], [-75.2410910333739, 39.8724471590217], [-75.2412183111039, 39.8724751736948], [-75.2413729254073, 39.872510867642], [-75.2414215764422, 39.8725208634404], [-75.2415577416857, 39.8725495038835], [-75.2417485375382, 39.8725946578663], [-75.2422207876143, 39.8727862115953], [-75.2422918933153, 39.8728176627941], [-75.2425698549727, 39.8729643107956], [-75.2426969796252, 39.873030783876], [-75.2427321859974, 39.8730486190825], [-75.2467367702485, 39.875077548917], [-75.2467784286066, 39.8751123633404], [-75.2468267242623, 39.8751527106783], [-75.2484328224494, 39.8764945509861], [-75.2485629603836, 39.8764759122715], [-75.2485759547176, 39.8764922903582], [-75.2486609982706, 39.8766009206806], [-75.2488091662344, 39.8767928190789], [-75.2488763041326, 39.876881647414], [-75.248986334397, 39.8770252272368], [-75.2490596325271, 39.8771204671185], [-75.2492363350482, 39.8773500644066], [-75.2492475194698, 39.8773644063129], [-75.2490137539161, 39.877448491925], [-75.2488694198187, 39.8774964243352], [-75.2477991891002, 39.8779603858888], [-75.2471167285162, 39.8782841612943], [-75.2465223288368, 39.8786442971151], [-75.2460933952176, 39.878962124703], [-75.2458662062312, 39.8791513594459], [-75.2456398628574, 39.8793398896499], [-75.2454554244222, 39.8794935136214], [-75.2449980208993, 39.8799771844317], [-75.2445136287803, 39.8805865503389], [-75.2440252604759, 39.8815058043793], [-75.2438025427478, 39.882000391578], [-75.2436438575379, 39.8823527730827], [-75.2428480630834, 39.8842359097299], [-75.2424466286309, 39.8852307323882], [-75.2421548553901, 39.8857717451332], [-75.2421147645293, 39.8858566731101], [-75.2420551806719, 39.8859828914341], [-75.2420513404263, 39.8859886476405], [-75.2418041366615, 39.8863592280029], [-75.241744663157, 39.8864548985901], [-75.2416547514109, 39.8865995306265], [-75.2414391159222, 39.8869463968824], [-75.2409933513901, 39.8875244485941], [-75.2407094119753, 39.8878525498158], [-75.2404477058041, 39.8881083305587], [-75.2403086666053, 39.8882442211434], [-75.239897066174, 39.8886583269639], [-75.2395694971143, 39.8889624045565], [-75.2392829079875, 39.8892485680417], [-75.2392828593793, 39.8892486174326], [-75.2391048437842, 39.8894461845714], [-75.2388669628287, 39.8897167782182], [-75.2384337887974, 39.8901792917894], [-75.2379828958935, 39.8905365720783], [-75.2374927641959, 39.8908365575719], [-75.2365647781147, 39.8914140674056], [-75.2365646524387, 39.8914141448382], [-75.2364656711937, 39.8914623092045], [-75.2355060585146, 39.8918187786744], [-75.2353653359886, 39.8916468446449], [-75.2351024707497, 39.8909663678894], [-75.235022272888, 39.8907003819707], [-75.2348410666951, 39.8902757141922], [-75.2344786749519, 39.8896487827238], [-75.2340775792895, 39.8888945499843], [-75.2338693537467, 39.8884737787603], [-75.2335122942612, 39.8878970355828], [-75.2332413773129, 39.8873971070631], [-75.2330958741376, 39.8871378826859], [-75.2329004320755, 39.8864976244498], [-75.2322923082921, 39.8850092731175], [-75.2320132655663, 39.8843805219645], [-75.2317388217053, 39.8837548713954], [-75.2314203108307, 39.883007965758], [-75.2311542159392, 39.8825081474222], [-75.2309576184275, 39.8821536994026], [-75.2308185158883, 39.8818483723009], [-75.2306326873991, 39.88159801836], [-75.2304315012388, 39.8813261989368], [-75.2301754735191, 39.8809993602564], [-75.2299358969468, 39.8807226790688], [-75.2296177230533, 39.8804521848763], [-75.2290230526786, 39.8801416794279], [-75.2283821349949, 39.8798593526699], [-75.2279146730795, 39.8797328725738], [-75.227449556039, 39.8796743909474], [-75.2268126474133, 39.8793549871428], [-75.2256149209488, 39.8787055713672], [-75.2251196221061, 39.878479641165], [-75.2234804073242, 39.8772864900983]]]}}, {"type": "Feature", "properties": {"objectid": 18, "dist_numc": "18", "Shape__Area": 15621983.4765625, "Shape__Length": 21433.3013310044}, "geometry": {"type": "Polygon", "coordinates": [[[-75.1803894736571, 39.9545012033216], [-75.1804730633403, 39.954307644446], [-75.1814269031039, 39.9520987356718], [-75.1817260536773, 39.9516185388405], [-75.1818335451188, 39.9514459897271], [-75.1824047037877, 39.950529135509], [-75.1833101042306, 39.9495076687004], [-75.1854169051905, 39.9479551337578], [-75.1864335958699, 39.9473093457738], [-75.1868268674701, 39.9470431803437], [-75.1870563931022, 39.9468878364606], [-75.1874209344944, 39.9466411124645], [-75.1882629745345, 39.9460929707432], [-75.1900959734577, 39.9446603336797], [-75.1911567207596, 39.9435848629401], [-75.1915150608464, 39.943246711646], [-75.1916010240302, 39.9431655894623], [-75.1917103709788, 39.9430624023006], [-75.1923687757716, 39.9426056421112], [-75.1925959940161, 39.9424961219373], [-75.1932323621181, 39.94225951352], [-75.1937173189781, 39.942125280343], [-75.1937875369706, 39.9421200769017], [-75.1941272430565, 39.9420949028104], [-75.1942250493009, 39.9420876540869], [-75.1949936850426, 39.942134577739], [-75.1957450087657, 39.942333086275], [-75.1967530045957, 39.9427033781944], [-75.1970216185861, 39.9428020529017], [-75.1990042658375, 39.9435138462026], [-75.1997821156478, 39.943796649929], [-75.2006723755299, 39.9439435332913], [-75.2023409093432, 39.9437706659597], [-75.2032096945898, 39.9435539565559], [-75.2038634182476, 39.9432585620173], [-75.2041551769626, 39.9430873329975], [-75.204601973016, 39.9427653928666], [-75.2049625189752, 39.9423383299742], [-75.2050777791837, 39.9412552140123], [-75.2051049425364, 39.9409999647933], [-75.2051248095008, 39.9408132723866], [-75.2051326401522, 39.9407383825522], [-75.2051802680595, 39.9388640211015], [-75.2052715796733, 39.9376851465381], [-75.2053071305216, 39.9367356828829], [-75.2053522710095, 39.9361873204073], [-75.2054816963831, 39.9356881856375], [-75.2055203495688, 39.935609977371], [-75.2055881237796, 39.9354728479636], [-75.2056946963805, 39.9352572088869], [-75.2058818527726, 39.9350311974084], [-75.2067229762443, 39.9373610312317], [-75.2069568417488, 39.9374586852252], [-75.2089534939297, 39.938292381735], [-75.2090795448526, 39.9383450115668], [-75.2096251814509, 39.9385728301281], [-75.2098197268131, 39.9386203168999], [-75.2100234582477, 39.9386571280595], [-75.2107706825758, 39.9393116916969], [-75.2113868881041, 39.9398442584768], [-75.2119675319994, 39.9403155955684], [-75.2126041836141, 39.9408593874161], [-75.2131565486858, 39.9413267876242], [-75.2141696605996, 39.9421838554709], [-75.2148176828916, 39.9427381480343], [-75.2152494667786, 39.9430964081229], [-75.2158601380363, 39.943618879049], [-75.2165221186953, 39.9441802299578], [-75.2166924265082, 39.9443111506619], [-75.2171644029495, 39.9447277097517], [-75.2175255077942, 39.9450218921592], [-75.2181967067207, 39.9455948772121], [-75.2184264158893, 39.9457950336237], [-75.2191134791447, 39.9463633256023], [-75.2197789776674, 39.9469285768889], [-75.2203950230757, 39.9474407827577], [-75.2208839796265, 39.9478465050704], [-75.2212391010133, 39.9481704076588], [-75.221814467528, 39.948101527189], [-75.2221280579579, 39.9480639820822], [-75.2226450851796, 39.9480020803018], [-75.2233179836443, 39.9479349988354], [-75.2249495409369, 39.9477536171895], [-75.2253258614848, 39.9477572656883], [-75.2261167071008, 39.94776869904], [-75.2274220154653, 39.9477797999399], [-75.2276285478681, 39.9477794897727], [-75.229451375137, 39.9477888971784], [-75.2303048402553, 39.9478105596184], [-75.2304076897675, 39.9478219882129], [-75.2312732359181, 39.9479181626318], [-75.233607199611, 39.9473602632297], [-75.2343646523393, 39.9471832721749], [-75.2350508188428, 39.94700168594], [-75.2357527425449, 39.946859714549], [-75.235809998177, 39.9468450741502], [-75.2358734789434, 39.9468153460464], [-75.2361402999874, 39.9467426126568], [-75.2372729865078, 39.9464722086143], [-75.2379830258795, 39.9463410053855], [-75.238299374293, 39.9462793590285], [-75.2396234319688, 39.9460222629929], [-75.2400549547082, 39.9459266421688], [-75.2402693876896, 39.9458751832505], [-75.2417736609236, 39.9453068624226], [-75.243420773564, 39.9446995693393], [-75.2444429142339, 39.9443426057525], [-75.2452201161475, 39.9440666701623], [-75.2458560650196, 39.9438232935084], [-75.2464254163073, 39.943624464505], [-75.2467116784683, 39.94352549625], [-75.2470340957764, 39.9434387633699], [-75.2470444003735, 39.943487985987], [-75.2470536689871, 39.943568133275], [-75.2471102233098, 39.9436916328841], [-75.2472119751577, 39.9439148755158], [-75.2473058312136, 39.9440203843186], [-75.2473805296166, 39.9441489828363], [-75.2474238240772, 39.9443004111281], [-75.2475112414464, 39.9444151766118], [-75.2476352916134, 39.9445307502159], [-75.2477588128514, 39.9446604135628], [-75.2479003155464, 39.9447998744606], [-75.2480935321122, 39.944945166332], [-75.2481697781487, 39.9450314775493], [-75.2482153237038, 39.9451218231958], [-75.248235074057, 39.9452492217248], [-75.2483224951858, 39.9453639866137], [-75.2484161936322, 39.9454741950642], [-75.2485653501331, 39.9455714934037], [-75.2487077209379, 39.9456874652852], [-75.248897370028, 39.9458467883439], [-75.2490809135941, 39.9460059680407], [-75.2492459690492, 39.9461694565458], [-75.2494295139717, 39.9463286446866], [-75.2494951082938, 39.9463723941697], [-75.2495549425659, 39.9464066207126], [-75.249615307313, 39.9464267501626], [-75.2497116030136, 39.9464664655677], [-75.2498124483484, 39.9465486086262], [-75.2499190432723, 39.9466402832538], [-75.2499680025844, 39.9467212952814], [-75.2500374560548, 39.946826261704], [-75.2501172194718, 39.9469831858832], [-75.2501547735502, 39.9471250824137], [-75.2502048733249, 39.9472578450834], [-75.2502302163005, 39.9473994745679], [-75.2502721361513, 39.9475884979269], [-75.2503096920571, 39.9477303944302], [-75.2503416469833, 39.9478580575424], [-75.2503673361727, 39.9479902890819], [-75.2504181292692, 39.948104263958], [-75.2504760752726, 39.9481901648168], [-75.2505589534955, 39.9482625101911], [-75.2507253992806, 39.9483884093821], [-75.2510652056756, 39.9487014745518], [-75.2511946854539, 39.9488359758673], [-75.2513189113921, 39.9489468368128], [-75.2514436686633, 39.949043608682], [-75.2515080561486, 39.9491202537437], [-75.2515588640966, 39.9492342175637], [-75.2515695800459, 39.9494413643839], [-75.2515194082867, 39.9496424818868], [-75.2514142963555, 39.94984241083], [-75.2513116019616, 39.9499765479403], [-75.2512446777751, 39.9501349809039], [-75.2511967520436, 39.9502750140901], [-75.2511545985094, 39.9504245703325], [-75.2511517762628, 39.9505843986894], [-75.251141782041, 39.9506899942473], [-75.2511754689305, 39.9507706729722], [-75.2512692088984, 39.9509631672113], [-75.2513510533577, 39.9510637075296], [-75.2514273118956, 39.9511500075937], [-75.2514929223534, 39.9511937651621], [-75.2515437758804, 39.9512230827666], [-75.2515871535597, 39.9512898719106], [-75.2516108184729, 39.9513938399653], [-75.2516111711602, 39.951509057326], [-75.2516279639098, 39.9516340480854], [-75.2516478848145, 39.9517567463718], [-75.2516503626873, 39.951855557924], [-75.2516463891367, 39.951963627207], [-75.251615542342, 39.9520546582358], [-75.2515789465897, 39.9521361577083], [-75.2515136520119, 39.9522499453153], [-75.2514124001675, 39.9523864655877], [-75.2512841537919, 39.952550617732], [-75.2511879921517, 39.9526731391815], [-75.2511542758029, 39.9527594053287], [-75.2511536998809, 39.9528581503847], [-75.2511807634795, 39.9529527853141], [-75.2512080989255, 39.9530403804087], [-75.2511845659164, 39.9530986484483], [-75.2511513678362, 39.9531708163719], [-75.2511030651977, 39.9532379511946], [-75.2510501886121, 39.9533049863633], [-75.2509244455747, 39.9534010048014], [-75.2507922622197, 39.9535062801389], [-75.2506504736558, 39.9536231130087], [-75.2504901195415, 39.9537465878582], [-75.2503541784467, 39.9538705935379], [-75.2501389045677, 39.9540751668742], [-75.2500502174127, 39.9541602348572], [-75.2500059798638, 39.9542415673615], [-75.2499565642629, 39.9543392481158], [-75.2498906427231, 39.9543871858142], [-75.2498398035563, 39.9544401553493], [-75.2498007447087, 39.9545051404378], [-75.2497705112312, 39.9545797233024], [-75.2497495984971, 39.9546498061253], [-75.2497624438036, 39.954715921502], [-75.2497696150565, 39.9547701552819], [-75.2497519280619, 39.9548356142439], [-75.2496975439902, 39.9549849035124], [-75.2496151492691, 39.9551900302635], [-75.2495977205891, 39.9552484310657], [-75.249559181079, 39.9552993169819], [-75.2494957938442, 39.9553614201392], [-75.2494244572186, 39.9553904349808], [-75.2493593885105, 39.9554148760213], [-75.2492826359966, 39.9554249600269], [-75.2492363303563, 39.9554380610696], [-75.2492013614675, 39.9554749142828], [-75.2491659597151, 39.9555235267986], [-75.2491455766839, 39.9555795115527], [-75.249124057587, 39.9556660421739], [-75.2491372127301, 39.9557650784962], [-75.2491764990316, 39.9558599893819], [-75.2492192594504, 39.9559432171447], [-75.2492641338798, 39.9560523512219], [-75.2492764483853, 39.9561325646083], [-75.2492363619492, 39.9562257452818], [-75.2491161988811, 39.9563359840525], [-75.2490473088377, 39.9563815149319], [-75.2489902744845, 39.9564367006685], [-75.2489595202942, 39.9565253815271], [-75.2489278897043, 39.9566375501374], [-75.2489495123514, 39.9567555918867], [-75.2490077508317, 39.9569167433142], [-75.2490669887058, 39.9569674180164], [-75.249196354684, 39.9570219639575], [-75.2493165738339, 39.957076310373], [-75.249403205663, 39.9571299245789], [-75.2495342536253, 39.9572221321788], [-75.2496402701101, 39.9573302560888], [-75.2497800350312, 39.9574344022955], [-75.2500389586228, 39.9576634184349], [-75.2501805689624, 39.9578005274488], [-75.2502447916201, 39.9578818717347], [-75.2503618137389, 39.9580231470258], [-75.2504648670871, 39.9581288530687], [-75.2505615526824, 39.9582414669335], [-75.2506680057813, 39.958337840502], [-75.2507377312116, 39.9584357654668], [-75.2507950708014, 39.9585381156369], [-75.2508414700141, 39.9586472903225], [-75.2508778801764, 39.9587374256974], [-75.2508841020097, 39.9588175061369], [-75.2508944313659, 39.9589517535136], [-75.2508853115524, 39.9590338513521], [-75.2508520121244, 39.9591083686272], [-75.2507552080561, 39.9591650405242], [-75.2506085121559, 39.9592488444795], [-75.2504558936769, 39.9593278160501], [-75.2502941134188, 39.9594065887103], [-75.2500832200788, 39.9594913439558], [-75.2498277972476, 39.9595821760007], [-75.2496542355577, 39.959648932212], [-75.2495548948344, 39.9596914473411], [-75.2494453562795, 39.9597619501555], [-75.2493199452689, 39.9598485599103], [-75.2492160911567, 39.9599309443513], [-75.2491249589528, 39.9599994964932], [-75.2489752923029, 39.9600808820986], [-75.2488387157803, 39.9601390370141], [-75.2486925332923, 39.9602087402835], [-75.2485494168179, 39.960278510221], [-75.2484614982561, 39.9603424287517], [-75.2483862993443, 39.9604348445145], [-75.2483371236049, 39.9605254751729], [-75.2482843871699, 39.960630128688], [-75.2482011155941, 39.9607341253536], [-75.2480607183514, 39.9608956578285], [-75.2479771868384, 39.9610066944309], [-75.2479250431945, 39.9610949086214], [-75.2478940262272, 39.961190629284], [-75.2478743946061, 39.9613500920135], [-75.2478741599968, 39.9614394382299], [-75.2478687703061, 39.9615028045544], [-75.2478429946886, 39.9616221553931], [-75.2478248716541, 39.9616993544482], [-75.2478098886963, 39.9617742685927], [-75.2477766710948, 39.9618464352698], [-75.2477436382411, 39.9619139018908], [-75.2477104205342, 39.9619860676481], [-75.2477044248361, 39.962065881868], [-75.2477293602128, 39.9621769422265], [-75.2477639258713, 39.9622341251806], [-75.2477793915031, 39.9623120558648], [-75.2477555322014, 39.9624620191282], [-75.2476937818987, 39.9628110148607], [-75.2476895282175, 39.9628282724847], [-75.2476212299563, 39.9628120742213], [-75.2475678466908, 39.9628033397795], [-75.2472938972423, 39.9627585181845], [-75.2467558255896, 39.9627144388427], [-75.2462049593971, 39.9626459843265], [-75.2456857532689, 39.9625810671313], [-75.2454066575872, 39.9625460233537], [-75.244712449274, 39.9624603156751], [-75.2440336380288, 39.9623737939936], [-75.2433894944159, 39.9622926072049], [-75.2427376137952, 39.9622119621783], [-75.2419967573815, 39.9621223101081], [-75.2414077304614, 39.9620476760074], [-75.241085804117, 39.9620084631889], [-75.2404280869267, 39.9619284854842], [-75.2400250326553, 39.9618795537503], [-75.2394492671347, 39.9618033426706], [-75.2387868655469, 39.9617243098371], [-75.2368108331215, 39.9614800970229], [-75.2350887546195, 39.9612671150004], [-75.2346972822027, 39.9612174974403], [-75.2341439263993, 39.9611452556567], [-75.2335557092029, 39.9610750711775], [-75.2328598241783, 39.9609850773495], [-75.2318765350239, 39.9608591333803], [-75.2308047670633, 39.9607313733175], [-75.2302498485003, 39.9606653834395], [-75.2297874956559, 39.9606084375865], [-75.2294119361221, 39.9605625796694], [-75.2290797036237, 39.960523086619], [-75.2286482498994, 39.9604728994975], [-75.2279779696768, 39.9603866063931], [-75.2274458417483, 39.9603203415776], [-75.2268529624658, 39.9602480674658], [-75.2262112724617, 39.9601683969498], [-75.2248698565846, 39.9600148207437], [-75.2247743812088, 39.9599843577166], [-75.2242150130456, 39.9599087817742], [-75.2238861283258, 39.9598712267361], [-75.2235210384945, 39.959827863917], [-75.2230314297766, 39.9597697119396], [-75.2229028562908, 39.9597544398698], [-75.2223986301248, 39.9596896282697], [-75.2219112878514, 39.959635182162], [-75.2209227074691, 39.9595144346624], [-75.2199850664593, 39.9593955082933], [-75.219178716423, 39.9592973922487], [-75.2189566756111, 39.9592692652783], [-75.2177925074861, 39.9591235873974], [-75.2171743382724, 39.9590462275634], [-75.2170038305771, 39.9590248891383], [-75.21402160115, 39.9586526354471], [-75.2130197616267, 39.9585274554259], [-75.2116247159164, 39.9583566587091], [-75.2112699058116, 39.9583132164071], [-75.2110427812149, 39.9582854065782], [-75.2094243491173, 39.9580830720095], [-75.2081305164054, 39.9579248730949], [-75.2060776697971, 39.9576682231005], [-75.2057773342093, 39.9576313595738], [-75.2053363216648, 39.9575772292746], [-75.2050390601115, 39.9575407428283], [-75.2041478071578, 39.9574314194691], [-75.2034070311653, 39.9573387183571], [-75.2019564399567, 39.9571584582878], [-75.1996249340968, 39.9568698192023], [-75.1980102103819, 39.9566637528097], [-75.1961231100098, 39.9564382834503], [-75.1956440817903, 39.9563776127499], [-75.1941555267244, 39.9561890664496], [-75.1917360941011, 39.9558930006349], [-75.1914669378808, 39.9558521580075], [-75.1894913219023, 39.9556022720661], [-75.1882687524416, 39.9554510482465], [-75.187962120731, 39.9554127825045], [-75.1874806721193, 39.955354801159], [-75.1870665286858, 39.9553049240381], [-75.1853605466356, 39.9550890400256], [-75.1843313296901, 39.9549563249695], [-75.1838717910863, 39.9548970658841], [-75.1833368319267, 39.9548280787348], [-75.1814585882675, 39.9546286078676], [-75.1805198440578, 39.9545175917606], [-75.1804102625895, 39.9545041855005], [-75.1803894736571, 39.9545012033216]]]}}, {"type": "Feature", "properties": {"objectid": 19, "dist_numc": "16", "Shape__Area": 19316518.76171875, "Shape__Length": 27595.350310163554}, "geometry": {"type": "Polygon", "coordinates": [[[-75.224869856685, 39.9600148180429], [-75.2248696186505, 39.9600159931117], [-75.2247706496911, 39.9605056968133], [-75.2247076697471, 39.9608173183082], [-75.2246084893654, 39.9612773996413], [-75.2244823076807, 39.9618674267998], [-75.2242218030413, 39.9630957419725], [-75.2243221511995, 39.9635848370023], [-75.2244978140492, 39.9644410039831], [-75.2245930381508, 39.9649051030168], [-75.2246430418781, 39.9651930282782], [-75.2247094661749, 39.9655762711089], [-75.2247672318989, 39.9659191027613], [-75.2248151823042, 39.966215275504], [-75.2248898296276, 39.9666520472455], [-75.2249657526634, 39.9671199242117], [-75.2250486686467, 39.9675943854049], [-75.2250590731131, 39.9676563138043], [-75.225119835875, 39.9680179726145], [-75.2251428217937, 39.9681547822895], [-75.2252161911519, 39.9685977595868], [-75.225375465091, 39.9695268745591], [-75.2254531737806, 39.9698340135471], [-75.2255653332943, 39.9702773132465], [-75.2256187108838, 39.97048828038], [-75.2258367089383, 39.9713737346389], [-75.2258441636759, 39.9714398228241], [-75.2257144522449, 39.9714729679173], [-75.2253866042565, 39.9715404092982], [-75.2236746953243, 39.9719038370497], [-75.2232978451576, 39.9719840880076], [-75.2222505750703, 39.9722099122609], [-75.2220126889744, 39.9722623969663], [-75.2190759082481, 39.9728864543609], [-75.218419598989, 39.9730332145706], [-75.2177698659099, 39.9726360761666], [-75.2174662679469, 39.9726707293842], [-75.2163344652873, 39.9727999079788], [-75.213889748125, 39.9730633249716], [-75.2122147782393, 39.9732517095527], [-75.2124235557981, 39.9739929845821], [-75.2126175243124, 39.9747310070146], [-75.2128546667716, 39.9755821807611], [-75.2129215985176, 39.9758224133005], [-75.2130121378813, 39.9761473779892], [-75.2131245159246, 39.9765547552145], [-75.2133069033613, 39.9772264658792], [-75.2134726076985, 39.9778001758296], [-75.213708771898, 39.9786302268958], [-75.2141613571138, 39.9803120041414], [-75.2145029883882, 39.9815579455353], [-75.2146517431391, 39.9821409798625], [-75.2147198260291, 39.9823230119869], [-75.2147674886041, 39.982496388462], [-75.2149471512537, 39.9831499244832], [-75.2154194810647, 39.9848679947238], [-75.2156826012215, 39.9857960789389], [-75.2162241173041, 39.9877377006049], [-75.2168843740661, 39.9902101984087], [-75.2169513851222, 39.9904546291647], [-75.217325395213, 39.9918188445714], [-75.217537437366, 39.9925922567911], [-75.2179136804011, 39.9939359851496], [-75.2179974330079, 39.994232655836], [-75.2176974862946, 39.9944853711035], [-75.2174362771234, 39.9947046338501], [-75.217131934547, 39.9950202513366], [-75.2163344930955, 39.995835853944], [-75.2161556848402, 39.9959657064826], [-75.215993810461, 39.9960655229289], [-75.2158168152819, 39.9961467600928], [-75.2155757049653, 39.9962509084299], [-75.213543440454, 39.9968871788531], [-75.2126966230005, 39.9971178171294], [-75.2123842777797, 39.9971977269102], [-75.2116974347542, 39.9973168733971], [-75.2075710917548, 39.9980328223157], [-75.207119692853, 39.9990236690739], [-75.206452158613, 39.9998002136746], [-75.2054631649417, 40.0009506639605], [-75.2045027622954, 40.0005337166012], [-75.2039200691313, 40.0006383980292], [-75.2033896065926, 40.0013038376237], [-75.2033144068707, 40.0016783933157], [-75.2025452508428, 40.0022946406716], [-75.2014494695566, 40.0038643379989], [-75.2011504380988, 40.004292683301], [-75.2021065529267, 40.0046777050668], [-75.2023565884896, 40.0047783908956], [-75.2036095269934, 40.0051635477046], [-75.2070395331208, 40.0062178509484], [-75.2076008326958, 40.0064168410597], [-75.2075021944354, 40.0064824282522], [-75.2074164095683, 40.0065485955508], [-75.206926149892, 40.0069176841949], [-75.206806837604, 40.0069937447352], [-75.2065477688807, 40.0071264158139], [-75.2063206110865, 40.0072020345906], [-75.2060842682943, 40.0072616998873], [-75.2057065293494, 40.0073493140808], [-75.2049988071737, 40.0074937487816], [-75.2046836434421, 40.0075620768647], [-75.2043741019768, 40.007629184461], [-75.203864279802, 40.0077397101552], [-75.2035836710244, 40.0078005438967], [-75.2038287321788, 40.0080263877358], [-75.2039717280941, 40.0081580995978], [-75.2040682372187, 40.0082469937136], [-75.2046829104035, 40.0085384782518], [-75.2049412581148, 40.0087057714423], [-75.2064670490558, 40.0090234501856], [-75.2069396759636, 40.009073486367], [-75.2079531556709, 40.008343729801], [-75.2084925279857, 40.0086941564928], [-75.2088796175096, 40.0084685425913], [-75.2091170279695, 40.0086252093727], [-75.2094039213833, 40.0088145291034], [-75.2092291497027, 40.0090472320907], [-75.2090548812274, 40.0092792621128], [-75.2089358003439, 40.0094378122009], [-75.2089271115517, 40.0094493797694], [-75.2089258105898, 40.0094542731472], [-75.2089220718501, 40.0094560843052], [-75.2083006772476, 40.0097506794702], [-75.2073168984435, 40.010217060388], [-75.2072403171899, 40.0110234928622], [-75.2061530939361, 40.0118255131992], [-75.2060917925988, 40.0117812114356], [-75.2059424966858, 40.0116733151447], [-75.2056702960964, 40.0114765962531], [-75.2055176645593, 40.0113662882607], [-75.2054456482014, 40.0113142415195], [-75.2053442382749, 40.0112552101381], [-75.204561283163, 40.0108612492064], [-75.2030804312655, 40.0102417912862], [-75.2017311147429, 40.009789279791], [-75.199032579862, 40.0089113466516], [-75.1975180542549, 40.0084006379017], [-75.1973313864152, 40.0083376899436], [-75.1963073116981, 40.0079923465188], [-75.1953504742068, 40.0077815566681], [-75.1946861026437, 40.0075322822067], [-75.1943241312684, 40.0073964679746], [-75.1934511854349, 40.0070689308617], [-75.1932986408543, 40.007008206475], [-75.1932608917712, 40.0069866841242], [-75.1931117229104, 40.0069016363091], [-75.1928844597888, 40.0067720637354], [-75.1927389004005, 40.0066890735174], [-75.1927208026464, 40.006678753023], [-75.1925937048499, 40.0065634006261], [-75.1925528223802, 40.0065075303447], [-75.1925008893236, 40.0064365634909], [-75.1924050188359, 40.0063055487252], [-75.192182892036, 40.0060184877456], [-75.1921123866495, 40.005927371267], [-75.192051810441, 40.0058490864577], [-75.1917096284486, 40.0052547524783], [-75.191683120619, 40.005199268846], [-75.1916313220231, 40.0050621319101], [-75.1915448931551, 40.0046592055709], [-75.1913868159913, 40.0038360376093], [-75.1913447684896, 40.002602646479], [-75.1913332182131, 40.0019015417002], [-75.1914760293893, 40.000652115944], [-75.1916298982669, 39.9996591711683], [-75.1917082051207, 39.9994028075641], [-75.1917201950951, 39.9993635548032], [-75.1922156584457, 39.9977414278153], [-75.1928906294403, 39.9964838962533], [-75.1937863034176, 39.99538990566], [-75.1939482151507, 39.9951921389208], [-75.1942141767644, 39.9948672771864], [-75.194214815883, 39.9948666679202], [-75.1959521236854, 39.9932112374382], [-75.1959525696285, 39.993210811274], [-75.1969385216848, 39.9922712803521], [-75.1970390584281, 39.9921918493489], [-75.1981811903875, 39.9910323966851], [-75.1981818419302, 39.9910317354163], [-75.1986393713388, 39.9905672541025], [-75.1991134949557, 39.9901548548779], [-75.2005289681061, 39.9888749673583], [-75.2020589557368, 39.9873398680545], [-75.203869255771, 39.9858146600747], [-75.2040450553141, 39.9856576109125], [-75.2040917454432, 39.9856159002975], [-75.2043510826313, 39.9851460624386], [-75.2042513133211, 39.9836473418299], [-75.2039781122737, 39.9826654745358], [-75.2015848130456, 39.9805559680495], [-75.2000830720138, 39.9795553783094], [-75.1989541010231, 39.9789228913046], [-75.1961916314053, 39.9777692622319], [-75.1943421931568, 39.9766447441057], [-75.1935869549577, 39.9760745994267], [-75.1932986401394, 39.9757835120694], [-75.1932946513508, 39.9757767584506], [-75.1931389857284, 39.9755131919112], [-75.1930234707018, 39.9752328915755], [-75.193012207591, 39.9752055581318], [-75.1925406018571, 39.974367881546], [-75.1922279671698, 39.9736690595816], [-75.1921782141203, 39.9734967456434], [-75.1914843097138, 39.9716352726537], [-75.1910385073129, 39.9702758723847], [-75.1907837949733, 39.9698481253166], [-75.1904754034091, 39.969538148448], [-75.1899702161506, 39.9692237792827], [-75.1893181468352, 39.9688871862693], [-75.1886475276301, 39.968743746235], [-75.1879126851193, 39.968485608671], [-75.1873255066762, 39.9682793386315], [-75.1866369723996, 39.9678837390867], [-75.1864721074592, 39.9677230135027], [-75.1859821681605, 39.9671965717426], [-75.1859296382024, 39.9671401290558], [-75.1859173934173, 39.9671269700866], [-75.1843044041649, 39.9653937331316], [-75.1835537397871, 39.9645145210637], [-75.1833879498864, 39.9642924292128], [-75.1829687025184, 39.9637307989879], [-75.1814434177548, 39.9620387213052], [-75.1807399310172, 39.9613077903523], [-75.1805049247819, 39.960898343642], [-75.1804485252878, 39.9608044664462], [-75.180125857706, 39.9603428493539], [-75.1800743966576, 39.9602362215327], [-75.1799350455958, 39.9599474856368], [-75.1797716159486, 39.9596088572076], [-75.1795697031089, 39.9590931536588], [-75.1793939697254, 39.9585439374865], [-75.1793622901892, 39.958387765291], [-75.1793449246834, 39.9580036452039], [-75.1793662290489, 39.9576393975339], [-75.1794076540088, 39.9571951475646], [-75.1795141490268, 39.9566576385199], [-75.1795612982595, 39.9564732018641], [-75.1796262173035, 39.956315883735], [-75.1797554329202, 39.9560027606539], [-75.1799316023338, 39.9555758464201], [-75.1800213070015, 39.9553584624101], [-75.180151826121, 39.9550421668644], [-75.1802155968594, 39.9549097816548], [-75.1803284436591, 39.9546431430619], [-75.1803411704994, 39.9546130694572], [-75.1803894736571, 39.9545012033216], [-75.1804102625895, 39.9545041855005], [-75.1805198440578, 39.9545175917606], [-75.1814585882675, 39.9546286078676], [-75.1833368319267, 39.9548280787348], [-75.1838717910863, 39.9548970658841], [-75.1843313296901, 39.9549563249695], [-75.1853605466356, 39.9550890400256], [-75.1870665286858, 39.9553049240381], [-75.1874806721193, 39.955354801159], [-75.187962120731, 39.9554127825045], [-75.1882687524416, 39.9554510482465], [-75.1894913219023, 39.9556022720661], [-75.1914669378808, 39.9558521580075], [-75.1917360941011, 39.9558930006349], [-75.1941555267244, 39.9561890664496], [-75.1956440817903, 39.9563776127499], [-75.1961231100098, 39.9564382834503], [-75.1980102103819, 39.9566637528097], [-75.1996249340968, 39.9568698192023], [-75.2019564399567, 39.9571584582878], [-75.2034070311653, 39.9573387183571], [-75.2041478071578, 39.9574314194691], [-75.2050390601115, 39.9575407428283], [-75.2053363216648, 39.9575772292746], [-75.2057773342093, 39.9576313595738], [-75.2060776697971, 39.9576682231005], [-75.2081305164054, 39.9579248730949], [-75.2094243491173, 39.9580830720095], [-75.2110427812149, 39.9582854065782], [-75.2112699058116, 39.9583132164071], [-75.2116247159164, 39.9583566587091], [-75.2130197616267, 39.9585274554259], [-75.21402160115, 39.9586526354471], [-75.2170038305771, 39.9590248891383], [-75.2171743382724, 39.9590462275634], [-75.2177925074861, 39.9591235873974], [-75.2189566756111, 39.9592692652783], [-75.219178716423, 39.9592973922487], [-75.2199850664593, 39.9593955082933], [-75.2209227074691, 39.9595144346624], [-75.2219112878514, 39.959635182162], [-75.2223986301248, 39.9596896282697], [-75.2229028562908, 39.9597544398698], [-75.2230314297766, 39.9597697119396], [-75.2235210384945, 39.959827863917], [-75.2238861283258, 39.9598712267361], [-75.2242150130456, 39.9599087817742], [-75.2247743812088, 39.9599843577166], [-75.224869856685, 39.9600148180429]]]}}, {"type": "Feature", "properties": {"objectid": 20, "dist_numc": "03", "Shape__Area": 29061259.484375, "Shape__Length": 21994.93985213007}, "geometry": {"type": "Polygon", "coordinates": [[[-75.1352705689281, 39.8936010734543], [-75.1449733798645, 39.8947778669233], [-75.1453537294132, 39.8948257666654], [-75.1488379484282, 39.8952479907665], [-75.1525104490212, 39.8956956300654], [-75.15274677679, 39.8957254031321], [-75.1541267387699, 39.8958992420413], [-75.1560728349992, 39.8961376213729], [-75.1582784235134, 39.8963939808749], [-75.1592907539499, 39.8965170634671], [-75.162233075715, 39.8968779559667], [-75.1629318826609, 39.8969636567589], [-75.1632307527663, 39.8969825477558], [-75.1658605749308, 39.8970722288476], [-75.1662152764826, 39.8970741530889], [-75.1665627942997, 39.8970576966701], [-75.1666809536778, 39.8970603588857], [-75.1669633798394, 39.8970970862538], [-75.1671438640613, 39.8971193719334], [-75.1695763048692, 39.8972166653444], [-75.1699703866302, 39.8972584829582], [-75.1702471296031, 39.8972878490145], [-75.170447911968, 39.8973091536838], [-75.170575097925, 39.8972816535071], [-75.1707108529509, 39.8972361292946], [-75.1708079112368, 39.8971715156626], [-75.1709061199424, 39.8970765645319], [-75.1709649415244, 39.8969807271016], [-75.1709917946356, 39.8968963169342], [-75.1709671974618, 39.8966916736732], [-75.1709790106375, 39.8966953236877], [-75.1710245221974, 39.8967088889363], [-75.171070243269, 39.8967219579159], [-75.1711161948735, 39.8967344698304], [-75.1711623915393, 39.8967463808566], [-75.1712087692436, 39.8967578985893], [-75.1712552963503, 39.8967691169231], [-75.1713019605906, 39.8967800508991], [-75.1713487520678, 39.8967907147107], [-75.1713956596818, 39.8968011234253], [-75.1714426711642, 39.8968112920841], [-75.1714897777868, 39.8968212349067], [-75.1715369673151, 39.8968309660342], [-75.1715842286155, 39.8968405014343], [-75.1716315517909, 39.8968498553004], [-75.171678925742, 39.8968590427], [-75.1717263393688, 39.8968680787008], [-75.1717737805398, 39.896876974743], [-75.1718212403222, 39.8968857504479], [-75.1718687088875, 39.8968944182086], [-75.1719162022574, 39.8969029873957], [-75.1719637380999, 39.8969114548025], [-75.1720113130108, 39.8969198176492], [-75.1720589271264, 39.896928072335], [-75.1721065793801, 39.8969362161326], [-75.1721542699764, 39.8969442436405], [-75.1722019989493, 39.8969521539586], [-75.1722497607276, 39.8969599397533], [-75.1722975588856, 39.8969675993028], [-75.1723453923908, 39.8969751289801], [-75.1723932566702, 39.8969825259789], [-75.1724411554005, 39.8969897858771], [-75.1724890863803, 39.8969969050209], [-75.1725370461712, 39.897003881531], [-75.1725850362488, 39.8970107073315], [-75.1726330565787, 39.8970173833224], [-75.1726811037907, 39.897023905824], [-75.1727291804949, 39.8970302676868], [-75.17277728786, 39.897036468937], [-75.1728254290164, 39.8970425195562], [-75.1728736024541, 39.8970484285206], [-75.1729218055281, 39.8970542038796], [-75.1729700365917, 39.8970598582105], [-75.173018291763, 39.8970654013372], [-75.1730665706665, 39.8970708431623], [-75.1731148693521, 39.8970761953102], [-75.1731631875128, 39.8970814658831], [-75.1732115200296, 39.8970866664791], [-75.1732598676619, 39.8970918079274], [-75.1733082254273, 39.8970968982251], [-75.1733565916795, 39.8971019499495], [-75.1734049661455, 39.8971069703024], [-75.1738295578782, 39.8971565478232], [-75.1738786277598, 39.8971567379502], [-75.1754015975399, 39.8973516928493], [-75.1756368164851, 39.8973818007304], [-75.1755793157699, 39.8976637203932], [-75.1755482661698, 39.8978159538675], [-75.1755063500039, 39.8980214607777], [-75.1755749592834, 39.8985034681847], [-75.175551231306, 39.8991305795694], [-75.175549872865, 39.8991664913949], [-75.1755234533568, 39.8992382160769], [-75.1755123070323, 39.8992802764315], [-75.1754866035879, 39.8993772698997], [-75.1754856599439, 39.8993803490934], [-75.1754548874339, 39.8995220244012], [-75.1754088007018, 39.8997342042438], [-75.1753372081341, 39.9000638133445], [-75.175327172371, 39.9001069690354], [-75.1752953532516, 39.9002437967788], [-75.1748971171043, 39.9019562506242], [-75.1745655187758, 39.9034265602038], [-75.1744760273372, 39.903854191767], [-75.1741435790086, 39.9054427422153], [-75.1738389081382, 39.9067873647996], [-75.1737930930744, 39.9070080748047], [-75.1736814155565, 39.9075460555428], [-75.1736434180152, 39.9077291058072], [-75.1734807256496, 39.9084737984853], [-75.1732957268788, 39.9092922251149], [-75.1730544661233, 39.9105224136688], [-75.1730281720665, 39.9106261718066], [-75.1729968534246, 39.9108441539131], [-75.1729151664699, 39.9113013511883], [-75.1728795583866, 39.9114326755051], [-75.1727426089549, 39.9119532421824], [-75.1726638794406, 39.9122957102809], [-75.1726556911978, 39.91234050124], [-75.1726439507209, 39.9124047355225], [-75.1726360753015, 39.9124436814246], [-75.1725151186254, 39.9130418757342], [-75.1723917729236, 39.9131574355934], [-75.1723457278677, 39.9132596377099], [-75.1722812063186, 39.9134028494387], [-75.1720631498432, 39.9138868397659], [-75.1718788174477, 39.9142652854878], [-75.1718960356466, 39.9143244521591], [-75.1719282712555, 39.9143822770227], [-75.1718792816389, 39.9146127803266], [-75.1718408950954, 39.9147933904939], [-75.1718195885091, 39.9148936475126], [-75.171697419014, 39.9154904416856], [-75.1714252735315, 39.9167667149374], [-75.1713975192289, 39.9168940645705], [-75.171307504722, 39.9173176785779], [-75.171180689179, 39.9179049387707], [-75.1710173135787, 39.9186673951888], [-75.1708567874029, 39.9194195133277], [-75.1705833416689, 39.9206627626172], [-75.1703123182209, 39.9218949564413], [-75.1700264833103, 39.9231471128349], [-75.1699706958526, 39.9234012647507], [-75.1698867246115, 39.9237838087531], [-75.169747403241, 39.9244185024283], [-75.1695020394043, 39.9255408330956], [-75.1694960863951, 39.9256056253855], [-75.1692299670385, 39.9268153420637], [-75.1691860197764, 39.9270151118108], [-75.1691312279764, 39.9272641725929], [-75.1689595111534, 39.9280447316907], [-75.1688224517009, 39.9286677262641], [-75.1686909553859, 39.9292654328091], [-75.1685046069404, 39.9301124354341], [-75.1684564329939, 39.9303313960771], [-75.1684248967425, 39.9304747359983], [-75.1681529890564, 39.931710580742], [-75.167881600501, 39.9329440220057], [-75.1678244241627, 39.9332352619712], [-75.1677523474344, 39.9336023905354], [-75.1676429266952, 39.934159730452], [-75.1673051243906, 39.9357050557676], [-75.167144144319, 39.9364719926495], [-75.1670082959049, 39.9370505028196], [-75.1669704287325, 39.9371971552764], [-75.1668188877936, 39.9378780673053], [-75.1665722645801, 39.9390720464994], [-75.1665295187837, 39.9392699711952], [-75.1664191979423, 39.9397807750984], [-75.1663632894503, 39.9400396425977], [-75.1662775440826, 39.94045093227], [-75.1662076111649, 39.9408229811647], [-75.1661742573174, 39.9409782217776], [-75.1660193505341, 39.9416991966105], [-75.165991339274, 39.9418295669685], [-75.1658494803434, 39.9424192863554], [-75.1657811677048, 39.9427944467472], [-75.1656750992003, 39.943209787801], [-75.1655771204685, 39.9436738533044], [-75.1654688904177, 39.9440852945728], [-75.1654081544622, 39.9443695472222], [-75.1653431727702, 39.9446736670912], [-75.1652037666121, 39.944656404042], [-75.1651835616335, 39.9446531204326], [-75.1645266913844, 39.9445788749556], [-75.164157623377, 39.944532492709], [-75.1636257420943, 39.9444621364357], [-75.1633155855811, 39.9444211082652], [-75.1631392982392, 39.9443977877584], [-75.1626892468333, 39.94435376132], [-75.1623510766364, 39.944308210722], [-75.161557957218, 39.9442054997973], [-75.1607733159729, 39.9441139797485], [-75.1603974788192, 39.9440634076401], [-75.1599873134579, 39.9440183293226], [-75.1584172909328, 39.9438237304007], [-75.1577209932462, 39.9437388841324], [-75.1570489966201, 39.9436514816547], [-75.1568439676315, 39.9436245219633], [-75.1558275664723, 39.9434952839855], [-75.1552700476867, 39.9434243898395], [-75.1545760934553, 39.9433377437423], [-75.153696720988, 39.9432276407805], [-75.1521207440186, 39.9430338661722], [-75.1513332611718, 39.9429303411588], [-75.1509628556532, 39.9428881079392], [-75.1505409819519, 39.9428320585512], [-75.1502819211701, 39.9428002079185], [-75.1484163437524, 39.9425715570573], [-75.1473849258265, 39.942446147664], [-75.1463575920936, 39.9423126079079], [-75.145645685182, 39.942226705316], [-75.1454519825725, 39.9421693844347], [-75.1452561796057, 39.9421247244387], [-75.1439860165611, 39.941959778208], [-75.1425777075614, 39.9416025526141], [-75.1420149443521, 39.9415851652372], [-75.1416706035765, 39.9415760618702], [-75.1414500653012, 39.9415645058137], [-75.1363820628695, 39.9410785387657], [-75.1364772922038, 39.9386024631785], [-75.136428663401, 39.935900779576], [-75.1364035182688, 39.934503857454], [-75.1355288966611, 39.9291697898415], [-75.1347801778654, 39.9270189229463], [-75.134487194996, 39.9261772493938], [-75.1323469687728, 39.9216752250009], [-75.1316342197088, 39.920152882501], [-75.1303519595138, 39.9174139746002], [-75.1302084674368, 39.9170407153312], [-75.1292778061893, 39.9146197076656], [-75.1290274398618, 39.9139683522519], [-75.1287400911405, 39.913220821914], [-75.1284670037264, 39.9103051530872], [-75.1295388925454, 39.9064999158202], [-75.13061638779, 39.9025463541444], [-75.132051445469, 39.8993134679358], [-75.1346986862098, 39.8946238332565], [-75.1352705689281, 39.8936010734543]]]}}, {"type": "Feature", "properties": {"objectid": 21, "dist_numc": "17", "Shape__Area": 9121482.7421875, "Shape__Length": 13054.20376726571}, "geometry": {"type": "Polygon", "coordinates": [[[-75.1689595076797, 39.9280447307115], [-75.1689808203771, 39.9280480576172], [-75.1690550849739, 39.9280596510829], [-75.1692345276735, 39.9280876593381], [-75.1695834813471, 39.9281421252168], [-75.1700517453211, 39.9281963937924], [-75.1702726391268, 39.928228286496], [-75.1708819696702, 39.9283081584874], [-75.1711396485424, 39.9283380764703], [-75.1715979995515, 39.9283966118094], [-75.1721572940456, 39.9284723010758], [-75.1727017699728, 39.928529407203], [-75.1731638653766, 39.9285970368281], [-75.17373062591, 39.9286697370706], [-75.1752921804265, 39.9288763303754], [-75.1758813107302, 39.9289502825894], [-75.1763369941397, 39.9290091813252], [-75.1768740866332, 39.929070982553], [-75.1784469873391, 39.9292805090342], [-75.1791983433251, 39.929378369857], [-75.1799594760024, 39.9294774981008], [-75.1803702535512, 39.9295309953345], [-75.1819473184349, 39.9297389934801], [-75.1836029326227, 39.9299372000961], [-75.1838241475919, 39.9299646911036], [-75.1852422715231, 39.9301555625454], [-75.185774674348, 39.9302154832857], [-75.1862721767753, 39.9302838512581], [-75.1870291472428, 39.9303909355589], [-75.1880628760687, 39.930519080854], [-75.1882696191854, 39.9305453379906], [-75.1889294425774, 39.9306282061886], [-75.1902238279791, 39.9307884459171], [-75.1910087552165, 39.9308839631971], [-75.1917853259704, 39.9309916639965], [-75.1923254621388, 39.9310636793454], [-75.1928188521929, 39.9311256324775], [-75.1933550082427, 39.9311948304323], [-75.193382528272, 39.9310898782477], [-75.1937823538622, 39.9308551062884], [-75.1942464076145, 39.9306078906971], [-75.1946505938113, 39.930391174609], [-75.1951056487058, 39.9301471834943], [-75.1955853444341, 39.9298828478582], [-75.1957355846104, 39.9297979109171], [-75.195846277612, 39.9297413153496], [-75.1961172548192, 39.9296027684425], [-75.1962078608567, 39.9295555461761], [-75.1966535584978, 39.9293232584059], [-75.1969250353578, 39.9291749646844], [-75.1972384321752, 39.9294288624514], [-75.1975083146311, 39.9296796166435], [-75.1976972324633, 39.9298551415627], [-75.1978512238683, 39.9299982139767], [-75.1981773480959, 39.9303012142057], [-75.1984404347054, 39.9305822255999], [-75.1989734981231, 39.9311685475726], [-75.1995890862883, 39.9318162830101], [-75.1996435921313, 39.9319089040426], [-75.2003542968516, 39.9320769328326], [-75.2007131479417, 39.9321583000309], [-75.203790560663, 39.9328292828519], [-75.2044152948982, 39.9329571827843], [-75.20586021354, 39.9349908443335], [-75.2058818550105, 39.9350312001611], [-75.2056946963805, 39.9352572088869], [-75.2055881237796, 39.9354728479636], [-75.2055203495688, 39.935609977371], [-75.2054816963831, 39.9356881856375], [-75.2053522710095, 39.9361873204073], [-75.2053071305216, 39.9367356828829], [-75.2052715796733, 39.9376851465381], [-75.2051802680595, 39.9388640211015], [-75.2051326401522, 39.9407383825522], [-75.2051248095008, 39.9408132723866], [-75.2051049425364, 39.9409999647933], [-75.2050777791837, 39.9412552140123], [-75.2049625189752, 39.9423383299742], [-75.204601973016, 39.9427653928666], [-75.2041551769626, 39.9430873329975], [-75.2038634182476, 39.9432585620173], [-75.2032096945898, 39.9435539565559], [-75.2023409093432, 39.9437706659597], [-75.2006723755299, 39.9439435332913], [-75.1997821156478, 39.943796649929], [-75.1990042658375, 39.9435138462026], [-75.1970216185861, 39.9428020529017], [-75.1967530045957, 39.9427033781944], [-75.1957450087657, 39.942333086275], [-75.1949936850426, 39.942134577739], [-75.1942250493009, 39.9420876540869], [-75.1941272430565, 39.9420949028104], [-75.1937875369706, 39.9421200769017], [-75.1937173189781, 39.942125280343], [-75.1932323621181, 39.94225951352], [-75.1925959940161, 39.9424961219373], [-75.1923687757716, 39.9426056421112], [-75.1917103709788, 39.9430624023006], [-75.1916010240302, 39.9431655894623], [-75.1915150608464, 39.943246711646], [-75.1911567207596, 39.9435848629401], [-75.1900959734577, 39.9446603336797], [-75.1882629745345, 39.9460929707432], [-75.1874209344944, 39.9466411124645], [-75.1870563931022, 39.9468878364606], [-75.1868268674701, 39.9470431803437], [-75.1864677937151, 39.947286199954], [-75.1864335993449, 39.9473093467525], [-75.1840269643172, 39.9469953727215], [-75.1837464599899, 39.9469605570948], [-75.1835150295939, 39.9469318312888], [-75.1834704477022, 39.946926298097], [-75.1834604784843, 39.9469250604989], [-75.1834594588598, 39.9469294616475], [-75.1834414286491, 39.9469272940424], [-75.1830746592009, 39.9468831906843], [-75.1828738848547, 39.9468590473726], [-75.1816425226671, 39.9467055232189], [-75.1805315360292, 39.946558459313], [-75.179511456537, 39.9464358452481], [-75.1789542702988, 39.9463616391843], [-75.1783453894096, 39.946284455878], [-75.1775473484574, 39.9461828715724], [-75.1767504506712, 39.9460991338447], [-75.1748413271049, 39.9458516330159], [-75.1740393426303, 39.9457592132805], [-75.1735157650496, 39.9456861128335], [-75.1727321076266, 39.9455881380349], [-75.1716963850027, 39.9454657826234], [-75.1701070649507, 39.9452766409575], [-75.1685388733373, 39.9450650586937], [-75.1681299591193, 39.9450219021029], [-75.1672904828361, 39.9449253021391], [-75.166973204155, 39.9448863617092], [-75.1662730293759, 39.9447982305554], [-75.1653431727702, 39.9446736670912], [-75.1654081544622, 39.9443695472222], [-75.1654688904177, 39.9440852945728], [-75.1655771204685, 39.9436738533044], [-75.1656750992003, 39.943209787801], [-75.1657811677048, 39.9427944467472], [-75.1658494803434, 39.9424192863554], [-75.165991339274, 39.9418295669685], [-75.1660193505341, 39.9416991966105], [-75.1661742573174, 39.9409782217776], [-75.1662076111649, 39.9408229811647], [-75.1662775440826, 39.94045093227], [-75.1663632894503, 39.9400396425977], [-75.1664191979423, 39.9397807750984], [-75.1665295187837, 39.9392699711952], [-75.1665722645801, 39.9390720464994], [-75.1668188877936, 39.9378780673053], [-75.1669704287325, 39.9371971552764], [-75.1670082959049, 39.9370505028196], [-75.167144144319, 39.9364719926495], [-75.1673051243906, 39.9357050557676], [-75.1676429266952, 39.934159730452], [-75.1677523474344, 39.9336023905354], [-75.1678244241627, 39.9332352619712], [-75.167881600501, 39.9329440220057], [-75.1681529890564, 39.931710580742], [-75.1684248967425, 39.9304747359983], [-75.1684564329939, 39.9303313960771], [-75.1685046069404, 39.9301124354341], [-75.1686909553859, 39.9292654328091], [-75.1688224517009, 39.9286677262641], [-75.1689595076797, 39.9280447307115]]]}}]}